time,field,initial_residual,final_residual,linear_iterations
1,Ux,1,0.0860168,5
1,Uy,1,0.0403332,5
1,p,1,0.00992621,7
1,omega,0.213086,0.00957341,1
1,k,1,0.0101617,2
2,Ux,0.258965,0.00107276,2
2,Uy,0.332116,0.0203858,1
2,p,0.325427,0.00215569,6
2,omega,0.179255,0.01641,1
2,k,0.408376,0.00884462,2
3,Ux,0.348406,0.0119013,2
3,Uy,0.3198,0.00906418,2
3,p,0.183565,0.00147035,6
3,omega,0.147719,0.00260537,2
3,k,0.346095,0.00894018,2
4,Ux,0.327738,0.0113156,2
4,Uy,0.249875,0.00636151,2
4,p,0.288409,0.0024941,6
4,omega,0.136265,0.00214237,2
4,k,0.329139,0.00719042,2
5,Ux,0.23128,0.00742567,2
5,Uy,0.187748,0.00481775,2
5,p,0.370328,0.0036942,5
5,omega,0.157171,0.0156039,1
5,k,0.347294,0.00566421,2
6,Ux,0.220715,0.00577739,2
6,Uy,0.1732,0.00455195,2
6,p,0.368634,0.00186567,6
6,omega,0.138746,0.0118056,1
6,k,0.342789,0.0311816,1
7,Ux,0.229984,0.0174178,1
7,Uy,0.194872,0.00378693,2
7,p,0.32269,0.00154109,6
7,omega,0.120474,0.0081791,1
7,k,0.289299,0.0261879,1
8,Ux,0.220753,0.0210989,1
8,Uy,0.211427,0.0030894,2
8,p,0.361639,0.00153969,6
8,omega,0.129442,0.00710356,1
8,k,0.222761,0.0179643,1
9,Ux,0.183151,0.0181058,1
9,Uy,0.206342,0.00244912,2
9,p,0.480779,0.00459143,5
9,omega,0.113068,0.00659963,1
9,k,0.206004,0.0151026,1
10,Ux,0.17844,0.0169339,1
10,Uy,0.188806,0.0188477,1
10,p,0.356416,0.00160645,6
10,omega,0.0866671,0.00568688,1
10,k,0.142411,0.0115145,1
11,Ux,0.183534,0.00279912,2
11,Uy,0.19023,0.00305846,2
11,p,0.253573,0.00196748,5
11,omega,0.0777347,0.00598721,1
11,k,0.124491,0.00898603,1
12,Ux,0.185161,0.00297957,2
12,Uy,0.196863,0.0028022,2
12,p,0.226114,0.00178107,5
12,omega,0.070387,0.00577454,1
12,k,0.102418,0.00854033,1
13,Ux,0.199099,0.00292802,2
13,Uy,0.197081,0.0183043,1
13,p,0.234,0.000877011,6
13,omega,0.0734692,0.00577946,1
13,k,0.0948928,0.00782633,1
14,Ux,0.188853,0.00335515,2
14,Uy,0.166924,0.00244481,2
14,p,0.238887,0.00151678,6
14,omega,0.0717709,0.0058564,1
14,k,0.104857,0.00771875,1
15,Ux,0.175066,0.00321782,2
15,Uy,0.146604,0.0024656,2
15,p,0.29897,0.00120868,6
15,omega,0.0649054,0.00643547,1
15,k,0.0910167,0.00770925,1
16,Ux,0.156699,0.00293715,2
16,Uy,0.12865,0.0024312,2
16,p,0.37622,0.00345107,5
16,omega,0.06009,0.00091275,2
16,k,0.0848232,0.00833145,1
17,Ux,0.143509,0.00338167,2
17,Uy,0.123122,0.002787,2
17,p,0.366666,0.00264053,5
17,omega,0.0543343,0.000946898,2
17,k,0.0795193,0.00112656,2
18,Ux,0.130133,0.00368801,2
18,Uy,0.120323,0.00362085,2
18,p,0.305504,0.00204157,5
18,omega,0.0506341,0.000979603,2
18,k,0.0748389,0.00120569,2
19,Ux,0.12109,0.00374414,2
19,Uy,0.1178,0.00417472,2
19,p,0.284659,0.00130951,5
19,omega,0.0465996,0.000977611,2
19,k,0.0689246,0.00121078,2
20,Ux,0.112486,0.00348613,2
20,Uy,0.112702,0.00405622,2
20,p,0.302202,0.00109858,5
20,omega,0.0445553,0.000929342,2
20,k,0.065153,0.00121664,2
21,Ux,0.102497,0.00310456,2
21,Uy,0.110295,0.00386347,2
21,p,0.34323,0.00155828,5
21,omega,0.0431111,0.000908862,2
21,k,0.0634859,0.00124314,2
22,Ux,0.0949349,0.00281312,2
22,Uy,0.108345,0.00393737,2
22,p,0.366148,0.00240673,5
22,omega,0.0412026,0.000887535,2
22,k,0.0609309,0.00128134,2
23,Ux,0.0886446,0.00256946,2
23,Uy,0.105478,0.00400446,2
23,p,0.344104,0.0018577,5
23,omega,0.0385733,0.000866437,2
23,k,0.0575708,0.00127321,2
24,Ux,0.084085,0.0024119,2
24,Uy,0.103258,0.0038878,2
24,p,0.324198,0.00131747,5
24,omega,0.0376605,0.000840478,2
24,k,0.0572559,0.00127146,2
25,Ux,0.0810425,0.00233708,2
25,Uy,0.100006,0.00372561,2
25,p,0.304727,0.00113246,5
25,omega,0.0367824,0.000810578,2
25,k,0.0572001,0.00132428,2
26,Ux,0.0771513,0.00224809,2
26,Uy,0.0946218,0.00348535,2
26,p,0.293403,0.00136839,5
26,omega,0.0355238,0.000780179,2
26,k,0.0552926,0.00135628,2
27,Ux,0.0746946,0.0021823,2
27,Uy,0.0887209,0.00324033,2
27,p,0.283612,0.0027895,4
27,omega,0.0342084,0.000737496,2
27,k,0.0539971,0.00137431,2
28,Ux,0.0723263,0.00215787,2
28,Uy,0.0844366,0.00313511,2
28,p,0.279155,0.0014678,5
28,omega,0.0337731,0.000689711,2
28,k,0.0539148,0.00137812,2
29,Ux,0.0704957,0.00214926,2
29,Uy,0.0837414,0.00311136,2
29,p,0.279195,0.00250885,4
29,omega,0.0329948,0.000657875,2
29,k,0.055032,0.00140056,2
30,Ux,0.0694552,0.00217287,2
30,Uy,0.0819857,0.0031201,2
30,p,0.277226,0.00238233,4
30,omega,0.0329114,0.000637252,2
30,k,0.0552975,0.0014199,2
31,Ux,0.0688614,0.00222989,2
31,Uy,0.0823071,0.00315574,2
31,p,0.267919,0.00246229,4
31,omega,0.031842,0.000618319,2
31,k,0.0551306,0.0014293,2
32,Ux,0.0686212,0.00229113,2
32,Uy,0.0824146,0.00319789,2
32,p,0.256457,0.00231795,4
32,omega,0.0302758,0.000594662,2
32,k,0.0544703,0.00142475,2
33,Ux,0.0690918,0.00233221,2
33,Uy,0.0839359,0.00323046,2
33,p,0.24482,0.00220187,4
33,omega,0.0290732,0.000565052,2
33,k,0.053699,0.00141078,2
34,Ux,0.0684322,0.00233767,2
34,Uy,0.0834987,0.0032536,2
34,p,0.232806,0.00201646,4
34,omega,0.0279705,0.000531823,2
34,k,0.0533613,0.00140428,2
35,Ux,0.068256,0.00230782,2
35,Uy,0.083028,0.00325075,2
35,p,0.223554,0.0017801,4
35,omega,0.0273546,0.000503535,2
35,k,0.0530834,0.0014004,2
36,Ux,0.0681503,0.00226038,2
36,Uy,0.0823417,0.00325453,2
36,p,0.219563,0.00117519,4
36,omega,0.0269917,0.000477972,2
36,k,0.0525953,0.00139779,2
37,Ux,0.0677533,0.00220361,2
37,Uy,0.0820505,0.00325708,2
37,p,0.219385,0.00100133,4
37,omega,0.0268661,0.000458444,2
37,k,0.0521011,0.00138656,2
38,Ux,0.0672627,0.00214515,2
38,Uy,0.082376,0.00327273,2
38,p,0.22011,0.00103495,4
38,omega,0.0268939,0.000441353,2
38,k,0.0514181,0.00137113,2
39,Ux,0.0662419,0.00209328,2
39,Uy,0.0835875,0.00330536,2
39,p,0.223179,0.00104479,4
39,omega,0.0271499,0.000427169,2
39,k,0.0510223,0.00135244,2
40,Ux,0.0652154,0.00205258,2
40,Uy,0.0847591,0.00333124,2
40,p,0.226485,0.00104697,4
40,omega,0.0276621,0.000417004,2
40,k,0.0509205,0.00133158,2
41,Ux,0.0644784,0.00203486,2
41,Uy,0.0860148,0.0033296,2
41,p,0.230898,0.00100223,4
41,omega,0.0287025,0.00041707,2
41,k,0.0507109,0.00131871,2
42,Ux,0.0638979,0.00202639,2
42,Uy,0.087156,0.00332425,2
42,p,0.234616,0.00108408,4
42,omega,0.0300307,0.000420967,2
42,k,0.050893,0.00131158,2
43,Ux,0.0637803,0.00202751,2
43,Uy,0.0876333,0.00333526,2
43,p,0.239937,0.0012354,4
43,omega,0.0311562,0.000422681,2
43,k,0.0507502,0.00130743,2
44,Ux,0.063656,0.00203055,2
44,Uy,0.0878848,0.003354,2
44,p,0.242013,0.00120257,4
44,omega,0.031779,0.000428974,2
44,k,0.0507309,0.00130101,2
45,Ux,0.0639338,0.00205131,2
45,Uy,0.0880282,0.00336506,2
45,p,0.241049,0.00101741,4
45,omega,0.0316738,0.00043905,2
45,k,0.0506532,0.00129661,2
46,Ux,0.0641066,0.00206395,2
46,Uy,0.0883986,0.00340885,2
46,p,0.238407,0.000819576,4
46,omega,0.0315176,0.000440314,2
46,k,0.0498807,0.00130557,2
47,Ux,0.064345,0.00208767,2
47,Uy,0.0887653,0.00343078,2
47,p,0.234603,0.000769042,4
47,omega,0.0309071,0.000440174,2
47,k,0.0500227,0.00130813,2
48,Ux,0.0644104,0.00210943,2
48,Uy,0.0894643,0.00344937,2
48,p,0.231071,0.000905078,4
48,omega,0.0300462,0.000440688,2
48,k,0.0496018,0.00132768,2
49,Ux,0.0645556,0.0021323,2
49,Uy,0.0906086,0.00351616,2
49,p,0.229303,0.00110355,4
49,omega,0.0289736,0.000438563,2
49,k,0.0491572,0.00134605,2
50,Ux,0.0646356,0.00215634,2
50,Uy,0.0916452,0.00361182,2
50,p,0.228645,0.00124599,4
50,omega,0.0280001,0.000440588,2
50,k,0.048864,0.00136277,2
51,Ux,0.0646603,0.0021778,2
51,Uy,0.0926191,0.00370981,2
51,p,0.229864,0.00129802,4
51,omega,0.0273039,0.000448011,2
51,k,0.048507,0.00138968,2
52,Ux,0.0646203,0.00220081,2
52,Uy,0.0936357,0.00381318,2
52,p,0.231059,0.00130249,4
52,omega,0.0262396,0.000458631,2
52,k,0.0480971,0.00141804,2
53,Ux,0.0643369,0.00222784,2
53,Uy,0.0941043,0.00392576,2
53,p,0.234151,0.00130359,4
53,omega,0.0254994,0.000471885,2
53,k,0.0476096,0.0014511,2
54,Ux,0.0638666,0.00225706,2
54,Uy,0.0942777,0.00402688,2
54,p,0.238177,0.00124216,4
54,omega,0.0245903,0.000487893,2
54,k,0.0472058,0.00148917,2
55,Ux,0.0634504,0.00228337,2
55,Uy,0.0945247,0.00413117,2
55,p,0.240083,0.00113847,4
55,omega,0.0237791,0.00050206,2
55,k,0.0469605,0.00153431,2
56,Ux,0.0627243,0.00230867,2
56,Uy,0.0948454,0.00425417,2
56,p,0.240656,0.00104652,4
56,omega,0.0231519,0.000515201,2
56,k,0.0467943,0.00158408,2
57,Ux,0.0618046,0.00232945,2
57,Uy,0.0951561,0.00438466,2
57,p,0.242331,0.000985996,4
57,omega,0.0226598,0.000528723,2
57,k,0.046712,0.00163979,2
58,Ux,0.0609793,0.00234613,2
58,Uy,0.0953985,0.00451401,2
58,p,0.244036,0.000956148,4
58,omega,0.0220952,0.000542113,2
58,k,0.0468849,0.00170033,2
59,Ux,0.0600076,0.00235776,2
59,Uy,0.0957107,0.00461589,2
59,p,0.247214,0.000962837,4
59,omega,0.0218626,0.000554418,2
59,k,0.0472412,0.00175987,2
60,Ux,0.058946,0.00235994,2
60,Uy,0.0961706,0.00471922,2
60,p,0.249451,0.000985609,4
60,omega,0.0217658,0.000565519,2
60,k,0.047497,0.00181698,2
61,Ux,0.0578497,0.00235764,2
61,Uy,0.0964624,0.00479192,2
61,p,0.252407,0.000969338,4
61,omega,0.0215921,0.00057527,2
61,k,0.0476492,0.00187189,2
62,Ux,0.05678,0.00234679,2
62,Uy,0.0966999,0.0048381,2
62,p,0.254107,0.000920222,4
62,omega,0.0214466,0.000582818,2
62,k,0.0478477,0.00192335,2
63,Ux,0.0556307,0.00233119,2
63,Uy,0.0971649,0.00489703,2
63,p,0.257133,0.000904614,4
63,omega,0.0214629,0.000586878,2
63,k,0.0481349,0.00197192,2
64,Ux,0.0545316,0.0023112,2
64,Uy,0.0976224,0.00495056,2
64,p,0.26068,0.000937419,4
64,omega,0.0217227,0.000590786,2
64,k,0.0485074,0.00201901,2
65,Ux,0.0537885,0.00229276,2
65,Uy,0.0980323,0.00497567,2
65,p,0.261651,0.000914712,4
65,omega,0.0216241,0.000591311,2
65,k,0.0488796,0.00205954,2
66,Ux,0.0531678,0.00227589,2
66,Uy,0.0987163,0.0050283,2
66,p,0.26408,0.000937929,4
66,omega,0.0216257,0.000588587,2
66,k,0.0493422,0.00209558,2
67,Ux,0.0527805,0.00226158,2
67,Uy,0.099483,0.00506488,2
67,p,0.260776,0.000946964,4
67,omega,0.022345,0.000589066,2
67,k,0.050509,0.00213423,2
68,Ux,0.0529925,0.00225241,2
68,Uy,0.0996336,0.00505879,2
68,p,0.255423,0.000956546,4
68,omega,0.0223184,0.000588348,2
68,k,0.051193,0.00216767,2
69,Ux,0.0529744,0.00224561,2
69,Uy,0.100043,0.00506079,2
69,p,0.251554,0.000860212,4
69,omega,0.0224899,0.000586883,2
69,k,0.0522694,0.00220287,2
70,Ux,0.0526165,0.00224893,2
70,Uy,0.0999339,0.00506867,2
70,p,0.246941,0.000820367,4
70,omega,0.0224318,0.000586207,2
70,k,0.0529281,0.0022445,2
71,Ux,0.0528194,0.0022717,2
71,Uy,0.0998662,0.00513869,2
71,p,0.242522,0.0008152,4
71,omega,0.0227086,0.000578992,2
71,k,0.0537374,0.0022683,2
72,Ux,0.0529341,0.00228778,2
72,Uy,0.100053,0.00516113,2
72,p,0.246784,0.000921027,4
72,omega,0.0227029,0.00057605,2
72,k,0.0544279,0.0023028,2
73,Ux,0.0529392,0.00229811,2
73,Uy,0.10037,0.0051751,2
73,p,0.252361,0.000988666,4
73,omega,0.0229975,0.000576178,2
73,k,0.0551815,0.00233071,2
74,Ux,0.0530565,0.00230558,2
74,Uy,0.101274,0.00519135,2
74,p,0.258774,0.000991687,4
74,omega,0.0228403,0.000574411,2
74,k,0.0556796,0.00236499,2
75,Ux,0.0529232,0.00231306,2
75,Uy,0.10167,0.00523735,2
75,p,0.255258,0.00096381,4
75,omega,0.022804,0.000565821,2
75,k,0.0562323,0.00239295,2
76,Ux,0.052957,0.00232369,2
76,Uy,0.102459,0.00525879,2
76,p,0.258418,0.000865302,4
76,omega,0.022803,0.000556943,2
76,k,0.0566027,0.00241912,2
77,Ux,0.0529959,0.00233382,2
77,Uy,0.1033,0.0052758,2
77,p,0.254872,0.000775134,4
77,omega,0.0227465,0.000550059,2
77,k,0.0570986,0.0024471,2
78,Ux,0.0531846,0.00234413,2
78,Uy,0.103645,0.00529146,2
78,p,0.256021,0.000746766,4
78,omega,0.0225644,0.000541628,2
78,k,0.057673,0.00246734,2
79,Ux,0.05348,0.00235552,2
79,Uy,0.104162,0.00528526,2
79,p,0.244845,0.000735737,4
79,omega,0.0223158,0.000538712,2
79,k,0.0582457,0.00248949,2
80,Ux,0.0539142,0.0023698,2
80,Uy,0.104036,0.00527228,2
80,p,0.237262,0.000747545,4
80,omega,0.0223209,0.000531718,2
80,k,0.0585676,0.00250581,2
81,Ux,0.0541402,0.00238123,2
81,Uy,0.104047,0.0052547,2
81,p,0.231978,0.000756238,4
81,omega,0.022121,0.000528852,2
81,k,0.0589275,0.00252233,2
82,Ux,0.054263,0.00239635,2
82,Uy,0.10361,0.00524652,2
82,p,0.229051,0.000793145,4
82,omega,0.0218044,0.000527555,2
82,k,0.0592069,0.00253324,2
83,Ux,0.0543843,0.0024031,2
83,Uy,0.103305,0.0052285,2
83,p,0.229457,0.00093618,4
83,omega,0.0215382,0.000528675,2
83,k,0.0593356,0.00254634,2
84,Ux,0.0543906,0.00240161,2
84,Uy,0.103143,0.00520703,2
84,p,0.229922,0.00105582,4
84,omega,0.0214196,0.000528588,2
84,k,0.0595726,0.00255597,2
85,Ux,0.0542804,0.00240206,2
85,Uy,0.102806,0.00518414,2
85,p,0.229648,0.0011341,4
85,omega,0.0209671,0.000528231,2
85,k,0.0597087,0.00255994,2
86,Ux,0.0542632,0.00240259,2
86,Uy,0.102471,0.00516295,2
86,p,0.231285,0.00115685,4
86,omega,0.0208697,0.000527342,2
86,k,0.0596844,0.00256257,2
87,Ux,0.0541914,0.00239649,2
87,Uy,0.102283,0.00513943,2
87,p,0.232043,0.00109624,4
87,omega,0.0207503,0.000522349,2
87,k,0.059751,0.00256377,2
88,Ux,0.0541381,0.00239132,2
88,Uy,0.101968,0.00511438,2
88,p,0.23006,0.000956304,4
88,omega,0.0201819,0.000514319,2
88,k,0.0598314,0.00255917,2
89,Ux,0.054,0.00238853,2
89,Uy,0.101631,0.00508664,2
89,p,0.226899,0.000813022,4
89,omega,0.0200974,0.000507953,2
89,k,0.0597438,0.00255618,2
90,Ux,0.0538005,0.00238149,2
90,Uy,0.101494,0.00507099,2
90,p,0.227185,0.000734538,4
90,omega,0.0197996,0.000500208,2
90,k,0.0597823,0.0025493,2
91,Ux,0.0534757,0.00237216,2
91,Uy,0.101603,0.00506886,2
91,p,0.226409,0.00071411,4
91,omega,0.0192583,0.000487493,2
91,k,0.0597765,0.00253882,2
92,Ux,0.053202,0.00236532,2
92,Uy,0.101489,0.00506612,2
92,p,0.227824,0.00071474,4
92,omega,0.0191002,0.000476464,2
92,k,0.0597294,0.0025306,2
93,Ux,0.0529887,0.00235852,2
93,Uy,0.101606,0.00507649,2
93,p,0.229663,0.000734337,4
93,omega,0.0188349,0.000467577,2
93,k,0.0596929,0.00251884,2
94,Ux,0.0527929,0.00234884,2
94,Uy,0.101991,0.00508695,2
94,p,0.236356,0.000759508,4
94,omega,0.018322,0.000456741,2
94,k,0.0597158,0.00250626,2
95,Ux,0.0527,0.00233815,2
95,Uy,0.102372,0.00508737,2
95,p,0.242583,0.000786147,4
95,omega,0.0180738,0.000444658,2
95,k,0.0597924,0.00249417,2
96,Ux,0.0525607,0.00233177,2
96,Uy,0.102656,0.00508864,2
96,p,0.248379,0.000879151,4
96,omega,0.0179818,0.00043587,2
96,k,0.0599854,0.00248478,2
97,Ux,0.0525276,0.00232359,2
97,Uy,0.103149,0.00509236,2
97,p,0.256654,0.000984887,4
97,omega,0.0177425,0.000425161,2
97,k,0.060428,0.00247146,2
98,Ux,0.0526905,0.00231506,2
98,Uy,0.104272,0.00509674,2
98,p,0.262258,0.00112345,4
98,omega,0.0175727,0.000415022,2
98,k,0.0608018,0.00245675,2
99,Ux,0.0529488,0.00230727,2
99,Uy,0.104825,0.00509619,2
99,p,0.270143,0.00124996,4
99,omega,0.01742,0.000404982,2
99,k,0.0614765,0.00244294,2
100,Ux,0.053095,0.00229875,2
100,Uy,0.105415,0.00505973,2
100,p,0.273269,0.00138475,4
100,omega,0.0173396,0.000395377,2
100,k,0.0620296,0.00242605,2
101,Ux,0.0531597,0.00227988,2
101,Uy,0.105547,0.00501521,2
101,p,0.270325,0.00147817,4
101,omega,0.016915,0.000387137,2
101,k,0.0622193,0.00241014,2
102,Ux,0.0530528,0.00226851,2
102,Uy,0.105821,0.00499459,2
102,p,0.261511,0.00146249,4
102,omega,0.0167493,0.000380679,2
102,k,0.0624131,0.00239614,2
103,Ux,0.0530819,0.00225392,2
103,Uy,0.105436,0.00495566,2
103,p,0.265045,0.00125811,4
103,omega,0.0167604,0.000375895,2
103,k,0.0626787,0.00238473,2
104,Ux,0.0530345,0.00223972,2
104,Uy,0.104576,0.00493651,2
104,p,0.277427,0.00129732,4
104,omega,0.0165625,0.000369429,2
104,k,0.063082,0.00236866,2
105,Ux,0.0528952,0.00221631,2
105,Uy,0.103732,0.00486567,2
105,p,0.287509,0.00136136,4
105,omega,0.0166571,0.000365722,2
105,k,0.0628865,0.00235851,2
106,Ux,0.0525014,0.00219008,2
106,Uy,0.102901,0.00480985,2
106,p,0.300027,0.00142886,4
106,omega,0.0161742,0.000360732,2
106,k,0.0629422,0.0023488,2
107,Ux,0.0520861,0.00216457,2
107,Uy,0.102411,0.00478024,2
107,p,0.296274,0.00134309,4
107,omega,0.0160566,0.000354645,2
107,k,0.0626699,0.00234419,2
108,Ux,0.0515112,0.00213772,2
108,Uy,0.101826,0.00473588,2
108,p,0.305702,0.00126364,4
108,omega,0.015654,0.000350693,2
108,k,0.0625086,0.0023402,2
109,Ux,0.0510355,0.00210619,2
109,Uy,0.102016,0.00472557,2
109,p,0.302963,0.00114236,4
109,omega,0.01572,0.000348344,2
109,k,0.0621407,0.00233425,2
110,Ux,0.0503302,0.00207608,2
110,Uy,0.101927,0.0047115,2
110,p,0.295293,0.000944307,4
110,omega,0.015427,0.000345294,2
110,k,0.0625162,0.00233641,2
111,Ux,0.0498323,0.00204409,2
111,Uy,0.102063,0.00472123,2
111,p,0.285956,0.000819255,4
111,omega,0.0150839,0.000342462,2
111,k,0.062369,0.00233444,2
112,Ux,0.0491022,0.00200858,2
112,Uy,0.102313,0.00472156,2
112,p,0.270525,0.000738611,4
112,omega,0.0148753,0.000340477,2
112,k,0.0624447,0.0023365,2
113,Ux,0.0485968,0.00197317,2
113,Uy,0.102082,0.00471632,2
113,p,0.267497,0.000789162,4
113,omega,0.0147414,0.000338739,2
113,k,0.0623738,0.00233888,2
114,Ux,0.047643,0.00193447,2
114,Uy,0.102047,0.0046865,2
114,p,0.25653,0.000915748,4
114,omega,0.0143923,0.000337797,2
114,k,0.0623252,0.00233349,2
115,Ux,0.0467991,0.00189448,2
115,Uy,0.101436,0.00464856,2
115,p,0.250811,0.00101305,4
115,omega,0.0141146,0.000337246,2
115,k,0.0622868,0.00233271,2
116,Ux,0.0458183,0.00185032,2
116,Uy,0.101029,0.00458785,2
116,p,0.250782,0.00105089,4
116,omega,0.0138649,0.000335164,2
116,k,0.0619676,0.0023229,2
117,Ux,0.0449471,0.00181039,2
117,Uy,0.100493,0.00451677,2
117,p,0.250386,0.00107661,4
117,omega,0.0135318,0.000333134,2
117,k,0.0616485,0.00231509,2
118,Ux,0.0441613,0.00176956,2
118,Uy,0.0993326,0.00443302,2
118,p,0.252186,0.00103692,4
118,omega,0.0135199,0.000329151,2
118,k,0.0614585,0.00229968,2
119,Ux,0.0432824,0.00172614,2
119,Uy,0.0979618,0.00432358,2
119,p,0.24725,0.000908033,4
119,omega,0.0132725,0.000325312,2
119,k,0.061445,0.00227997,2
120,Ux,0.0424785,0.00168998,2
120,Uy,0.0967581,0.00422366,2
120,p,0.244403,0.000946335,4
120,omega,0.013101,0.000320072,2
120,k,0.0610075,0.00226171,2
121,Ux,0.0416595,0.00164967,2
121,Uy,0.0950535,0.00411063,2
121,p,0.242203,0.000921632,4
121,omega,0.013064,0.000314264,2
121,k,0.0607078,0.00223435,2
122,Ux,0.0408936,0.00161083,2
122,Uy,0.0930635,0.00399597,2
122,p,0.235393,0.000912839,4
122,omega,0.0126158,0.000306768,2
122,k,0.060724,0.00220736,2
123,Ux,0.040035,0.00157691,2
123,Uy,0.0910661,0.00389082,2
123,p,0.232775,0.000905952,4
123,omega,0.0126904,0.000300518,2
123,k,0.060299,0.00218208,2
124,Ux,0.0392781,0.00153827,2
124,Uy,0.0893538,0.00379537,2
124,p,0.229756,0.00224945,3
124,omega,0.0125688,0.000294768,2
124,k,0.0603098,0.00215478,2
125,Ux,0.0386796,0.00150466,2
125,Uy,0.0877946,0.0037227,2
125,p,0.227043,0.00222155,3
125,omega,0.0122066,0.000286079,2
125,k,0.0601791,0.00212934,2
126,Ux,0.0380378,0.00147809,2
126,Uy,0.0865363,0.00365772,2
126,p,0.225877,0.000930213,4
126,omega,0.0123651,0.000280725,2
126,k,0.060096,0.00210706,2
127,Ux,0.0374511,0.00144849,2
127,Uy,0.0857271,0.00361155,2
127,p,0.229592,0.000929948,4
127,omega,0.0122118,0.000277455,2
127,k,0.0603199,0.00208842,2
128,Ux,0.0370261,0.0014196,2
128,Uy,0.0851717,0.00358364,2
128,p,0.239426,0.000930246,4
128,omega,0.0119826,0.000269631,2
128,k,0.0603681,0.00206459,2
129,Ux,0.0366862,0.00140234,2
129,Uy,0.0848338,0.00355969,2
129,p,0.246106,0.000921995,4
129,omega,0.0119708,0.000265464,2
129,k,0.060938,0.00204681,2
130,Ux,0.0364787,0.00138776,2
130,Uy,0.0847376,0.00356468,2
130,p,0.249584,0.000856531,4
130,omega,0.011877,0.000262027,2
130,k,0.0614538,0.0020393,2
131,Ux,0.0362859,0.00136992,2
131,Uy,0.0847669,0.00355749,2
131,p,0.262776,0.000820487,4
131,omega,0.0117133,0.000256448,2
131,k,0.0625668,0.002031,2
132,Ux,0.0361907,0.0013532,2
132,Uy,0.0851304,0.00356257,2
132,p,0.252049,0.000835149,4
132,omega,0.0116885,0.000252158,2
132,k,0.0629491,0.00202345,2
133,Ux,0.0361622,0.00133892,2
133,Uy,0.0859651,0.00356437,2
133,p,0.247542,0.000914269,4
133,omega,0.0117167,0.000249696,2
133,k,0.0638976,0.00203011,2
134,Ux,0.0359649,0.00132508,2
134,Uy,0.0863518,0.00361024,2
134,p,0.253353,0.00106591,4
134,omega,0.0116909,0.000246166,2
134,k,0.0649373,0.00204325,2
135,Ux,0.0357882,0.0013128,2
135,Uy,0.0865082,0.00368353,2
135,p,0.254212,0.0012229,4
135,omega,0.0117383,0.000243726,2
135,k,0.06577,0.00204907,2
136,Ux,0.0356761,0.00130377,2
136,Uy,0.0871875,0.00370878,2
136,p,0.267916,0.00127145,4
136,omega,0.0117393,0.000242315,2
136,k,0.0663191,0.0020667,2
137,Ux,0.0354435,0.00129604,2
137,Uy,0.088164,0.0038003,2
137,p,0.27122,0.00135549,4
137,omega,0.0115938,0.000237211,2
137,k,0.066779,0.00206136,2
138,Ux,0.0354418,0.00129169,2
138,Uy,0.0891944,0.00380783,2
138,p,0.274399,0.00126149,4
138,omega,0.0117575,0.000235932,2
138,k,0.0671441,0.00206028,2
139,Ux,0.0352163,0.00128885,2
139,Uy,0.0901555,0.00388544,2
139,p,0.278807,0.00114454,4
139,omega,0.0116211,0.000232251,2
139,k,0.06704,0.00205603,2
140,Ux,0.0352927,0.00128588,2
140,Uy,0.0918154,0.00392707,2
140,p,0.279912,0.00101809,4
140,omega,0.0117041,0.000229666,2
140,k,0.0672057,0.00204258,2
141,Ux,0.0353072,0.00129008,2
141,Uy,0.0935928,0.00400754,2
141,p,0.2802,0.000939452,4
141,omega,0.0114575,0.00022827,2
141,k,0.0667889,0.00203109,2
142,Ux,0.0354734,0.00128778,2
142,Uy,0.0954104,0.00407037,2
142,p,0.274227,0.000923594,4
142,omega,0.011542,0.000228144,2
142,k,0.0665657,0.00200794,2
143,Ux,0.0356488,0.00129081,2
143,Uy,0.0970486,0.00413486,2
143,p,0.268204,0.000899341,4
143,omega,0.011592,0.000229107,2
143,k,0.0665502,0.00200033,2
144,Ux,0.035873,0.00129231,2
144,Uy,0.0984832,0.00417716,2
144,p,0.266625,0.000937864,4
144,omega,0.0114262,0.000231133,2
144,k,0.06611,0.00198638,2
145,Ux,0.0359024,0.00129141,2
145,Uy,0.100018,0.00424067,2
145,p,0.257083,0.00107093,4
145,omega,0.0113222,0.00023443,2
145,k,0.0655845,0.00196893,2
146,Ux,0.0360328,0.001289,2
146,Uy,0.100931,0.00426699,2
146,p,0.253539,0.00117888,4
146,omega,0.0113582,0.000237834,2
146,k,0.0651881,0.00195009,2
147,Ux,0.0359487,0.00128343,2
147,Uy,0.101721,0.00425845,2
147,p,0.24746,0.00109433,4
147,omega,0.0112544,0.000241565,2
147,k,0.0643004,0.00193693,2
148,Ux,0.0359267,0.00127844,2
148,Uy,0.102094,0.004248,2
148,p,0.244668,0.00106713,4
148,omega,0.0112009,0.00024641,2
148,k,0.0630158,0.00192101,2
149,Ux,0.0357572,0.00126467,2
149,Uy,0.101786,0.00418867,2
149,p,0.241323,0.00102374,4
149,omega,0.011225,0.000247736,2
149,k,0.0624419,0.0019083,2
150,Ux,0.0355971,0.00125062,2
150,Uy,0.101548,0.0041222,2
150,p,0.23672,0.00108704,4
150,omega,0.0110167,0.000248166,2
150,k,0.0614434,0.00188532,2
151,Ux,0.0352677,0.00123459,2
151,Uy,0.100652,0.00403836,2
151,p,0.239576,0.000965628,4
151,omega,0.0111201,0.000248231,2
151,k,0.0605274,0.00186968,2
152,Ux,0.0349095,0.00120884,2
152,Uy,0.0992425,0.00393227,2
152,p,0.236859,0.000894516,4
152,omega,0.0110118,0.000245586,2
152,k,0.060003,0.00184801,2
153,Ux,0.0343553,0.00118731,2
153,Uy,0.0977002,0.00383644,2
153,p,0.232282,0.00087056,4
153,omega,0.0108716,0.000243101,2
153,k,0.0590023,0.00182436,2
154,Ux,0.033765,0.00116078,2
154,Uy,0.0960252,0.00373557,2
154,p,0.233765,0.000879878,4
154,omega,0.0108954,0.000239377,2
154,k,0.0582001,0.00180475,2
155,Ux,0.0331939,0.00112915,2
155,Uy,0.0943467,0.00363055,2
155,p,0.227637,0.000891568,4
155,omega,0.0106108,0.000234559,2
155,k,0.0577692,0.00177677,2
156,Ux,0.0324646,0.00110318,2
156,Uy,0.0929232,0.00354096,2
156,p,0.226817,0.000904811,4
156,omega,0.0106721,0.000229933,2
156,k,0.0568818,0.00175124,2
157,Ux,0.0318215,0.00107677,2
157,Uy,0.0916668,0.00346479,2
157,p,0.228208,0.00091828,4
157,omega,0.0106501,0.00022639,2
157,k,0.0562131,0.00172537,2
158,Ux,0.0311925,0.00104594,2
158,Uy,0.0905916,0.00341753,2
158,p,0.228901,0.000884863,4
158,omega,0.0103161,0.000220253,2
158,k,0.0558734,0.0016938,2
159,Ux,0.030564,0.00102443,2
159,Uy,0.0899935,0.00338469,2
159,p,0.228333,0.000825686,4
159,omega,0.0103866,0.000215257,2
159,k,0.055329,0.00166639,2
160,Ux,0.0301186,0.00100629,2
160,Uy,0.0895264,0.00336634,2
160,p,0.236114,0.00077376,4
160,omega,0.0103469,0.000213158,2
160,k,0.0548845,0.00163945,2
161,Ux,0.0295922,0.000981602,2
161,Uy,0.0889692,0.00336452,2
161,p,0.247833,0.000747766,4
161,omega,0.0101516,0.000208076,2
161,k,0.0548668,0.00161501,2
162,Ux,0.0291927,0.000964701,2
162,Uy,0.0886751,0.00335674,2
162,p,0.246122,0.000756815,4
162,omega,0.0101046,0.000203368,2
162,k,0.0545829,0.00159435,2
163,Ux,0.02888,0.000948186,2
163,Uy,0.0888365,0.0033482,2
163,p,0.241916,0.000836309,4
163,omega,0.0101022,0.000201807,2
163,k,0.0544672,0.0015815,2
164,Ux,0.028428,0.000926271,2
164,Uy,0.0888542,0.00335517,2
164,p,0.246121,0.000974466,4
164,omega,0.0100117,0.000198326,2
164,k,0.0546957,0.00157117,2
165,Ux,0.0280398,0.000910362,2
165,Uy,0.0887117,0.00337952,2
165,p,0.244361,0.00111663,4
165,omega,0.00989986,0.000195063,2
165,k,0.0548774,0.00156121,2
166,Ux,0.0276965,0.000895947,2
166,Uy,0.088646,0.00336736,2
166,p,0.247206,0.00119387,4
166,omega,0.0100385,0.000194377,2
166,k,0.0545854,0.00156223,2
167,Ux,0.0272111,0.000880233,2
167,Uy,0.0885404,0.00340501,2
167,p,0.250349,0.00124704,4
167,omega,0.00993494,0.000191588,2
167,k,0.0549467,0.00155461,2
168,Ux,0.0269431,0.000870245,2
168,Uy,0.088645,0.00338401,2
168,p,0.252856,0.00129735,4
168,omega,0.00990556,0.000188756,2
168,k,0.0548754,0.00154692,2
169,Ux,0.0266064,0.000864679,2
169,Uy,0.0883936,0.00338372,2
169,p,0.256196,0.00114985,4
169,omega,0.00995157,0.000187355,2
169,k,0.0544437,0.00153975,2
170,Ux,0.0263078,0.000858129,2
170,Uy,0.0885996,0.00340821,2
170,p,0.254602,0.00109132,4
170,omega,0.00978618,0.000183997,2
170,k,0.0543804,0.00152101,2
171,Ux,0.0261076,0.000857571,2
171,Uy,0.088738,0.00340447,2
171,p,0.258854,0.000956136,4
171,omega,0.00980762,0.000180951,2
171,k,0.0536307,0.00150435,2
172,Ux,0.0259254,0.000854445,2
172,Uy,0.0890014,0.00344711,2
172,p,0.255125,0.000902071,4
172,omega,0.00976979,0.000179582,2
172,k,0.053314,0.00148402,2
173,Ux,0.0259634,0.000853457,2
173,Uy,0.089621,0.00346306,2
173,p,0.255306,0.000901401,4
173,omega,0.00986546,0.000177642,2
173,k,0.0532491,0.00146582,2
174,Ux,0.025936,0.000856483,2
174,Uy,0.0898409,0.00351533,2
174,p,0.252931,0.000903087,4
174,omega,0.00973285,0.00017854,2
174,k,0.0530232,0.00145065,2
175,Ux,0.0260095,0.000858486,2
175,Uy,0.0909637,0.00357454,2
175,p,0.251251,0.000885256,4
175,omega,0.00983165,0.000178438,2
175,k,0.0529087,0.0014339,2
176,Ux,0.0261335,0.000866768,2
176,Uy,0.0918331,0.00364436,2
176,p,0.247567,0.00103769,4
176,omega,0.00989422,0.000181504,2
176,k,0.0528634,0.00142173,2
177,Ux,0.0262289,0.000872259,2
177,Uy,0.0929782,0.00370168,2
177,p,0.248639,0.00115692,4
177,omega,0.00983523,0.000183619,2
177,k,0.0526215,0.00141224,2
178,Ux,0.0263841,0.000876588,2
178,Uy,0.0941722,0.00377784,2
178,p,0.240759,0.00118307,4
178,omega,0.00994432,0.000187334,2
178,k,0.0522829,0.00140137,2
179,Ux,0.0266303,0.000885557,2
179,Uy,0.0954018,0.00382782,2
179,p,0.240246,0.00119295,4
179,omega,0.0100298,0.000192168,2
179,k,0.052091,0.00139376,2
180,Ux,0.0267481,0.000889146,2
180,Uy,0.0963502,0.00384608,2
180,p,0.236236,0.00119862,4
180,omega,0.0100231,0.000195995,2
180,k,0.0520984,0.00139194,2
181,Ux,0.0267968,0.000891834,2
181,Uy,0.0971908,0.00385923,2
181,p,0.230268,0.00117322,4
181,omega,0.00989988,0.000200956,2
181,k,0.0510828,0.00138423,2
182,Ux,0.0267662,0.000887656,2
182,Uy,0.0974422,0.00383038,2
182,p,0.227035,0.00105374,4
182,omega,0.00995128,0.000203713,2
182,k,0.0504755,0.00138189,2
183,Ux,0.026764,0.000880325,2
183,Uy,0.0970534,0.0037827,2
183,p,0.222117,0.000862272,4
183,omega,0.00980492,0.000205008,2
183,k,0.0498398,0.00137608,2
184,Ux,0.0265471,0.000874963,2
184,Uy,0.096541,0.00371578,2
184,p,0.220418,0.000739149,4
184,omega,0.00981541,0.000206715,2
184,k,0.0489473,0.00136899,2
185,Ux,0.0262268,0.00085914,2
185,Uy,0.0956622,0.00362807,2
185,p,0.220022,0.000824778,4
185,omega,0.00979982,0.00020478,2
185,k,0.0482574,0.00136394,2
186,Ux,0.0259459,0.000846492,2
186,Uy,0.0944099,0.00354724,2
186,p,0.21674,0.000995317,4
186,omega,0.00955219,0.000202754,2
186,k,0.0473864,0.00135507,2
187,Ux,0.0255008,0.000834535,2
187,Uy,0.0928213,0.00345653,2
187,p,0.218808,0.00110094,4
187,omega,0.00957648,0.000200578,2
187,k,0.0464065,0.00134352,2
188,Ux,0.0250858,0.000816498,2
188,Uy,0.0914051,0.00336454,2
188,p,0.216505,0.00118113,4
188,omega,0.00947733,0.000196825,2
188,k,0.0459716,0.0013331,2
189,Ux,0.024727,0.000802007,2
189,Uy,0.0902192,0.00327831,2
189,p,0.217984,0.00110981,4
189,omega,0.00923621,0.000191724,2
189,k,0.0453106,0.00131723,2
190,Ux,0.0243175,0.000789814,2
190,Uy,0.0887218,0.00320163,2
190,p,0.221006,0.000936573,4
190,omega,0.00925005,0.000188335,2
190,k,0.0444634,0.00129722,2
191,Ux,0.0239011,0.000775029,2
191,Uy,0.0872675,0.003136,2
191,p,0.222166,0.000819065,4
191,omega,0.00913913,0.000184538,2
191,k,0.0441913,0.00127619,2
192,Ux,0.0235949,0.000761458,2
192,Uy,0.0860738,0.00308802,2
192,p,0.225795,0.000769845,4
192,omega,0.00890437,0.000179079,2
192,k,0.0435809,0.00125497,2
193,Ux,0.0232616,0.000752346,2
193,Uy,0.0848126,0.00304002,2
193,p,0.226097,0.000777114,4
193,omega,0.0088666,0.00017559,2
193,k,0.0431475,0.00124211,2
194,Ux,0.0229339,0.000739795,2
194,Uy,0.0835671,0.00300345,2
194,p,0.224423,0.000810806,4
194,omega,0.00881241,0.000173669,2
194,k,0.0427953,0.00123037,2
195,Ux,0.0226459,0.000726407,2
195,Uy,0.0824982,0.00298102,2
195,p,0.224286,0.000900687,4
195,omega,0.00858012,0.000170383,2
195,k,0.0426888,0.00121662,2
196,Ux,0.0223355,0.000715158,2
196,Uy,0.0815928,0.00295691,2
196,p,0.22049,0.000993205,4
196,omega,0.00863096,0.000166647,2
196,k,0.0423321,0.00120954,2
197,Ux,0.0220197,0.000705702,2
197,Uy,0.0805353,0.00293286,2
197,p,0.22045,0.00104574,4
197,omega,0.00858785,0.00016522,2
197,k,0.042245,0.00120424,2
198,Ux,0.0216843,0.000692025,2
198,Uy,0.0797316,0.0029243,2
198,p,0.218972,0.00112133,4
198,omega,0.00844123,0.00016295,2
198,k,0.0421654,0.00119371,2
199,Ux,0.0214274,0.000681634,2
199,Uy,0.0791886,0.00289866,2
199,p,0.219457,0.00113241,4
199,omega,0.00830966,0.000158009,2
199,k,0.0418813,0.00118248,2
200,Ux,0.0210535,0.00067716,2
200,Uy,0.0783288,0.00287837,2
200,p,0.217773,0.0010475,4
200,omega,0.00825121,0.00015602,2
200,k,0.0413181,0.00116929,2
201,Ux,0.0207422,0.000664319,2
201,Uy,0.0780658,0.00286435,2
201,p,0.217599,0.000967416,4
201,omega,0.00815779,0.000152945,2
201,k,0.0409517,0.0011511,2
202,Ux,0.0204707,0.000655884,2
202,Uy,0.0774041,0.0028572,2
202,p,0.219558,0.000888896,4
202,omega,0.00796638,0.000148204,2
202,k,0.0403986,0.00113038,2
203,Ux,0.0201242,0.000650576,2
203,Uy,0.0767391,0.00283775,2
203,p,0.215823,0.000796206,4
203,omega,0.0079602,0.000147173,2
203,k,0.0397375,0.00111286,2
204,Ux,0.0198833,0.000638589,2
204,Uy,0.076814,0.00284204,2
204,p,0.214479,0.000817198,4
204,omega,0.00780334,0.000143665,2
204,k,0.039396,0.00109279,2
205,Ux,0.0196801,0.000634642,2
205,Uy,0.0760142,0.00282759,2
205,p,0.215954,0.000847369,4
205,omega,0.00767771,0.000140285,2
205,k,0.0387105,0.00107295,2
206,Ux,0.0193821,0.000626069,2
206,Uy,0.0760616,0.00283824,2
206,p,0.212133,0.000855811,4
206,omega,0.00771851,0.000139216,2
206,k,0.0381293,0.00105676,2
207,Ux,0.019261,0.000620546,2
207,Uy,0.0758677,0.00284612,2
207,p,0.2167,0.000844929,4
207,omega,0.00752358,0.000136351,2
207,k,0.037899,0.00104194,2
208,Ux,0.0190056,0.000618337,2
208,Uy,0.0756465,0.00287721,2
208,p,0.214446,0.00093432,4
208,omega,0.00767234,0.000136534,2
208,k,0.0372565,0.00102981,2
209,Ux,0.0189412,0.000613687,2
209,Uy,0.0762634,0.00289694,2
209,p,0.214914,0.00101356,4
209,omega,0.00745962,0.000133624,2
209,k,0.0372754,0.00101884,2
210,Ux,0.0187989,0.000614785,2
210,Uy,0.0761288,0.00294402,2
210,p,0.214532,0.00110569,4
210,omega,0.00759102,0.000134667,2
210,k,0.0367613,0.00100931,2
211,Ux,0.01879,0.0006157,2
211,Uy,0.0770247,0.00298408,2
211,p,0.214387,0.0010696,4
211,omega,0.0074922,0.000133814,2
211,k,0.0369396,0.00100326,2
212,Ux,0.0188061,0.000615885,2
212,Uy,0.0775035,0.00304342,2
212,p,0.211052,0.00103688,4
212,omega,0.0075858,0.000134031,2
212,k,0.0367448,0.00100124,2
213,Ux,0.0189106,0.000623255,2
213,Uy,0.0787671,0.00310504,2
213,p,0.21035,0.00101586,4
213,omega,0.00757953,0.000135228,2
213,k,0.0372499,0.00100098,2
214,Ux,0.0188831,0.00062679,2
214,Uy,0.0796186,0.0031549,2
214,p,0.207126,0.000981816,4
214,omega,0.00755377,0.000136641,2
214,k,0.0370419,0.0010037,2
215,Ux,0.0191036,0.000631095,2
215,Uy,0.0808295,0.00321252,2
215,p,0.204845,0.000912654,4
215,omega,0.00755457,0.000138055,2
215,k,0.0374748,0.00100376,2
216,Ux,0.0191456,0.00063669,2
216,Uy,0.0819053,0.00325643,2
216,p,0.201518,0.000897932,4
216,omega,0.0076821,0.000141148,2
216,k,0.0376139,0.00100726,2
217,Ux,0.0191836,0.000639469,2
217,Uy,0.0833041,0.00328955,2
217,p,0.198923,0.000866924,4
217,omega,0.00764481,0.000142835,2
217,k,0.0374412,0.00100723,2
218,Ux,0.0192372,0.000642574,2
218,Uy,0.0839562,0.00330645,2
218,p,0.196589,0.000755312,4
218,omega,0.00750503,0.000143721,2
218,k,0.037429,0.00100634,2
219,Ux,0.0192109,0.000643185,2
219,Uy,0.0845544,0.00330433,2
219,p,0.193292,0.000761793,4
219,omega,0.00751616,0.000145732,2
219,k,0.0369179,0.00100608,2
220,Ux,0.0191437,0.000640079,2
220,Uy,0.0851504,0.00328828,2
220,p,0.190938,0.000790402,4
220,omega,0.00747969,0.000145516,2
220,k,0.0365047,0.00099985,2
221,Ux,0.0190554,0.000635231,2
221,Uy,0.0849842,0.00324875,2
221,p,0.18968,0.00108481,4
221,omega,0.00735564,0.000143976,2
221,k,0.0360362,0.000991003,2
222,Ux,0.0188849,0.0006287,2
222,Uy,0.084576,0.00320684,2
222,p,0.192121,0.0013053,4
222,omega,0.00733544,0.000142915,2
222,k,0.0353648,0.000977706,2
223,Ux,0.0186611,0.000619981,2
223,Uy,0.0839199,0.0031441,2
223,p,0.19683,0.00141509,4
223,omega,0.0072798,0.000141252,2
223,k,0.0345924,0.000963827,2
224,Ux,0.0185134,0.000610224,2
224,Uy,0.0831356,0.00308123,2
224,p,0.200765,0.0014238,4
224,omega,0.00708136,0.000137914,2
224,k,0.0339622,0.000947519,2
225,Ux,0.0182237,0.000599546,2
225,Uy,0.0818898,0.00300482,2
225,p,0.203382,0.00129867,4
225,omega,0.00699173,0.000134995,2
225,k,0.0332151,0.000929446,2
226,Ux,0.0178602,0.000587774,2
226,Uy,0.0804264,0.00292534,2
226,p,0.20284,0.00104491,4
226,omega,0.00691736,0.000132367,2
226,k,0.03234,0.00091284,2
227,Ux,0.0175662,0.000573935,2
227,Uy,0.0791859,0.00285865,2
227,p,0.198835,0.000808022,4
227,omega,0.00678546,0.00012957,2
227,k,0.0316604,0.000895214,2
228,Ux,0.0172056,0.000558442,2
228,Uy,0.077644,0.00278107,2
228,p,0.194079,0.000693739,4
228,omega,0.00662114,0.000125782,2
228,k,0.030863,0.000875672,2
229,Ux,0.0167577,0.0005421,2
229,Uy,0.0760382,0.00270235,2
229,p,0.186913,0.00067301,4
229,omega,0.00650247,0.000122478,2
229,k,0.0300323,0.000855632,2
230,Ux,0.0163039,0.000524467,2
230,Uy,0.0744812,0.00263022,2
230,p,0.177139,0.00070476,4
230,omega,0.00635002,0.000119067,2
230,k,0.0290813,0.000833466,2
231,Ux,0.015832,0.000506603,2
231,Uy,0.0725713,0.00254761,2
231,p,0.169961,0.00074482,4
231,omega,0.00615843,0.00011518,2
231,k,0.0282583,0.000810235,2
232,Ux,0.0153213,0.000489148,2
232,Uy,0.0705509,0.00247249,2
232,p,0.164622,0.000759527,4
232,omega,0.00599797,0.00011168,2
232,k,0.0272654,0.000783053,2
233,Ux,0.0148321,0.000471031,2
233,Uy,0.0685037,0.00238284,2
233,p,0.158038,0.000739672,4
233,omega,0.00582606,0.000108044,2
233,k,0.0263111,0.000756501,2
234,Ux,0.0143193,0.000452811,2
234,Uy,0.066272,0.00229206,2
234,p,0.149605,0.000701303,4
234,omega,0.00563449,0.000104476,2
234,k,0.0253567,0.000728398,2
235,Ux,0.013837,0.000434382,2
235,Uy,0.0639516,0.00220449,2
235,p,0.142084,0.00063616,4
235,omega,0.00543931,0.000100629,2
235,k,0.0243492,0.00070161,2
236,Ux,0.0133836,0.000417366,2
236,Uy,0.0615,0.00210602,2
236,p,0.134193,0.00058244,4
236,omega,0.00525599,9.65739e-05,2
236,k,0.0234668,0.000676207,2
237,Ux,0.0129365,0.000402133,2
237,Uy,0.0590734,0.00201437,2
237,p,0.127654,0.000587902,4
237,omega,0.00505837,9.25724e-05,2
237,k,0.0225797,0.000653053,2
238,Ux,0.0125304,0.000387442,2
238,Uy,0.0566537,0.00192133,2
238,p,0.12251,0.000703104,4
238,omega,0.00488405,8.86984e-05,2
238,k,0.0217327,0.000631898,2
239,Ux,0.0121436,0.000375133,2
239,Uy,0.0544066,0.00184516,2
239,p,0.119104,0.000922397,4
239,omega,0.00470963,8.51536e-05,2
239,k,0.0209682,0.000611876,2
240,Ux,0.0117664,0.000362917,2
240,Uy,0.0525496,0.00177657,2
240,p,0.117957,0.00101248,4
240,omega,0.00458266,8.17557e-05,2
240,k,0.0202387,0.000592063,2
241,Ux,0.0114061,0.000351147,2
241,Uy,0.050765,0.00171396,2
241,p,0.117401,0.0010184,4
241,omega,0.00445902,7.85389e-05,2
241,k,0.0195609,0.000571563,2
242,Ux,0.0110641,0.000339474,2
242,Uy,0.0490918,0.00165379,2
242,p,0.115452,0.000994694,4
242,omega,0.00432721,7.56119e-05,2
242,k,0.0188643,0.000550834,2
243,Ux,0.0107179,0.000327432,2
243,Uy,0.0475695,0.00159674,2
243,p,0.113556,0.000951385,4
243,omega,0.00420535,7.33061e-05,2
243,k,0.0181425,0.000529087,2
244,Ux,0.0103802,0.000315865,2
244,Uy,0.045932,0.00153849,2
244,p,0.111445,0.000895113,4
244,omega,0.00411684,7.16891e-05,2
244,k,0.0173953,0.000506907,2
245,Ux,0.0100631,0.000305878,2
245,Uy,0.0443943,0.00148011,2
245,p,0.108129,0.000841473,4
245,omega,0.00403933,7.07779e-05,2
245,k,0.0166563,0.000486223,2
246,Ux,0.00975716,0.000296057,2
246,Uy,0.0428265,0.00142138,2
246,p,0.104329,0.000797936,4
246,omega,0.00397168,7.01945e-05,2
246,k,0.0159741,0.000469354,2
247,Ux,0.009477,0.000287702,2
247,Uy,0.0412533,0.00136149,2
247,p,0.100083,0.000749459,4
247,omega,0.0039044,6.96347e-05,2
247,k,0.0154355,0.000453796,2
248,Ux,0.00921559,0.000279954,2
248,Uy,0.0396219,0.00130419,2
248,p,0.0956182,0.000698244,4
248,omega,0.00384771,6.91428e-05,2
248,k,0.0150245,0.000441153,2
249,Ux,0.00897295,0.000272945,2
249,Uy,0.0381371,0.00124598,2
249,p,0.0913816,0.00064411,4
249,omega,0.00379055,6.85356e-05,2
249,k,0.0146469,0.000430642,2
250,Ux,0.00873949,0.000267346,2
250,Uy,0.0366571,0.00119222,2
250,p,0.0868674,0.000615401,4
250,omega,0.00372985,6.77643e-05,2
250,k,0.0143194,0.000421659,2
251,Ux,0.00852644,0.00026239,2
251,Uy,0.0352698,0.00114661,2
251,p,0.0819141,0.000596654,4
251,omega,0.00365935,6.69019e-05,2
251,k,0.0140024,0.000413981,2
252,Ux,0.00832037,0.000257834,2
252,Uy,0.0342161,0.00111518,2
252,p,0.0771858,0.000564717,4
252,omega,0.00358473,6.59869e-05,2
252,k,0.0137104,0.000407172,2
253,Ux,0.00813888,0.00025383,2
253,Uy,0.0334601,0.00109561,2
253,p,0.0735862,0.000517568,4
253,omega,0.00350157,6.50512e-05,2
253,k,0.0134299,0.000401146,2
254,Ux,0.00797839,0.000250266,2
254,Uy,0.0327901,0.00108429,2
254,p,0.0699641,0.000482719,4
254,omega,0.00342521,6.40259e-05,2
254,k,0.0131684,0.000395583,2
255,Ux,0.00784022,0.000246841,2
255,Uy,0.0322789,0.00107976,2
255,p,0.0664874,0.000456419,4
255,omega,0.00335208,6.29958e-05,2
255,k,0.0129144,0.00038981,2
256,Ux,0.00770144,0.000243683,2
256,Uy,0.0319551,0.00108085,2
256,p,0.0630866,0.000434891,4
256,omega,0.00329084,6.19966e-05,2
256,k,0.0126539,0.000384562,2
257,Ux,0.00756644,0.000239993,2
257,Uy,0.0317831,0.0010844,2
257,p,0.0605356,0.000424504,4
257,omega,0.00324035,6.11116e-05,2
257,k,0.0124055,0.000378927,2
258,Ux,0.00742616,0.000236241,2
258,Uy,0.031683,0.00108753,2
258,p,0.0591082,0.000430248,4
258,omega,0.00319715,6.03964e-05,2
258,k,0.0121577,0.000373377,2
259,Ux,0.0072842,0.000232157,2
259,Uy,0.0315724,0.00109154,2
259,p,0.0583794,0.00043953,4
259,omega,0.00315796,5.97405e-05,2
259,k,0.011905,0.000367781,2
260,Ux,0.00714168,0.000227912,2
260,Uy,0.0314451,0.00109498,2
260,p,0.0574086,0.000437521,4
260,omega,0.00312082,5.90718e-05,2
260,k,0.0116737,0.000361992,2
261,Ux,0.00699441,0.000223569,2
261,Uy,0.0313239,0.00109556,2
261,p,0.0561273,0.000424771,4
261,omega,0.00307821,5.84665e-05,2
261,k,0.0114243,0.000356321,2
262,Ux,0.00685544,0.000219175,2
262,Uy,0.0311702,0.00109456,2
262,p,0.0546279,0.000397309,4
262,omega,0.00303871,5.78119e-05,2
262,k,0.0111949,0.000350571,2
263,Ux,0.00671617,0.000214714,2
263,Uy,0.0309843,0.00109157,2
263,p,0.053009,0.000357889,4
263,omega,0.00299905,5.71666e-05,2
263,k,0.0109586,0.000345281,2
264,Ux,0.00659252,0.000210449,2
264,Uy,0.0307643,0.00108655,2
264,p,0.0514378,0.000317335,4
264,omega,0.00295731,5.63477e-05,2
264,k,0.0107329,0.000339961,2
265,Ux,0.00646792,0.000206413,2
265,Uy,0.0305053,0.00108011,2
265,p,0.0501014,0.000279936,4
265,omega,0.00291569,5.55442e-05,2
265,k,0.0105054,0.000334947,2
266,Ux,0.00634643,0.000203195,2
266,Uy,0.0302388,0.0010735,2
266,p,0.0487865,0.000255167,4
266,omega,0.00287331,5.46662e-05,2
266,k,0.0102858,0.000330162,2
267,Ux,0.00622947,0.000200146,2
267,Uy,0.0299594,0.00106577,2
267,p,0.0477629,0.000248233,4
267,omega,0.00283324,5.38039e-05,2
267,k,0.0100687,0.000325359,2
268,Ux,0.00610616,0.000197408,2
268,Uy,0.0296895,0.00105966,2
268,p,0.0468218,0.000253464,4
268,omega,0.00279259,5.29303e-05,2
268,k,0.00985686,0.000320841,2
269,Ux,0.00599015,0.0001948,2
269,Uy,0.0294176,0.00105273,2
269,p,0.0460416,0.000266881,4
269,omega,0.00275339,5.20865e-05,2
269,k,0.0096636,0.000316228,2
270,Ux,0.00587592,0.000192497,2
270,Uy,0.0291754,0.00104819,2
270,p,0.0454235,0.000280693,4
270,omega,0.00271413,5.1266e-05,2
270,k,0.00947197,0.000312116,2
271,Ux,0.00577274,0.000190355,2
271,Uy,0.0289601,0.00104385,2
271,p,0.0449153,0.000289151,4
271,omega,0.00268051,5.04708e-05,2
271,k,0.00930896,0.000307732,2
272,Ux,0.0056789,0.000188424,2
272,Uy,0.0288032,0.00104381,2
272,p,0.0445051,0.000293122,4
272,omega,0.00264789,4.97641e-05,2
272,k,0.00914455,0.000303853,2
273,Ux,0.00559681,0.00018683,2
273,Uy,0.0286579,0.0010445,2
273,p,0.0441666,0.000293679,4
273,omega,0.00262028,4.92416e-05,2
273,k,0.00900919,0.000299856,2
274,Ux,0.00552576,0.000185344,2
274,Uy,0.028543,0.00104532,2
274,p,0.0438965,0.000291204,4
274,omega,0.00259971,4.87756e-05,2
274,k,0.00887759,0.000296046,2
275,Ux,0.00546442,0.000184075,2
275,Uy,0.0284329,0.00104771,2
275,p,0.0437504,0.000288528,4
275,omega,0.00258043,4.83067e-05,2
275,k,0.0087566,0.000292802,2
276,Ux,0.00541385,0.000182943,2
276,Uy,0.0283227,0.00104697,2
276,p,0.0436617,0.000290449,4
276,omega,0.00256401,4.78354e-05,2
276,k,0.00866205,0.000289392,2
277,Ux,0.00536659,0.000181573,2
277,Uy,0.0282219,0.00104772,2
277,p,0.0434781,0.000297253,4
277,omega,0.00254608,4.73475e-05,2
277,k,0.0085592,0.000286315,2
278,Ux,0.00532105,0.000180156,2
278,Uy,0.0281074,0.00104645,2
278,p,0.0431997,0.000301531,4
278,omega,0.002528,4.68292e-05,2
278,k,0.00845945,0.000283349,2
279,Ux,0.00527524,0.000178533,2
279,Uy,0.027954,0.00104204,2
279,p,0.0428395,0.00029776,4
279,omega,0.00250701,4.63204e-05,2
279,k,0.00837311,0.000280259,2
280,Ux,0.00522969,0.000176727,2
280,Uy,0.0277812,0.00103717,2
280,p,0.0422966,0.000289258,4
280,omega,0.00248362,4.57923e-05,2
280,k,0.00828095,0.000277371,2
281,Ux,0.00518171,0.000174822,2
281,Uy,0.0275798,0.00102936,2
281,p,0.0416025,0.000283224,4
281,omega,0.0024603,4.52497e-05,2
281,k,0.00819156,0.000274385,2
282,Ux,0.00513175,0.000172877,2
282,Uy,0.0273645,0.00102238,2
282,p,0.0408864,0.000267967,4
282,omega,0.00243839,4.47019e-05,2
282,k,0.00810959,0.000271516,2
283,Ux,0.00507506,0.000170981,2
283,Uy,0.0271689,0.00101506,2
283,p,0.0400605,0.00025124,4
283,omega,0.00241422,4.41642e-05,2
283,k,0.00802025,0.00026836,2
284,Ux,0.00501422,0.000168884,2
284,Uy,0.027018,0.00101012,2
284,p,0.0391455,0.000240909,4
284,omega,0.00238879,4.3618e-05,2
284,k,0.00793082,0.000265677,2
285,Ux,0.00495038,0.000166685,2
285,Uy,0.0269016,0.00100287,2
285,p,0.0381012,0.000239401,4
285,omega,0.00236187,4.30223e-05,2
285,k,0.00785326,0.000263184,2
286,Ux,0.00488273,0.000164192,2
286,Uy,0.0268106,0.000995811,2
286,p,0.0370315,0.000243755,4
286,omega,0.00233421,4.24169e-05,2
286,k,0.0077729,0.000260301,2
287,Ux,0.00481465,0.000161786,2
287,Uy,0.0266908,0.000985164,2
287,p,0.0358772,0.000252838,4
287,omega,0.0023061,4.1826e-05,2
287,k,0.00769246,0.000257546,2
288,Ux,0.00474264,0.000159312,2
288,Uy,0.0265218,0.000972498,2
288,p,0.0346851,0.000264924,4
288,omega,0.00227685,4.124e-05,2
288,k,0.00760399,0.000254652,2
289,Ux,0.00467231,0.000156941,2
289,Uy,0.0262921,0.000956443,2
289,p,0.0335433,0.000272662,4
289,omega,0.00224787,4.06775e-05,2
289,k,0.00751591,0.00025179,2
290,Ux,0.0046036,0.000154595,2
290,Uy,0.0259924,0.000939697,2
290,p,0.0323836,0.000276974,4
290,omega,0.00221931,4.01216e-05,2
290,k,0.00742957,0.000249037,2
291,Ux,0.00453692,0.000152441,2
291,Uy,0.0256225,0.000920973,2
291,p,0.0313622,0.000278131,4
291,omega,0.00219222,3.95658e-05,2
291,k,0.00733742,0.000246089,2
292,Ux,0.00447355,0.000150358,2
292,Uy,0.0251782,0.000901646,2
292,p,0.0304135,0.000279969,4
292,omega,0.00216413,3.90371e-05,2
292,k,0.00725142,0.000243234,2
293,Ux,0.00441051,0.000148294,2
293,Uy,0.0246596,0.000880727,2
293,p,0.0295403,0.00028143,4
293,omega,0.00213282,3.84839e-05,2
293,k,0.00716006,0.000240425,2
294,Ux,0.00435137,0.000146255,2
294,Uy,0.0241036,0.000860974,2
294,p,0.0285701,0.000283905,4
294,omega,0.00210082,3.79084e-05,2
294,k,0.00707294,0.000237423,2
295,Ux,0.0042917,0.000144196,2
295,Uy,0.0235579,0.000842644,2
295,p,0.027632,0.000175267,5
295,omega,0.00206882,3.73552e-05,2
295,k,0.00698583,0.000234277,2
296,Ux,0.00423387,0.000142154,2
296,Uy,0.0230473,0.000826345,2
296,p,0.0265961,0.000143127,5
296,omega,0.0020367,3.68007e-05,2
296,k,0.00689439,0.00023103,2
297,Ux,0.00417307,0.000140061,2
297,Uy,0.0225861,0.000811771,2
297,p,0.0256645,0.000118467,5
297,omega,0.0020078,3.62604e-05,2
297,k,0.006807,0.000227524,2
298,Ux,0.00411038,0.00013789,2
298,Uy,0.0221708,0.000798502,2
298,p,0.0247908,0.000102996,5
298,omega,0.00197991,3.57413e-05,2
298,k,0.00671209,0.000224007,2
299,Ux,0.00404665,0.000135686,2
299,Uy,0.0217998,0.000785629,2
299,p,0.0239276,9.33698e-05,5
299,omega,0.00195194,3.51984e-05,2
299,k,0.00661264,0.000220476,2
300,Ux,0.00398375,0.000133421,2
300,Uy,0.0214632,0.000773058,2
300,p,0.0230908,8.67551e-05,5
300,omega,0.00192488,3.4638e-05,2
300,k,0.00651431,0.000216852,2
301,Ux,0.0039201,0.000131105,2
301,Uy,0.0211527,0.000759753,2
301,p,0.022284,0.000221037,4
301,omega,0.00189804,3.40659e-05,2
301,k,0.00640915,0.000213266,2
302,Ux,0.00385791,0.000128774,2
302,Uy,0.020854,0.00074668,2
302,p,0.0215918,0.000213125,4
302,omega,0.0018703,3.35004e-05,2
302,k,0.00629982,0.000209773,2
303,Ux,0.00379293,0.000126454,2
303,Uy,0.0205618,0.00073268,2
303,p,0.0209521,0.000200486,4
303,omega,0.00184184,3.29217e-05,2
303,k,0.00619343,0.000206365,2
304,Ux,0.00372682,0.000124176,2
304,Uy,0.0202624,0.000719633,2
304,p,0.0203558,0.000178543,4
304,omega,0.00181271,3.23311e-05,2
304,k,0.00608622,0.000202988,2
305,Ux,0.00366007,0.000121923,2
305,Uy,0.0199543,0.000706451,2
305,p,0.0198241,0.000158513,4
305,omega,0.00178169,3.1744e-05,2
305,k,0.00597867,0.000199709,2
306,Ux,0.00359385,0.000119785,2
306,Uy,0.0196417,0.000694786,2
306,p,0.0193319,0.000144807,4
306,omega,0.00174961,3.11603e-05,2
306,k,0.00587485,0.000196704,2
307,Ux,0.00352855,0.000117742,2
307,Uy,0.0193378,0.000683919,2
307,p,0.0188513,0.000136658,4
307,omega,0.00171855,3.059e-05,2
307,k,0.00577379,0.000193685,2
308,Ux,0.0034651,0.000115771,2
308,Uy,0.019044,0.000674082,2
308,p,0.0184131,0.000133104,4
308,omega,0.00168675,3.00082e-05,2
308,k,0.0056785,0.000190788,2
309,Ux,0.0034033,0.00011392,2
309,Uy,0.0187738,0.000665243,2
309,p,0.0179731,0.000133032,4
309,omega,0.00165522,2.94268e-05,2
309,k,0.00558648,0.000187916,2
310,Ux,0.00334376,0.000112157,2
310,Uy,0.0185275,0.000657039,2
310,p,0.0175743,0.00013491,4
310,omega,0.0016236,2.88444e-05,2
310,k,0.0055001,0.000185078,2
311,Ux,0.00328859,0.000110492,2
311,Uy,0.0182992,0.000649323,2
311,p,0.0171987,0.00013617,4
311,omega,0.00159221,2.82582e-05,2
311,k,0.00541643,0.000182347,2
312,Ux,0.00323743,0.000108879,2
312,Uy,0.0180969,0.000642287,2
312,p,0.0168732,0.000135872,4
312,omega,0.00156188,2.77024e-05,2
312,k,0.00533527,0.000179518,2
313,Ux,0.00319028,0.000107353,2
313,Uy,0.0179122,0.000634879,2
313,p,0.0165644,0.000133302,4
313,omega,0.00153166,2.71398e-05,2
313,k,0.00525744,0.000176761,2
314,Ux,0.0031464,0.000105832,2
314,Uy,0.0177398,0.000628308,2
314,p,0.0162964,0.000129732,4
314,omega,0.00150228,2.66004e-05,2
314,k,0.00517994,0.00017405,2
315,Ux,0.00310577,0.000104432,2
315,Uy,0.017584,0.00062216,2
315,p,0.0160149,0.000126452,4
315,omega,0.00147432,2.60764e-05,2
315,k,0.00510489,0.000171333,2
316,Ux,0.00306659,0.000103069,2
316,Uy,0.0174435,0.000616332,2
316,p,0.0157489,0.000124121,4
316,omega,0.00144725,2.55807e-05,2
316,k,0.00502896,0.00016871,2
317,Ux,0.00302963,0.000101758,2
317,Uy,0.0173144,0.000610596,2
317,p,0.0154475,0.000119694,4
317,omega,0.00142163,2.51167e-05,2
317,k,0.00495459,0.000165989,2
318,Ux,0.00299465,0.000100474,2
318,Uy,0.017191,0.000605304,2
318,p,0.0151578,0.000114848,4
318,omega,0.0013961,2.46559e-05,2
318,k,0.00488112,0.0001634,2
319,Ux,0.00296145,9.92208e-05,2
319,Uy,0.0170799,0.000599724,2
319,p,0.0148386,0.000108962,4
319,omega,0.00137181,2.41919e-05,2
319,k,0.00481096,0.000160902,2
320,Ux,0.0029301,9.80035e-05,2
320,Uy,0.0169653,0.000593995,2
320,p,0.014497,0.00010345,4
320,omega,0.00134868,2.37397e-05,2
320,k,0.00474133,0.000158338,2
321,Ux,0.00290022,9.68275e-05,2
321,Uy,0.0168475,0.000587949,2
321,p,0.0141481,9.80427e-05,4
321,omega,0.00132578,2.32866e-05,2
321,k,0.00467019,0.000155864,2
322,Ux,0.00287177,9.56602e-05,2
322,Uy,0.0167249,0.00058181,2
322,p,0.0137618,9.25431e-05,4
322,omega,0.00130433,2.28353e-05,2
322,k,0.00460153,0.000153398,2
323,Ux,0.00284352,9.45078e-05,2
323,Uy,0.0165895,0.00057493,2
323,p,0.0134016,8.81948e-05,4
323,omega,0.00128355,2.23889e-05,2
323,k,0.00453293,0.000150906,2
324,Ux,0.00281713,9.33987e-05,2
324,Uy,0.0164392,0.000568098,2
324,p,0.0129873,8.60807e-05,4
324,omega,0.00126263,2.19376e-05,2
324,k,0.00446393,0.000148478,2
325,Ux,0.00279174,9.23097e-05,2
325,Uy,0.0162786,0.000560512,2
325,p,0.012601,8.47918e-05,4
325,omega,0.00124269,2.1494e-05,2
325,k,0.00439661,0.000146013,2
326,Ux,0.00276684,9.12192e-05,2
326,Uy,0.0161063,0.000552991,2
326,p,0.0122034,8.62255e-05,4
326,omega,0.00122295,2.10491e-05,2
326,k,0.00432967,0.000143522,2
327,Ux,0.00274213,9.00824e-05,2
327,Uy,0.0159275,0.000545248,2
327,p,0.0118238,9.33843e-05,4
327,omega,0.00120287,2.06041e-05,2
327,k,0.00426154,0.000141045,2
328,Ux,0.00271868,8.89496e-05,2
328,Uy,0.01574,0.000537278,2
328,p,0.0114631,9.80261e-05,4
328,omega,0.00118271,2.0154e-05,2
328,k,0.0041933,0.000138553,2
329,Ux,0.00269452,8.77926e-05,2
329,Uy,0.0155436,0.00052949,2
329,p,0.0111478,0.00010145,4
329,omega,0.00116217,1.97007e-05,2
329,k,0.00412541,0.000136021,2
330,Ux,0.00266979,8.65748e-05,2
330,Uy,0.0153373,0.000521245,2
330,p,0.0108709,0.000102824,4
330,omega,0.00114094,1.92399e-05,2
330,k,0.00405691,0.000133451,2
331,Ux,0.00264299,8.53028e-05,2
331,Uy,0.0151176,0.000512864,2
331,p,0.0105914,0.000102825,4
331,omega,0.00111973,1.87798e-05,2
331,k,0.00398668,0.000130899,2
332,Ux,0.00261419,8.39869e-05,2
332,Uy,0.0148869,0.000504154,2
332,p,0.0103273,0.000101731,4
332,omega,0.00109768,1.83129e-05,2
332,k,0.00391709,0.000128389,2
333,Ux,0.00258284,8.25886e-05,2
333,Uy,0.0146456,0.000495415,2
333,p,0.0100732,9.85023e-05,4
333,omega,0.00107516,1.78429e-05,2
333,k,0.00384597,0.000125837,2
334,Ux,0.00254885,8.11204e-05,2
334,Uy,0.0143963,0.000486095,2
334,p,0.00984906,9.32975e-05,4
334,omega,0.00105253,1.73829e-05,2
334,k,0.00377404,0.000123224,2
335,Ux,0.00251293,7.96078e-05,2
335,Uy,0.0141318,0.000476692,2
335,p,0.00961947,8.77109e-05,4
335,omega,0.00102907,1.69196e-05,2
335,k,0.00370053,0.000120651,2
336,Ux,0.00247424,7.80234e-05,2
336,Uy,0.0138575,0.000467028,2
336,p,0.00941558,8.53775e-05,4
336,omega,0.00100551,1.64695e-05,2
336,k,0.00362509,0.000117981,2
337,Ux,0.00243201,7.63397e-05,2
337,Uy,0.0135764,0.000457327,2
337,p,0.00924398,8.18424e-05,4
337,omega,0.000981335,1.60247e-05,2
337,k,0.00354898,0.000115346,2
338,Ux,0.00238645,7.45811e-05,2
338,Uy,0.0132914,0.000447576,2
338,p,0.0090779,8.12849e-05,4
338,omega,0.000956914,1.55871e-05,2
338,k,0.00347172,0.000112692,2
339,Ux,0.00233758,7.27375e-05,2
339,Uy,0.0130055,0.000438151,2
339,p,0.00890436,7.92063e-05,4
339,omega,0.000932121,1.51597e-05,2
339,k,0.00339311,0.00010995,2
340,Ux,0.00228566,7.08249e-05,2
340,Uy,0.0127224,0.000428826,2
340,p,0.00870532,7.73774e-05,4
340,omega,0.000907382,1.47351e-05,2
340,k,0.00331258,0.000107215,2
341,Ux,0.00223118,6.88551e-05,2
341,Uy,0.0124428,0.000420014,2
341,p,0.00849396,7.54172e-05,4
341,omega,0.000882145,1.43146e-05,2
341,k,0.00323242,0.00010445,2
342,Ux,0.00217404,6.68407e-05,2
342,Uy,0.0121686,0.000411478,2
342,p,0.00826406,7.47051e-05,4
342,omega,0.000857159,1.39038e-05,2
342,k,0.00315065,0.000101617,2
343,Ux,0.00211424,6.47807e-05,2
343,Uy,0.0119018,0.000403543,2
343,p,0.0080359,7.67128e-05,4
343,omega,0.000832288,1.34936e-05,2
343,k,0.00306776,9.87976e-05,2
344,Ux,0.00205286,6.26931e-05,2
344,Uy,0.0116461,0.000395942,2
344,p,0.00779822,7.70929e-05,4
344,omega,0.000807706,1.30906e-05,2
344,k,0.00298555,9.59425e-05,2
345,Ux,0.00198973,6.05949e-05,2
345,Uy,0.0114082,0.000388891,2
345,p,0.00755378,7.23018e-05,4
345,omega,0.000783916,1.26973e-05,2
345,k,0.00290198,9.30561e-05,2
346,Ux,0.00192533,5.84844e-05,2
346,Uy,0.0111895,0.000381507,2
346,p,0.00730826,6.65552e-05,4
346,omega,0.000760269,1.23082e-05,2
346,k,0.00281797,9.01921e-05,2
347,Ux,0.00186141,5.64009e-05,2
347,Uy,0.0109892,0.000373116,2
347,p,0.00706966,5.9914e-05,4
347,omega,0.000737094,1.1923e-05,2
347,k,0.00273604,8.73557e-05,2
348,Ux,0.00179682,5.4334e-05,2
348,Uy,0.0107948,0.000363678,2
348,p,0.00684192,5.49944e-05,4
348,omega,0.000713999,1.15427e-05,2
348,k,0.00265316,8.45347e-05,2
349,Ux,0.0017332,5.23198e-05,2
349,Uy,0.0105808,0.000353075,2
349,p,0.00661356,5.0483e-05,4
349,omega,0.000691197,1.11668e-05,2
349,k,0.00257072,8.1742e-05,2
350,Ux,0.00167104,5.03678e-05,2
350,Uy,0.0103498,0.000341508,2
350,p,0.00638554,4.62228e-05,4
350,omega,0.000669012,1.07988e-05,2
350,k,0.0024895,7.89941e-05,2
351,Ux,0.00161047,4.84914e-05,2
351,Uy,0.0100921,0.000328846,2
351,p,0.00617458,4.26983e-05,4
351,omega,0.000647496,1.04365e-05,2
351,k,0.00240859,7.63051e-05,2
352,Ux,0.00155216,4.67232e-05,2
352,Uy,0.00980116,0.00031545,2
352,p,0.0059721,4.05313e-05,4
352,omega,0.00062654,1.00811e-05,2
352,k,0.00232846,7.36866e-05,2
353,Ux,0.00149707,4.50552e-05,2
353,Uy,0.00948352,0.00030145,2
353,p,0.00578387,4.00457e-05,4
353,omega,0.000606383,9.74033e-06,2
353,k,0.00224891,7.11222e-05,2
354,Ux,0.00144484,4.35083e-05,2
354,Uy,0.0091419,0.000287114,2
354,p,0.00562181,4.1302e-05,4
354,omega,0.000587046,9.41263e-06,2
354,k,0.00217118,6.87023e-05,2
355,Ux,0.00139605,4.20764e-05,2
355,Uy,0.00878259,0.000272697,2
355,p,0.00548169,4.40443e-05,4
355,omega,0.000567965,9.09772e-06,2
355,k,0.00209567,6.6376e-05,2
356,Ux,0.00135049,4.07496e-05,2
356,Uy,0.00841343,0.000258812,2
356,p,0.00536491,4.7057e-05,4
356,omega,0.000549248,8.80481e-06,2
356,k,0.00202281,6.4188e-05,2
357,Ux,0.00130837,3.95397e-05,2
357,Uy,0.00804071,0.000245327,2
357,p,0.00526077,5.02199e-05,4
357,omega,0.000531175,8.5245e-06,2
357,k,0.00195235,6.2162e-05,2
358,Ux,0.00126933,3.84145e-05,2
358,Uy,0.00767061,0.000232836,2
358,p,0.00517056,3.5464e-05,5
358,omega,0.000513723,8.26204e-06,2
358,k,0.00188578,6.02905e-05,2
359,Ux,0.00123397,3.73357e-05,2
359,Uy,0.00730981,0.000221432,2
359,p,0.00506312,2.99558e-05,5
359,omega,0.000497221,8.01843e-06,2
359,k,0.00182304,5.85698e-05,2
360,Ux,0.00120148,3.63235e-05,2
360,Uy,0.00696827,0.000211509,2
360,p,0.00494364,2.42732e-05,5
360,omega,0.000481366,7.77635e-06,2
360,k,0.00176501,5.70396e-05,2
361,Ux,0.00117017,3.53546e-05,2
361,Uy,0.00664981,0.000202947,2
361,p,0.00480096,2.24541e-05,5
361,omega,0.00046687,7.54346e-06,2
361,k,0.00171298,5.56383e-05,2
362,Ux,0.00113948,3.44439e-05,2
362,Uy,0.00636045,0.000195869,2
362,p,0.00464019,2.16431e-05,5
362,omega,0.000453538,7.31251e-06,2
362,k,0.00166582,5.42977e-05,2
363,Ux,0.00110989,3.35615e-05,2
363,Uy,0.00610188,0.000189958,2
363,p,0.00446983,2.15092e-05,5
363,omega,0.000440805,7.09114e-06,2
363,k,0.00162413,5.28345e-05,2
364,Ux,0.00108021,3.2671e-05,2
364,Uy,0.00587407,0.000184953,2
364,p,0.00430575,2.06645e-05,5
364,omega,0.000428129,6.88297e-06,2
364,k,0.00158738,5.12291e-05,2
365,Ux,0.00105038,3.17593e-05,2
365,Uy,0.00567457,0.000180348,2
365,p,0.00412871,1.94769e-05,5
365,omega,0.000416297,6.68293e-06,2
365,k,0.00154948,4.95467e-05,2
366,Ux,0.00102078,3.07847e-05,2
366,Uy,0.00549865,0.000175881,2
366,p,0.00394366,1.74896e-05,5
366,omega,0.000404884,6.4947e-06,2
366,k,0.00150821,4.78096e-05,2
367,Ux,0.000991244,2.97672e-05,2
367,Uy,0.00534235,0.000170989,2
367,p,0.0037579,1.54276e-05,5
367,omega,0.000393976,6.31219e-06,2
367,k,0.00146326,4.60212e-05,2
368,Ux,0.000960929,2.87272e-05,2
368,Uy,0.0052003,0.000165451,2
368,p,0.00357339,1.32834e-05,5
368,omega,0.000383013,6.13135e-06,2
368,k,0.00141535,4.42385e-05,2
369,Ux,0.000930534,2.76762e-05,2
369,Uy,0.00506706,0.000159287,2
369,p,0.00339859,3.13262e-05,4
369,omega,0.000371837,5.95295e-06,2
369,k,0.00136586,4.25026e-05,2
370,Ux,0.000899661,2.66623e-05,2
370,Uy,0.00493113,0.000152834,2
370,p,0.00323905,2.70312e-05,4
370,omega,0.000360549,5.77485e-06,2
370,k,0.00131509,4.08218e-05,2
371,Ux,0.000868509,2.56811e-05,2
371,Uy,0.00477867,0.000146231,2
371,p,0.00309088,2.32642e-05,4
371,omega,0.000349051,5.6003e-06,2
371,k,0.00126406,3.9231e-05,2
372,Ux,0.000837843,2.47555e-05,2
372,Uy,0.00462232,0.000139738,2
372,p,0.00295674,2.12583e-05,4
372,omega,0.000337584,5.42532e-06,2
372,k,0.00121388,3.77465e-05,2
373,Ux,0.000807863,2.3898e-05,2
373,Uy,0.00445455,0.000133559,2
373,p,0.00283365,2.48671e-05,4
373,omega,0.000326184,5.25414e-06,2
373,k,0.0011657,3.63724e-05,2
374,Ux,0.000779157,2.31029e-05,2
374,Uy,0.00428131,0.000127758,2
374,p,0.00271867,9.50679e-06,5
374,omega,0.000315037,5.08659e-06,2
374,k,0.00111979,3.51229e-05,2
375,Ux,0.000751874,2.23678e-05,2
375,Uy,0.00410648,0.000122501,2
375,p,0.00261146,1.03349e-05,5
375,omega,0.000304283,4.92309e-06,2
375,k,0.001077,3.40008e-05,2
376,Ux,0.000726367,2.16936e-05,2
376,Uy,0.00393589,0.00011773,2
376,p,0.00251453,1.09114e-05,5
376,omega,0.000294102,4.76224e-06,2
376,k,0.00103775,3.2995e-05,2
377,Ux,0.000702837,2.10784e-05,2
377,Uy,0.00377255,0.000113502,2
377,p,0.00242535,1.17106e-05,5
377,omega,0.000284521,4.60689e-06,2
377,k,0.0010022,3.20931e-05,2
378,Ux,0.000681481,2.05153e-05,2
378,Uy,0.00361895,0.000109715,2
378,p,0.00234336,1.23569e-05,5
378,omega,0.000275549,4.45393e-06,2
378,k,0.000970257,3.12826e-05,2
379,Ux,0.000661864,1.99773e-05,2
379,Uy,0.00347672,0.000106438,2
379,p,0.00226982,1.32334e-05,5
379,omega,0.000266992,4.30603e-06,2
379,k,0.000941551,3.05478e-05,2
380,Ux,0.000644576,1.94649e-05,2
380,Uy,0.00334598,0.000103445,2
380,p,0.00220035,1.3294e-05,5
380,omega,0.00025888,4.15924e-06,2
380,k,0.000916196,2.98629e-05,2
381,Ux,0.000627955,1.89665e-05,2
381,Uy,0.00322688,0.000100786,2
381,p,0.0021366,1.44675e-05,5
381,omega,0.000251169,4.01274e-06,2
381,k,0.000893841,2.92126e-05,2
382,Ux,0.000611858,1.84699e-05,2
382,Uy,0.00311769,9.83564e-05,2
382,p,0.0020754,1.76749e-05,5
382,omega,0.000243997,3.87125e-06,2
382,k,0.000873332,2.85141e-05,2
383,Ux,0.000596249,1.79736e-05,2
383,Uy,0.00301845,9.61426e-05,2
383,p,0.00201946,1.74509e-05,5
383,omega,0.000237093,3.73329e-06,2
383,k,0.000854222,2.77595e-05,2
384,Ux,0.000580349,1.74696e-05,2
384,Uy,0.00292829,9.40758e-05,2
384,p,0.00196432,1.5526e-05,5
384,omega,0.000230145,3.59957e-06,2
384,k,0.000836022,2.69515e-05,2
385,Ux,0.00056404,1.69472e-05,2
385,Uy,0.00284635,9.21852e-05,2
385,p,0.00190813,1.26487e-05,5
385,omega,0.00022318,3.47193e-06,2
385,k,0.000816153,2.61064e-05,2
386,Ux,0.000547661,1.6411e-05,2
386,Uy,0.00277195,9.03729e-05,2
386,p,0.00185223,1.00701e-05,5
386,omega,0.000216152,3.34808e-06,2
386,k,0.000794488,2.52397e-05,2
387,Ux,0.000530917,1.5856e-05,2
387,Uy,0.0027041,8.8657e-05,2
387,p,0.0017934,8.90312e-06,5
387,omega,0.00020898,3.23005e-06,2
387,k,0.000771621,2.4345e-05,2
388,Ux,0.000513759,1.52864e-05,2
388,Uy,0.00264109,8.69307e-05,2
388,p,0.00173134,8.41368e-06,5
388,omega,0.000201877,3.11553e-06,2
388,k,0.000747346,2.34393e-05,2
389,Ux,0.000496217,1.47104e-05,2
389,Uy,0.002583,8.51891e-05,2
389,p,0.00166668,7.8776e-06,5
389,omega,0.000194852,3.00565e-06,2
389,k,0.000722201,2.25397e-05,2
390,Ux,0.000478286,1.41282e-05,2
390,Uy,0.00252921,8.32887e-05,2
390,p,0.00160572,7.19339e-06,5
390,omega,0.000187961,2.89917e-06,2
390,k,0.000696511,2.16389e-05,2
391,Ux,0.000460237,1.35515e-05,2
391,Uy,0.002479,8.11961e-05,2
391,p,0.00154359,6.43806e-06,5
391,omega,0.000181121,2.79567e-06,2
391,k,0.000670561,2.07435e-05,2
392,Ux,0.000442098,1.29798e-05,2
392,Uy,0.00243026,7.88695e-05,2
392,p,0.00148117,5.65366e-06,5
392,omega,0.000174326,2.69368e-06,2
392,k,0.000644379,1.98754e-05,2
393,Ux,0.000424185,1.24246e-05,2
393,Uy,0.00237652,7.63502e-05,2
393,p,0.00142246,1.33589e-05,4
393,omega,0.000167688,2.59363e-06,2
393,k,0.000618465,1.90261e-05,2
394,Ux,0.000406568,1.18853e-05,2
394,Uy,0.00231775,7.36636e-05,2
394,p,0.00136719,1.18835e-05,4
394,omega,0.000161221,2.49672e-06,2
394,k,0.000592854,1.81995e-05,2
395,Ux,0.0003894,1.13698e-05,2
395,Uy,0.00225506,7.08183e-05,2
395,p,0.00131461,1.04488e-05,4
395,omega,0.000154915,2.4018e-06,2
395,k,0.000567583,1.74145e-05,2
396,Ux,0.000372895,1.08809e-05,2
396,Uy,0.00218604,6.78647e-05,2
396,p,0.00126301,9.24473e-06,4
396,omega,0.000148805,2.30831e-06,2
396,k,0.00054313,1.6661e-05,2
397,Ux,0.000357047,1.04219e-05,2
397,Uy,0.00211174,6.48293e-05,2
397,p,0.00121454,8.43417e-06,4
397,omega,0.000142855,2.21821e-06,2
397,k,0.000519459,1.59451e-05,2
398,Ux,0.000341962,9.99426e-06,2
398,Uy,0.00203276,6.17974e-05,2
398,p,0.00117216,8.26973e-06,4
398,omega,0.000137184,2.13161e-06,2
398,k,0.000496644,1.52773e-05,2
399,Ux,0.00032775,9.59561e-06,2
399,Uy,0.0019512,5.87852e-05,2
399,p,0.0011365,9.2301e-06,4
399,omega,0.000131651,2.04844e-06,2
399,k,0.000474829,1.46555e-05,2
400,Ux,0.000314355,9.2304e-06,2
400,Uy,0.00186765,5.58843e-05,2
400,p,0.0011087,5.81514e-06,5
400,omega,0.000126245,1.96951e-06,2
400,k,0.000454266,1.40795e-05,2
401,Ux,0.000301924,8.89513e-06,2
401,Uy,0.00178341,5.31013e-05,2
401,p,0.00108278,4.11739e-06,5
401,omega,0.000121043,1.89395e-06,2
401,k,0.000434893,1.35533e-05,2
402,Ux,0.000290448,8.5886e-06,2
402,Uy,0.00170074,5.05104e-05,2
402,p,0.00105829,4.44873e-06,5
402,omega,0.000116122,1.82384e-06,2
402,k,0.000416806,1.3075e-05,2
403,Ux,0.000279941,8.3084e-06,2
403,Uy,0.00161971,4.8123e-05,2
403,p,0.00103453,4.67075e-06,5
403,omega,0.000111443,1.7574e-06,2
403,k,0.000400279,1.26445e-05,2
404,Ux,0.000270468,8.04529e-06,2
404,Uy,0.00154213,4.59779e-05,2
404,p,0.0010106,5.07616e-06,5
404,omega,0.000107074,1.69546e-06,2
404,k,0.000385186,1.22624e-05,2
405,Ux,0.000261774,7.79863e-06,2
405,Uy,0.00146899,4.41e-05,2
405,p,0.000985551,5.35472e-06,5
405,omega,0.000103011,1.63653e-06,2
405,k,0.000371532,1.19191e-05,2
406,Ux,0.000253691,7.56146e-06,2
406,Uy,0.00140088,4.24726e-05,2
406,p,0.00095835,5.44073e-06,5
406,omega,9.93202e-05,1.57866e-06,2
406,k,0.000359439,1.16123e-05,2
407,Ux,0.000245878,7.33448e-06,2
407,Uy,0.00133903,4.10841e-05,2
407,p,0.000927652,5.50977e-06,5
407,omega,9.59708e-05,1.52272e-06,2
407,k,0.000348746,1.13273e-05,2
408,Ux,0.000238389,7.11303e-06,2
408,Uy,0.00128304,3.98959e-05,2
408,p,0.000895357,5.43458e-06,5
408,omega,9.29235e-05,1.46821e-06,2
408,k,0.000339206,1.10316e-05,2
409,Ux,0.000230972,6.89421e-06,2
409,Uy,0.00123348,3.88657e-05,2
409,p,0.000864322,5.19526e-06,5
409,omega,8.99656e-05,1.41633e-06,2
409,k,0.000330928,1.07034e-05,2
410,Ux,0.000223573,6.67308e-06,2
410,Uy,0.00118951,3.79266e-05,2
410,p,0.000830624,4.74539e-06,5
410,omega,8.70426e-05,1.36689e-06,2
410,k,0.000323148,1.03468e-05,2
411,Ux,0.000216277,6.44455e-06,2
411,Uy,0.00115072,3.69994e-05,2
411,p,0.00079435,4.22863e-06,5
411,omega,8.41236e-05,1.31962e-06,2
411,k,0.000314649,9.97458e-06,2
412,Ux,0.000208933,6.2092e-06,2
412,Uy,0.001116,3.6043e-05,2
412,p,0.000756774,3.69412e-06,5
412,omega,8.12834e-05,1.27464e-06,2
412,k,0.000305312,9.59216e-06,2
413,Ux,0.000201625,5.96699e-06,2
413,Uy,0.00108459,3.49819e-05,2
413,p,0.0007216,3.16169e-06,5
413,omega,7.8454e-05,1.23109e-06,2
413,k,0.000295173,9.20096e-06,2
414,Ux,0.000194288,5.72451e-06,2
414,Uy,0.00105567,3.37968e-05,2
414,p,0.000686818,2.66593e-06,5
414,omega,7.56103e-05,1.18888e-06,2
414,k,0.00028448,8.8123e-06,2
415,Ux,0.000186875,5.4846e-06,2
415,Uy,0.00102852,3.24945e-05,2
415,p,0.000653618,6.15482e-06,4
415,omega,7.28142e-05,1.14769e-06,2
415,k,0.000273473,8.43054e-06,2
416,Ux,0.00017947,5.25043e-06,2
416,Uy,0.000998841,3.11473e-05,2
416,p,0.000622773,5.4329e-06,4
416,omega,7.00662e-05,1.10743e-06,2
416,k,0.000262231,8.0572e-06,2
417,Ux,0.000172142,5.02691e-06,2
417,Uy,0.00096651,2.97573e-05,2
417,p,0.000593981,4.74741e-06,4
417,omega,6.73627e-05,1.06818e-06,2
417,k,0.000251015,7.7012e-06,2
418,Ux,0.000165037,4.81636e-06,2
418,Uy,0.000933441,2.83655e-05,2
418,p,0.00056827,4.19455e-06,4
418,omega,6.47106e-05,1.02931e-06,2
418,k,0.000239971,7.36495e-06,2
419,Ux,0.000158134,4.61823e-06,2
419,Uy,0.000898022,2.70075e-05,2
419,p,0.000543811,3.96271e-06,4
419,omega,6.21456e-05,9.91954e-07,2
419,k,0.000229241,7.04873e-06,2
420,Ux,0.000151581,4.4359e-06,2
420,Uy,0.000860943,2.56889e-05,2
420,p,0.000521697,4.49262e-06,4
420,omega,5.97191e-05,9.56008e-07,2
420,k,0.000219007,6.75711e-06,2
421,Ux,0.000145383,4.2681e-06,2
421,Uy,0.00082352,2.4455e-05,2
421,p,0.00050111,1.64938e-06,5
421,omega,5.74396e-05,9.21502e-07,2
421,k,0.000209306,6.49138e-06,2
422,Ux,0.00013958,4.11384e-06,2
422,Uy,0.00078619,2.32925e-05,2
422,p,0.000481986,1.83392e-06,5
422,omega,5.52708e-05,8.8804e-07,2
422,k,0.000200219,6.24947e-06,2
423,Ux,0.000134254,3.97383e-06,2
423,Uy,0.000749724,2.22343e-05,2
423,p,0.000466107,2.01375e-06,5
423,omega,5.32348e-05,8.56253e-07,2
423,k,0.000191907,6.03291e-06,2
424,Ux,0.000129336,3.84553e-06,2
424,Uy,0.000714851,2.1266e-05,2
424,p,0.000452214,2.1405e-06,5
424,omega,5.1363e-05,8.25735e-07,2
424,k,0.000184298,5.83999e-06,2
425,Ux,0.000124906,3.7281e-06,2
425,Uy,0.00068184,2.0416e-05,2
425,p,0.000439972,2.40287e-06,5
425,omega,4.95991e-05,7.96727e-07,2
425,k,0.000177403,5.66878e-06,2
426,Ux,0.000120882,3.61741e-06,2
426,Uy,0.000650997,1.96523e-05,2
426,p,0.000428,2.5747e-06,5
426,omega,4.79232e-05,7.68698e-07,2
426,k,0.000171322,5.51741e-06,2
427,Ux,0.000117243,3.51122e-06,2
427,Uy,0.000622678,1.89979e-05,2
427,p,0.000416375,2.60429e-06,5
427,omega,4.63585e-05,7.41295e-07,2
427,k,0.00016594,5.38012e-06,2
428,Ux,0.000113823,3.40916e-06,2
428,Uy,0.000596709,1.84216e-05,2
428,p,0.000404753,2.66628e-06,5
428,omega,4.48969e-05,7.14322e-07,2
428,k,0.000161209,5.25204e-06,2
429,Ux,0.000110469,3.30891e-06,2
429,Uy,0.000573191,1.79131e-05,2
429,p,0.000392874,2.61659e-06,5
429,omega,4.35314e-05,6.87978e-07,2
429,k,0.00015702,5.1271e-06,2
430,Ux,0.000107237,3.21032e-06,2
430,Uy,0.000552106,1.74707e-05,2
430,p,0.000380466,2.50469e-06,5
430,omega,4.2229e-05,6.62413e-07,2
430,k,0.000153275,4.98542e-06,2
431,Ux,0.00010399,3.11009e-06,2
431,Uy,0.000533148,1.707e-05,2
431,p,0.000367989,2.38145e-06,5
431,omega,4.0935e-05,6.38019e-07,2
431,k,0.000149841,4.83226e-06,2
432,Ux,0.000100719,3.0085e-06,2
432,Uy,0.00051657,1.66906e-05,2
432,p,0.000355201,2.19192e-06,5
432,omega,3.96211e-05,6.14486e-07,2
432,k,0.000146269,4.67069e-06,2
433,Ux,9.74504e-05,2.90342e-06,2
433,Uy,0.000501539,1.63284e-05,2
433,p,0.000342362,1.95819e-06,5
433,omega,3.82863e-05,5.92295e-07,2
433,k,0.000142278,4.50135e-06,2
434,Ux,9.41319e-05,2.7945e-06,2
434,Uy,0.000488086,1.59501e-05,2
434,p,0.000329157,1.71067e-06,5
434,omega,3.6932e-05,5.70897e-07,2
434,k,0.000137904,4.32803e-06,2
435,Ux,9.07727e-05,2.68467e-06,2
435,Uy,0.000475749,1.55544e-05,2
435,p,0.000315755,1.48634e-06,5
435,omega,3.55664e-05,5.5033e-07,2
435,k,0.000133267,4.1531e-06,2
436,Ux,8.7356e-05,2.57413e-06,2
436,Uy,0.000464332,1.51101e-05,2
436,p,0.000302653,1.2871e-06,5
436,omega,3.42044e-05,5.30599e-07,2
436,k,0.000128392,3.9769e-06,2
437,Ux,8.39161e-05,2.46397e-06,2
437,Uy,0.000453607,1.46262e-05,2
437,p,0.000289709,1.11113e-06,5
437,omega,3.28825e-05,5.1141e-07,2
437,k,0.000123394,3.80384e-06,2
438,Ux,8.04978e-05,2.3565e-06,2
438,Uy,0.000442603,1.41073e-05,2
438,p,0.000277169,2.63646e-06,4
438,omega,3.15813e-05,4.92665e-07,2
438,k,0.000118376,3.63542e-06,2
439,Ux,7.71049e-05,2.25204e-06,2
439,Uy,0.000430412,1.35629e-05,2
439,p,0.000265062,2.34304e-06,4
439,omega,3.03172e-05,4.74496e-07,2
439,k,0.000113327,3.47067e-06,2
440,Ux,7.37906e-05,2.15255e-06,2
440,Uy,0.000417723,1.30041e-05,2
440,p,0.000253616,2.0233e-06,4
440,omega,2.90938e-05,4.56843e-07,2
440,k,0.000108326,3.31365e-06,2
441,Ux,7.05885e-05,2.0584e-06,2
441,Uy,0.000404101,1.24359e-05,2
441,p,0.0002431,1.71847e-06,4
441,omega,2.79162e-05,4.39582e-07,2
441,k,0.000103457,3.1652e-06,2
442,Ux,6.75213e-05,1.97024e-06,2
442,Uy,0.000389747,1.18699e-05,2
442,p,0.000233122,1.49086e-06,4
442,omega,2.6786e-05,4.22795e-07,2
442,k,9.87444e-05,3.02456e-06,2
443,Ux,6.46036e-05,1.88881e-06,2
443,Uy,0.000374635,1.13108e-05,2
443,p,0.000223944,1.42303e-06,4
443,omega,2.57156e-05,4.0671e-07,2
443,k,9.42089e-05,2.89357e-06,2
444,Ux,6.18694e-05,1.81338e-06,2
444,Uy,0.000359188,1.07714e-05,2
444,p,0.000216049,1.71396e-06,4
444,omega,2.46847e-05,3.91284e-07,2
444,k,8.99193e-05,2.7736e-06,2
445,Ux,5.93003e-05,1.74414e-06,2
445,Uy,0.000343663,1.0257e-05,2
445,p,0.000209013,2.06677e-06,4
445,omega,2.36968e-05,3.76543e-07,2
445,k,8.58821e-05,2.6636e-06,2
446,Ux,5.69253e-05,1.68065e-06,2
446,Uy,0.000328192,9.77338e-06,2
446,p,0.000203269,7.704e-07,5
446,omega,2.27413e-05,3.62453e-07,2
446,k,8.21271e-05,2.56351e-06,2
447,Ux,5.47443e-05,1.62288e-06,2
447,Uy,0.000313187,9.32409e-06,2
447,p,0.000197927,8.5845e-07,5
447,omega,2.18335e-05,3.49074e-07,2
447,k,7.86512e-05,2.47374e-06,2
448,Ux,5.2728e-05,1.57019e-06,2
448,Uy,0.000298669,8.91684e-06,2
448,p,0.000192789,9.15749e-07,5
448,omega,2.09812e-05,3.36523e-07,2
448,k,7.54843e-05,2.39331e-06,2
449,Ux,5.0942e-05,1.52183e-06,2
449,Uy,0.000284906,8.54697e-06,2
449,p,0.000187908,9.96962e-07,5
449,omega,2.01888e-05,3.24667e-07,2
449,k,7.26464e-05,2.32202e-06,2
450,Ux,4.92847e-05,1.47557e-06,2
450,Uy,0.000271976,8.22709e-06,2
450,p,0.000183439,1.0478e-06,5
450,omega,1.94592e-05,3.13381e-07,2
450,k,7.01113e-05,2.25933e-06,2
451,Ux,4.77902e-05,1.43217e-06,2
451,Uy,0.000259997,7.9452e-06,2
451,p,0.000178903,1.06892e-06,5
451,omega,1.87906e-05,3.02456e-07,2
451,k,6.78518e-05,2.20237e-06,2
452,Ux,4.63521e-05,1.39024e-06,2
452,Uy,0.00024912,7.70129e-06,2
452,p,0.000174034,1.06924e-06,5
452,omega,1.81788e-05,2.91735e-07,2
452,k,6.58864e-05,2.14971e-06,2
453,Ux,4.49732e-05,1.34921e-06,2
453,Uy,0.000239212,7.4887e-06,2
453,p,0.000168926,1.037e-06,5
453,omega,1.7622e-05,2.81362e-07,2
453,k,6.41546e-05,2.09707e-06,2
454,Ux,4.36305e-05,1.30907e-06,2
454,Uy,0.000230355,7.30356e-06,2
454,p,0.000163805,1.00884e-06,5
454,omega,1.70977e-05,2.71365e-07,2
454,k,6.26141e-05,2.03917e-06,2
455,Ux,4.22851e-05,1.26844e-06,2
455,Uy,0.000222493,7.13256e-06,2
455,p,0.000158359,9.41765e-07,5
455,omega,1.65901e-05,2.61795e-07,2
455,k,6.12165e-05,1.97583e-06,2
456,Ux,4.09552e-05,1.22668e-06,2
456,Uy,0.000215479,6.97025e-06,2
456,p,0.000152408,8.49239e-07,5
456,omega,1.60799e-05,2.52733e-07,2
456,k,5.97494e-05,1.90868e-06,2
457,Ux,3.96169e-05,1.18378e-06,2
457,Uy,0.000209184,6.80431e-06,2
457,p,0.00014628,7.46533e-07,5
457,omega,1.5565e-05,2.44003e-07,2
457,k,5.80878e-05,1.83957e-06,2
458,Ux,3.82718e-05,1.13947e-06,2
458,Uy,0.000203487,6.63201e-06,2
458,p,0.000139847,6.47683e-07,5
458,omega,1.5045e-05,2.35645e-07,2
458,k,5.63002e-05,1.7686e-06,2
459,Ux,3.69127e-05,1.09486e-06,2
459,Uy,0.000198255,6.43961e-06,2
459,p,0.00013363,5.5467e-07,5
459,omega,1.45239e-05,2.27614e-07,2
459,k,5.4395e-05,1.69722e-06,2
460,Ux,3.55488e-05,1.05029e-06,2
460,Uy,0.000193353,6.22842e-06,2
460,p,0.000127355,1.25924e-06,4
460,omega,1.39996e-05,2.19784e-07,2
460,k,5.24047e-05,1.62666e-06,2
461,Ux,3.41858e-05,1.00647e-06,2
461,Uy,0.000188584,6.00277e-06,2
461,p,0.000121399,1.13493e-06,4
461,omega,1.34768e-05,2.12132e-07,2
461,k,5.03747e-05,1.55693e-06,2
462,Ux,3.2821e-05,9.6402e-07,2
462,Uy,0.000183271,5.76632e-06,2
462,p,0.000115666,1.00371e-06,4
462,omega,1.29628e-05,2.0464e-07,2
462,k,4.8328e-05,1.4897e-06,2
463,Ux,3.14868e-05,9.23337e-07,2
463,Uy,0.000177709,5.52407e-06,2
463,p,0.000110224,8.7008e-07,4
463,omega,1.24598e-05,1.97355e-07,2
463,k,4.628e-05,1.42515e-06,2
464,Ux,3.01901e-05,8.85096e-07,2
464,Uy,0.00017187,5.28033e-06,2
464,p,0.000105315,7.52108e-07,4
464,omega,1.19666e-05,1.90192e-07,2
464,k,4.42753e-05,1.3639e-06,2
465,Ux,2.8945e-05,8.49187e-07,2
465,Uy,0.000165685,5.04055e-06,2
465,p,0.00010057,6.75775e-07,4
465,omega,1.1477e-05,1.83238e-07,2
465,k,4.23393e-05,1.30652e-06,2
466,Ux,2.77641e-05,8.15997e-07,2
466,Uy,0.000159247,4.8048e-06,2
466,p,9.62337e-05,6.97026e-07,4
466,omega,1.1004e-05,1.76597e-07,2
466,k,4.04829e-05,1.25284e-06,2
467,Ux,2.6637e-05,7.85323e-07,2
467,Uy,0.000152685,4.58196e-06,2
467,p,9.2289e-05,8.50485e-07,4
467,omega,1.05815e-05,1.70237e-07,2
467,k,3.8722e-05,1.20388e-06,2
468,Ux,2.55976e-05,7.57071e-07,2
468,Uy,0.000146143,4.36998e-06,2
468,p,8.8981e-05,3.16482e-07,5
468,omega,1.01895e-05,1.64087e-07,2
468,k,3.70724e-05,1.15911e-06,2
469,Ux,2.46227e-05,7.31182e-07,2
469,Uy,0.0001397,4.172e-06,2
469,p,8.63522e-05,3.58906e-07,5
469,omega,9.8108e-06,1.58216e-07,2
469,k,3.55378e-05,1.11857e-06,2
470,Ux,2.37334e-05,7.07685e-07,2
470,Uy,0.000133466,3.99158e-06,2
470,p,8.40715e-05,3.91876e-07,5
470,omega,9.45317e-06,1.52602e-07,2
470,k,3.41273e-05,1.08211e-06,2
471,Ux,2.29251e-05,6.86095e-07,2
471,Uy,0.000127492,3.82731e-06,2
471,p,8.21251e-05,4.30015e-07,5
471,omega,9.12021e-06,1.47315e-07,2
471,k,3.28458e-05,1.04961e-06,2
472,Ux,2.21873e-05,6.65893e-07,2
472,Uy,0.000121858,3.68e-06,2
472,p,8.02121e-05,4.57648e-07,5
472,omega,8.80661e-06,1.42232e-07,2
472,k,3.16961e-05,1.02079e-06,2
473,Ux,2.15219e-05,6.46644e-07,2
473,Uy,0.000116581,3.55202e-06,2
473,p,7.83904e-05,4.74058e-07,5
473,omega,8.51571e-06,1.37321e-07,2
473,k,3.06812e-05,9.94862e-07,2
474,Ux,2.09078e-05,6.28212e-07,2
474,Uy,0.000111736,3.43757e-06,2
474,p,7.65815e-05,4.79284e-07,5
474,omega,8.24673e-06,1.32495e-07,2
474,k,2.97785e-05,9.7096e-07,2
475,Ux,2.02997e-05,6.10216e-07,2
475,Uy,0.000107303,3.33982e-06,2
475,p,7.47307e-05,4.75458e-07,5
475,omega,7.99875e-06,1.27754e-07,2
475,k,2.89798e-05,9.4844e-07,2
476,Ux,1.97229e-05,5.92548e-07,2
476,Uy,0.000103259,3.25208e-06,2
476,p,7.26714e-05,4.58639e-07,5
476,omega,7.76703e-06,1.23172e-07,2
476,k,2.82806e-05,9.23834e-07,2
477,Ux,1.91435e-05,5.74829e-07,2
477,Uy,9.96561e-05,3.17551e-06,2
477,p,7.05101e-05,4.40753e-07,5
477,omega,7.54013e-06,1.18762e-07,2
477,k,2.76384e-05,8.96984e-07,2
478,Ux,1.85651e-05,5.56797e-07,2
478,Uy,9.64213e-05,3.10403e-06,2
478,p,6.81866e-05,4.09773e-07,5
478,omega,7.31351e-06,1.14532e-07,2
478,k,2.70204e-05,8.68349e-07,2
479,Ux,1.79835e-05,5.38266e-07,2
479,Uy,9.35234e-05,3.03519e-06,2
479,p,6.56603e-05,3.69113e-07,5
479,omega,7.08277e-06,1.10532e-07,2
479,k,2.63302e-05,8.38022e-07,2
480,Ux,1.7395e-05,5.19008e-07,2
480,Uy,9.09013e-05,2.96624e-06,2
480,p,6.30158e-05,3.2391e-07,5
480,omega,6.84845e-06,1.06654e-07,2
480,k,2.55668e-05,8.06939e-07,2
481,Ux,1.68001e-05,4.99439e-07,2
481,Uy,8.85319e-05,2.89409e-06,2
481,p,6.02662e-05,2.8096e-07,5
481,omega,6.61269e-06,1.02957e-07,2
481,k,2.47523e-05,7.75496e-07,2
482,Ux,1.61976e-05,4.79586e-07,2
482,Uy,8.63875e-05,2.81388e-06,2
482,p,5.7589e-05,2.4126e-07,5
482,omega,6.37612e-06,9.93796e-08,2
482,k,2.38917e-05,7.43626e-07,2
483,Ux,1.55899e-05,4.59871e-07,2
483,Uy,8.43765e-05,2.72615e-06,2
483,p,5.48847e-05,5.48634e-07,4
483,omega,6.13886e-06,9.59059e-08,2
483,k,2.29975e-05,7.12166e-07,2
484,Ux,1.4982e-05,4.40512e-07,2
484,Uy,8.24084e-05,2.63142e-06,2
484,p,5.23729e-05,4.97032e-07,4
484,omega,5.9039e-06,9.24946e-08,2
484,k,2.20931e-05,6.81573e-07,2
485,Ux,1.43755e-05,4.21591e-07,2
485,Uy,8.0205e-05,2.5324e-06,2
485,p,4.99513e-05,4.40102e-07,4
485,omega,5.67013e-06,8.91553e-08,2
485,k,2.11797e-05,6.51506e-07,2
486,Ux,1.37814e-05,4.03642e-07,2
486,Uy,7.78758e-05,2.4292e-06,2
486,p,4.7657e-05,3.7994e-07,4
486,omega,5.44081e-06,8.59245e-08,2
486,k,2.02729e-05,6.22862e-07,2
487,Ux,1.32054e-05,3.8654e-07,2
487,Uy,7.54261e-05,2.32579e-06,2
487,p,4.5619e-05,3.24389e-07,4
487,omega,5.22025e-06,8.277e-08,2
487,k,1.93866e-05,5.95716e-07,2
488,Ux,1.26522e-05,3.70511e-07,2
488,Uy,7.2796e-05,2.22209e-06,2
488,p,4.37204e-05,2.84697e-07,4
488,omega,5.01118e-06,7.97123e-08,2
488,k,1.85295e-05,5.69991e-07,2
489,Ux,1.21242e-05,3.557e-07,2
489,Uy,7.00599e-05,2.11976e-06,2
489,p,4.20785e-05,2.81795e-07,4
489,omega,4.81135e-06,7.67661e-08,2
489,k,1.77056e-05,5.45983e-07,2
490,Ux,1.16261e-05,3.41929e-07,2
490,Uy,6.72297e-05,2.022e-06,2
490,p,4.06349e-05,3.45944e-07,4
490,omega,4.62542e-06,7.39436e-08,2
490,k,1.69226e-05,5.24024e-07,2
491,Ux,1.11568e-05,3.29255e-07,2
491,Uy,6.44005e-05,1.92763e-06,2
491,p,3.93563e-05,3.93266e-07,4
491,omega,4.44705e-06,7.12245e-08,2
491,k,1.61842e-05,5.03852e-07,2
492,Ux,1.07232e-05,3.17636e-07,2
492,Uy,6.1587e-05,1.8398e-06,2
492,p,3.82932e-05,1.49035e-07,5
492,omega,4.27621e-06,6.86359e-08,2
492,k,1.54988e-05,4.85477e-07,2
493,Ux,1.03262e-05,3.07073e-07,2
493,Uy,5.88342e-05,1.75762e-06,2
493,p,3.73321e-05,1.63382e-07,5
493,omega,4.11403e-06,6.61497e-08,2
493,k,1.4864e-05,4.68964e-07,2
494,Ux,9.96011e-06,2.97411e-07,2
494,Uy,5.6196e-05,1.68325e-06,2
494,p,3.64656e-05,1.73727e-07,5
494,omega,3.96156e-06,6.38275e-08,2
494,k,1.42802e-05,4.54164e-07,2
495,Ux,9.63297e-06,2.88479e-07,2
495,Uy,5.36662e-05,1.61552e-06,2
495,p,3.5569e-05,1.88751e-07,5
495,omega,3.81902e-06,6.16081e-08,2
495,k,1.37636e-05,4.41067e-07,2
496,Ux,9.33202e-06,2.80003e-07,2
496,Uy,5.13075e-05,1.55646e-06,2
496,p,3.47078e-05,1.97543e-07,5
496,omega,3.68781e-06,5.94888e-08,2
496,k,1.3298e-05,4.29342e-07,2
497,Ux,9.05917e-06,2.71946e-07,2
497,Uy,4.91167e-05,1.50421e-06,2
497,p,3.38262e-05,2.02274e-07,5
497,omega,3.56677e-06,5.74237e-08,2
497,k,1.28817e-05,4.18726e-07,2
498,Ux,8.79342e-06,2.6412e-07,2
498,Uy,4.71086e-05,1.45884e-06,2
498,p,3.29236e-05,2.04695e-07,5
498,omega,3.45581e-06,5.53899e-08,2
498,k,1.25212e-05,4.08892e-07,2
499,Ux,8.54009e-06,2.56513e-07,2
499,Uy,4.52892e-05,1.41917e-06,2
499,p,3.19651e-05,1.94697e-07,5
499,omega,3.35374e-06,5.34287e-08,2
499,k,1.22004e-05,3.98787e-07,2
500,Ux,8.29037e-06,2.4892e-07,2
500,Uy,4.36468e-05,1.38446e-06,2
500,p,3.09658e-05,1.86922e-07,5
500,omega,3.25596e-06,5.15256e-08,2
500,k,1.19127e-05,3.87762e-07,2
501,Ux,8.04098e-06,2.41303e-07,2
501,Uy,4.21885e-05,1.35266e-06,2
501,p,2.99039e-05,1.76195e-07,5
501,omega,3.15902e-06,4.97084e-08,2
501,k,1.16501e-05,3.75789e-07,2
502,Ux,7.79224e-06,2.33434e-07,2
502,Uy,4.08748e-05,1.32232e-06,2
502,p,2.87944e-05,1.60682e-07,5
502,omega,3.06226e-06,4.79774e-08,2
502,k,1.13681e-05,3.6301e-07,2
503,Ux,7.54039e-06,2.25283e-07,2
503,Uy,3.96959e-05,1.29212e-06,2
503,p,2.76524e-05,1.42067e-07,5
503,omega,2.96384e-06,4.63131e-08,2
503,k,1.10533e-05,3.49899e-07,2
504,Ux,7.28663e-06,2.16953e-07,2
504,Uy,3.86247e-05,1.26074e-06,2
504,p,2.64482e-05,1.23775e-07,5
504,omega,2.86508e-06,4.47209e-08,2
504,k,1.07137e-05,3.3652e-07,2
505,Ux,7.02991e-06,2.0844e-07,2
505,Uy,3.766e-05,1.22611e-06,2
505,p,2.52873e-05,1.06467e-07,5
505,omega,2.76541e-06,4.31876e-08,2
505,k,1.03523e-05,3.22898e-07,2
506,Ux,6.77098e-06,2.00023e-07,2
506,Uy,3.675e-05,1.18789e-06,2
506,p,2.4122e-05,2.4031e-07,4
506,omega,2.66553e-06,4.16954e-08,2
506,k,9.97492e-06,3.09486e-07,2
507,Ux,6.51194e-06,1.91675e-07,2
507,Uy,3.5881e-05,1.14656e-06,2
507,p,2.30021e-05,2.17078e-07,4
507,omega,2.56616e-06,4.02331e-08,2
507,k,9.59047e-06,2.963e-07,2
508,Ux,6.25208e-06,1.83537e-07,2
508,Uy,3.49231e-05,1.10306e-06,2
508,p,2.19191e-05,1.92223e-07,4
508,omega,2.46693e-06,3.88003e-08,2
508,k,9.20079e-06,2.83372e-07,2
509,Ux,5.99738e-06,1.75785e-07,2
509,Uy,3.38954e-05,1.05778e-06,2
509,p,2.08877e-05,1.66365e-07,4
509,omega,2.36891e-06,3.74058e-08,2
509,k,8.81215e-06,2.71075e-07,2
510,Ux,5.74984e-06,1.68395e-07,2
510,Uy,3.28303e-05,1.01238e-06,2
510,p,1.99689e-05,1.43058e-07,4
510,omega,2.27228e-06,3.60379e-08,2
510,k,8.43019e-06,2.59321e-07,2
511,Ux,5.51129e-06,1.61487e-07,2
511,Uy,3.16862e-05,9.66823e-07,2
511,p,1.91051e-05,1.26801e-07,4
511,omega,2.17962e-06,3.47177e-08,2
511,k,8.06122e-06,2.4823e-07,2
512,Ux,5.28426e-06,1.55074e-07,2
512,Uy,3.04907e-05,9.22062e-07,2
512,p,1.83614e-05,1.26307e-07,4
512,omega,2.09292e-06,3.34461e-08,2
512,k,7.7067e-06,2.37896e-07,2
513,Ux,5.0686e-06,1.49134e-07,2
513,Uy,2.92545e-05,8.79179e-07,2
513,p,1.77391e-05,1.53526e-07,4
513,omega,2.01267e-06,3.2228e-08,2
513,k,7.36855e-06,2.28397e-07,2
514,Ux,4.86607e-06,1.43641e-07,2
514,Uy,2.80199e-05,8.38014e-07,2
514,p,1.71857e-05,5.62141e-08,5
514,omega,1.93619e-06,3.10487e-08,2
514,k,7.04966e-06,2.19684e-07,2
515,Ux,4.67874e-06,1.38622e-07,2
515,Uy,2.67895e-05,7.99591e-07,2
515,p,1.67007e-05,6.49962e-08,5
515,omega,1.86245e-06,2.99249e-08,2
515,k,6.75364e-06,2.11775e-07,2
516,Ux,4.50651e-06,1.34055e-07,2
516,Uy,2.55894e-05,7.63837e-07,2
516,p,1.62846e-05,7.13399e-08,5
516,omega,1.7927e-06,2.8847e-08,2
516,k,6.47901e-06,2.04656e-07,2
517,Ux,4.34918e-06,1.29869e-07,2
517,Uy,2.44357e-05,7.31515e-07,2
517,p,1.59122e-05,7.63824e-08,5
517,omega,1.7275e-06,2.78399e-08,2
517,k,6.22807e-06,1.98276e-07,2
518,Ux,4.20656e-06,1.25985e-07,2
518,Uy,2.33336e-05,7.02122e-07,2
518,p,1.55307e-05,8.29152e-08,5
518,omega,1.66621e-06,2.68711e-08,2
518,k,6.00509e-06,1.92643e-07,2
519,Ux,4.07653e-06,1.22298e-07,2
519,Uy,2.23055e-05,6.76636e-07,2
519,p,1.51482e-05,8.59298e-08,5
519,omega,1.60976e-06,2.59431e-08,2
519,k,5.80394e-06,1.87581e-07,2
520,Ux,3.95852e-06,1.18773e-07,2
520,Uy,2.13503e-05,6.53993e-07,2
520,p,1.47774e-05,9.01437e-08,5
520,omega,1.55755e-06,2.50346e-08,2
520,k,5.62619e-06,1.82967e-07,2
521,Ux,3.84195e-06,1.15339e-07,2
521,Uy,2.04793e-05,6.34361e-07,2
521,p,1.43898e-05,9.09001e-08,5
521,omega,1.5096e-06,2.41407e-08,2
521,k,5.4701e-06,1.78698e-07,2
522,Ux,3.73178e-06,1.12002e-07,2
522,Uy,1.96874e-05,6.17176e-07,2
522,p,1.39674e-05,8.54853e-08,5
522,omega,1.46532e-06,2.32768e-08,2
522,k,5.3315e-06,1.74192e-07,2
523,Ux,3.62183e-06,1.08656e-07,2
523,Uy,1.8975e-05,6.02137e-07,2
523,p,1.35231e-05,8.17527e-08,5
523,omega,1.42233e-06,2.24418e-08,2
523,k,5.20794e-06,1.6926e-07,2
524,Ux,3.51208e-06,1.05277e-07,2
524,Uy,1.83427e-05,5.88316e-07,2
524,p,1.30524e-05,7.69074e-08,5
524,omega,1.37961e-06,2.16423e-08,2
524,k,5.09236e-06,1.63946e-07,2
525,Ux,3.40229e-06,1.018e-07,2
525,Uy,1.77729e-05,5.75123e-07,2
525,p,1.25435e-05,6.9927e-08,5
525,omega,1.33665e-06,2.08831e-08,2
525,k,4.96604e-06,1.58289e-07,2
526,Ux,3.29096e-06,9.81869e-08,2
526,Uy,1.72609e-05,5.61953e-07,2
526,p,1.20253e-05,6.16648e-08,5
526,omega,1.29315e-06,2.01499e-08,2
526,k,4.82564e-06,1.52473e-07,2
527,Ux,3.17888e-06,9.45075e-08,2
527,Uy,1.67969e-05,5.4823e-07,2
527,p,1.14908e-05,5.35964e-08,5
527,omega,1.2494e-06,1.94505e-08,2
527,k,4.67451e-06,1.46568e-07,2
528,Ux,3.06521e-06,9.07545e-08,2
528,Uy,1.63794e-05,5.33065e-07,2
528,p,1.09809e-05,4.60514e-08,5
528,omega,1.20537e-06,1.87751e-08,2
528,k,4.51408e-06,1.40561e-07,2
529,Ux,2.95065e-06,8.70351e-08,2
529,Uy,1.59861e-05,5.16316e-07,2
529,p,1.04691e-05,1.04285e-07,4
529,omega,1.16098e-06,1.81193e-08,2
529,k,4.34685e-06,1.3463e-07,2
530,Ux,2.836e-06,8.33612e-08,2
530,Uy,1.56075e-05,4.98247e-07,2
530,p,9.9828e-06,9.42907e-08,4
530,omega,1.11689e-06,1.74753e-08,2
530,k,4.17684e-06,1.28841e-07,2
531,Ux,2.72129e-06,7.97735e-08,2
531,Uy,1.51876e-05,4.79234e-07,2
531,p,9.51092e-06,8.34196e-08,4
531,omega,1.07276e-06,1.68453e-08,2
531,k,4.0047e-06,1.23148e-07,2
532,Ux,2.6088e-06,7.63673e-08,2
532,Uy,1.47399e-05,4.59468e-07,2
532,p,9.06782e-06,7.19427e-08,4
532,omega,1.02953e-06,1.6233e-08,2
532,k,3.8333e-06,1.17725e-07,2
533,Ux,2.49966e-06,7.31175e-08,2
533,Uy,1.42728e-05,4.3965e-07,2
533,p,8.66596e-06,6.14922e-08,4
533,omega,9.87011e-07,1.56337e-08,2
533,k,3.66536e-06,1.12575e-07,2
534,Ux,2.39468e-06,7.00772e-08,2
534,Uy,1.37712e-05,4.19769e-07,2
534,p,8.29093e-06,5.41826e-08,4
534,omega,9.46816e-07,1.50553e-08,2
534,k,3.50291e-06,1.07696e-07,2
535,Ux,2.29449e-06,6.72651e-08,2
535,Uy,1.32475e-05,4.00247e-07,2
535,p,7.95863e-06,5.36678e-08,4
535,omega,9.08743e-07,1.44988e-08,2
535,k,3.34679e-06,1.03149e-07,2
536,Ux,2.19982e-06,6.46529e-08,2
536,Uy,1.27065e-05,3.8154e-07,2
536,p,7.69702e-06,6.55159e-08,4
536,omega,8.73421e-07,1.39655e-08,2
536,k,3.19826e-06,9.8983e-08,2
537,Ux,2.11068e-06,6.22463e-08,2
537,Uy,1.21668e-05,3.63602e-07,2
537,p,7.46461e-06,7.41164e-08,4
537,omega,8.39727e-07,1.34507e-08,2
537,k,3.05812e-06,9.51598e-08,2
538,Ux,2.02835e-06,6.00455e-08,2
538,Uy,1.16295e-05,3.4687e-07,2
538,p,7.27119e-06,7.77023e-08,4
538,omega,8.07432e-07,1.29609e-08,2
538,k,2.92835e-06,9.16885e-08,2
539,Ux,1.953e-06,5.80473e-08,2
539,Uy,1.11054e-05,3.31309e-07,2
539,p,7.10302e-06,8.0729e-08,4
539,omega,7.76838e-07,1.24915e-08,2
539,k,2.80789e-06,8.85688e-08,2
540,Ux,1.88379e-06,5.62179e-08,2
540,Uy,1.06018e-05,3.17218e-07,2
540,p,6.943e-06,8.49968e-08,4
540,omega,7.48168e-07,1.20524e-08,2
540,k,2.69744e-06,8.57755e-08,2
541,Ux,1.82152e-06,5.4524e-08,2
541,Uy,1.01213e-05,3.04416e-07,2
541,p,6.77401e-06,9.06568e-08,4
541,omega,7.21311e-07,1.16316e-08,2
541,k,2.59972e-06,8.33052e-08,2
542,Ux,1.76438e-06,5.29154e-08,2
542,Uy,9.67298e-06,2.93302e-07,2
542,p,6.60747e-06,9.65097e-08,4
542,omega,6.96625e-07,1.123e-08,2
542,k,2.51164e-06,8.10942e-08,2
543,Ux,1.71277e-06,5.13861e-08,2
543,Uy,9.25742e-06,2.83433e-07,2
543,p,6.44614e-06,9.99975e-08,4
543,omega,6.73898e-07,1.08378e-08,2
543,k,2.43322e-06,7.90872e-08,2
544,Ux,1.66229e-06,4.98984e-08,2
544,Uy,8.87889e-06,2.74898e-07,2
544,p,6.27867e-06,4.21651e-08,5
544,omega,6.53236e-07,1.04532e-08,2
544,k,2.36512e-06,7.72318e-08,2
545,Ux,1.61437e-06,4.84475e-08,2
545,Uy,8.53581e-06,2.67463e-07,2
545,p,6.0865e-06,9.58668e-08,4
545,omega,6.33997e-07,1.00796e-08,2
545,k,2.30469e-06,7.53032e-08,2
546,Ux,1.56675e-06,4.70049e-08,2
546,Uy,8.2261e-06,2.60945e-07,2
546,p,5.90007e-06,9.00087e-08,4
546,omega,6.15507e-07,9.71949e-09,2
546,k,2.25063e-06,7.31971e-08,2
547,Ux,1.51932e-06,4.55536e-08,2
547,Uy,7.95199e-06,2.54998e-07,2
547,p,5.70237e-06,8.15848e-08,4
547,omega,5.96956e-07,9.37535e-09,2
547,k,2.20096e-06,7.09184e-08,2
548,Ux,1.47189e-06,4.40545e-08,2
548,Uy,7.70529e-06,2.49325e-07,2
548,p,5.48568e-06,7.34487e-08,4
548,omega,5.78331e-07,9.04702e-09,2
548,k,2.14714e-06,6.84873e-08,2
549,Ux,1.42393e-06,4.25004e-08,2
549,Uy,7.4837e-06,2.43654e-07,2
549,p,5.25813e-06,6.65568e-08,4
549,omega,5.59543e-07,8.73008e-09,2
549,k,2.08701e-06,6.59908e-08,2
550,Ux,1.37568e-06,4.09164e-08,2
550,Uy,7.28223e-06,2.37724e-07,2
550,p,5.01954e-06,6.00274e-08,4
550,omega,5.40624e-07,8.42743e-09,2
550,k,2.0222e-06,6.34485e-08,2
551,Ux,1.3268e-06,3.93e-08,2
551,Uy,7.10103e-06,2.31142e-07,2
551,p,4.79795e-06,5.38237e-08,4
551,omega,5.21599e-07,8.13554e-09,2
551,k,1.95327e-06,6.08602e-08,2
552,Ux,1.27755e-06,3.77001e-08,2
552,Uy,6.92976e-06,2.23869e-07,2
552,p,4.57257e-06,9.36932e-08,3
552,omega,5.02547e-07,7.85178e-09,2
552,k,1.88138e-06,5.83121e-08,2
553,Ux,1.22874e-06,3.61252e-08,2
553,Uy,6.76289e-06,2.15888e-07,2
553,p,4.35068e-06,8.61698e-08,3
553,omega,4.83456e-07,7.5731e-09,2
553,k,1.80821e-06,5.5813e-08,2
554,Ux,1.17935e-06,3.45757e-08,2
554,Uy,6.58042e-06,2.07629e-07,2
554,p,4.13469e-06,7.93208e-08,3
554,omega,4.64383e-07,7.3007e-09,2
554,k,1.73395e-06,5.33594e-08,2
555,Ux,1.13063e-06,3.30981e-08,2
555,Uy,6.38679e-06,1.99082e-07,2
555,p,3.93258e-06,7.25588e-08,3
555,omega,4.45813e-07,7.03622e-09,2
555,k,1.66001e-06,5.10251e-08,2
556,Ux,1.08317e-06,3.16915e-08,2
556,Uy,6.18576e-06,1.90587e-07,2
556,p,3.75706e-06,6.48174e-08,3
556,omega,4.27582e-07,6.77757e-09,2
556,k,1.58762e-06,4.87982e-08,2
557,Ux,1.03749e-06,3.03808e-08,2
557,Uy,5.97018e-06,1.82048e-07,2
557,p,3.59695e-06,5.74674e-08,3
557,omega,4.10318e-07,6.52752e-09,2
557,k,1.51756e-06,4.66955e-08,2
558,Ux,9.94243e-07,2.91726e-08,2
558,Uy,5.74474e-06,1.73668e-07,2
558,p,3.45832e-06,5.28754e-08,3
558,omega,3.9386e-07,6.28612e-09,2
558,k,1.45028e-06,4.47345e-08,2
559,Ux,9.53406e-07,2.80546e-08,2
559,Uy,5.51128e-06,1.65596e-07,2
559,p,3.34855e-06,5.3234e-08,3
559,omega,3.78591e-07,6.05541e-09,2
559,k,1.3862e-06,4.29353e-08,2
560,Ux,9.15061e-07,2.70216e-08,2
560,Uy,5.27755e-06,1.57818e-07,2
560,p,3.24875e-06,6.19548e-08,3
560,omega,3.64014e-07,5.83177e-09,2
560,k,1.32576e-06,4.1288e-08,2
561,Ux,8.7955e-07,2.60733e-08,2
561,Uy,5.0438e-06,1.50547e-07,2
561,p,3.16316e-06,8.06279e-08,3
561,omega,3.50108e-07,5.62003e-09,2
561,k,1.26971e-06,3.97877e-08,2
562,Ux,8.46923e-07,2.52059e-08,2
562,Uy,4.81506e-06,1.43742e-07,2
562,p,3.08757e-06,9.71391e-08,3
562,omega,3.36898e-07,5.41665e-09,2
562,k,1.21776e-06,3.84422e-08,2
563,Ux,8.17335e-07,2.44041e-08,2
563,Uy,4.5949e-06,1.37601e-07,2
563,p,3.01525e-06,9.76136e-08,3
563,omega,3.24446e-07,5.22609e-09,2
563,k,1.17013e-06,3.72353e-08,2
564,Ux,7.90462e-07,2.36612e-08,2
564,Uy,4.38526e-06,1.32003e-07,2
564,p,2.93623e-06,9.59768e-08,3
564,omega,3.1288e-07,5.04403e-09,2
564,k,1.12796e-06,3.61682e-08,2
565,Ux,7.65848e-07,2.29575e-08,2
565,Uy,4.19053e-06,1.2719e-07,2
565,p,2.86141e-06,9.37634e-08,3
565,omega,3.02258e-07,4.86929e-09,2
565,k,1.08995e-06,3.52168e-08,2
566,Ux,7.43502e-07,2.22894e-08,2
566,Uy,4.01031e-06,1.22895e-07,2
566,p,2.78913e-06,9.16258e-08,3
566,omega,2.92447e-07,4.69926e-09,2
566,k,1.05629e-06,3.4344e-08,2
567,Ux,7.21548e-07,2.16452e-08,2
567,Uy,3.84671e-06,1.19187e-07,2
567,p,2.71699e-06,8.87931e-08,3
567,omega,2.83369e-07,4.53196e-09,2
567,k,1.02688e-06,3.35417e-08,2
568,Ux,7.00846e-07,2.10232e-08,2
568,Uy,3.69759e-06,1.15934e-07,2
568,p,2.63813e-06,8.34344e-08,3
568,omega,2.75029e-07,4.36963e-09,2
568,k,1.00075e-06,3.27014e-08,2
569,Ux,6.80289e-07,2.04033e-08,2
569,Uy,3.56372e-06,1.13086e-07,2
569,p,2.55279e-06,7.35861e-08,3
569,omega,2.66996e-07,4.21306e-09,2
569,k,9.77536e-07,3.17771e-08,2
570,Ux,6.59798e-07,1.97772e-08,2
570,Uy,3.44411e-06,1.10434e-07,2
570,p,2.46171e-06,6.21065e-08,3
570,omega,2.58981e-07,4.0632e-09,2
570,k,9.55896e-07,3.07875e-08,2
571,Ux,6.39297e-07,1.9127e-08,2
571,Uy,3.33626e-06,1.07893e-07,2
571,p,2.36531e-06,5.61122e-08,3
571,omega,2.50925e-07,3.92138e-09,2
571,k,9.32404e-07,2.97293e-08,2
572,Ux,6.18417e-07,1.84462e-08,2
572,Uy,3.23899e-06,1.05363e-07,2
572,p,2.26735e-06,5.26925e-08,3
572,omega,2.42823e-07,3.78445e-09,2
572,k,9.0623e-07,2.86386e-08,2
573,Ux,5.97187e-07,1.77499e-08,2
573,Uy,3.15153e-06,1.02776e-07,2
573,p,2.16713e-06,4.94479e-08,3
573,omega,2.34661e-07,3.65353e-09,2
573,k,8.77864e-07,2.75346e-08,2
574,Ux,5.75675e-07,1.70414e-08,2
574,Uy,3.07355e-06,9.99478e-08,2
574,p,2.06872e-06,4.57938e-08,3
574,omega,2.2642e-07,3.5271e-09,2
574,k,8.47843e-07,2.64061e-08,2
575,Ux,5.53996e-07,1.63419e-08,2
575,Uy,3.00055e-06,9.68292e-08,2
575,p,1.9681e-06,4.16663e-08,3
575,omega,2.18067e-07,3.40401e-09,2
575,k,8.16471e-07,2.52896e-08,2
576,Ux,5.32399e-07,1.56533e-08,2
576,Uy,2.92966e-06,9.34602e-08,2
576,p,1.87235e-06,3.74096e-08,3
576,omega,2.09802e-07,3.28339e-09,2
576,k,7.84489e-07,2.42031e-08,2
577,Ux,5.10968e-07,1.49845e-08,2
577,Uy,2.85098e-06,8.9894e-08,2
577,p,1.78098e-06,3.3256e-08,3
577,omega,2.01594e-07,3.16492e-09,2
577,k,7.52224e-07,2.31343e-08,2
578,Ux,4.89987e-07,1.43508e-08,2
578,Uy,2.76649e-06,8.61938e-08,2
578,p,1.69976e-06,9.67612e-08,2
578,omega,1.93519e-07,3.0503e-09,2
578,k,7.20085e-07,2.21112e-08,2
579,Ux,4.69666e-07,1.37477e-08,2
579,Uy,2.67708e-06,8.24089e-08,2
579,p,1.62754e-06,9.4049e-08,2
579,omega,1.85534e-07,2.93822e-09,2
579,k,6.88576e-07,2.11457e-08,2
580,Ux,4.50083e-07,1.31813e-08,2
580,Uy,2.58266e-06,7.86673e-08,2
580,p,1.56408e-06,9.27368e-08,2
580,omega,1.77955e-07,2.82945e-09,2
580,k,6.58116e-07,2.02311e-08,2
581,Ux,4.31354e-07,1.26517e-08,2
581,Uy,2.48508e-06,7.50316e-08,2
581,p,1.50632e-06,9.11675e-08,2
581,omega,1.70821e-07,2.72447e-09,2
581,k,6.28832e-07,1.93775e-08,2
582,Ux,4.13582e-07,1.2159e-08,2
582,Uy,2.38437e-06,7.15195e-08,2
582,p,1.461e-06,8.92683e-08,2
582,omega,1.64205e-07,2.62437e-09,2
582,k,6.00942e-07,1.8593e-08,2
583,Ux,3.96798e-07,1.17041e-08,2
583,Uy,2.28392e-06,6.81926e-08,2
583,p,1.41924e-06,8.84126e-08,2
583,omega,1.57895e-07,2.52845e-09,2
583,k,5.7463e-07,1.78776e-08,2
584,Ux,3.813e-07,1.12904e-08,2
584,Uy,2.18412e-06,6.50489e-08,2
584,p,1.38057e-06,8.92464e-08,2
584,omega,1.51859e-07,2.43663e-09,2
584,k,5.50347e-07,1.72272e-08,2
585,Ux,3.67079e-07,1.09164e-08,2
585,Uy,2.08649e-06,6.21527e-08,2
585,p,1.34802e-06,9.09446e-08,2
585,omega,1.46166e-07,2.3491e-09,2
585,k,5.27864e-07,1.66417e-08,2
586,Ux,3.54105e-07,1.05745e-08,2
586,Uy,1.99247e-06,5.95022e-08,2
586,p,1.31583e-06,9.30024e-08,2
586,omega,1.40825e-07,2.26694e-09,2
586,k,5.07233e-07,1.612e-08,2
587,Ux,3.42443e-07,1.02572e-08,2
587,Uy,1.90258e-06,5.71123e-08,2
587,p,1.2828e-06,9.49503e-08,2
587,omega,1.35809e-07,2.18819e-09,2
587,k,4.88868e-07,1.56556e-08,2
588,Ux,3.31786e-07,9.95475e-09,2
588,Uy,1.81878e-06,5.5003e-08,2
588,p,1.25105e-06,9.63396e-08,2
588,omega,1.31192e-07,2.11347e-09,2
588,k,4.72396e-07,1.52411e-08,2
589,Ux,3.22172e-07,9.66332e-09,2
589,Uy,1.74086e-06,5.31601e-08,2
589,p,1.21848e-06,9.6399e-08,2
589,omega,1.26935e-07,2.03989e-09,2
589,k,4.57659e-07,1.4865e-08,2
590,Ux,3.12766e-07,9.37945e-09,2
590,Uy,1.67007e-06,5.15591e-08,2
590,p,1.18607e-06,9.46763e-08,2
590,omega,1.23042e-07,1.96755e-09,2
590,k,4.44902e-07,1.45147e-08,2
591,Ux,3.03795e-07,9.1059e-09,2
591,Uy,1.60604e-06,5.01897e-08,2
591,p,1.15254e-06,9.24871e-08,2
591,omega,1.19424e-07,1.89777e-09,2
591,k,4.33525e-07,1.41534e-08,2
592,Ux,2.94866e-07,8.83397e-09,2
592,Uy,1.54871e-06,4.89987e-08,2
592,p,1.11663e-06,8.91361e-08,2
592,omega,1.15947e-07,1.8299e-09,2
592,k,4.23337e-07,1.37556e-08,2
593,Ux,2.85936e-07,8.56315e-09,2
593,Uy,1.49791e-06,4.79347e-08,2
593,p,1.08138e-06,8.53986e-08,2
593,omega,1.1249e-07,1.76535e-09,2
593,k,4.14009e-07,1.33237e-08,2
594,Ux,2.77045e-07,8.2851e-09,2
594,Uy,1.4524e-06,4.68977e-08,2
594,p,1.04401e-06,8.14925e-08,2
594,omega,1.09004e-07,1.70358e-09,2
594,k,4.03821e-07,1.28664e-08,2
595,Ux,2.68043e-07,7.99697e-09,2
595,Uy,1.41123e-06,4.58836e-08,2
595,p,1.00763e-06,7.72488e-08,2
595,omega,1.05468e-07,1.64385e-09,2
595,k,3.92558e-07,1.23954e-08,2
596,Ux,2.59006e-07,7.70397e-09,2
596,Uy,1.37392e-06,4.47954e-08,2
596,p,9.69196e-07,7.32308e-08,2
596,omega,1.0191e-07,1.58724e-09,2
596,k,3.80389e-07,1.19166e-08,2
597,Ux,2.49832e-07,7.40309e-09,2
597,Uy,1.34029e-06,4.35977e-08,2
597,p,9.31072e-07,6.93678e-08,2
597,omega,9.83349e-08,1.53218e-09,2
597,k,3.67445e-07,1.1431e-08,2
598,Ux,2.40601e-07,7.1046e-09,2
598,Uy,1.30867e-06,4.22469e-08,2
598,p,8.92059e-07,6.56039e-08,2
598,omega,9.47165e-08,1.47865e-09,2
598,k,3.53983e-07,1.09528e-08,2
599,Ux,2.31326e-07,6.80958e-09,2
599,Uy,1.27792e-06,4.07977e-08,2
599,p,8.52994e-07,6.21892e-08,2
599,omega,9.1126e-08,1.42641e-09,2
599,k,3.4025e-07,1.04833e-08,2
600,Ux,2.22042e-07,6.52077e-09,2
600,Uy,1.24427e-06,3.92658e-08,2
600,p,8.15449e-07,5.91164e-08,2
600,omega,8.7551e-08,1.37528e-09,2
600,k,3.2633e-07,1.00265e-08,2
601,Ux,2.1297e-07,6.24548e-09,2
601,Uy,1.20819e-06,3.76752e-08,2
601,p,7.81063e-07,5.58833e-08,2
601,omega,8.40442e-08,9.62235e-09,1
601,k,3.12938e-07,9.6012e-09,2
602,Ux,2.03996e-07,5.9778e-09,2
602,Uy,1.17102e-06,3.6104e-08,2
602,p,7.47376e-07,5.2442e-08,2
602,omega,8.20384e-08,9.44594e-09,1
602,k,2.99999e-07,9.20151e-09,2
603,Ux,1.95359e-07,5.72691e-09,2
603,Uy,1.1308e-06,3.45007e-08,2
603,p,7.16172e-07,4.91024e-08,2
603,omega,7.99299e-08,9.24615e-09,1
603,k,2.87115e-07,8.81569e-09,2
604,Ux,1.87112e-07,5.49427e-09,2
604,Uy,1.08854e-06,3.29344e-08,2
604,p,6.8818e-07,4.64989e-08,2
604,omega,7.77633e-08,9.02711e-09,1
604,k,2.74599e-07,8.45318e-09,2
605,Ux,1.79338e-07,5.27808e-09,2
605,Uy,1.04461e-06,3.14077e-08,2
605,p,6.65335e-07,4.47023e-08,2
605,omega,7.55981e-08,8.79784e-09,1
605,k,2.6249e-07,8.11463e-09,2
606,Ux,1.72023e-07,5.08042e-09,2
606,Uy,1.00047e-06,2.99388e-08,2
606,p,6.45531e-07,4.35215e-08,2
606,omega,7.34405e-08,8.55637e-09,1
606,k,2.50998e-07,7.80143e-09,2
607,Ux,1.6527e-07,4.89969e-09,2
607,Uy,9.56496e-07,2.85769e-08,2
607,p,6.29533e-07,4.35814e-08,2
607,omega,7.12354e-08,8.3119e-09,1
607,k,2.40224e-07,7.51518e-09,2
608,Ux,1.59082e-07,4.73641e-09,2
608,Uy,9.13663e-07,2.73065e-08,2
608,p,6.1602e-07,4.4534e-08,2
608,omega,6.9047e-08,8.0691e-09,1
608,k,2.30228e-07,7.25478e-09,2
609,Ux,1.53424e-07,4.5859e-09,2
609,Uy,8.72561e-07,2.61666e-08,2
609,p,6.04181e-07,4.57475e-08,2
609,omega,6.69407e-08,7.83245e-09,1
609,k,2.21042e-07,7.02307e-09,2
610,Ux,1.48308e-07,4.44638e-09,2
610,Uy,8.33457e-07,2.51411e-08,2
610,p,5.91774e-07,4.67656e-08,2
610,omega,6.48974e-08,7.605e-09,1
610,k,2.12823e-07,6.81264e-09,2
611,Ux,1.4363e-07,4.31397e-09,2
611,Uy,7.97252e-07,2.42545e-08,2
611,p,5.78737e-07,4.7354e-08,2
611,omega,6.29544e-08,7.3849e-09,1
611,k,2.05389e-07,6.62473e-09,2
612,Ux,1.39412e-07,4.18638e-09,2
612,Uy,7.63739e-07,2.34615e-08,2
612,p,5.65678e-07,4.73578e-08,2
612,omega,6.11352e-08,7.18024e-09,1
612,k,1.98777e-07,6.45309e-09,2
613,Ux,1.35299e-07,4.06286e-09,2
613,Uy,7.33038e-07,2.27911e-08,2
613,p,5.51049e-07,4.66683e-08,2
613,omega,5.9458e-08,6.9858e-09,1
613,k,1.93011e-07,6.29287e-09,2
614,Ux,1.31378e-07,3.94273e-09,2
614,Uy,7.05354e-07,2.22058e-08,2
614,p,5.36032e-07,4.53983e-08,2
614,omega,5.78899e-08,6.79749e-09,1
614,k,1.87814e-07,6.1256e-09,2
615,Ux,1.27513e-07,3.82558e-09,2
615,Uy,6.80455e-07,2.16968e-08,2
615,p,5.20221e-07,4.36932e-08,2
615,omega,5.64221e-08,6.60649e-09,1
615,k,1.83264e-07,5.94078e-09,2
616,Ux,1.23654e-07,3.70856e-09,2
616,Uy,6.58358e-07,2.12368e-08,2
616,p,5.03411e-07,4.17491e-08,2
616,omega,5.49495e-08,6.41313e-09,1
616,k,1.78945e-07,5.74519e-09,2
617,Ux,1.19823e-07,3.58874e-09,2
617,Uy,6.38602e-07,2.07943e-08,2
617,p,4.86162e-07,3.98973e-08,2
617,omega,5.34274e-08,6.22153e-09,1
617,k,1.74259e-07,5.53941e-09,2
618,Ux,1.15931e-07,3.46434e-09,2
618,Uy,6.20945e-07,2.03633e-08,2
618,p,4.68836e-07,3.79496e-08,2
618,omega,5.18777e-08,6.02625e-09,1
618,k,1.69124e-07,5.32769e-09,2
619,Ux,1.12006e-07,3.33646e-09,2
619,Uy,6.04932e-07,1.98944e-08,2
619,p,4.51326e-07,3.58597e-08,2
619,omega,5.02625e-08,5.83427e-09,1
619,k,1.63583e-07,5.11372e-09,2
620,Ux,1.0801e-07,3.20578e-09,2
620,Uy,5.90457e-07,1.93815e-08,2
620,p,4.33343e-07,9.94807e-08,1
620,omega,4.86147e-08,5.63822e-09,1
620,k,1.5781e-07,4.89433e-09,2
621,Ux,1.04381e-07,3.10317e-09,2
621,Uy,5.78237e-07,1.88558e-08,2
621,p,4.27323e-07,3.24475e-08,2
621,omega,4.69332e-08,5.44776e-09,1
621,k,1.51635e-07,4.68322e-09,2
622,Ux,9.99807e-08,2.95929e-09,2
622,Uy,5.63871e-07,1.81867e-08,2
622,p,4.06484e-07,3.06701e-08,2
622,omega,4.524e-08,5.26159e-09,1
622,k,1.4555e-07,4.47785e-09,2
623,Ux,9.57378e-08,2.81976e-09,2
623,Uy,5.48707e-07,1.7492e-08,2
623,p,3.86397e-07,9.88073e-08,1
623,omega,4.35802e-08,5.07551e-09,1
623,k,1.39483e-07,4.27878e-09,2
624,Ux,9.20239e-08,2.70837e-09,2
624,Uy,5.33211e-07,1.67874e-08,2
624,p,3.75129e-07,9.98418e-08,1
624,omega,4.19397e-08,4.89253e-09,1
624,k,1.33342e-07,4.08806e-09,2
625,Ux,8.82567e-08,2.59438e-09,2
625,Uy,5.16276e-07,1.60573e-08,2
625,p,3.63084e-07,9.69259e-08,1
625,omega,4.0315e-08,4.71566e-09,1
625,k,1.27426e-07,3.90648e-09,2
626,Ux,8.44985e-08,2.48225e-09,2
626,Uy,4.98129e-07,1.53365e-08,2
626,p,3.4783e-07,9.10975e-08,1
626,omega,3.87475e-08,4.54578e-09,1
626,k,1.21735e-07,3.73839e-09,2
627,Ux,8.08409e-08,2.37906e-09,2
627,Uy,4.79554e-07,1.46677e-08,2
627,p,3.32487e-07,8.4074e-08,1
627,omega,3.72747e-08,4.37903e-09,1
627,k,1.16257e-07,3.58073e-09,2
628,Ux,7.7401e-08,2.28707e-09,2
628,Uy,4.60624e-07,1.40347e-08,2
628,p,3.19412e-07,7.76868e-08,1
628,omega,3.58578e-08,4.2138e-09,1
628,k,1.11032e-07,3.43548e-09,2
629,Ux,7.41759e-08,2.20551e-09,2
629,Uy,4.41749e-07,1.34335e-08,2
629,p,3.09081e-07,7.3192e-08,1
629,omega,3.44676e-08,4.0529e-09,1
629,k,1.06089e-07,3.29999e-09,2
630,Ux,7.12481e-08,2.13228e-09,2
630,Uy,4.22799e-07,1.28625e-08,2
630,p,3.02386e-07,7.12909e-08,1
630,omega,3.3124e-08,3.8976e-09,1
630,k,1.01482e-07,3.17823e-09,2
631,Ux,6.86158e-08,2.06607e-09,2
631,Uy,4.04083e-07,1.23135e-08,2
631,p,2.98294e-07,7.17485e-08,1
631,omega,3.18495e-08,3.75072e-09,1
631,k,9.72237e-08,3.06697e-09,2
632,Ux,6.61898e-08,2.00343e-09,2
632,Uy,3.85924e-07,1.17855e-08,2
632,p,2.94813e-07,7.29832e-08,1
632,omega,3.06545e-08,3.61196e-09,1
632,k,9.33994e-08,2.9682e-09,2
633,Ux,6.40388e-08,1.94366e-09,2
633,Uy,3.68373e-07,1.13038e-08,2
633,p,2.90514e-07,7.33089e-08,1
633,omega,2.95349e-08,3.48395e-09,1
633,k,8.99557e-08,2.88022e-09,2
634,Ux,6.20541e-08,1.88422e-09,2
634,Uy,3.52019e-07,1.08597e-08,2
634,p,2.84609e-07,7.23253e-08,1
634,omega,2.8524e-08,3.36825e-09,1
634,k,8.69009e-08,2.80224e-09,2
635,Ux,6.0246e-08,9.79787e-09,1
635,Uy,3.36838e-07,1.04753e-08,2
635,p,2.62827e-07,6.99543e-08,1
635,omega,2.73587e-08,3.23537e-09,1
635,k,8.37585e-08,2.71791e-09,2
636,Ux,5.88185e-08,9.56299e-09,1
636,Uy,3.16587e-07,9.93069e-09,2
636,p,2.49833e-07,6.69394e-08,1
636,omega,2.63384e-08,3.1179e-09,1
636,k,8.1091e-08,2.64369e-09,2
637,Ux,5.74323e-08,9.349e-09,1
637,Uy,2.9578e-07,9.37031e-09,2
637,p,2.39628e-07,6.23737e-08,1
637,omega,2.54342e-08,3.01012e-09,1
637,k,7.88153e-08,2.56954e-09,2
638,Ux,5.60179e-08,9.13569e-09,1
638,Uy,2.776e-07,8.88676e-09,2
638,p,2.30864e-07,5.71899e-08,1
638,omega,2.46225e-08,2.90608e-09,1
638,k,7.67926e-08,2.49163e-09,2
639,Ux,5.45113e-08,8.91131e-09,1
639,Uy,2.63955e-07,8.53587e-09,2
639,p,2.23535e-07,5.29199e-08,1
639,omega,2.38527e-08,2.80277e-09,1
639,k,7.49046e-08,2.40797e-09,2
640,Ux,5.29327e-08,8.67212e-09,1
640,Uy,2.54969e-07,8.3233e-09,2
640,p,2.16927e-07,5.06102e-08,1
640,omega,2.30829e-08,2.70117e-09,1
640,k,7.28542e-08,2.32126e-09,2
641,Ux,5.13069e-08,8.42048e-09,1
641,Uy,2.4941e-07,8.19803e-09,2
641,p,2.10231e-07,4.9304e-08,1
641,omega,2.23024e-08,2.60082e-09,1
641,k,7.06113e-08,2.23316e-09,2
642,Ux,4.96983e-08,8.15773e-09,1
642,Uy,2.45489e-07,8.10303e-09,2
642,p,2.02948e-07,4.86928e-08,1
642,omega,2.15142e-08,2.50252e-09,1
642,k,6.8273e-08,2.14314e-09,2
643,Ux,4.80899e-08,7.88318e-09,1
643,Uy,2.41966e-07,7.98267e-09,2
643,p,1.9485e-07,4.85322e-08,1
643,omega,2.07202e-08,2.40815e-09,1
643,k,6.58428e-08,2.05499e-09,2
644,Ux,4.64663e-08,7.596e-09,1
644,Uy,2.3794e-07,7.81062e-09,2
644,p,1.86082e-07,4.8046e-08,1
644,omega,1.99416e-08,2.31659e-09,1
644,k,6.33772e-08,1.96944e-09,2
645,Ux,4.48205e-08,7.30105e-09,1
645,Uy,2.33108e-07,7.58103e-09,2
645,p,1.76767e-07,4.65409e-08,1
645,omega,1.91754e-08,2.22829e-09,1
645,k,6.09044e-08,1.88561e-09,2
646,Ux,4.31614e-08,7.00508e-09,1
646,Uy,2.27253e-07,7.3115e-09,2
646,p,1.67507e-07,4.36995e-08,1
646,omega,1.84254e-08,2.14419e-09,1
646,k,5.84515e-08,9.95101e-09,1
647,Ux,4.15396e-08,6.72466e-09,1
647,Uy,2.20284e-07,7.01105e-09,2
647,p,1.5824e-07,3.99566e-08,1
647,omega,1.76291e-08,2.05662e-09,1
647,k,5.67289e-08,9.64997e-09,1
648,Ux,3.9929e-08,6.45671e-09,1
648,Uy,2.13287e-07,6.71734e-09,2
648,p,1.50081e-07,3.62562e-08,1
648,omega,1.68866e-08,1.97375e-09,1
648,k,5.50281e-08,9.35944e-09,1
649,Ux,3.83542e-08,6.20442e-09,1
649,Uy,2.06518e-07,6.43818e-09,2
649,p,1.43573e-07,3.33401e-08,1
649,omega,1.61793e-08,1.8955e-09,1
649,k,5.33252e-08,9.07355e-09,1
650,Ux,3.68381e-08,5.96877e-09,1
650,Uy,1.99861e-07,6.18219e-09,2
650,p,1.38303e-07,3.16324e-08,1
650,omega,1.551e-08,1.82114e-09,1
650,k,5.16437e-08,8.79055e-09,1
651,Ux,3.53981e-08,5.75055e-09,1
651,Uy,1.93204e-07,5.93711e-09,2
651,p,1.34366e-07,3.08867e-08,1
651,omega,1.48863e-08,1.75075e-09,1
651,k,4.99757e-08,8.51991e-09,1
652,Ux,3.4039e-08,5.54445e-09,1
652,Uy,1.86438e-07,5.69695e-09,2
652,p,1.30966e-07,3.08094e-08,1
652,omega,1.43061e-08,1.68427e-09,1
652,k,4.83537e-08,8.2587e-09,1
653,Ux,3.27547e-08,5.34847e-09,1
653,Uy,1.79521e-07,5.46061e-09,2
653,p,1.27953e-07,3.10449e-08,1
653,omega,1.37603e-08,1.6212e-09,1
653,k,4.67914e-08,8.00736e-09,1
654,Ux,3.15576e-08,5.16248e-09,1
654,Uy,1.725e-07,5.22785e-09,2
654,p,1.2494e-07,3.11669e-08,1
654,omega,1.32533e-08,1.56146e-09,1
654,k,4.52947e-08,7.7728e-09,1
655,Ux,3.04482e-08,4.98644e-09,1
655,Uy,1.65419e-07,5.00042e-09,2
655,p,1.21829e-07,3.07667e-08,1
655,omega,1.27765e-08,1.50578e-09,1
655,k,4.38801e-08,7.55198e-09,1
656,Ux,2.94248e-08,4.82219e-09,1
656,Uy,1.58404e-07,4.78642e-09,2
656,p,1.18257e-07,2.98012e-08,1
656,omega,1.23321e-08,1.45396e-09,1
656,k,4.25641e-08,7.34443e-09,1
657,Ux,2.84751e-08,4.67066e-09,1
657,Uy,1.51642e-07,4.59159e-09,2
657,p,1.14488e-07,2.8406e-08,1
657,omega,1.19166e-08,1.40589e-09,1
657,k,4.1329e-08,7.15445e-09,1
658,Ux,2.76166e-08,4.53231e-09,1
658,Uy,1.45247e-07,4.4194e-09,2
658,p,1.10568e-07,2.68491e-08,1
658,omega,1.15299e-08,1.3611e-09,1
658,k,4.01719e-08,6.97506e-09,1
659,Ux,2.68214e-08,4.40737e-09,1
659,Uy,1.39367e-07,4.27046e-09,2
659,p,1.06595e-07,2.54725e-08,1
659,omega,1.11697e-08,1.31938e-09,1
659,k,3.90984e-08,6.80974e-09,1
660,Ux,2.60991e-08,4.2894e-09,1
660,Uy,1.34026e-07,4.14207e-09,2
660,p,1.02791e-07,2.44142e-08,1
660,omega,1.08335e-08,1.28064e-09,1
660,k,3.81092e-08,6.65352e-09,1
661,Ux,2.54015e-08,4.17695e-09,1
661,Uy,1.29159e-07,4.02993e-09,2
661,p,9.93183e-08,9.93183e-08,0
661,omega,1.04416e-08,1.23316e-09,1
661,k,3.74699e-08,6.49908e-09,1
662,Ux,2.49498e-08,4.13358e-09,1
662,Uy,1.2353e-07,3.94216e-09,2
662,p,1.3225e-07,3.41935e-08,1
662,omega,1.0323e-08,1.20849e-09,1
662,k,3.6365e-08,6.36663e-09,1
663,Ux,2.41535e-08,3.99303e-09,1
663,Uy,1.19764e-07,3.82857e-09,2
663,p,1.24602e-07,3.37665e-08,1
663,omega,9.93841e-09,9.93841e-09,0
663,k,3.60005e-08,6.31252e-09,1
664,Ux,2.33334e-08,3.84001e-09,1
664,Uy,1.16852e-07,3.73724e-09,2
664,p,1.11949e-07,3.09914e-08,1
664,omega,1.12706e-08,1.29933e-09,1
664,k,3.5446e-08,6.20667e-09,1
665,Ux,2.26656e-08,3.70979e-09,1
665,Uy,1.13506e-07,3.63122e-09,2
665,p,9.71044e-08,9.71044e-08,0
665,omega,1.05712e-08,1.22568e-09,1
665,k,3.47681e-08,6.01556e-09,1
666,Ux,2.21777e-08,3.66195e-09,1
666,Uy,1.09703e-07,3.57613e-09,2
666,p,1.19539e-07,3.36818e-08,1
666,omega,1.02502e-08,1.18283e-09,1
666,k,3.36529e-08,5.84635e-09,1
667,Ux,2.1407e-08,3.50241e-09,1
667,Uy,1.06472e-07,3.46336e-09,2
667,p,1.03849e-07,2.80338e-08,1
667,omega,9.71204e-09,9.71204e-09,0
667,k,3.31624e-08,5.74281e-09,1
668,Ux,2.06113e-08,3.34153e-09,1
668,Uy,1.04229e-07,3.38599e-09,2
668,p,8.76203e-08,8.76203e-08,0
668,omega,1.07808e-08,1.23353e-09,1
668,k,3.25614e-08,5.57172e-09,1
669,Ux,2.00668e-08,3.27944e-09,1
669,Uy,1.01512e-07,3.32128e-09,2
669,p,1.05346e-07,2.57699e-08,1
669,omega,1.02259e-08,1.17199e-09,1
669,k,3.12086e-08,5.36596e-09,1
670,Ux,1.93124e-08,3.13693e-09,1
670,Uy,9.95138e-08,3.22319e-09,2
670,p,9.09655e-08,9.09655e-08,0
670,omega,9.45119e-09,9.45119e-09,0
670,k,3.063e-08,5.21808e-09,1
671,Ux,1.86696e-08,3.05686e-09,1
671,Uy,9.74993e-08,3.15519e-09,2
671,p,1.09922e-07,2.64733e-08,1
671,omega,1.05728e-08,1.20357e-09,1
671,k,2.95566e-08,5.0459e-09,1
672,Ux,1.79174e-08,2.91322e-09,1
672,Uy,9.52699e-08,3.03173e-09,2
672,p,9.43147e-08,9.43147e-08,0
672,omega,9.64821e-09,9.64821e-09,0
672,k,2.88441e-08,4.8845e-09,1
673,Ux,1.72953e-08,2.83835e-09,1
673,Uy,9.29261e-08,2.95226e-09,2
673,p,1.12472e-07,2.91486e-08,1
673,omega,1.0671e-08,1.21122e-09,1
673,k,2.76452e-08,4.69709e-09,1
674,Ux,1.65477e-08,2.68705e-09,1
674,Uy,9.01301e-08,2.79756e-09,2
674,p,9.37087e-08,9.37087e-08,0
674,omega,9.6451e-09,9.6451e-09,0
674,k,2.6873e-08,4.53398e-09,1
675,Ux,1.5965e-08,2.61777e-09,1
675,Uy,8.7311e-08,2.71193e-09,2
675,p,1.09281e-07,3.0535e-08,1
675,omega,1.05823e-08,1.20048e-09,1
675,k,2.56592e-08,4.34731e-09,1
676,Ux,1.52469e-08,2.46533e-09,1
676,Uy,8.41174e-08,2.54835e-09,2
676,p,8.78227e-08,8.78227e-08,0
676,omega,9.5096e-09,9.5096e-09,0
676,k,2.48595e-08,4.18828e-09,1
677,Ux,1.47091e-08,2.40224e-09,1
677,Uy,8.09561e-08,2.46158e-09,2
677,p,1.00184e-07,2.80384e-08,1
677,omega,1.03586e-08,1.176e-09,1
677,k,2.3705e-08,4.01386e-09,1
678,Ux,1.40658e-08,2.26707e-09,1
678,Uy,7.77787e-08,2.31768e-09,2
678,p,7.89225e-08,7.89225e-08,0
678,omega,9.31896e-09,9.31896e-09,0
678,k,2.29232e-08,3.865e-09,1
679,Ux,1.35851e-08,2.21189e-09,1
679,Uy,7.44657e-08,2.23423e-09,2
679,p,8.88642e-08,8.88642e-08,0
679,omega,1.00224e-08,1.13464e-09,1
679,k,2.18471e-08,3.69116e-09,1
680,Ux,1.32231e-08,2.17671e-09,1
680,Uy,7.08608e-08,2.14075e-09,2
680,p,1.04824e-07,2.84684e-08,1
680,omega,9.09204e-09,9.09204e-09,0
680,k,2.11542e-08,3.58379e-09,1
681,Ux,1.25301e-08,2.03646e-09,1
681,Uy,6.83727e-08,2.04027e-09,2
681,p,8.32402e-08,8.32402e-08,0
681,omega,9.65887e-09,9.65887e-09,0
681,k,2.07511e-08,3.50222e-09,1
682,Ux,1.21807e-08,1.99904e-09,1
682,Uy,6.52095e-08,1.97083e-09,2
682,p,9.40775e-08,9.40775e-08,0
682,omega,1.02741e-08,1.14815e-09,1
682,k,1.97064e-08,3.33909e-09,1
683,Ux,1.19258e-08,1.97755e-09,1
683,Uy,6.18945e-08,1.89435e-09,2
683,p,1.09871e-07,2.95802e-08,1
683,omega,9.18217e-09,9.18217e-09,0
683,k,1.9116e-08,3.2497e-09,1
684,Ux,1.12953e-08,1.85008e-09,1
684,Uy,6.03274e-08,9.7629e-09,1
684,p,8.74662e-08,8.74662e-08,0
684,omega,9.60362e-09,9.60362e-09,0
684,k,1.8759e-08,3.18296e-09,1
685,Ux,1.10329e-08,1.8187e-09,1
685,Uy,5.79942e-08,9.47905e-09,1
685,p,9.7803e-08,9.7803e-08,0
685,omega,1.011e-08,1.12061e-09,1
685,k,1.78023e-08,3.03726e-09,1
686,Ux,1.08042e-08,1.79303e-09,1
686,Uy,5.5572e-08,9.16628e-09,1
686,p,1.11656e-07,2.96561e-08,1
686,omega,8.95168e-09,8.95168e-09,0
686,k,1.74489e-08,2.98105e-09,1
687,Ux,1.02622e-08,1.68121e-09,1
687,Uy,5.81584e-08,9.55193e-09,1
687,p,8.40324e-08,8.40324e-08,0
687,omega,9.27306e-09,9.27306e-09,0
687,k,1.71445e-08,2.92771e-09,1
688,Ux,9.99471e-09,9.99471e-09,0
688,Uy,5.61303e-08,9.33129e-09,1
688,p,7.91138e-08,7.91138e-08,0
688,omega,9.60225e-09,9.60225e-09,0
688,k,1.66077e-08,2.85232e-09,1
689,Ux,1.00897e-08,1.66318e-09,1
689,Uy,5.41574e-08,9.10779e-09,1
689,p,8.82543e-08,8.82543e-08,0
689,omega,9.99514e-09,9.99514e-09,0
689,k,1.64437e-08,2.82624e-09,1
690,Ux,9.86045e-09,9.86045e-09,0
690,Uy,5.25959e-08,8.94777e-09,1
690,p,1.01138e-07,3.82643e-08,1
690,omega,1.02878e-08,1.11792e-09,1
690,k,1.54895e-08,2.66589e-09,1
691,Ux,9.82464e-09,9.82464e-09,0
691,Uy,4.00562e-08,6.8259e-09,1
691,p,8.06662e-08,8.06662e-08,0
691,omega,8.59425e-09,8.59425e-09,0
691,k,1.49884e-08,2.56941e-09,1
692,Ux,1.00093e-08,1.62651e-09,1
692,Uy,3.88637e-08,6.71617e-09,1
692,p,7.92063e-08,7.92063e-08,0
692,omega,8.89722e-09,8.89722e-09,0
692,k,1.4828e-08,2.5385e-09,1
693,Ux,9.69688e-09,9.69688e-09,0
693,Uy,3.80615e-08,6.65674e-09,1
693,p,8.89086e-08,8.89086e-08,0
693,omega,9.07946e-09,9.07946e-09,0
693,k,1.43821e-08,2.45905e-09,1
694,Ux,9.73675e-09,9.73675e-09,0
694,Uy,3.73321e-08,6.59172e-09,1
694,p,1.01372e-07,4.46895e-08,1
694,omega,9.23559e-09,9.23559e-09,0
694,k,1.38449e-08,2.35953e-09,1
695,Ux,9.55347e-09,9.55347e-09,0
695,Uy,2.26008e-08,3.97898e-09,1
695,p,7.65833e-08,7.65833e-08,0
695,omega,9.39167e-09,9.39167e-09,0
695,k,1.34694e-08,2.29255e-09,1
696,Ux,9.71017e-09,9.71017e-09,0
696,Uy,2.2134e-08,3.94637e-09,1
696,p,7.77497e-08,7.77497e-08,0
696,omega,9.51859e-09,9.51859e-09,0
696,k,1.2915e-08,2.20334e-09,1
697,Ux,9.65514e-09,9.65514e-09,0
697,Uy,2.18088e-08,3.91603e-09,1
697,p,8.00514e-08,8.00514e-08,0
697,omega,9.63651e-09,9.63651e-09,0
697,k,1.24007e-08,2.11602e-09,1
698,Ux,9.60531e-09,9.60531e-09,0
698,Uy,2.1567e-08,3.88172e-09,1
698,p,8.35808e-08,8.35808e-08,0
698,omega,9.73896e-09,9.73896e-09,0
698,k,1.1902e-08,2.03075e-09,1
699,Ux,9.55798e-09,9.55798e-09,0
699,Uy,2.13175e-08,3.83593e-09,1
699,p,8.82303e-08,8.82303e-08,0
699,omega,9.8262e-09,9.8262e-09,0
699,k,1.14166e-08,1.94751e-09,1
700,Ux,9.51215e-09,9.51215e-09,0
700,Uy,2.10346e-08,3.77789e-09,1
700,p,9.40887e-08,9.40887e-08,0
700,omega,9.89926e-09,9.89926e-09,0
700,k,1.09433e-08,1.86673e-09,1
701,Ux,9.46578e-09,9.46578e-09,0
701,Uy,2.06808e-08,3.70749e-09,1
701,p,1.00882e-07,4.70064e-08,1
701,omega,1.00154e-08,1.0735e-09,1
701,k,1.02163e-08,1.73179e-09,1
702,Ux,8.95535e-09,8.95535e-09,0
702,Uy,8.11489e-09,8.11489e-09,0
702,p,7.12807e-08,7.12807e-08,0
702,omega,8.16183e-09,8.16183e-09,0
702,k,9.821e-09,9.821e-09,0
703,Ux,9.0849e-09,9.0849e-09,0
703,Uy,7.9853e-09,7.9853e-09,0
703,p,6.82464e-08,6.82464e-08,0
703,omega,8.21992e-09,8.21992e-09,0
703,k,9.9485e-09,9.9485e-09,0
704,Ux,8.94669e-09,8.94669e-09,0
704,Uy,7.87344e-09,7.87344e-09,0
704,p,6.71454e-08,6.71454e-08,0
704,omega,8.27769e-09,8.27769e-09,0
704,k,1.00802e-08,1.70921e-09,1
705,Ux,8.76832e-09,8.76832e-09,0
705,Uy,7.9647e-09,7.9647e-09,0
705,p,6.87984e-08,6.87984e-08,0
705,omega,8.31177e-09,8.31177e-09,0
705,k,9.51813e-09,9.51813e-09,0
706,Ux,8.63634e-09,8.63634e-09,0
706,Uy,7.89737e-09,7.89737e-09,0
706,p,7.32551e-08,7.32551e-08,0
706,omega,8.36504e-09,8.36504e-09,0
706,k,9.65014e-09,9.65014e-09,0
707,Ux,8.50223e-09,8.50223e-09,0
707,Uy,7.84428e-09,7.84428e-09,0
707,p,7.95034e-08,7.95034e-08,0
707,omega,8.41395e-09,8.41395e-09,0
707,k,9.78707e-09,9.78707e-09,0
708,Ux,8.3703e-09,8.3703e-09,0
708,Uy,7.80705e-09,7.80705e-09,0
708,p,8.67978e-08,8.67978e-08,0
708,omega,8.45948e-09,8.45948e-09,0
708,k,9.92734e-09,9.92734e-09,0
709,Ux,8.23611e-09,8.23611e-09,0
709,Uy,7.7805e-09,7.7805e-09,0
709,p,9.46691e-08,9.46691e-08,0
709,omega,8.50178e-09,8.50178e-09,0
709,k,1.00691e-08,1.71292e-09,1
710,Ux,8.05769e-09,8.05769e-09,0
710,Uy,7.9639e-09,7.9639e-09,0
710,p,1.02732e-07,4.61214e-08,1
710,omega,8.6983e-09,8.6983e-09,0
710,k,9.81271e-09,9.81271e-09,0
711,Ux,7.4359e-09,7.4359e-09,0
711,Uy,2.48343e-08,3.75393e-09,1
711,p,6.55542e-08,6.55542e-08,0
711,omega,8.65979e-09,8.65979e-09,0
711,k,9.76643e-09,9.76643e-09,0
712,Ux,7.30889e-09,7.30889e-09,0
712,Uy,2.40774e-08,3.6535e-09,1
712,p,5.92484e-08,5.92484e-08,0
712,omega,8.72559e-09,8.72559e-09,0
712,k,9.95939e-09,9.95939e-09,0
713,Ux,7.24442e-09,7.24442e-09,0
713,Uy,2.33388e-08,3.54418e-09,1
713,p,5.84795e-08,5.84795e-08,0
713,omega,8.78371e-09,8.78371e-09,0
713,k,1.0166e-08,1.72912e-09,1
714,Ux,7.1365e-09,7.1365e-09,0
714,Uy,2.28399e-08,3.47207e-09,1
714,p,6.14369e-08,6.14369e-08,0
714,omega,8.83431e-09,8.83431e-09,0
714,k,9.63922e-09,9.63922e-09,0
715,Ux,7.09138e-09,7.09138e-09,0
715,Uy,2.20504e-08,3.34439e-09,1
715,p,6.70082e-08,6.70082e-08,0
715,omega,8.86902e-09,8.86902e-09,0
715,k,9.83878e-09,9.83878e-09,0
716,Ux,7.04773e-09,7.04773e-09,0
716,Uy,2.11944e-08,3.21085e-09,1
716,p,7.37054e-08,7.37054e-08,0
716,omega,8.89231e-09,8.89231e-09,0
716,k,1.00446e-08,1.71169e-09,1
717,Ux,6.95786e-09,6.95786e-09,0
717,Uy,2.05081e-08,3.11887e-09,1
717,p,8.09457e-08,8.09457e-08,0
717,omega,8.90985e-09,8.90985e-09,0
717,k,9.54676e-09,9.54676e-09,0
718,Ux,6.92457e-09,6.92457e-09,0
718,Uy,1.95437e-08,2.97708e-09,1
718,p,8.86809e-08,8.86809e-08,0
718,omega,8.91326e-09,8.91326e-09,0
718,k,9.74144e-09,9.74144e-09,0
719,Ux,6.89387e-09,6.89387e-09,0
719,Uy,1.85517e-08,2.83424e-09,1
719,p,9.66608e-08,9.66608e-08,0
719,omega,8.90788e-09,8.90788e-09,0
719,k,9.93696e-09,9.93696e-09,0
720,Ux,6.86731e-09,6.86731e-09,0
720,Uy,1.75539e-08,2.69312e-09,1
720,p,1.04639e-07,4.08662e-08,1
720,omega,9.01248e-09,9.01248e-09,0
720,k,1.027e-08,1.7536e-09,1
721,Ux,6.44032e-09,6.44032e-09,0
721,Uy,1.68003e-08,2.94334e-09,1
721,p,7.25981e-08,7.25981e-08,0
721,omega,8.95737e-09,8.95737e-09,0
721,k,9.69729e-09,9.69729e-09,0
722,Ux,6.45258e-09,6.45258e-09,0
722,Uy,1.60185e-08,2.80299e-09,1
722,p,6.69913e-08,6.69913e-08,0
722,omega,8.97487e-09,8.97487e-09,0
722,k,9.89604e-09,9.89604e-09,0
723,Ux,6.39472e-09,6.39472e-09,0
723,Uy,1.52514e-08,2.66404e-09,1
723,p,6.32524e-08,6.32524e-08,0
723,omega,8.99006e-09,8.99006e-09,0
723,k,1.00985e-08,1.71191e-09,1
724,Ux,6.29217e-09,6.29217e-09,0
724,Uy,1.47412e-08,2.57624e-09,1
724,p,6.14015e-08,6.14015e-08,0
724,omega,8.99354e-09,8.99354e-09,0
724,k,9.61346e-09,9.61346e-09,0
725,Ux,6.24817e-09,6.24817e-09,0
725,Uy,1.39912e-08,2.44383e-09,1
725,p,6.10955e-08,6.10955e-08,0
725,omega,9.00135e-09,9.00135e-09,0
725,k,9.80816e-09,9.80816e-09,0
726,Ux,6.21033e-09,6.21033e-09,0
726,Uy,1.32608e-08,2.31725e-09,1
726,p,6.23935e-08,6.23935e-08,0
726,omega,9.00586e-09,9.00586e-09,0
726,k,1.00025e-08,1.69215e-09,1
727,Ux,6.12958e-09,6.12958e-09,0
727,Uy,1.2777e-08,2.23962e-09,1
727,p,6.51069e-08,6.51069e-08,0
727,omega,8.99202e-09,8.99202e-09,0
727,k,9.51675e-09,9.51675e-09,0
728,Ux,6.10509e-09,6.10509e-09,0
728,Uy,1.20957e-08,2.12601e-09,1
728,p,6.8836e-08,6.8836e-08,0
728,omega,8.9903e-09,8.9903e-09,0
728,k,9.70058e-09,9.70058e-09,0
729,Ux,6.08086e-09,6.08086e-09,0
729,Uy,1.14558e-08,2.02162e-09,1
729,p,7.35625e-08,7.35625e-08,0
729,omega,8.98556e-09,8.98556e-09,0
729,k,9.88357e-09,9.88357e-09,0
730,Ux,6.06083e-09,6.06083e-09,0
730,Uy,1.0861e-08,1.92722e-09,1
730,p,7.91596e-08,7.91596e-08,0
730,omega,8.97903e-09,8.97903e-09,0
730,k,1.00644e-08,1.69299e-09,1
