iteration,p_upstream_kinematic,p_outlet_kinematic,p_step_kinematic,static_pressure_delta_pa,total_pressure_drop_pa,p_step_abs_pa
1,-444087,-8306.99,-443030,-533830.5123,-532148.2441,-441386.75
2,-548491,-10299.6,-557946,-659284.465,-655390.5146,-582158.85
3,-471721,-8692.72,-503638,-567209.643,-561801.4879,-515631.55
4,-283685,-5156.08,-331070,-341197.927,-335038.349,-304235.75
5,-74172.7,-1332.13,-124146,-89229.69825,-82912.15165,-50753.85
6,93006.6,1810.71,51956.5,111714.9653,117745.3676,164971.7125
7,183289,3547.81,159482,220182.9578,225653.1487,296690.45
8,189987,3696.81,180602,228205.4828,233059.1857,322562.45
9,143621,2735.95,144138,172584.1862,176957.7328,277894.05
10,67185.9,1285.5,72019.3,80727.99,84879.99568,189548.6425
11,-7403.28,-115.419,-1553.57,-8927.629725,-4738.069377,99421.87675
12,-58053.4,-1044.72,-50090.5,-69835.633,-65440.2926,39964.1375
13,-78115.9,-1400.17,-67668,-93976.76925,-89323.48784,18431.7
14,-71900.5,-1233.79,-59998,-86566.71975,-81697.59795,27827.45
15,-47129.8,-736.982,-35396.3,-56831.20205,-51838.02368,57964.5325
16,-18051.6,-230.603,-7614.42,-21830.72133,-16804.59597,91997.3355
17,6982.71,192.53,15101.4,8317.9705,13303.54143,119824.215
18,22563.1,463.954,28285.1,27071.45385,31972.17714,135974.2475
19,26505.7,512.836,30101.4,31841.2584,36651.38518,138199.215
20,21683.8,404.023,23501.1,26067.72682,30808.0527,130113.8475
21,11527,203.746,11973.6,13870.98615,18577.70388,115992.66
22,826.614,7.25986,400.343,1003.708822,5711.317277,101815.4202
23,-7578.2,-129.304,-8388.26,-9124.8976,-4393.003449,91049.3815
24,-11287.4,-179.601,-12184.8,-13607.05378,-8842.158597,86398.62
25,-11393.2,-169.168,-12086.3,-13749.4392,-8954.483162,86519.2825
26,-8921.82,-113.097,-9408.61,-10790.68568,-5976.058495,89799.45275
27,-4792.82,-38.5337,-5191.75,-5824.000718,-1003.669679,94965.10625
28,-874.952,25.3861,-1230.02,-1102.914172,3711.698238,99818.2255
29,1540.09,62.6897,1178.14,1809.815368,6612.16453,102768.2215
30,2843.56,76.2444,2342.99,3389.96161,8178.767686,104195.1628
31,2807.15,73.7841,2078.84,3348.373228,8124.362309,103871.579
32,1815.43,48.2376,933.767,2164.81069,6932.793912,102468.8646
33,1.02595,8.83946,-961.11,-9.57154975,4757.371652,100147.6402
34,-1760.13,-17.712,-2794.06,-2134.46205,2635.800075,97902.2765
35,-2889.39,-28.7909,-3960.62,-3504.233898,1271.092632,96473.2405
36,-3432.01,-22.937,-4515.8,-4176.114425,603.0704443,95793.145
37,-3366.51,-18.4763,-4360.07,-4101.341283,680.9531883,95983.91425
38,-2925.06,-5.34948,-3855.76,-3576.645387,1206.515318,96601.694
39,-2142.26,13.3569,-2975.75,-2640.630703,2140.062799,97679.70625
40,-1482.39,21.4209,-2209.91,-1842.168353,2934.752167,98617.86025
41,-1144.45,21.8379,-1780.88,-1428.702678,3344.480664,99143.422
42,-1029.86,19.3166,-1615.13,-1285.241335,3484.611975,99346.46575
43,-1095.98,12.5695,-1651.21,-1357.973138,3409.833067,99302.26775
44,-1357.1,6.80314,-1872.13,-1670.781346,3095.817807,99031.64075
45,-1697.03,3.16467,-2163.45,-2082.738471,2683.429109,98674.77375
46,-2039.25,0.583041,-2458.05,-2498.795475,2267.262356,98313.88875
47,-2293.76,0.0749718,-2682.05,-2809.94784,1956.100014,98039.48875
48,-2446.47,0.463017,-2812.65,-2997.492946,1768.485067,97879.50375
49,-2459.18,1.97091,-2804.74,-3014.909865,1750.748868,97889.1935
50,-2468.15,3.84724,-2782.12,-3028.196619,1736.813537,97916.903
51,-2417.49,7.30341,-2679.16,-2970.371927,1793.380839,98043.029
52,-2373.24,9.54228,-2570.62,-2918.908293,1843.197598,98175.9905
53,-2386.9,9.27453,-2516.38,-2935.313799,1825.204787,98242.4345
54,-2402.9,8.67996,-2448.87,-2954.185451,1804.845381,98325.13425
55,-2420.5,7.83144,-2372.77,-2974.706014,1782.829542,98418.35675
56,-2438.73,6.91198,-2291.79,-2995.911425,1760.435531,98517.55725
57,-2457.43,6.09943,-2206.5,-3017.823552,1737.474497,98622.0375
58,-2476.12,5.4943,-2116.49,-3039.977517,1714.381395,98732.29975
59,-2494.17,5.11182,-2024.56,-3061.62023,1691.869386,98844.914
60,-2510.84,4.94496,-1935.15,-3081.836576,1670.81363,98954.44125
61,-2525.95,4.98082,-1851.41,-3100.390255,1651.410462,99057.02275
62,-2539.26,5.17744,-1771.4,-3116.935864,1633.985287,99155.035
63,-2550.96,5.44752,-1690.66,-3131.599212,1618.392295,99253.9415
64,-2560.26,5.68705,-1602.94,-3143.285136,1605.73663,99361.3985
65,-2564.98,5.83346,-1502.59,-3149.246488,1598.775424,99484.32725
66,-2563.96,5.87832,-1389.7,-3148.051942,1598.969994,99622.6175
67,-2556.67,5.84219,-1267.95,-3139.077433,1606.944405,99771.76125
68,-2542.96,5.75342,-1142.69,-3122.17394,1622.857679,99925.20475
69,-2523.53,5.64331,-1019.99,-3098.237305,1645.833988,100075.5122
70,-2500.4,5.5386,-906.204,-3069.774785,1673.346073,100214.9001
71,-2476.01,5.46703,-806.21,-3039.809362,1702.380965,100337.3927
72,-2453.26,5.45215,-723.58,-3011.922384,1729.337305,100438.6145
73,-2435.09,5.49878,-660.346,-2989.721256,1750.597681,100516.0761
74,-2423.94,5.59096,-617.712,-2976.175426,1763.182631,100568.3028
75,-2420.46,5.69998,-595.972,-2972.045976,1766.488152,100594.9343
76,-2426.92,5.73371,-591.651,-2980.000795,1757.552202,100600.2275
77,-2434.47,5.77745,-605.862,-2989.303126,1747.258608,100582.8191
78,-2443.91,5.83873,-637.457,-3000.942194,1734.618142,100544.1152
79,-2481.31,6.10863,-710.534,-3047.087822,1687.420915,100454.5958
80,-2496.53,6.13948,-765.748,-3065.770113,1667.676872,100386.9587
81,-2558.37,6.10678,-868.046,-3141.484056,1590.921076,100261.6436
82,-2574.65,6.07089,-933.169,-3161.38309,1569.980056,100181.868
83,-2594.91,5.98883,-1003.79,-3186.101067,1544.229982,100095.3573
84,-2664.65,5.66061,-1117.97,-3271.130497,1458.228457,99955.48675
85,-2675.19,5.60355,-1181.27,-3283.972099,1444.424669,99877.94425
86,-2685.7,5.54148,-1245.37,-3296.770813,1430.67368,99799.42175
87,-2732.27,5.35868,-1342.32,-3353.595133,1372.927051,99680.658
88,-2734.33,5.34675,-1405.71,-3356.104019,1369.495753,99603.00525
89,-2764.06,5.33911,-1496.46,-3392.51391,1332.173374,99491.8365
90,-2760.15,5.35263,-1565.63,-3387.740722,1336.023944,99407.10325
91,-2780.97,5.44282,-1655.98,-3413.355705,1309.466179,99296.4245
92,-2772.28,5.46293,-1725.51,-3402.735089,1319.153936,99211.25025
93,-2787.06,5.56773,-1805.75,-3420.968969,1299.956994,99112.95625
94,-2773.34,5.58052,-1855.91,-3404.177637,1315.785151,99051.51025
95,-2782.61,5.64941,-1908.45,-3415.617777,1303.371688,98987.14875
96,-2765.74,5.65131,-1926.46,-3394.954355,1323.051637,98965.0865
97,-2773.64,5.6483,-1946.3,-3404.628168,1312.40427,98940.7825
98,-2757.31,5.64414,-1933.65,-3384.618822,1331.439947,98956.27875
99,-2769.62,5.58858,-1931.98,-3399.630511,1315.464513,98958.3245
100,-2756.96,5.57459,-1907.68,-3384.104873,1330.026293,98988.092
101,-2773.21,5.49671,-1904.93,-3403.91572,1309.261518,98991.46075
102,-2763.72,5.48155,-1885.59,-3392.271899,1319.961343,99015.15225
103,-2759.81,5.45669,-1875.77,-3387.451695,1323.837442,99027.18175
104,-2775.01,5.40942,-1886.78,-3406.01379,1304.341181,99013.6945
105,-2771.16,5.39039,-1884.39,-3401.274228,1308.146469,99016.62225
106,-2769.25,5.37463,-1886.75,-3398.915172,1309.571146,99013.73125
107,-2781.37,5.36362,-1904.84,-3413.748685,1293.813197,98991.571
108,-2774.95,5.3628,-1906.23,-3405.88318,1300.754162,98989.86825
109,-2770.37,5.36618,-1910.18,-3400.276821,1305.425827,98985.0295
110,-2783.68,5.38064,-1932.56,-3416.599284,1288.168562,98957.614
111,-2776.64,5.38738,-1936.12,-3407.983541,1295.859452,98953.253
112,-2771.41,5.39547,-1942.19,-3401.586701,1301.321281,98945.81725
113,-2787.59,5.40483,-1969.64,-3421.418667,1280.554197,98912.191
114,-2781,5.40822,-1975.65,-3413.350069,1287.687571,98904.82875
115,-2775.82,5.40883,-1983.14,-3407.005317,1293.096994,98895.6535
116,-2773.07,5.40425,-1992.96,-3403.630956,1295.535919,98883.624
117,-2773.64,5.38899,-2006,-3404.310513,1293.920821,98867.65
118,-2793.36,5.3406,-2038.45,-3428.408235,1268.897513,98827.89875
119,-2791.15,5.32795,-2048.77,-3425.685489,1270.704632,98815.25675
120,-2789.03,5.31512,-2059.04,-3423.072772,1272.391556,98802.676
121,-2787.39,5.30163,-2069.77,-3421.047247,1273.50125,98789.53175
122,-2786.53,5.28735,-2081.38,-3419.976254,1273.65631,98775.3095
123,-2786.67,5.27271,-2094.19,-3420.12982,1272.596777,98759.61725
124,-2787.85,5.25879,-2108.29,-3421.558268,1270.252194,98742.34475
125,-2789.89,5.24709,-2123.37,-3424.042935,1266.86136,98723.87175
126,-2792.4,5.23887,-2138.97,-3427.107616,1262.890413,98704.76175
127,-2795.05,5.23327,-2154.65,-3430.347006,1258.754729,98685.55375
128,-2797.54,5.23166,-2170.05,-3433.395284,1254.799988,98666.68875
129,-2799.89,5.23225,-2185.22,-3436.274756,1251.013953,98648.1055
130,-2802.12,5.23382,-2200.27,-3439.00843,1247.383692,98629.66925
131,-2804.21,5.23538,-2215.23,-3441.570591,1243.914771,98611.34325
132,-2806.18,5.23615,-2230.18,-3443.984784,1240.593718,98593.0295
133,-2808.03,5.23548,-2245.2,-3446.250213,1237.42133,98574.63
134,-2809.79,5.23278,-2260.39,-3448.402906,1234.371659,98556.02225
135,-2811.5,5.22766,-2275.94,-3450.491384,1231.376025,98536.9735
136,-2813.24,5.21964,-2291.84,-3452.613059,1228.357176,98517.496
137,-2815.02,5.20885,-2308,-3454.780341,1225.292622,98497.7
138,-2816.85,5.19543,-2324.32,-3457.005652,1222.169944,98477.708
139,-2818.66,5.17987,-2340.68,-3459.203841,1219.07429,98457.667
140,-2820.42,5.16308,-2357.02,-3461.339273,1216.051381,98437.6505
141,-2822.11,5.14601,-2373.4,-3463.388612,1213.11447,98417.585
142,-2823.64,5.12825,-2389.78,-3465.241106,1210.37431,98397.5195
143,-2824.9,5.11347,-2406.1,-3466.766501,1207.971243,98377.5275
144,-2825.96,5.09986,-2422.41,-3468.048329,1205.81165,98357.54775
145,-2826.87,5.08867,-2438.76,-3469.149371,1203.83275,98337.519
146,-2827.69,5.08078,-2455.3,-3470.144206,1201.959965,98317.2575
147,-2828.43,5.0762,-2472.06,-3471.045095,1200.181032,98296.7265
148,-2829.01,5.07638,-2488.93,-3471.755816,1198.602269,98276.06075
149,-2829.48,5.07891,-2505.9,-3472.334665,1197.145192,98255.2725
150,-2829.84,5.08284,-2522.92,-3472.780479,1195.821058,98234.423
151,-2830.25,5.08719,-2540.16,-3473.288058,1194.435066,98213.304
152,-2830.84,5.09104,-2557.79,-3474.015524,1192.829094,98191.70725
153,-2831.67,5.09267,-2575.92,-3475.034271,1190.931748,98169.498
154,-2832.72,5.09338,-2594.58,-3476.32139,1188.765937,98146.6395
155,-2834.01,5.09275,-2613.71,-3477.900869,1186.307675,98123.20525
156,-2835.47,5.09043,-2633.2,-3479.686527,1183.653243,98099.33
157,-2837.18,5.08476,-2653.18,-3481.774331,1180.68647,98074.8545
158,-2839.14,5.07676,-2673.71,-3484.165531,1177.416209,98049.70525
159,-2841.4,5.06675,-2694.84,-3486.921769,1173.780817,98023.821
160,-2844.01,5.05515,-2716.64,-3490.104809,1169.728638,97997.116
161,-2846.9,5.04248,-2738.96,-3493.629538,1165.334678,97969.774
162,-2849.92,5.02928,-2761.58,-3497.312868,1160.782027,97942.0645
163,-2853,5.01611,-2784.39,-3501.069735,1156.155749,97914.12225
164,-2856.12,5.00355,-2807.37,-3504.876349,1151.489743,97885.97175
165,-2859.34,4.99215,-2830.54,-3508.806884,1146.699729,97857.5885
166,-2862.67,4.9822,-2853.95,-3512.873945,1141.762986,97828.91125
167,-2866.08,4.97378,-2877.58,-3517.04088,1136.736393,97799.9645
168,-2869.47,4.96679,-2901.27,-3521.185068,1131.732459,97770.94425
169,-2872.78,4.96109,-2924.88,-3525.232835,1126.834973,97742.022
170,-2876.03,4.95648,-2948.4,-3529.208438,1121.999448,97713.21
171,-2879.27,4.95232,-2971.87,-3533.172342,1117.175533,97684.45925
172,-2882.52,4.94868,-2995.23,-3537.149133,1112.338643,97655.84325
173,-2885.75,4.94531,-3018.29,-3541.101755,1107.535954,97627.59475
174,-2888.77,4.94671,-3040.72,-3544.80297,1102.974464,97600.118
175,-2891.67,4.94589,-3062.52,-3548.354465,1098.562604,97573.413
176,-2894.36,4.94383,-3083.54,-3551.647192,1094.409425,97547.6635
177,-2896.91,4.94011,-3103.92,-3554.766385,1090.429692,97522.698
178,-2899.35,4.93585,-3123.69,-3557.750166,1086.595406,97498.47975
179,-2901.72,4.93085,-3142.81,-3560.647291,1082.837565,97475.05775
180,-2904.05,4.92617,-3161.11,-3563.495808,1079.128243,97452.64025
181,-2906.52,4.9156,-3178.65,-3566.50861,1075.264676,97431.15375
182,-2908.95,4.90578,-3195,-3569.47333,1071.438974,97411.125
183,-2911.19,4.89717,-3209.83,-3572.206783,1067.854582,97392.95825
184,-2913.18,4.89113,-3223.11,-3574.637134,1064.563074,97376.69025
185,-2909.31,4.86523,-3233.13,-3569.864657,1068.484439,97364.41575
186,-2908.63,4.85001,-3242.17,-3569.013012,1068.495018,97353.34175
187,-2910.67,4.8431,-3250.58,-3571.503548,1065.153198,97343.0395
188,-2913.92,4.84046,-3258.15,-3575.481563,1060.323811,97333.76625
189,-2917.07,4.84133,-3264.18,-3579.341379,1055.622675,97326.3795
190,-2919.33,4.84609,-3268.15,-3582.11571,1051.996801,97321.51625
191,-2920.39,4.85087,-3269.86,-3583.420066,1049.840816,97319.4215
192,-2920.11,4.85488,-3269.13,-3583.081978,1049.327188,97320.31575
193,-2918.63,4.85575,-3266.08,-3581.270044,1050.277179,97324.052
194,-2916.26,4.856,-3260.86,-3578.3671,1052.328234,97330.4465
195,-2913.45,4.85397,-3253.73,-3574.922363,1054.920994,97339.18075
196,-2910.62,4.84892,-3244.93,-3571.449427,1057.541868,97349.96075
197,-2908.12,4.84048,-3234.67,-3568.376588,1059.762558,97362.52925
198,-2905.83,4.8293,-3222.87,-3565.557642,1061.729268,97376.98425
199,-2903.52,4.81641,-3209.42,-3562.712102,1063.722487,97393.4605
200,-2900.84,4.80348,-3194.19,-3559.413263,1066.179066,97412.11725
201,-2897.56,4.7915,-3177.13,-3555.380587,1069.369397,97433.01575
202,-2893.62,4.78182,-3158.35,-3550.54223,1073.365326,97456.02125
203,-2889.17,4.77539,-3138.13,-3545.083103,1077.98194,97480.79075
204,-2884.18,4.7749,-3116.51,-3538.969753,1083.252693,97507.27525
205,-2878.84,4.77276,-3093.69,-3532.425631,1088.954132,97535.22975
206,-2873.17,4.76997,-3069.73,-3525.476463,1095.060534,97564.58075
207,-2867.06,4.77246,-3044.59,-3517.994764,1101.699382,97595.37725
208,-2860.72,4.77432,-3018.6,-3510.230542,1108.630825,97627.215
209,-2854.59,4.77022,-2992.31,-3502.71627,1115.302079,97659.42025
210,-2848.62,4.76723,-2965.78,-3495.399357,1121.775889,97691.9195
211,-2842.74,4.76518,-2939.08,-3488.193845,1128.148372,97724.627
212,-2836.8,4.76343,-2912.24,-3480.915202,1134.583745,97757.506
213,-2830.64,4.76109,-2885.23,-3473.366335,1141.299417,97790.59325
214,-2824.31,4.75624,-2858.25,-3465.606144,1148.226332,97823.64375
215,-2818.03,4.75003,-2831.64,-3457.905537,1155.093581,97856.241
216,-2811.89,4.74271,-2805.57,-3450.37507,1161.790607,97888.17675
217,-2805.97,4.72838,-2780.14,-3443.105515,1168.226638,97919.3285
218,-2799.95,4.72248,-2755.12,-3435.723788,1174.784926,97949.978
219,-2793.9,4.71673,-2730.6,-3428.305494,1181.369532,97980.015
220,-2787.88,4.70613,-2706.73,-3420.918009,1187.933416,98009.25575
221,-2781.93,4.70337,-2683.58,-3413.625878,1194.401865,98037.6145
222,-2776.22,4.70036,-2661.36,-3406.627441,1200.576541,98064.834
223,-2770.69,4.69673,-2640.06,-3399.848744,1206.531395,98090.9265
224,-2765.25,4.69235,-2619.63,-3393.179379,1212.38701,98115.95325
225,-2759.91,4.68745,-2600.12,-3386.631876,1218.11051,98139.853
226,-2754.74,4.68272,-2581.64,-3380.292832,1223.625472,98162.491
227,-2749.93,4.67914,-2564.47,-3374.396197,1228.708119,98183.52425
228,-2745.48,4.67705,-2548.74,-3368.942386,1233.347863,98202.7935
229,-2741.21,4.67621,-2534.39,-3363.710607,1237.75532,98220.37225
230,-2736.94,4.67616,-2521.3,-3358.479796,1242.171907,98236.4075
231,-2732.55,4.6761,-2509.34,-3353.101973,1246.735428,98251.0585
232,-2728.05,4.67367,-2498.46,-3347.586496,1251.436524,98264.3865
233,-2723.53,4.67007,-2488.64,-3342.045086,1256.153293,98276.416
234,-2719.25,4.66569,-2480.1,-3336.79672,1260.587119,98286.8775
235,-2715.41,4.66109,-2472.99,-3332.087085,1264.482137,98295.58725
236,-2712.08,4.65649,-2467.35,-3328.0022,1267.76251,98302.49625
237,-2709.25,4.65221,-2463.13,-3324.530207,1270.419729,98307.66575
238,-2707.01,4.64239,-2460.42,-3321.774178,1272.360906,98310.9855
239,-2705.28,4.63378,-2459.16,-3319.644381,1273.685959,98312.529
240,-2703.98,4.62749,-2459.28,-3318.044175,1274.471156,98312.382
241,-2703.1,4.62405,-2460.81,-3316.961961,1274.748471,98310.50775
242,-2702.64,4.62278,-2463.76,-3316.396906,1274.508552,98306.894
243,-2702.53,4.62269,-2468.08,-3316.262045,1273.828169,98301.602
244,-2702.78,4.62274,-2473.78,-3316.568357,1272.716728,98294.6195
245,-2703.38,4.62215,-2480.84,-3317.302634,1271.167051,98285.971
246,-2704.31,4.6204,-2489.22,-3318.43974,1269.224661,98275.7055
247,-2705.65,4.61716,-2498.98,-3320.077271,1266.771573,98263.7495
248,-2707.61,4.61217,-2510.22,-3322.472158,1263.571246,98249.9805
249,-2710.46,4.60506,-2523.13,-3325.954699,1259.283189,98234.16575
250,-2714.44,4.59642,-2537.79,-3330.819615,1253.602482,98216.20725
251,-2719.5,4.58753,-2554.1,-3337.007224,1246.6092,98196.2275
252,-2725.42,4.57957,-2571.87,-3344.249473,1238.561201,98174.45925
253,-2731.8,4.57398,-2590.71,-3352.058126,1229.946721,98151.38025
254,-2738.33,4.57074,-2610.31,-3360.053407,1221.145535,98127.37025
255,-2744.87,4.56917,-2630.47,-3368.062983,1212.329976,98102.67425
256,-2751.47,4.56835,-2651.16,-3376.146979,1203.439919,98077.329
257,-2758.21,4.56758,-2672.34,-3384.402536,1194.378223,98051.3835
258,-2765.2,4.56651,-2693.97,-3392.963975,1185.000361,98024.88675
259,-2772.44,4.56505,-2715.97,-3401.831186,1175.326852,97997.93675
260,-2779.99,4.56324,-2738.23,-3411.077719,1165.273943,97970.66825
261,-2787.88,4.56109,-2760.7,-3420.740335,1154.794663,97943.1425
262,-2796.15,4.55862,-2783.32,-3430.86806,1143.850193,97915.433
263,-2804.81,4.55582,-2806.01,-3441.47313,1132.438505,97887.63775
264,-2813.84,4.55265,-2828.69,-3452.530996,1120.56373,97859.85475
265,-2823.2,4.54905,-2851.26,-3463.992586,1108.29536,97832.2065
266,-2832.78,4.54504,-2873.56,-3475.723174,1095.747698,97804.889
267,-2842.41,4.5407,-2895.41,-3487.514608,1083.139106,97778.12275
268,-2851.93,4.5362,-2916.57,-3499.171095,1070.67559,97752.20175
269,-2861.14,4.53181,-2936.84,-3510.447967,1058.58139,97727.371
270,-2869.86,4.52778,-2956.04,-3521.125031,1047.09713,97703.851
271,-2877.96,4.52423,-2974.02,-3531.043182,1036.361478,97681.8255
272,-2885.4,4.52106,-2990.75,-3540.153299,1026.443992,97661.33125
273,-2892.26,4.51801,-3006.27,-3548.553062,1017.226552,97642.31925
274,-2898.69,4.51474,-3020.7,-3556.425807,1008.546261,97624.6425
275,-2904.78,4.51108,-3034.07,-3563.881573,1000.282858,97608.26425
276,-2910.58,4.50708,-3046.38,-3570.981673,992.3750311,97593.1845
277,-2916.09,4.50273,-3057.62,-3577.726094,984.8227895,97579.4155
278,-2921.27,4.49799,-3067.77,-3584.065788,977.6854062,97566.98175
279,-2926.07,4.49273,-3076.81,-3589.939344,971.0038394,97555.90775
280,-2930.43,4.48687,-3084.76,-3595.273166,964.8721362,97546.169
281,-2934.35,4.48033,-3091.66,-3600.067154,959.2903952,97537.7165
282,-2937.82,4.47306,-3097.59,-3604.308999,954.2504707,97530.45225
283,-2940.85,4.46508,-3102.58,-3608.010973,949.7707722,97524.3395
284,-2943.47,4.45648,-3106.69,-3611.209938,945.7837503,97519.30475
285,-2945.67,4.44735,-3109.94,-3613.893754,942.3322342,97515.3235
286,-2947.45,4.43782,-3112.34,-3616.06258,939.3956021,97512.3835
287,-2948.81,4.42804,-3113.91,-3617.716599,936.9839006,97510.46025
288,-2949.78,4.41815,-3114.7,-3618.892734,935.0499734,97509.4925
289,-2950.39,4.40825,-3114.76,-3619.627856,933.5774151,97509.419
290,-2950.66,4.3983,-3114.15,-3619.946417,932.5213042,97510.16625
291,-2950.61,4.38885,-3112.92,-3619.873591,931.8667004,97511.673
292,-2950.26,4.38005,-3111.14,-3619.434061,931.5889186,97513.8535
293,-2949.67,4.3689,-3108.88,-3618.697653,931.6181326,97516.622
294,-2948.82,4.3573,-3106.15,-3617.642193,931.9765134,97519.96625
295,-2947.76,4.34415,-3103.03,-3616.327584,932.6143972,97523.78825
296,-2946.42,4.33381,-3099.5,-3614.673417,933.5917115,97528.1125
297,-2944.88,4.32271,-3095.65,-3612.77332,934.8353093,97532.82875
298,-2943.16,4.31052,-3091.55,-3610.651387,936.3108526,97537.85125
299,-2941.35,4.29717,-3087.3,-3608.417783,937.9184187,97543.0575
300,-2939.44,4.28272,-3082.91,-3606.060332,939.6599405,97548.43525
301,-2937.38,4.26736,-3078.38,-3603.518016,941.5964331,97553.9845
302,-2935.13,4.25131,-3073.67,-3600.742105,943.7868711,97559.75425
303,-2932.68,4.23486,-3068.76,-3597.720704,946.2329031,97565.769
304,-2930.03,4.21823,-3063.68,-3594.454082,948.9445048,97571.992
305,-2927.19,4.20158,-3058.44,-3590.954686,951.8989832,97578.411
306,-2924.2,4.18498,-3053.09,-3587.271601,955.0574997,97584.96475
307,-2921.11,4.16844,-3047.69,-3583.466089,958.3485436,97591.57975
308,-2917.89,4.15182,-3042.26,-3579.50123,961.819285,97598.2315
309,-2914.56,4.13511,-3036.81,-3575.40151,965.4452374,97604.90775
310,-2911.1,4.11821,-3031.34,-3571.142307,969.2305232,97611.6085
311,-2907.53,4.10106,-3025.87,-3566.748049,973.1814674,97618.30925
312,-2903.82,4.08359,-3020.4,-3562.181898,977.314406,97625.01
313,-2900.05,4.06546,-3014.99,-3557.541439,981.5317562,97631.63725
314,-2896.24,4.04711,-3009.67,-3552.85171,985.8084797,97638.15425
315,-2892.41,4.0285,-3004.44,-3548.137163,990.1303799,97644.561
316,-2888.58,4.00975,-2999.33,-3543.422444,994.4523056,97650.82075
317,-2884.71,3.99098,-2994.29,-3538.658701,998.8436188,97656.99475
318,-2880.86,3.96874,-2989.38,-3533.915207,1003.224795,97663.0095
319,-2876.93,3.9481,-2984.52,-3529.075673,1007.712125,97668.963
320,-2872.92,3.93025,-2979.69,-3524.141556,1012.304157,97674.87975
321,-2868.87,3.91343,-2974.93,-3519.159702,1016.943792,97680.71075
322,-2864.84,3.89696,-2970.32,-3514.202776,1021.568623,97686.358
323,-2860.83,3.88084,-2965.85,-3509.270779,1026.168398,97691.83375
324,-2856.88,3.86376,-2961.59,-3504.411106,1030.705983,97697.05225
325,-2853.06,3.84284,-2957.58,-3499.705979,1035.078645,97701.9645
326,-2849.33,3.82121,-2953.79,-3495.110232,1039.352069,97706.60725
327,-2845.71,3.79964,-2950.22,-3490.649309,1043.4803,97710.9805
328,-2842.2,3.77867,-2946.88,-3486.323871,1047.483199,97715.072
329,-2838.84,3.75848,-2943.79,-3482.183138,1051.280774,97718.85725
330,-2835.64,3.73929,-2940.98,-3478.23963,1054.881028,97722.2995
331,-2832.62,3.72034,-2938.47,-3474.516916,1058.260395,97725.37425
332,-2829.79,3.70162,-2936.27,-3471.027234,1061.386126,97728.06925
333,-2827.17,3.68293,-2934.39,-3467.794839,1064.244228,97730.37225
334,-2824.82,3.66235,-2932.89,-3464.890879,1066.753297,97732.20975
335,-2822.65,3.6423,-2931.68,-3462.208068,1069.030884,97733.692
336,-2820.66,3.62276,-2930.76,-3459.746381,1071.066755,97734.819
337,-2818.86,3.60359,-2930.15,-3457.517898,1072.859098,97735.56625
338,-2817.29,3.58459,-2929.85,-3455.571373,1074.338638,97735.93375
339,-2815.96,3.56552,-2929.9,-3453.918762,1075.493419,97735.8725
340,-2814.92,3.54617,-2930.29,-3452.621058,1076.272715,97735.39475
341,-2814.19,3.5263,-2931.06,-3451.702468,1076.642058,97734.4515
342,-2813.77,3.50587,-2932.2,-3451.162941,1076.611763,97733.055
343,-2813.65,3.48489,-2933.67,-3450.99024,1076.173538,97731.25425
344,-2813.79,3.46344,-2935.45,-3451.135464,1075.386551,97729.07375
345,-2814.16,3.44177,-2937.5,-3451.562168,1074.276977,97726.5625
346,-2814.71,3.41973,-2939.77,-3452.208919,1072.906248,97723.78175
347,-2815.38,3.3977,-2942.2,-3453.002683,1071.357664,97720.805
348,-2816.16,3.37572,-2944.79,-3453.931257,1069.633155,97717.63225
349,-2817.08,3.35383,-2947.54,-3455.031442,1067.685648,97714.2635
350,-2818.14,3.33186,-2950.44,-3456.303028,1065.515341,97710.711
351,-2819.36,3.30886,-2953.51,-3457.769354,1063.11944,97706.95025
352,-2820.69,3.28573,-2956.7,-3459.370269,1060.527263,97703.0425
353,-2822.13,3.26237,-2959.97,-3461.105653,1057.749197,97699.03675
354,-2823.65,3.23865,-2963.3,-3462.938596,1054.832419,97694.9575
355,-2825.22,3.21447,-2966.64,-3464.832226,1051.793235,97690.866
356,-2826.81,3.18976,-2969.96,-3466.749706,1048.678747,97686.799
357,-2828.41,3.16452,-2973.23,-3468.678787,1045.49091,97682.79325
358,-2830,3.13876,-2976.44,-3470.594981,1042.264476,97678.861
359,-2831.58,3.11251,-2979.58,-3472.498325,1038.989111,97675.0145
360,-2833.14,3.08581,-2982.65,-3474.376617,1035.676996,97671.25375
361,-2834.67,3.0587,-2985.63,-3476.217658,1032.350599,97667.60325
362,-2836.15,3.03122,-2988.49,-3477.996995,1029.013774,97664.09975
363,-2837.59,3.00337,-2991.23,-3479.726878,1025.674828,97660.74325
364,-2838.96,2.97515,-2993.83,-3481.370559,1022.349902,97657.55825
365,-2840.27,2.94653,-2996.28,-3482.940249,1019.037049,97654.557
366,-2841.49,2.91749,-2998.57,-3484.399175,1015.773017,97651.75175
367,-2842.61,2.88799,-3000.7,-3485.735038,1012.570075,97649.1425
368,-2843.64,2.858,-3002.67,-3486.96005,1009.405679,97646.72925
369,-2844.58,2.8275,-3004.48,-3488.074187,1006.300426,97644.512
370,-2845.42,2.79653,-3006.13,-3489.065249,1003.235569,97642.49075
371,-2846.15,2.7651,-3007.6,-3489.920998,1000.243917,97640.69
372,-2846.79,2.73325,-3008.91,-3490.665981,997.3008843,97639.08525
373,-2847.33,2.70099,-3010.06,-3491.287963,994.4186724,97637.6765
374,-2847.77,2.66835,-3011.05,-3491.786979,991.5868863,97636.46375
375,-2848.12,2.63537,-3011.88,-3492.175328,988.7931773,97635.447
376,-2848.37,2.6021,-3012.57,-3492.440823,986.0703301,97634.60175
377,-2848.55,2.56858,-3013.1,-3492.620261,983.3505292,97633.9525
378,-2848.63,2.53488,-3013.5,-3492.676978,980.7013618,97633.4625
379,-2848.64,2.50104,-3013.77,-3492.647774,978.0653237,97633.13175
380,-2848.57,2.46713,-3013.92,-3492.520484,975.4545155,97632.948
381,-2848.43,2.43316,-3013.95,-3492.307371,972.8669515,97632.91125
382,-2848.23,2.39919,-3013.88,-3492.020758,970.2902512,97632.997
383,-2847.97,2.36523,-3013.72,-3491.660657,967.7139951,97633.193
384,-2847.67,2.33134,-3013.47,-3491.251642,965.1342378,97633.49925
385,-2847.33,2.29757,-3013.15,-3490.793773,962.5198021,97633.89125
386,-2846.96,2.264,-3012.77,-3490.2994,959.8893238,97634.35675
387,-2846.57,2.2307,-3012.33,-3489.780858,957.2200453,97634.89575
388,-2846.17,2.19779,-3011.85,-3489.250543,954.4891325,97635.48375
389,-2845.75,2.16534,-3011.34,-3488.696292,951.7190304,97636.1085
390,-2845.33,2.13342,-3010.79,-3488.14269,948.8850749,97636.78225
391,-2844.9,2.10209,-3010.21,-3487.57756,945.9993614,97637.49275
392,-2844.46,2.07141,-3009.62,-3487.000977,943.0721138,97638.2155
393,-2844.03,2.04143,-3009.02,-3486.437502,940.0579264,97638.9505
394,-2843.61,2.01223,-3008.41,-3485.887232,936.9773793,97639.69775
395,-2843.19,1.98387,-3007.8,-3485.337991,933.8321753,97640.445
396,-2842.8,1.95644,-3007.2,-3484.826639,930.59576,97641.18
397,-2842.43,1.93016,-3006.62,-3484.341196,927.2696288,97641.8905
398,-2842.09,1.90483,-3006.08,-3483.893667,923.8520861,97642.552
399,-2841.81,1.88052,-3005.57,-3483.520887,920.3062094,97643.17675
400,-2841.56,1.85737,-3005.11,-3483.186278,916.6684899,97643.74025
401,-2841.36,1.83548,-3004.69,-3482.914463,912.914217,97644.25475
402,-2841.2,1.81497,-3004.32,-3482.693338,909.0554017,97644.708
403,-2841.08,1.79589,-3003.99,-3482.522965,905.1023231,97645.11225
404,-2841.02,1.77831,-3003.72,-3482.42793,901.0303175,97645.443
405,-2841,1.76226,-3003.51,-3482.383769,896.8637703,97645.70025
406,-2841.04,1.74778,-3003.37,-3482.415031,892.5780522,97645.87175
407,-2841.15,1.73489,-3003.31,-3482.53399,888.1712609,97645.94525
408,-2841.34,1.72357,-3003.35,-3482.752873,883.6206512,97645.89625
409,-2841.62,1.71386,-3003.5,-3483.083978,878.9347674,97645.7125
410,-2841.99,1.70576,-3003.75,-3483.527306,874.1030938,97645.40625
411,-2842.43,1.69928,-3004.09,-3484.058368,869.160527,97644.98975
412,-2842.95,1.69443,-3004.51,-3484.689427,864.094758,97644.47525
413,-2843.54,1.6912,-3005.02,-3485.40822,858.9180026,97643.8505
414,-2844.2,1.6896,-3005.63,-3486.21476,853.6511781,97643.10325
415,-2844.95,1.68963,-3006.34,-3487.133547,848.2487864,97642.2335
416,-2845.78,1.69124,-3007.15,-3488.152269,842.7440905,97641.24125
417,-2846.7,1.69436,-3008.06,-3489.283091,837.1354186,97640.1265
418,-2847.7,1.69894,-3009.07,-3490.513702,831.4140724,97638.88925
419,-2848.77,1.70491,-3010.17,-3491.831765,825.6239035,97637.54175
420,-2849.91,1.71225,-3011.35,-3493.237256,819.754442,97636.09625
421,-2851.11,1.72096,-3012.62,-3494.717926,813.8284718,97634.5405
422,-2852.39,1.73107,-3013.97,-3496.298311,807.8214825,97632.88675
423,-2853.74,1.74256,-3015.42,-3497.966136,801.7563098,97631.1105
424,-2855.15,1.7554,-3016.94,-3499.709115,795.6558232,97629.2485
425,-2856.64,1.76958,-3018.55,-3501.551736,789.4745053,97627.27625
426,-2858.18,1.78503,-3020.23,-3503.457162,783.2808694,97625.21825
427,-2859.77,1.80162,-3021.97,-3505.425235,777.0751497,97623.08675
428,-2861.39,1.8192,-3023.75,-3507.43127,770.8821048,97620.90625
429,-2863.03,1.83766,-3025.56,-3509.462884,764.7141937,97618.689
430,-2864.68,1.85692,-3027.39,-3511.507727,758.5944072,97616.44725
431,-2866.33,1.87703,-3029.23,-3513.553612,752.5350221,97614.19325
432,-2867.97,1.898,-3031.08,-3515.5883,746.5589411,97611.927
433,-2869.61,1.91984,-3032.93,-3517.624054,740.6540011,97609.66075
434,-2871.22,1.94236,-3034.78,-3519.623891,734.8572837,97607.3945
435,-2872.82,1.96502,-3036.61,-3521.61165,729.155638,97605.15275
436,-2874.39,1.98781,-3038.42,-3523.562817,723.5736835,97602.9355
437,-2875.92,2.01058,-3040.19,-3525.464961,718.1239604,97600.76725
438,-2877.41,2.03344,-3041.92,-3527.318214,712.81704,97598.648
439,-2878.87,2.05672,-3043.61,-3529.135232,707.6403816,97596.57775
440,-2880.31,2.08077,-3045.26,-3530.928693,702.5814158,97594.5565
441,-2881.71,2.10585,-3046.88,-3532.674416,697.6644312,97592.572
442,-2883.07,2.13202,-3048.47,-3534.372475,692.8894583,97590.62425
443,-2884.39,2.15917,-3050.01,-3536.022733,688.2673544,97588.73775
444,-2885.67,2.18711,-3051.51,-3537.62496,683.7984602,97586.90025
445,-2886.9,2.21556,-3052.96,-3539.166561,679.4848449,97585.124
446,-2888.08,2.24428,-3054.37,-3540.647243,675.337525,97583.39675
447,-2889.21,2.27308,-3055.72,-3542.066773,671.3461964,97581.743
448,-2890.29,2.30187,-3057.03,-3543.425041,667.532328,97580.13825
449,-2891.32,2.33065,-3058.28,-3544.722046,663.8747386,97578.607
450,-2892.66,2.33436,-3059.67,-3546.368091,659.9738483,97576.90425
451,-2893.75,2.35125,-3060.91,-3547.724031,656.4582376,97575.38525
452,-2894.42,2.40507,-3061.93,-3548.610711,653.5177801,97574.13575
453,-2895.21,2.42919,-3062.92,-3549.608008,650.5620244,97572.923
454,-2895.74,2.48251,-3063.79,-3550.322575,647.9843819,97571.85725
455,-2896.44,2.50102,-3064.68,-3551.20275,645.3365781,97570.767
456,-2896.94,2.54878,-3065.49,-3551.873756,642.993447,97569.77475
457,-2897.47,2.58712,-3066.29,-3552.569972,640.7206653,97568.79475
458,-2898.08,2.61695,-3067.12,-3553.353764,638.4452621,97567.778
459,-2898.76,2.64099,-3067.98,-3554.216213,636.1761999,97566.7245
460,-2899.5,2.66247,-3068.88,-3555.149026,633.9324762,97565.622
461,-2900.26,2.6842,-3069.79,-3556.106645,631.7383655,97564.50725
462,-2901,2.70791,-3070.68,-3557.04219,629.6514462,97563.417
463,-2901.67,2.7343,-3071.54,-3557.895268,627.721479,97562.3635
464,-2902.26,2.76313,-3072.33,-3558.653334,625.9717038,97561.39575
465,-2902.77,2.79366,-3073.06,-3559.315484,624.3817205,97560.5015
466,-2903.19,2.82505,-3073.73,-3559.868436,622.9754988,97559.68075
467,-2903.56,2.85622,-3074.36,-3560.35987,621.6947144,97558.909
468,-2903.91,2.88653,-3074.97,-3560.825749,620.5034197,97558.16175
469,-2904.26,2.91568,-3075.57,-3561.290208,619.3774993,97557.42675
470,-2904.62,2.94362,-3076.18,-3561.765435,618.2941075,97556.6795
471,-2904.99,2.9705,-3076.8,-3562.251612,617.2637459,97555.92
472,-2905.38,2.99658,-3077.43,-3562.761311,616.2631853,97555.14825
473,-2905.77,3.02209,-3078.06,-3563.27031,615.3166539,97554.3765
474,-2906.16,3.04724,-3078.68,-3563.778869,614.4239034,97553.617
475,-2906.53,3.0721,-3079.29,-3564.262573,613.5986811,97552.86975
476,-2906.87,3.09665,-3079.88,-3564.709146,612.8532673,97552.147
477,-2907.18,3.12074,-3080.44,-3565.118406,612.187851,97551.461
478,-2907.47,3.14417,-3080.99,-3565.502358,611.6011077,97550.78725
479,-2907.74,3.16675,-3081.53,-3565.860769,611.0612464,97550.12575
480,-2908,3.18833,-3082.05,-3566.205704,610.5882316,97549.48875
481,-2908.24,3.20886,-3082.57,-3566.524854,610.1730248,97548.85175
482,-2908.46,3.22851,-3083.05,-3566.818425,609.8154195,97548.26375
483,-2908.68,3.24709,-3083.53,-3567.110685,609.4911497,97547.67575
484,-2908.88,3.26489,-3083.99,-3567.37749,609.2136845,97547.11225
485,-2909.08,3.28163,-3084.44,-3567.642997,608.9802202,97546.561
486,-2909.27,3.29725,-3084.88,-3567.894881,608.792404,97546.022
487,-2909.45,3.31188,-3085.3,-3568.133303,608.6394,97545.5075
488,-2909.6,3.32552,-3085.7,-3568.333762,608.5457079,97545.0175
489,-2909.73,3.33815,-3086.07,-3568.508484,608.5097776,97544.56425
490,-2909.84,3.3498,-3086.42,-3568.657505,608.5208953,97544.1355
491,-2909.93,3.36031,-3086.75,-3568.78063,608.5792561,97543.73125
492,-2910.01,3.36962,-3087.07,-3568.890035,608.6726822,97543.33925
493,-2910.09,3.37771,-3087.38,-3568.997945,608.799622,97542.9595
494,-2910.16,3.38461,-3087.67,-3569.092147,608.9509368,97542.60425
495,-2910.22,3.39032,-3087.95,-3569.172642,609.1373003,97542.26125
496,-2910.26,3.39489,-3088.21,-3569.22724,609.3708995,97541.94275
497,-2910.29,3.39834,-3088.44,-3569.268217,609.639458,97541.661
498,-2910.3,3.4007,-3088.66,-3569.283358,609.9551869,97541.3915
499,-2910.29,3.40199,-3088.85,-3569.272688,610.3073866,97541.15875
500,-2910.27,3.40217,-3089.02,-3569.248408,610.7052001,97540.9505
501,-2910.24,3.40124,-3089.18,-3569.210519,611.1272796,97540.7545
502,-2910.2,3.39919,-3089.32,-3569.159008,611.573636,97540.583
503,-2910.15,3.39599,-3089.45,-3569.093838,612.0549763,97540.42375
504,-2910.1,3.39168,-3089.56,-3569.027308,612.5589987,97540.289
505,-2910.03,3.38629,-3089.65,-3568.934955,613.1101637,97540.17875
506,-2909.95,3.37992,-3089.71,-3568.829152,613.6854263,97540.10525
507,-2909.86,3.37266,-3089.76,-3568.710009,614.295344,97540.044
508,-2909.76,3.3646,-3089.78,-3568.577635,614.9291349,97540.0195
509,-2909.64,3.3558,-3089.78,-3568.419855,615.6096422,97540.0195
510,-2909.51,3.34631,-3089.76,-3568.24898,616.3245513,97540.044
511,-2909.38,3.33616,-3089.71,-3568.077296,617.0509054,97540.10525
512,-2909.22,3.32538,-3089.64,-3567.868091,617.8254161,97540.191
513,-2909.06,3.31399,-3089.55,-3567.658138,618.6326381,97540.30125
514,-2908.89,3.30204,-3089.44,-3567.435249,619.463425,97540.436
515,-2908.71,3.28959,-3089.3,-3567.199498,620.3177015,97540.6075
516,-2908.52,3.27669,-3089.14,-3566.950945,621.2060676,97540.8035
517,-2908.31,3.26341,-3088.96,-3566.677427,622.1406836,97541.024
518,-2908.1,3.24981,-3088.75,-3566.403517,623.0863097,97541.28125
519,-2907.88,3.23599,-3088.53,-3566.117088,624.0657321,97541.55075
520,-2907.64,3.22202,-3088.28,-3565.805975,625.0804504,97541.857
521,-2907.4,3.20799,-3088,-3565.494788,626.1165111,97542.2
522,-2907.15,3.19394,-3087.71,-3565.171327,627.1861099,97542.55525
523,-2906.9,3.17992,-3087.4,-3564.847902,628.2662729,97542.935
524,-2906.64,3.16596,-3087.08,-3564.512301,629.3692103,97543.327
525,-2906.37,3.1521,-3086.73,-3564.164572,630.5055257,97543.75575
526,-2906.09,3.13837,-3086.37,-3563.804753,631.6751765,97544.19675
527,-2905.81,3.12481,-3086,-3563.445142,632.8552036,97544.65
528,-2905.53,3.11146,-3085.62,-3563.085789,634.0562071,97545.1155
529,-2905.25,3.09835,-3085.23,-3562.726729,635.2674919,97545.59325
530,-2904.96,3.08554,-3084.83,-3562.355787,636.5012303,97546.08325
531,-2904.67,3.07309,-3084.43,-3561.985285,637.7557447,97546.57325
532,-2904.38,3.06106,-3084.02,-3561.615299,639.0203052,97547.0755
533,-2904.09,3.04952,-3083.61,-3561.245912,640.3054694,97547.57775
534,-2903.8,3.03848,-3083.21,-3560.877138,641.6005704,97548.06775
535,-2903.51,3.02798,-3082.8,-3560.509026,642.9055544,97548.57
536,-2903.22,3.01801,-3082.4,-3560.141562,644.2204285,97549.06
537,-2902.93,3.00859,-3082,-3559.774773,645.545163,97549.55
538,-2902.63,2.99974,-3081.61,-3559.396432,646.9026202,97550.02775
539,-2902.34,2.99149,-3081.23,-3559.031075,648.2576134,97550.49325
540,-2902.05,2.98391,-3080.86,-3558.66654,649.6116609,97550.9465
541,-2901.76,2.97704,-3080.5,-3558.302874,650.985989,97551.3875
542,-2901.47,2.97094,-3080.16,-3557.940152,652.3592392,97551.804
543,-2901.19,2.96564,-3079.83,-3557.590659,653.7403951,97552.20825
544,-2900.91,2.96115,-3079.52,-3557.242159,655.1204138,97552.588
545,-2900.63,2.9575,-3079.22,-3556.894688,656.4992555,97552.9555
546,-2900.35,2.95472,-3078.94,-3556.548282,657.8981463,97553.2985
547,-2900.07,2.95285,-3078.67,-3556.202991,659.2957631,97553.62925
548,-2899.8,2.95187,-3078.42,-3555.871041,660.6798772,97553.9355
549,-2899.53,2.95179,-3078.18,-3555.540193,662.0733519,97554.2295
550,-2899.27,2.95266,-3077.95,-3555.222759,663.4532407,97554.51125
551,-2899,2.95453,-3077.73,-3554.894299,664.8439786,97554.78075
552,-2898.74,2.95749,-3077.53,-3554.579425,666.2209515,97555.02575
553,-2898.49,2.9616,-3077.34,-3554.27821,667.5947061,97555.2585
554,-2898.23,2.96691,-3077.16,-3553.966215,668.9684271,97555.479
555,-2897.99,2.97344,-3076.99,-3553.680214,670.3265832,97555.68725
556,-2897.74,2.98124,-3076.83,-3553.383519,671.6846137,97555.88325
557,-2897.5,2.99033,-3076.68,-3553.100654,673.0179933,97556.067
558,-2897.27,3.00075,-3076.54,-3552.831669,674.3372903,97556.2385
559,-2897.04,3.01252,-3076.4,-3552.564337,675.6547251,97556.41
560,-2896.99,3.01625,-3076.3,-3552.507656,676.7506789,97556.5325
561,-2896.83,3.02714,-3076.18,-3552.324997,677.9617804,97556.6795
562,-2896.59,3.04422,-3076.05,-3552.05192,679.2630803,97556.83875
563,-2896.29,3.06567,-3075.9,-3551.710696,680.6110784,97557.0225
564,-2895.97,3.0896,-3075.76,-3551.34801,681.9697027,97557.194
565,-2895.66,3.11452,-3075.62,-3550.998787,683.3040262,97557.3655
566,-2895.38,3.13962,-3075.5,-3550.686535,684.5905392,97557.5125
567,-2895.15,3.16472,-3075.39,-3550.435532,685.7943517,97557.64725
568,-2894.95,3.1902,-3075.31,-3550.221745,686.9501053,97557.74525
569,-2894.77,3.21672,-3075.24,-3550.033732,688.0586328,97557.831
570,-2894.61,3.24497,-3075.18,-3549.872338,689.1296944,97557.9045
571,-2894.45,3.2755,-3075.12,-3549.713738,690.1659052,97557.978
572,-2894.28,3.30865,-3075.06,-3549.546096,691.2003074,97558.0515
573,-2894.1,3.34455,-3075,-3549.369574,692.2115349,97558.125
574,-2893.91,3.38312,-3074.94,-3549.184072,693.2102885,97558.1985
575,-2893.72,3.42425,-3074.87,-3549.001706,694.184452,97558.28425
576,-2893.52,3.46783,-3074.8,-3548.810092,695.1464096,97558.37
577,-2893.33,3.5138,-3074.74,-3548.633655,696.0611356,97558.4435
578,-2893.15,3.56223,-3074.68,-3548.472482,696.9391423,97558.517
579,-2892.98,3.61323,-3074.63,-3548.326707,697.759101,97558.57825
580,-2892.83,3.66701,-3074.6,-3548.208837,698.5402943,97558.615
581,-2892.68,3.7238,-3074.57,-3548.094655,699.2751522,97558.65175
582,-2892.55,3.78381,-3074.56,-3548.008917,699.9495149,97558.664
583,-2892.42,3.84722,-3074.55,-3547.927345,700.5876622,97558.67625
584,-2892.3,3.9142,-3074.54,-3547.862395,701.1877298,97558.6885
585,-2892.18,3.98493,-3074.54,-3547.802039,701.7405616,97558.6885
586,-2892.07,4.05957,-3074.54,-3547.758723,702.2443067,97558.6885
587,-2891.95,4.1383,-3074.54,-3547.708167,702.723247,97558.6885
588,-2891.85,4.22129,-3074.54,-3547.68733,703.1404257,97558.6885
589,-2891.74,4.30875,-3074.55,-3547.659719,703.5323406,97558.67625
590,-2891.65,4.40091,-3074.57,-3547.662365,703.861964,97558.65175
591,-2891.57,4.49803,-3074.59,-3547.683337,704.1412336,97558.62725
592,-2891.49,4.60037,-3074.63,-3547.710703,704.3820898,97558.57825
593,-2891.43,4.70824,-3074.67,-3547.769344,704.5596632,97558.52925
594,-2891.38,4.82193,-3074.72,-3547.847364,704.6964512,97558.468
595,-2891.34,4.94171,-3074.78,-3547.945095,704.7921397,97558.3945
596,-2891.3,5.06783,-3074.84,-3548.050592,704.8481051,97558.321
597,-2891.27,5.20046,-3074.9,-3548.176314,704.8730928,97558.2475
598,-2891.24,5.33992,-3074.97,-3548.310402,704.8895814,97558.16175
599,-2891.23,5.48634,-3075.05,-3548.477517,704.8517747,97558.06375
600,-2891.22,5.63983,-3075.14,-3548.653292,704.8158503,97557.9535
601,-2891.22,5.80045,-3075.22,-3548.850051,704.7589552,97557.8555
602,-2891.23,5.96814,-3075.32,-3549.067722,704.7024075,97557.733
603,-2891.24,6.14282,-3075.42,-3549.293954,704.6586363,97557.6105
604,-2891.26,6.32427,-3075.52,-3549.540731,704.6369311,97557.488
605,-2891.29,6.51212,-3075.63,-3549.807597,704.637854,97557.35325
606,-2891.32,6.70581,-3075.74,-3550.081617,704.6956372,97557.2185
607,-2891.37,6.90438,-3075.87,-3550.386115,704.7976818,97557.05925
608,-2891.43,7.10698,-3076,-3550.707801,704.9680136,97556.9
609,-2891.49,7.31239,-3076.13,-3551.032928,705.2417051,97556.74075
610,-2891.56,7.51877,-3076.27,-3551.371493,705.6089236,97556.56925
611,-2891.63,7.72401,-3076.4,-3551.708662,706.1058328,97556.41
612,-2891.71,7.92568,-3076.55,-3552.053708,706.7338928,97556.22625
613,-2891.77,8.1059,-3076.67,-3552.347978,707.5518976,97556.07925
614,-2891.83,8.2897,-3076.79,-3552.646633,708.5047784,97555.93225
615,-2891.91,8.46791,-3076.93,-3552.96294,709.5793176,97555.76075
616,-2892.01,8.6303,-3077.1,-3553.284368,710.7774689,97555.5525
617,-2892.13,8.76877,-3077.28,-3553.600993,712.0879421,97555.332
618,-2892.26,8.87808,-3077.47,-3553.894148,713.5081314,97555.09925
619,-2892.39,8.95512,-3077.64,-3554.147772,715.022187,97554.891
620,-2892.51,8.99792,-3077.8,-3554.347202,716.6128027,97554.695
621,-2892.61,9.00463,-3077.93,-3554.477922,718.2519084,97554.53575
622,-2892.68,8.97364,-3078.03,-3554.525709,719.9005504,97554.41325
623,-2892.73,8.90312,-3078.11,-3554.500572,721.5166642,97554.31525
624,-2892.76,8.79204,-3078.17,-3554.401249,723.0483397,97554.24175
625,-2892.78,8.64018,-3078.23,-3554.239721,724.430467,97554.16825
626,-2892.8,8.44876,-3078.28,-3554.029731,725.6490119,97554.107
627,-2892.82,8.22063,-3078.34,-3553.774772,726.6474599,97554.0335
628,-2892.84,7.96032,-3078.39,-3553.480392,727.4200911,97553.97225
629,-2892.85,7.67358,-3078.42,-3553.141386,727.9720007,97553.9355
630,-2892.84,7.36706,-3078.43,-3552.753649,728.3072395,97553.92325
631,-2892.8,7.04786,-3078.4,-3552.313629,728.4399135,97553.96
632,-2892.73,6.72254,-3078.34,-3551.829362,728.3831355,97554.0335
633,-2892.63,6.39662,-3078.25,-3551.30761,728.1724391,97554.14375
634,-2892.49,6.07444,-3078.12,-3550.741439,727.8359636,97554.303
635,-2892.37,5.75012,-3078.04,-3550.197147,727.3391957,97554.401
636,-2892.17,5.45115,-3077.85,-3549.585909,726.7921833,97554.63375
637,-2891.91,5.17708,-3077.59,-3548.931673,726.2238902,97554.95225
638,-2891.6,4.92874,-3077.27,-3548.247706,725.6211575,97555.34425
639,-2891.26,4.70622,-3076.91,-3547.55862,724.9911632,97555.78525
640,-2890.9,4.50746,-3076.53,-3546.874139,724.3454023,97556.25075
641,-2890.52,4.3325,-3076.14,-3546.194313,723.683908,97556.7285
642,-2890.14,4.17977,-3075.75,-3545.541718,723.0264516,97557.20625
643,-2889.76,4.04822,-3075.39,-3544.91507,722.3532465,97557.64725
644,-2889.39,3.93524,-3075.03,-3544.323419,721.6658623,97558.08825
645,-2889.03,3.83953,-3074.67,-3543.765174,720.9870849,97558.52925
646,-2888.66,3.7595,-3074.29,-3543.213888,720.3328304,97558.99475
647,-2888.29,3.69323,-3073.89,-3542.679457,719.6826571,97559.48475
648,-2887.89,3.63871,-3073.47,-3542.12267,719.0863807,97559.99925
649,-2887.49,3.59384,-3073.04,-3541.577704,718.5098478,97560.526
650,-2887.07,3.56689,-3072.57,-3541.03019,717.9568678,97561.10175
651,-2886.65,3.54176,-3072.11,-3540.484906,717.4226774,97561.66525
652,-2886.22,3.51728,-3071.65,-3539.928168,716.9103882,97562.22875
653,-2885.78,3.49416,-3071.21,-3539.360846,716.4297229,97562.76775
654,-2885.34,3.47372,-3070.76,-3538.796807,715.9456513,97563.319
655,-2884.9,3.45685,-3070.3,-3538.237141,715.4782604,97563.8825
656,-2884.46,3.44367,-3069.84,-3537.681996,715.0062342,97564.446
657,-2884.02,3.43363,-3069.37,-3537.130697,714.5302478,97565.02175
658,-2883.59,3.42559,-3068.89,-3536.594098,714.0288573,97565.60975
659,-2883.15,3.41862,-3068.41,-3536.04656,713.5488839,97566.19775
660,-2882.71,3.412,-3067.93,-3535.49945,713.0577765,97566.78575
661,-2882.27,3.40552,-3067.44,-3534.952512,712.5557891,97567.386
662,-2881.82,3.39875,-3066.95,-3534.392969,712.0556953,97567.98625
663,-2881.36,3.39167,-3066.45,-3533.820796,711.557516,97568.59875
664,-2880.91,3.38439,-3065.96,-3533.260628,711.0472116,97569.199
665,-2880.47,3.3768,-3065.48,-3532.71233,710.5037176,97569.787
666,-2880.03,3.36926,-3064.99,-3532.164094,709.9494365,97570.38725
667,-2879.59,3.36176,-3064.51,-3531.615906,709.3737749,97570.97525
668,-2879.16,3.35428,-3064.03,-3531.079993,708.7751031,97571.56325
669,-2878.72,3.34677,-3063.55,-3530.531793,708.1779788,97572.15125
670,-2878.29,3.33921,-3063.06,-3529.995782,707.5579224,97572.7515
671,-2877.86,3.33163,-3062.57,-3529.459747,706.9165359,97573.35175
672,-2877.42,3.32404,-3062.08,-3528.911449,706.2766579,97573.952
673,-2876.98,3.3165,-3061.59,-3528.363213,705.6259608,97574.55225
674,-2876.54,3.30904,-3061.1,-3527.815074,704.9644038,97575.1525
675,-2876.1,3.3017,-3060.6,-3527.267083,704.2813205,97575.765
676,-2875.66,3.29451,-3060.11,-3526.719275,703.5978948,97576.36525
677,-2875.22,3.28746,-3059.61,-3526.171638,702.892907,97576.97775
678,-2874.79,3.28057,-3059.12,-3525.636448,702.1646912,97577.578
679,-2874.35,3.27386,-3058.62,-3525.089228,701.4483375,97578.1905
680,-2873.91,3.26734,-3058.13,-3524.542241,700.7103425,97578.79075
681,-2873.48,3.26103,-3057.63,-3524.007762,699.9596666,97579.40325
682,-2873.04,3.25496,-3057.13,-3523.461326,699.2101495,97580.01575
683,-2872.6,3.24917,-3056.64,-3522.915233,698.4601123,97580.616
684,-2872.17,3.24366,-3056.14,-3522.381734,697.676052,97581.2285
685,-2871.72,3.23869,-3055.63,-3521.824395,696.9262745,97581.85325
686,-2871.28,3.23392,-3055.13,-3521.279552,696.1531916,97582.46575
687,-2870.84,3.22938,-3054.62,-3520.734991,695.3690117,97583.0905
688,-2870.41,3.22507,-3054.12,-3520.202961,694.5827449,97583.703
689,-2869.97,3.22105,-3053.62,-3519.659036,693.7975539,97584.3155
690,-2869.54,3.21737,-3053.13,-3519.127778,692.999508,97584.91575
691,-2869.11,3.21406,-3052.63,-3518.596974,692.2114571,97585.52825
692,-2868.67,3.21114,-3052.13,-3518.054397,691.4243537,97586.14075
693,-2868.24,3.2086,-3051.63,-3517.524535,690.6349854,97586.75325
694,-2867.81,3.20643,-3051.13,-3516.995127,689.8343351,97587.36575
695,-2867.38,3.20459,-3050.64,-3516.466123,689.0543767,97587.966
696,-2866.95,3.20311,-3050.14,-3515.93756,688.2631477,97588.5785
697,-2866.52,3.20197,-3049.64,-3515.409413,687.4819604,97589.191
698,-2866.09,3.20118,-3049.15,-3514.881696,686.7108065,97589.79125
699,-2865.66,3.2007,-3048.65,-3514.354357,685.93909,97590.40375
700,-2865.24,3.20053,-3048.16,-3513.839649,685.1652112,97591.004
701,-2864.82,3.2003,-3047.67,-3513.324868,684.4018775,97591.60425
702,-2864.4,3.20059,-3047.18,-3512.810723,683.6483824,97592.2045
703,-2863.97,3.20134,-3046.69,-3512.284891,682.9063986,97592.80475
704,-2863.55,3.20247,-3046.2,-3511.771776,682.1728367,97593.405
705,-2863.13,3.20387,-3045.71,-3511.258991,681.4387741,97594.00525
706,-2862.71,3.20548,-3045.22,-3510.746463,680.7256026,97594.6055
707,-2862.29,3.20726,-3044.74,-3510.234144,680.0120582,97595.1935
708,-2861.87,3.20917,-3044.25,-3509.721983,679.3088517,97595.79375
709,-2861.45,3.21121,-3043.77,-3509.209982,678.6266507,97596.38175
710,-2861.04,3.21339,-3043.29,-3508.710403,677.9425363,97596.96975
711,-2860.63,3.2157,-3042.81,-3508.210983,677.2581082,97597.55775
712,-2860.22,3.21811,-3042.33,-3507.711685,676.5947385,97598.14575
713,-2859.81,3.22059,-3041.86,-3507.212473,675.9311339,97598.7215
714,-2859.4,3.2231,-3041.38,-3506.713298,675.2886838,97599.3095
715,-2858.99,3.22561,-3040.91,-3506.214122,674.6567612,97599.88525
716,-2858.59,3.22806,-3040.44,-3505.727124,674.0125206,97600.461
717,-2858.18,3.23042,-3039.97,-3505.227764,673.3911728,97601.03675
718,-2857.78,3.23263,-3039.5,-3504.740472,672.7789703,97601.6125
719,-2857.38,3.23466,-3039.03,-3504.252959,672.1668541,97602.18825
720,-2856.97,3.23647,-3038.56,-3503.752926,671.567123,97602.764
721,-2856.58,3.23801,-3038.1,-3503.277062,670.9537672,97603.3275
722,-2856.18,3.23925,-3037.64,-3502.788581,670.363577,97603.891
723,-2855.78,3.24014,-3037.18,-3502.299672,669.7736855,97604.4545
724,-2855.39,3.24064,-3036.73,-3501.822534,669.1825742,97605.00575
725,-2855,3.24071,-3036.27,-3501.34487,668.5811773,97605.56925
726,-2854.61,3.24032,-3035.82,-3500.866642,667.9908982,97606.1205
727,-2854.22,3.23943,-3035.37,-3500.387802,667.4011025,97606.67175
728,-2853.83,3.23798,-3034.92,-3499.908275,666.8118632,97607.223
729,-2853.44,3.23593,-3034.47,-3499.428014,666.2232289,97607.77425
730,-2853.06,3.23323,-3034.02,-3498.959207,665.6230102,97608.3255
731,-2852.67,3.22983,-3033.58,-3498.477292,665.0250763,97608.8645
732,-2852.29,3.22572,-3033.13,-3498.006757,664.4156278,97609.41575
733,-2851.91,3.22084,-3032.69,-3497.535279,663.8069875,97609.95475
734,-2851.53,3.21519,-3032.25,-3497.062858,663.1884597,97610.49375
735,-2851.15,3.20874,-3031.81,-3496.589457,662.5600765,97611.03275
736,-2850.77,3.20147,-3031.38,-3496.115051,661.9218579,97611.5595
737,-2850.39,3.19339,-3030.94,-3495.639653,661.2844861,97612.0985
738,-2850,3.18466,-3030.5,-3495.151208,660.6493142,97612.6375
739,-2849.63,3.17497,-3030.07,-3494.686088,659.9799671,97613.16425
740,-2849.25,3.1643,-3029.64,-3494.207517,659.313215,97613.691
741,-2848.88,3.15267,-3029.21,-3493.740021,658.6245285,97614.21775
742,-2848.51,3.14015,-3028.79,-3493.271434,657.9153618,97614.73225
743,-2848.15,3.12678,-3028.37,-3492.814056,657.1948211,97615.24675
744,-2847.78,3.11261,-3027.94,-3492.343447,656.4766363,97615.7735
745,-2847.4,3.09766,-3027.52,-3491.859634,655.7500687,97616.288
746,-2847.03,3.08193,-3027.1,-3491.387114,655.0013205,97616.8025
747,-2846.66,3.06545,-3026.67,-3490.913676,654.2426007,97617.32925
748,-2846.29,3.0482,-3026.25,-3490.439295,653.4739291,97617.84375
749,-2845.92,3.03022,-3025.83,-3489.96402,652.684537,97618.35825
750,-2845.55,3.01151,-3025.41,-3489.48785,651.8851326,97618.87275
751,-2845.19,2.99213,-3025,-3489.023109,651.063388,97619.375
752,-2844.82,2.9721,-3024.58,-3488.545323,650.2437745,97619.8895
753,-2844.45,2.95147,-3024.16,-3488.066801,649.4139767,97620.404
754,-2844.08,2.9303,-3023.75,-3487.587618,648.573917,97620.90625
755,-2843.72,2.90862,-3023.34,-3487.12006,647.7005804,97621.4085
756,-2843.35,2.88649,-3022.92,-3486.6397,646.8398364,97621.923
757,-2842.98,2.86396,-3022.51,-3486.158851,645.9579198,97622.42525
758,-2842.61,2.84108,-3022.1,-3485.677573,645.0762188,97622.9275
759,-2842.23,2.81754,-3021.67,-3485.183237,644.1859029,97623.45425
760,-2841.86,2.79406,-3021.26,-3484.701224,643.2830463,97623.9565
761,-2841.5,2.77089,-3020.86,-3484.23184,642.3566097,97624.4465
762,-2841.15,2.74725,-3020.46,-3483.774131,641.4075454,97624.9365
763,-2840.78,2.72291,-3020.04,-3483.291065,640.4836183,97625.451
764,-2840.42,2.699,-3019.64,-3482.820775,639.5252187,97625.941
765,-2840.04,2.67459,-3019.23,-3482.325373,638.6024477,97626.44325
766,-2839.68,2.65076,-3018.83,-3481.855181,637.6435053,97626.93325
767,-2839.32,2.62685,-3018.42,-3481.384891,636.6736965,97627.4355
768,-2838.95,2.60294,-3018.02,-3480.902352,635.715915,97627.9255
769,-2838.58,2.57922,-3017.61,-3480.420045,634.7576794,97628.42775
770,-2838.2,2.55566,-3017.2,-3479.925684,633.8005299,97628.93
771,-2837.83,2.53233,-3016.79,-3479.443854,632.8306272,97629.43225
772,-2837.47,2.50926,-3016.38,-3478.974593,631.8586878,97629.9345
773,-2837.1,2.48647,-3015.98,-3478.493426,630.8876869,97630.4245
774,-2836.73,2.464,-3015.58,-3478.01265,629.916077,97630.9145
775,-2836.37,2.44188,-3015.18,-3477.544553,628.9315729,97631.4045
776,-2836.01,2.42014,-3014.78,-3477.076922,627.9463888,97631.8945
777,-2835.64,2.39881,-3014.39,-3476.597542,626.9834998,97632.37225
778,-2835.27,2.37793,-3013.99,-3476.118714,626.0090893,97632.86225
779,-2834.9,2.35752,-3013.59,-3475.640462,625.0446559,97633.35225
780,-2834.54,2.33761,-3013.19,-3475.175072,624.0671538,97633.84225
781,-2834.17,2.31832,-3012.78,-3474.698192,623.1117034,97634.3445
782,-2833.8,2.29952,-3012.38,-3474.221912,622.1554518,97634.8345
783,-2833.43,2.28121,-3011.99,-3473.746232,621.1983995,97635.31225
784,-2833.06,2.2634,-3011.59,-3473.271165,620.2513068,97635.80225
785,-2832.7,2.24608,-3011.2,-3472.808948,619.301941,97636.28
786,-2832.33,2.22931,-3010.81,-3472.335155,618.3639597,97636.75775
787,-2831.97,2.2131,-3010.42,-3471.874298,617.4128507,97637.2355
788,-2831.61,2.1975,-3010.03,-3471.414188,616.4715808,97637.71325
789,-2831.25,2.1825,-3009.64,-3470.954813,615.5401679,97638.191
790,-2830.89,2.16812,-3009.25,-3470.496197,614.6078107,97638.66875
791,-2830.52,2.15435,-3008.86,-3470.026079,613.6975542,97639.1465
792,-2830.16,2.14118,-3008.47,-3469.568946,612.7849153,97639.62425
793,-2829.79,2.12859,-3008.08,-3469.100273,611.8944231,97640.102
794,-2829.43,2.11658,-3007.7,-3468.64456,610.9907946,97640.5675
795,-2829.07,2.10516,-3007.31,-3468.189571,610.0970561,97641.04525
796,-2828.7,2.09495,-3006.92,-3467.723814,609.213912,97641.523
797,-2828.34,2.08485,-3006.53,-3467.270441,608.3397924,97642.00075
798,-2827.98,2.07498,-3006.15,-3466.81735,607.4652229,97642.46625
799,-2827.63,2.06552,-3005.78,-3466.377012,606.5885269,97642.9195
800,-2827.28,2.0566,-3005.41,-3465.937335,605.7110025,97643.37275
801,-2826.93,2.04813,-3005.05,-3465.498209,604.8435568,97643.81375
802,-2826.59,2.04042,-3004.68,-3465.072265,603.9735642,97644.267
803,-2826.24,2.03342,-3004.31,-3464.63494,603.1255889,97644.72025
804,-2825.88,2.02705,-3003.94,-3464.186136,602.2997328,97645.1735
805,-2825.53,2.02122,-3003.57,-3463.750245,601.4608057,97645.62675
806,-2825.18,2.01586,-3003.19,-3463.314928,600.6319474,97646.09225
807,-2824.82,2.01093,-3002.82,-3462.867889,599.82546,97646.5455
808,-2824.47,2.0064,-3002.45,-3462.43359,599.006076,97646.99875
809,-2824.12,2.00226,-3002.09,-3461.999769,598.1968656,97647.43975
810,-2823.77,1.99852,-3001.72,-3461.566437,597.3978197,97647.893
811,-2823.43,1.99516,-3001.36,-3461.145821,596.5859039,97648.334
812,-2823.09,1.99218,-3001,-3460.725671,595.7841805,97648.775
813,-2822.75,1.98956,-3000.65,-3460.305961,594.9926766,97649.20375
814,-2822.4,1.9873,-3000.29,-3459.874442,594.2128297,97649.64475
815,-2822.06,1.98536,-2999.93,-3459.455566,593.4310047,97650.08575
816,-2821.72,1.98371,-2999.58,-3459.037045,592.6486728,97650.5145
817,-2821.38,1.98242,-2999.22,-3458.618964,591.8765669,97650.9555
818,-2821.04,1.98136,-2998.87,-3458.201166,591.1040278,97651.38425
819,-2820.7,1.98052,-2998.52,-3457.783637,590.3418898,97651.813
820,-2820.36,1.97988,-2998.17,-3457.366353,589.5901797,97652.24175
821,-2820.03,1.97941,-2997.82,-3456.961527,588.825862,97652.6705
822,-2819.69,1.97909,-2997.47,-3456.544635,588.0734601,97653.09925
823,-2819.36,1.97891,-2997.13,-3456.140165,587.319313,97653.51575
824,-2819.02,1.97884,-2996.78,-3455.723579,586.5879605,97653.9445
825,-2818.53,1.97385,-2996.26,-3455.117216,586.0462363,97654.5815
826,-2818.15,1.97117,-2995.85,-3454.648433,585.3667823,97655.08375
827,-2817.97,1.97844,-2995.69,-3454.436839,584.4299893,97655.27975
828,-2817.64,1.97631,-2995.34,-3454.02998,583.6991441,97655.7085
829,-2817.34,1.97527,-2995.03,-3453.661206,582.9408995,97656.08825
830,-2817.06,1.97523,-2994.73,-3453.318157,582.1459441,97656.45575
831,-2816.77,1.97584,-2994.44,-3452.963654,581.3731284,97656.811
832,-2816.46,1.97667,-2994.13,-3452.584921,580.6243929,97657.19075
833,-2816.15,1.97736,-2993.81,-3452.206016,579.8756775,97657.58275
834,-2815.81,1.9778,-2993.47,-3451.790055,579.1747076,97657.99925
835,-2815.46,1.97759,-2993.12,-3451.361048,578.4866331,97658.428
836,-2815.12,1.97672,-2992.77,-3450.943482,577.7869648,97658.85675
837,-2814.78,1.97531,-2992.42,-3450.525255,577.0878052,97659.2855
838,-2814.45,1.97351,-2992.08,-3450.1188,576.3767196,97659.702
839,-2814.12,1.97148,-2991.75,-3449.712063,575.6766091,97660.10625
840,-2813.81,1.96927,-2991.43,-3449.329606,574.9412159,97660.49825
841,-2813.5,1.96689,-2991.11,-3448.94694,574.2167255,97660.89025
842,-2813.19,1.96427,-2990.8,-3448.563981,573.4923739,97661.27
843,-2812.88,1.96133,-2990.48,-3448.180629,572.7574043,97661.662
844,-2812.56,1.95796,-2990.16,-3447.784501,572.0459068,97662.054
845,-2812.24,1.95409,-2989.84,-3447.38776,571.3348642,97662.446
846,-2811.92,1.94968,-2989.51,-3446.990358,570.6243237,97662.85025
847,-2811.6,1.9447,-2989.18,-3446.592257,569.9143221,97663.2545
848,-2811.27,1.93916,-2988.85,-3446.181221,569.2170955,97663.65875
849,-2810.95,1.93308,-2988.53,-3445.781773,568.5081189,97664.05075
850,-2810.63,1.92645,-2988.2,-3445.381651,567.799654,97664.455
851,-2810.31,1.91926,-2987.87,-3444.980844,567.0917114,97664.85925
852,-2809.99,1.91148,-2987.55,-3444.579313,566.3843275,97665.25125
853,-2809.67,1.9031,-2987.23,-3444.177048,565.6666476,97665.64325
854,-2809.36,1.89413,-2986.92,-3443.786309,564.9481397,97666.023
855,-2809.05,1.88454,-2986.6,-3443.394812,564.2302246,97666.415
856,-2808.73,1.87434,-2986.29,-3442.990317,563.5142697,97666.79475
857,-2808.42,1.8635,-2985.97,-3442.597288,562.7975491,97667.18675
858,-2808.1,1.85199,-2985.65,-3442.191188,562.0828582,97667.57875
859,-2807.78,1.83963,-2985.33,-3441.784047,561.3799101,97667.97075
860,-2807.46,1.82666,-2985,-3441.376159,560.6666644,97668.375
861,-2807.14,1.81308,-2984.68,-3440.967523,559.9539925,97668.767
862,-2806.82,1.79885,-2984.36,-3440.558091,559.2419429,97669.159
863,-2806.49,1.78392,-2984.03,-3440.135552,558.5428263,97669.56325
864,-2806.17,1.76828,-2983.71,-3439.724393,557.8321545,97669.95525
865,-2805.84,1.75188,-2983.38,-3439.300053,557.1344879,97670.3595
866,-2805.52,1.73473,-2983.05,-3438.887044,556.4144316,97670.76375
867,-2805.19,1.71681,-2982.72,-3438.460842,555.7182733,97671.168
868,-2804.86,1.69815,-2982.39,-3438.033734,555.0228446,97671.57225
869,-2804.53,1.67876,-2982.06,-3437.605731,554.3172468,97671.9765
870,-2804.2,1.65867,-2981.73,-3437.176871,553.6123263,97672.38075
871,-2803.87,1.63788,-2981.4,-3436.747153,552.9189718,97672.785
872,-2803.54,1.61642,-2981.07,-3436.316615,552.2153702,97673.18925
873,-2803.21,1.59427,-2980.73,-3435.885231,551.5124335,97673.60575
874,-2802.87,1.57144,-2980.4,-3435.440764,550.8223985,97674.01
875,-2802.54,1.54793,-2980.07,-3435.007714,550.1207662,97674.41425
876,-2802.2,1.52373,-2979.73,-3434.561569,549.4320482,97674.83075
877,-2801.86,1.49887,-2979.39,-3434.114616,548.7439577,97675.24725
878,-2801.52,1.47334,-2979.05,-3433.666842,548.0565078,97675.66375
879,-2801.18,1.44715,-2978.7,-3433.218259,547.3696852,97676.0925
880,-2800.83,1.42034,-2978.35,-3432.756667,546.6956923,97676.52125
881,-2800.48,1.39291,-2978,-3432.294315,546.0222786,97676.95
882,-2800.13,1.36488,-2977.65,-3431.831228,545.360323,97677.37875
883,-2799.77,1.33627,-2977.3,-3431.355181,544.7002473,97677.8075
884,-2799.42,1.30708,-2976.94,-3430.890673,544.0284527,97678.2485
885,-2799.06,1.27735,-2976.58,-3430.413254,543.3802969,97678.6895
886,-2798.7,1.24726,-2976.23,-3429.935393,542.7214994,97679.11825
887,-2798.34,1.21629,-2975.86,-3429.456455,542.0745109,97679.5715
888,-2797.97,1.18491,-2975.5,-3428.964765,541.4291896,97680.0125
889,-2797.61,1.1532,-2975.13,-3428.48492,540.7827578,97680.46575
890,-2797.24,1.12106,-2974.77,-3427.992298,540.1598419,97680.90675
891,-2796.87,1.08846,-2974.4,-3427.499114,539.526405,97681.36
892,-2796.5,1.05537,-2974.03,-3427.005328,538.9043116,97681.81325
893,-2796.13,1.02178,-2973.66,-3426.510931,538.271745,97682.2665
894,-2795.75,0.987696,-2973.28,-3426.003678,537.6627805,97682.732
895,-2795.37,0.953148,-2972.9,-3425.495856,537.0651359,97683.1975
896,-2794.99,0.918163,-2972.52,-3424.9875,536.4569418,97683.663
897,-2794.64,0.877668,-2972.19,-3424.509143,535.840429,97684.06725
898,-2794.27,0.840393,-2971.82,-3424.010231,535.2333915,97684.5205
899,-2793.87,0.80535,-2971.42,-3423.477304,534.6711311,97685.0105
900,-2793.47,0.771071,-2971.01,-3422.945312,534.1077755,97685.51275
901,-2793.05,0.736351,-2970.6,-3422.38828,533.5693001,97686.015
902,-2792.64,0.700564,-2970.18,-3421.842191,533.0306509,97686.5295
903,-2792.23,0.663617,-2969.77,-3421.294681,532.5041962,97687.03175
904,-2791.81,0.626086,-2969.35,-3420.734205,531.9905547,97687.54625
905,-2791.4,0.587771,-2968.94,-3420.185019,531.4654739,97688.0485
906,-2791,0.549056,-2968.54,-3419.647594,530.9394158,97688.5385
907,-2790.59,0.510218,-2968.14,-3419.097767,530.4256122,97689.0285
908,-2790.19,0.471391,-2967.74,-3418.560204,529.910334,97689.5185
909,-2789.79,0.432581,-2967.34,-3418.022662,529.4058286,97690.0085
910,-2789.38,0.393733,-2966.93,-3417.472823,528.9134804,97690.51075
911,-2788.96,0.354759,-2966.51,-3416.91058,528.4443351,97691.02525
912,-2788.52,0.317442,-2966.06,-3416.325866,527.9975186,97691.5765
913,-2788.08,0.278784,-2965.61,-3415.73951,527.5631468,97692.12775
914,-2787.65,0.238947,-2965.19,-3415.16396,527.1287772,97692.64225
915,-2787.22,0.1984,-2964.76,-3414.58754,526.7060916,97693.169
916,-2786.79,0.157541,-2964.34,-3414.010738,526.2836625,97693.6835
917,-2786.36,0.116711,-2963.92,-3413.433971,525.8720169,97694.198
918,-2785.93,0.0760678,-2963.49,-3412.857433,525.4709663,97694.72475
919,-2785.49,0.0356098,-2963.05,-3412.268872,525.0927643,97695.26375
920,-2785.04,-0.00477766,-2962.6,-3411.668147,524.726607,97695.815
921,-2784.59,-0.0452709,-2962.15,-3411.067293,524.3823587,97696.36625
922,-2784.14,-0.0859813,-2961.7,-3410.466173,524.0382615,97696.9175
923,-2783.68,-0.126961,-2961.24,-3409.852473,523.7175818,97697.481
924,-2783.22,-0.16819,-2960.78,-3409.238467,523.4080475,97698.0445
925,-2782.76,-0.209601,-2960.32,-3408.624239,523.1095802,97698.608
926,-2782.29,-0.251183,-2959.85,-3407.997551,522.8344205,97699.18375
927,-2781.82,-0.29276,-2959.39,-3407.370869,522.5701045,97699.74725
928,-2781.35,-0.334324,-2958.92,-3406.744203,522.3056698,97700.323
929,-2780.88,-0.37592,-2958.45,-3406.117498,522.063086,97700.89875
930,-2780.41,-0.417588,-2957.98,-3405.490705,521.8314489,97701.4745
931,-2779.94,-0.459369,-2957.51,-3404.863773,521.6108125,97702.05025
932,-2779.46,-0.501289,-2957.03,-3404.224421,521.4134609,97702.63825
933,-2778.98,-0.543355,-2956.55,-3403.58489,521.2271549,97703.22625
934,-2778.5,-0.585563,-2956.07,-3402.945185,521.0518932,97703.81425
935,-2778.01,-0.627899,-2955.58,-3402.293074,520.9108738,97704.4145
936,-2777.51,-0.670346,-2955.09,-3401.628576,520.7821528,97705.01475
937,-2777.02,-0.7129,-2954.6,-3400.976198,520.6631557,97705.615
938,-2776.52,-0.755544,-2954.1,-3400.311459,520.5673999,97706.2275
939,-2776.02,-0.798277,-2953.6,-3399.646611,520.4826366,97706.84
940,-2775.52,-0.841116,-2953.1,-3398.981633,520.4088886,97707.4525
941,-2775.01,-0.883988,-2952.59,-3398.304365,520.3692879,97708.07725
942,-2774.5,-0.92697,-2952.09,-3397.626962,520.3297451,97708.68975
943,-2773.99,-0.970094,-2951.57,-3396.949385,520.3122371,97709.32675
944,-2773.47,-1.01338,-2951.06,-3396.25936,520.3290441,97709.9515
945,-2772.95,-1.05683,-2950.53,-3395.569133,520.3459799,97710.60075
946,-2772.43,-1.10045,-2950.01,-3394.878699,520.384994,97711.23775
947,-2771.9,-1.14421,-2949.49,-3394.175843,520.4583056,97711.87475
948,-2771.37,-1.18813,-2948.96,-3393.472791,520.5317445,97712.524
949,-2770.84,-1.2322,-2948.43,-3392.769555,520.6272463,97713.17325
950,-2770.31,-1.27643,-2947.9,-3392.066123,520.7448282,97713.8225
951,-2769.77,-1.32082,-2947.36,-3391.350246,520.8857671,97714.484
952,-2769.24,-1.3654,-2946.83,-3390.646385,521.0256016,97715.13325
953,-2768.69,-1.41016,-2946.29,-3389.917804,521.2120479,97715.79475
954,-2768.15,-1.45513,-2945.74,-3389.201216,521.3974174,97716.4685
955,-2767.6,-1.50029,-2945.2,-3388.472145,521.6061882,97717.13
956,-2767.05,-1.54566,-2944.65,-3387.742817,521.848092,97717.80375
957,-2766.5,-1.59125,-2944.09,-3387.013219,522.0902088,97718.48975
958,-2765.94,-1.63707,-2943.54,-3386.271089,522.3667602,97719.1635
959,-2765.38,-1.68314,-2942.98,-3385.528654,522.665522,97719.8495
960,-2764.82,-1.72948,-2942.41,-3384.785887,522.9755422,97720.54775
961,-2764.25,-1.7761,-2941.85,-3384.030528,523.3200631,97721.23375
962,-2763.68,-1.82301,-2941.28,-3383.274813,523.6758705,97721.932
963,-2763.11,-1.8702,-2940.71,-3382.518755,524.053932,97722.63025
964,-2762.54,-1.91768,-2940.14,-3381.762342,524.4432822,97723.3285
965,-2761.96,-1.96546,-2939.56,-3380.993312,524.867166,97724.039
966,-2761.38,-2.01355,-2938.98,-3380.223901,525.3133475,97724.7495
967,-2760.8,-2.06196,-2938.4,-3379.454099,525.7708573,97725.46
968,-2760.22,-2.1107,-2937.82,-3378.683892,526.2506927,97726.1705
969,-2759.63,-2.15978,-2937.23,-3377.90102,526.7541332,97726.89325
970,-2759.04,-2.20918,-2936.64,-3377.117755,527.27989,97727.616
971,-2758.44,-2.2589,-2936.04,-3376.321848,527.8402137,97728.351
972,-2757.84,-2.30896,-2935.45,-3375.525524,528.4228801,97729.07375
973,-2757.24,-2.35935,-2934.84,-3374.728796,529.0168938,97729.821
974,-2756.64,-2.4101,-2934.24,-3373.931628,529.6222929,97730.556
975,-2756.03,-2.46122,-2933.63,-3373.121756,530.2733093,97731.30325
976,-2755.41,-2.51272,-2933.02,-3372.299168,530.9479874,97732.0505
977,-2754.8,-2.56461,-2932.4,-3371.488353,531.6218387,97732.81
978,-2754.18,-2.61689,-2931.78,-3370.66481,532.3413354,97733.5695
979,-2753.56,-2.66957,-2931.16,-3369.840777,533.0722697,97734.329
980,-2752.93,-2.72266,-2930.54,-3369.003992,533.8378907,97735.0885
981,-2752.31,-2.77615,-2929.91,-3368.178966,534.6026998,97735.86025
982,-2751.67,-2.83006,-2929.28,-3367.328927,535.4254438,97736.632
983,-2751.04,-2.88437,-2928.64,-3366.490647,536.2363916,97737.416
984,-2750.4,-2.9391,-2928,-3365.639603,537.0930256,97738.2
985,-2749.76,-2.99426,-2927.36,-3364.788032,537.9611355,97738.984
986,-2749.11,-3.04985,-2926.72,-3363.923684,538.8749446,97739.768
987,-2748.46,-3.10589,-2926.07,-3363.058785,539.7892702,97740.56425
988,-2747.81,-3.16237,-2925.41,-3362.193347,540.7370563,97741.37275
989,-2747.15,-3.21931,-2924.76,-3361.315095,541.708606,97742.169
990,-2746.49,-3.27669,-2924.1,-3360.436305,542.7026317,97742.9775
991,-2745.83,-3.33451,-2923.43,-3359.556975,543.7191325,97743.79825
992,-2745.16,-3.39278,-2922.76,-3358.664845,544.7593862,97744.619
993,-2744.49,-3.45149,-2922.09,-3357.772175,545.833098,97745.43975
994,-2743.81,-3.51066,-2921.42,-3356.866692,546.9305752,97746.2605
995,-2743.13,-3.57029,-2920.74,-3355.960645,548.039566,97747.0935
996,-2742.45,-3.63039,-2920.05,-3355.054022,549.182051,97747.93875
997,-2741.76,-3.69097,-2919.37,-3354.134562,550.348324,97748.77175
998,-2741.06,-3.74298,-2918.67,-3353.21335,551.5382893,97749.62925
999,-2740.37,-3.80068,-2917.97,-3352.297417,552.7449104,97750.48675
1000,-2739.67,-3.86332,-2917.28,-3351.363183,553.9807839,97751.332
1001,-2738.97,-3.92906,-2916.58,-3350.425152,555.2423849,97752.1895
1002,-2738.27,-3.99582,-2915.88,-3349.485871,556.5271634,97753.047
1003,-2737.56,-4.06233,-2915.17,-3348.534646,557.8458136,97753.91675
1004,-2736.84,-4.12795,-2914.45,-3347.572261,559.1865694,97754.79875
1005,-2736.12,-4.19278,-2913.73,-3346.610845,560.5592656,97755.68075
1006,-2735.4,-4.25724,-2913,-3345.649881,561.9424528,97756.575
1007,-2734.67,-4.32188,-2912.27,-3344.676447,563.3490581,97757.46925
1008,-2733.93,-4.38709,-2911.53,-3343.690065,564.8015151,97758.37575
1009,-2733.2,-4.45291,-2910.8,-3342.715185,566.2534136,97759.27
1010,-2732.47,-4.51965,-2910.07,-3341.739179,567.728359,97760.16425
1011,-2731.73,-4.58721,-2909.33,-3340.749918,569.2384829,97761.07075
1012,-2730.98,-4.65545,-2908.58,-3339.747574,570.7726339,97761.9895
1013,-2730.23,-4.72425,-2907.83,-3338.744544,572.3403659,97762.90825
1014,-2729.48,-4.80245,-2907.08,-3337.729999,573.9305515,97763.827
1015,-2728.73,-4.8764,-2906.32,-3336.72066,575.5374302,97764.758
1016,-2727.96,-4.94654,-2905.56,-3335.691489,577.1750882,97765.689
1017,-2727.19,-5.01438,-2904.79,-3334.665135,578.8318473,97766.63225
1018,-2726.42,-5.08161,-2904.02,-3333.639528,580.5097739,97767.5755
1019,-2725.64,-5.14945,-2903.24,-3332.600924,582.2225959,97768.531
1020,-2724.86,-5.2191,-2902.46,-3331.560103,583.9485837,97769.4865
1021,-2724.08,-5.29075,-2901.67,-3330.516831,585.6989258,97770.45425
1022,-2723.29,-5.36411,-2900.88,-3329.459215,587.4745561,97771.422
1023,-2722.49,-5.43864,-2900.09,-3328.387916,589.2967359,97772.38975
1024,-2721.7,-5.51385,-2899.29,-3327.328034,591.1184352,97773.36975
1025,-2720.9,-5.58926,-2898.49,-3326.255656,592.9635641,97774.34975
1026,-2720.09,-5.66499,-2897.68,-3325.170637,594.8541998,97775.342
1027,-2719.28,-5.74057,-2896.87,-3324.085802,596.7555789,97776.33425
1028,-2718.47,-5.81608,-2896.06,-3323.001052,598.6677971,97777.3265
1029,-2717.65,-5.89172,-2895.24,-3321.903893,600.6143375,97778.331
1030,-2716.83,-5.96776,-2894.42,-3320.806244,602.5832491,97779.3355
1031,-2716.01,-6.04417,-2893.6,-3319.708142,604.5745034,97780.34
1032,-2715.18,-6.12119,-2892.77,-3318.597042,606.589679,97781.35675
1033,-2714.35,-6.1988,-2891.94,-3317.48522,608.6165126,97782.3735
1034,-2713.51,-6.27692,-2891.09,-3316.360523,610.6780986,97783.41475
1035,-2712.66,-6.35543,-2890.25,-3315.223098,612.7743118,97784.44375
1036,-2711.81,-6.43425,-2889.4,-3314.085294,614.8818154,97785.485
1037,-2710.96,-6.51332,-2888.54,-3312.947183,617.000547,97786.5385
1038,-2710.1,-6.5926,-2887.69,-3311.796565,619.1536729,97787.57975
1039,-2709.24,-6.67208,-2886.83,-3310.645702,621.3289111,97788.63325
1040,-2708.38,-6.75185,-2885.96,-3309.494484,623.5154283,97789.699
1041,-2707.51,-6.83178,-2885.09,-3308.33082,625.7253128,97790.76475
1042,-2706.63,-6.91188,-2884.22,-3307.154697,627.9695232,97791.8305
1043,-2705.76,-6.99215,-2883.34,-3305.990616,630.2126195,97792.9085
1044,-2704.88,-7.07261,-2882.46,-3304.814053,632.4900561,97793.9865
1045,-2704,-7.15324,-2881.58,-3303.637281,634.7786207,97795.0645
1046,-2703.11,-7.23404,-2880.69,-3302.448051,637.0905748,97796.15475
1047,-2702.22,-7.31496,-2879.79,-3301.258674,639.4245188,97797.25725
1048,-2701.32,-7.39599,-2878.9,-3300.056912,641.7817563,97798.3475
1049,-2700.42,-7.47706,-2877.99,-3298.855102,644.1499771,97799.46225
1050,-2699.51,-7.55816,-2877.09,-3297.641004,646.5413875,97800.56475
1051,-2698.61,-7.63925,-2876.18,-3296.439169,648.9423873,97801.6795
1052,-2697.69,-7.7203,-2875.27,-3295.212883,651.3787464,97802.79425
1053,-2696.78,-7.80128,-2874.35,-3293.998932,653.8136749,97803.92125
1054,-2695.86,-7.88216,-2873.43,-3292.772854,656.2716472,97805.04825
1055,-2694.94,-7.96293,-2872.51,-3291.546911,658.740398,97806.17525
1056,-2694.01,-8.04354,-2871.58,-3290.308914,661.2321127,97807.3145
1057,-2693.08,-8.12397,-2870.65,-3289.071137,663.7454426,97808.45375
1058,-2692.14,-8.2042,-2869.71,-3287.821355,666.2707499,97809.60525
1059,-2691.21,-8.28419,-2868.77,-3286.584117,668.8053537,97810.75675
1060,-2690.26,-8.36391,-2867.83,-3285.32271,671.3641096,97811.90825
1061,-2689.32,-8.43454,-2866.88,-3284.084689,673.9213106,97813.072
1062,-2688.36,-8.51032,-2865.93,-3282.815858,676.5092989,97814.23575
1063,-2687.4,-8.59017,-2864.96,-3281.542042,679.1131725,97815.424
1064,-2686.43,-8.67157,-2864,-3280.254077,681.7420906,97816.6
1065,-2685.48,-8.75269,-2863.04,-3278.990955,684.3570723,97817.776
1066,-2684.52,-8.83238,-2862.09,-3277.717335,686.9934548,97818.93975
1067,-2683.57,-8.91023,-2861.13,-3276.458218,689.6262171,97820.11575
1068,-2682.61,-8.9864,-2860.18,-3275.18891,692.269153,97821.2795
1069,-2681.65,-9.06134,-2859.21,-3273.921109,694.9323866,97822.46775
1070,-2680.68,-9.13567,-2858.24,-3272.641804,697.5962044,97823.656
1071,-2679.71,-9.20945,-2857.27,-3271.363174,700.2811443,97824.84425
1072,-2678.73,-9.2828,-2856.28,-3270.07282,702.9777812,97826.057
1073,-2677.74,-9.35567,-2855.3,-3268.770804,705.6969886,97827.2575
1074,-2676.76,-9.42794,-2854.31,-3267.481774,708.4140852,97828.47025
1075,-2675.77,-9.49947,-2853.33,-3266.181399,711.142508,97829.67075
1076,-2674.79,-9.57016,-2852.34,-3264.894304,713.8576346,97830.8835
1077,-2673.8,-9.63991,-2851.36,-3263.59611,716.5947557,97832.084
1078,-2672.81,-9.70871,-2850.37,-3262.29908,719.3415746,97833.29675
1079,-2671.83,-9.77651,-2849.38,-3261.015525,722.0749242,97834.5095
1080,-2670.84,-9.8433,-2848.39,-3259.720958,724.8301411,97835.72225
1081,-2669.84,-9.90906,-2847.39,-3258.415402,727.5963335,97836.94725
1082,-2668.85,-9.97372,-2846.4,-3257.123443,730.3489152,97838.16
1083,-2667.85,-10.0372,-2845.4,-3255.82068,733.1231765,97839.385
1084,-2666.86,-10.0996,-2844.41,-3254.53149,735.8729603,97840.59775
1085,-2665.86,-10.1607,-2843.41,-3253.231643,738.6551577,97841.82275
1086,-2664.86,-10.2206,-2842.41,-3251.933265,741.4249648,97843.04775
1087,-2663.86,-10.2793,-2841.41,-3250.636358,744.2041793,97844.27275
1088,-2662.86,-10.3366,-2840.41,-3249.341165,746.9816554,97845.49775
1089,-2661.86,-10.3926,-2839.41,-3248.047565,749.7575148,97846.72275
1090,-2660.86,-10.4472,-2838.41,-3246.75568,752.5316486,97847.94775
1091,-2659.86,-10.5004,-2837.41,-3245.46551,755.3149019,97849.17275
1092,-2658.86,-10.5522,-2836.41,-3244.177055,758.0855652,97850.39775
1093,-2657.86,-10.6024,-2835.41,-3242.89056,760.8650974,97851.62275
1094,-2656.86,-10.6511,-2834.4,-3241.605903,763.6319032,97852.86
1095,-2655.86,-10.6983,-2833.4,-3240.323083,766.4077238,97854.085
1096,-2654.86,-10.7438,-2832.41,-3239.042345,769.1814115,97855.29775
1097,-2653.87,-10.7877,-2831.41,-3237.775818,771.9300156,97856.52275
1098,-2652.87,-10.83,-2830.41,-3236.499,774.6997379,97857.74775
1099,-2651.87,-10.8705,-2829.41,-3235.224387,777.4563527,97858.97275
1100,-2650.88,-10.9093,-2828.42,-3233.964108,780.2094709,97860.1855
1101,-2649.89,-10.9463,-2827.43,-3232.706033,782.9494816,97861.39825
1102,-2648.9,-10.9816,-2826.43,-3231.45004,785.6873816,97862.62325
1103,-2647.91,-11.015,-2825.44,-3230.196375,788.4229239,97863.836
1104,-2646.92,-11.0465,-2824.46,-3228.945038,791.1560781,97865.0365
1105,-2645.94,-11.0762,-2823.47,-3227.708155,793.8639051,97866.24925
1106,-2644.95,-11.1039,-2822.49,-3226.461473,796.592321,97867.44975
1107,-2643.97,-11.1297,-2821.5,-3225.229368,799.295272,97868.6625
1108,-2642.99,-11.1535,-2820.53,-3223.999712,801.9957211,97869.85075
1109,-2642.02,-11.1753,-2819.55,-3222.784758,804.6705846,97871.05125
1110,-2641.05,-11.1951,-2818.58,-3221.572253,807.3429446,97872.2395
1111,-2640.08,-11.2129,-2817.61,-3220.362198,810.0127988,97873.42775
1112,-2639.12,-11.2286,-2816.65,-3219.166965,812.6569315,97874.60375
1113,-2638.15,-11.2422,-2815.68,-3217.962055,815.3215228,97875.792
1114,-2637.2,-11.2536,-2814.73,-3216.78434,817.9371809,97876.95575
1115,-2636.25,-11.2629,-2813.77,-3215.609197,820.5610421,97878.13175
1116,-2635.3,-11.27,-2812.83,-3214.43675,823.1712947,97879.28325
1117,-2634.35,-11.2749,-2811.88,-3213.266998,825.7679678,97880.447
1118,-2633.42,-11.2777,-2810.94,-3212.124318,828.3374894,97881.5985
1119,-2632.48,-11.2782,-2810.01,-3210.972205,830.9163619,97882.73775
1120,-2631.55,-11.2765,-2809.08,-3209.835038,833.4693904,97883.877
1121,-2630.63,-11.2726,-2808.16,-3208.712815,835.9965765,97885.004
1122,-2629.71,-11.2664,-2807.24,-3207.59341,838.5208606,97886.131
1123,-2628.8,-11.2579,-2806.32,-3206.489073,841.0299767,97887.258
1124,-2627.89,-11.2472,-2805.42,-3205.38743,843.5254988,97888.3605
1125,-2626.99,-11.2342,-2804.52,-3204.300855,845.9950428,97889.463
1126,-2626.1,-11.219,-2803.62,-3203.229225,848.4495382,97890.5655
1127,-2625.22,-11.2014,-2802.74,-3202.172785,850.8887494,97891.6435
1128,-2624.34,-11.1816,-2801.86,-3201.11904,853.3143531,97892.7215
1129,-2623.46,-11.1594,-2800.98,-3200.068235,855.7260929,97893.7995
1130,-2622.6,-11.1348,-2800.12,-3199.04487,858.1102823,97894.853
1131,-2621.74,-11.1079,-2799.26,-3198.024322,860.4807336,97895.9065
1132,-2620.89,-11.0787,-2798.4,-3197.018843,862.8251943,97896.96
1133,-2620.04,-11.0471,-2797.56,-3196.016303,865.1665969,97897.989
1134,-2619.2,-11.0132,-2796.71,-3195.02883,867.4928104,97899.03025
1135,-2618.37,-10.9769,-2795.88,-3194.056547,869.792901,97900.047
1136,-2617.54,-10.9383,-2795.06,-3193.087083,872.0792424,97901.0515
1137,-2616.73,-10.8974,-2794.25,-3192.144935,874.327332,97902.04375
1138,-2615.93,-10.8542,-2793.44,-3191.217855,876.5602197,97903.036
1139,-2615.13,-10.8087,-2792.64,-3190.293593,878.7901487,97904.016
1140,-2614.34,-10.7608,-2791.85,-3189.38452,880.9831501,97904.98375
1141,-2613.56,-10.7107,-2791.07,-3188.490392,883.1610599,97905.93925
1142,-2612.79,-10.6583,-2790.3,-3187.611333,885.3237533,97906.8825
1143,-2612.03,-10.6036,-2789.54,-3186.74734,887.4604299,97907.8135
1144,-2611.27,-10.5467,-2788.79,-3185.886043,889.5834622,97908.73225
1145,-2610.53,-10.4875,-2788.04,-3185.052063,891.6790151,97909.651
1146,-2609.81,-10.4278,-2787.32,-3184.243195,893.7385086,97910.533
1147,-2609.09,-10.3652,-2786.6,-3183.43788,895.7942839,97911.415
1148,-2608.38,-10.2999,-2785.89,-3182.648123,897.8235421,97912.28475
1149,-2607.68,-10.232,-2785.19,-3181.8738,899.8264036,97913.14225
1150,-2606.98,-10.1617,-2784.49,-3181.102418,901.8261452,97913.99975
1151,-2606.3,-10.0892,-2783.81,-3180.35823,903.7877245,97914.83275
1152,-2605.63,-10.0146,-2783.14,-3179.628865,905.7342943,97915.6535
1153,-2604.97,-9.938,-2782.48,-3178.9142,907.6551934,97916.462
1154,-2604.32,-9.85946,-2781.83,-3178.214162,909.5504945,97917.25825
1155,-2603.69,-9.77896,-2781.19,-3177.541024,911.4186985,97918.04225
1156,-2603.06,-9.69648,-2780.57,-3176.870312,913.2842763,97918.80175
1157,-2602.45,-9.612,-2779.96,-3176.22655,915.1119253,97919.549
1158,-2601.85,-9.5255,-2779.36,-3175.597512,916.9138695,97920.284
1159,-2601.26,-9.43699,-2778.77,-3174.983187,918.7008927,97921.00675
1160,-2600.69,-9.34651,-2778.19,-3174.395775,920.4500179,97921.71725
1161,-2600.12,-9.25407,-2777.63,-3173.810764,922.1965247,97922.40325
1162,-2599.56,-9.15972,-2777.07,-3173.240343,923.917455,97923.08925
1163,-2599.02,-9.06347,-2776.53,-3172.696749,925.6113348,97923.75075
1164,-2598.49,-8.96535,-2775.99,-3172.167696,927.2904461,97924.41225
1165,-2597.97,-8.86526,-2775.47,-3171.653306,928.9331375,97925.04925
1166,-2597.46,-8.76344,-2774.96,-3171.153286,930.5719913,97925.674
1167,-2596.96,-8.65987,-2774.47,-3170.667659,932.1854531,97926.27425
1168,-2596.48,-8.55454,-2773.98,-3170.208689,933.7612628,97926.8745
1169,-2596.01,-8.44745,-2773.51,-3169.764124,935.3224262,97927.45025
1170,-2595.55,-8.33863,-2773.05,-3169.333928,936.8689786,97928.01375
1171,-2595.1,-8.22799,-2772.6,-3168.918212,938.3900495,97928.565
1172,-2594.66,-8.11576,-2772.17,-3168.516694,939.8966751,97929.09175
1173,-2594.24,-8.00199,-2771.75,-3168.141562,941.3766645,97929.60625
1174,-2593.83,-7.88669,-2771.34,-3167.780555,942.831524,97930.1085
1175,-2593.44,-7.76989,-2770.94,-3167.445885,944.2597928,97930.5985
1176,-2593.06,-7.65159,-2770.56,-3167.125302,945.6629683,97931.064
1177,-2592.69,-7.53181,-2770.19,-3166.818783,947.0518246,97931.51725
1178,-2592.34,-7.41065,-2769.84,-3166.538454,948.4142304,97931.946
1179,-2592,-7.28806,-2769.51,-3166.272127,949.7516276,97932.35025
1180,-2591.68,-7.16407,-2769.18,-3166.032014,951.0625489,97932.7545
1181,-2591.36,-7.03873,-2768.86,-3165.793556,952.3715525,97933.1465
1182,-2591.05,-6.91212,-2768.55,-3165.568903,953.6557439,97933.52625
1183,-2590.76,-6.78443,-2768.26,-3165.370073,954.9245881,97933.8815
1184,-2590.48,-6.65548,-2767.98,-3165.185037,956.157891,97934.2245
1185,-2590.22,-6.52534,-2767.72,-3165.025958,957.3757096,97934.543
1186,-2589.97,-6.39404,-2767.47,-3164.880551,958.5688506,97934.84925
1187,-2589.73,-6.26167,-2767.23,-3164.748704,959.758899,97935.14325
1188,-2589.51,-6.12823,-2767.01,-3164.642668,960.9013954,97935.41275
1189,-2589.32,-5.98929,-2766.83,-3164.58012,962.010867,97935.63325
1190,-2589.13,-5.85591,-2766.63,-3164.51076,963.1161483,97935.87825
1191,-2588.94,-5.72141,-2766.44,-3164.442773,964.2305211,97936.111
1192,-2588.79,-5.58066,-2766.29,-3164.431441,965.277233,97936.29475
1193,-2588.64,-5.44008,-2766.14,-3164.419902,966.3131531,97936.4785
1194,-2588.47,-5.30503,-2765.97,-3164.377088,967.3908097,97936.68675
1195,-2588.35,-5.16293,-2765.85,-3164.404161,968.3875818,97936.83375
1196,-2588.25,-5.02081,-2765.75,-3164.455758,969.3595607,97936.95625
1197,-2588.12,-4.88412,-2765.62,-3164.463953,970.3746756,97937.1155
1198,-2588.05,-4.73957,-2765.55,-3164.555277,971.3063923,97937.20125
1199,-2587.99,-4.59485,-2765.49,-3164.659059,972.2146605,97937.27475
1200,-2587.95,-4.4503,-2765.45,-3164.787133,973.0983714,97937.32375
1201,-2587.86,-4.31111,-2765.36,-3164.84739,974.0603557,97937.434
1202,-2587.84,-4.1638,-2765.34,-3165.003345,974.9049386,97937.4585
1203,-2587.84,-4.01657,-2765.34,-3165.183702,975.7355748,97937.4585
1204,-2587.84,-3.86963,-2765.34,-3165.363703,976.5663031,97937.4585
1205,-2587.85,-3.72283,-2765.35,-3165.555783,977.3739764,97937.44625
1206,-2587.88,-3.57602,-2765.38,-3165.772376,978.1568786,97937.4095
1207,-2587.91,-3.42886,-2765.41,-3165.989397,978.9390947,97937.37275
1208,-2587.95,-3.28104,-2765.45,-3166.219476,979.6972842,97937.32375
1209,-2587.99,-3.13239,-2765.49,-3166.450572,980.4649145,97937.27475
1210,-2588.05,-2.98289,-2765.55,-3166.70721,981.19604,97937.20125
1211,-2588.11,-2.83267,-2765.61,-3166.964729,981.9260328,97937.12775
1212,-2588.19,-2.68207,-2765.69,-3167.247214,982.6201036,97937.02975
1213,-2588.28,-2.53179,-2765.78,-3167.541557,983.3127765,97936.9195
1214,-2588.39,-2.38283,-2765.89,-3167.858783,983.9716155,97936.78475
1215,-2588.54,-2.23458,-2766.04,-3168.22414,984.5820814,97936.601
1216,-2588.72,-2.08526,-2766.22,-3168.627557,985.1435426,97936.3805
1217,-2588.92,-1.93362,-2766.42,-3169.058316,985.6881255,97936.1355
1218,-2589.11,-1.77972,-2766.61,-3169.479593,986.2312511,97935.90275
1219,-2589.3,-1.62446,-2766.8,-3169.902537,986.7617768,97935.67
1220,-2589.49,-1.46894,-2766.99,-3170.325798,987.2917534,97935.43725
1221,-2589.69,-1.31403,-2767.19,-3170.760563,987.8099983,97935.19225
1222,-2589.9,-1.16,-2767.4,-3171.2065,988.3168442,97934.935
1223,-2590.12,-1.00664,-2767.62,-3171.663866,988.8013405,97934.6655
1224,-2590.36,-0.853471,-2767.86,-3172.145498,989.2506554,97934.3715
1225,-2590.62,-0.70002,-2768.12,-3172.651975,989.6856003,97934.053
1226,-2590.89,-0.545941,-2768.39,-3173.171472,990.0859246,97933.72225
1227,-2591.16,-0.391059,-2768.66,-3173.691953,990.4957442,97933.3915
1228,-2591.45,-0.235323,-2768.95,-3174.237979,990.8691161,97933.03625
1229,-2591.75,-0.0786429,-2769.25,-3174.797412,991.2181851,97932.66875
1230,-2592.05,0.0793394,-2769.56,-3175.358441,991.5547676,97932.289
1231,-2592.42,0.237502,-2769.92,-3176.00544,991.8158662,97931.848
1232,-2592.83,0.390786,-2770.34,-3176.695463,992.0123703,97931.3335
1233,-2593.09,0.545309,-2770.59,-3177.203254,992.3909127,97931.02725
1234,-2593.39,0.700135,-2770.89,-3177.760415,992.7092082,97930.65975
1235,-2593.74,0.855412,-2771.24,-3178.37938,992.9655131,97930.231
1236,-2594.14,1.01067,-2771.64,-3179.059571,993.1497238,97929.741
1237,-2594.58,1.16593,-2772.08,-3179.788764,993.2740695,97929.202
1238,-2595.03,1.3214,-2772.54,-3180.530465,993.3750501,97928.6385
1239,-2595.49,1.4775,-2772.99,-3181.285188,993.4628345,97928.08725
1240,-2595.95,1.63432,-2773.45,-3182.040792,993.5282091,97927.52375
1241,-2596.4,1.79161,-2773.9,-3182.784722,993.6050908,97926.9725
1242,-2596.85,1.94906,-2774.35,-3183.528849,993.6709356,97926.42125
1243,-2597.3,2.10648,-2774.81,-3184.272938,993.7259808,97925.85775
1244,-2597.77,2.26391,-2775.27,-3185.04154,993.745682,97925.29425
1245,-2598.25,2.42151,-2775.75,-3185.8226,993.7420979,97924.70625
1246,-2598.73,2.57947,-2776.24,-3186.604101,993.7272501,97924.106
1247,-2599.23,2.73787,-2776.74,-3187.410641,993.676545,97923.4935
1248,-2599.75,2.89674,-2777.25,-3188.242257,993.5899506,97922.86875
1249,-2600.27,3.05604,-2777.78,-3189.074399,993.4920203,97922.2195
1250,-2600.81,3.21576,-2778.32,-3189.931556,993.3582709,97921.558
1251,-2601.36,3.37568,-2778.87,-3190.801208,993.1905581,97920.88425
1252,-2601.93,3.53587,-2779.43,-3191.695691,992.9872203,97920.19825
1253,-2602.5,3.69647,-2780,-3192.590676,992.7725902,97919.5
1254,-2603.08,3.8574,-2780.59,-3193.498315,992.5345201,97918.77725
1255,-2603.68,4.01869,-2781.18,-3194.430895,992.2500634,97918.0545
1256,-2604.28,4.18042,-2781.78,-3195.364015,991.9542917,97917.3195
1257,-2604.89,4.34256,-2782.4,-3196.309886,991.6349969,97916.56
1258,-2605.52,4.50516,-2783.02,-3197.280821,991.2692089,97915.8005
1259,-2606.15,4.66824,-2783.65,-3198.252344,990.8814101,97915.02875
1260,-2606.79,4.83185,-2784.3,-3199.236766,990.4699561,97914.2325
1261,-2607.45,4.996,-2784.95,-3200.24635,990.0225896,97913.43625
1262,-2608.11,5.16072,-2785.61,-3201.256632,989.553118,97912.62775
1263,-2608.78,5.32606,-2786.29,-3202.279924,989.0492362,97911.79475
1264,-2609.46,5.49203,-2786.97,-3203.316237,988.5215966,97910.96175
1265,-2610.16,5.65867,-2787.66,-3204.377871,987.9472466,97910.1165
1266,-2610.86,5.826,-2788.37,-3205.44035,987.3506673,97909.24675
1267,-2611.58,5.99405,-2789.08,-3206.528211,986.7179859,97908.377
1268,-2612.3,6.16283,-2789.81,-3207.616967,986.0630373,97907.48275
1269,-2613.03,6.33238,-2790.54,-3208.718916,985.3735286,97906.5885
1270,-2613.78,6.50271,-2791.28,-3209.84632,984.6372038,97905.682
1271,-2614.53,6.67385,-2792.04,-3210.974716,983.8785315,97904.751
1272,-2615.29,6.84584,-2792.8,-3212.116404,983.0852187,97903.82
1273,-2616.06,7.0187,-2793.57,-3213.271408,982.2572471,97902.87675
1274,-2616.84,7.19245,-2794.35,-3214.439751,981.3945972,97901.92125
1275,-2617.63,7.36713,-2795.14,-3215.621484,980.4972269,97900.9535
1276,-2618.43,7.54275,-2795.94,-3216.816619,979.5651291,97899.9735
1277,-2619.24,7.71933,-2796.74,-3218.025179,978.5982851,97898.9935
1278,-2620.05,7.89689,-2797.56,-3219.23494,977.6089262,97897.989
1279,-2620.88,8.07545,-2798.39,-3220.470426,976.5725337,97896.97225
1280,-2621.71,8.25504,-2799.22,-3221.707174,975.5029244,97895.9555
1281,-2622.56,8.43565,-2800.07,-3222.969671,974.386269,97894.91425
1282,-2623.41,8.61732,-2800.92,-3224.233467,973.2470246,97893.873
1283,-2624.27,8.80006,-2801.78,-3225.510824,972.0729349,97892.8195
1284,-2625.14,8.98386,-2802.65,-3226.801729,970.853366,97891.75375
1285,-2626.02,9.16877,-2803.53,-3228.106243,969.5989142,97890.67575
1286,-2626.9,9.35479,-2804.41,-3229.412118,968.3218357,97889.59775
1287,-2627.8,9.54195,-2805.3,-3230.743889,966.9869484,97888.5075
1288,-2628.7,9.73021,-2806.21,-3232.077007,965.6294579,97887.39275
1289,-2629.61,9.91956,-2807.12,-3233.423711,964.2371338,97886.278
1290,-2630.53,10.11,-2808.03,-3234.784,962.799329,97885.16325
1291,-2631.45,10.3016,-2808.96,-3236.14571,961.3388662,97884.024
1292,-2632.38,10.4944,-2809.89,-3237.52114,959.8327999,97882.88475
1293,-2633.32,10.6882,-2810.83,-3238.910045,958.2813811,97881.73325
1294,-2634.27,10.8831,-2811.78,-3240.312548,956.7057978,97880.5695
1295,-2635.22,11.079,-2812.73,-3241.716275,955.0864707,97879.40575
1296,-2636.18,11.2761,-2813.69,-3243.133723,953.4428684,97878.22975
1297,-2637.15,11.4742,-2814.66,-3244.564645,951.753936,97877.0415
1298,-2638.12,11.6734,-2815.63,-3245.996915,950.031806,97875.85325
1299,-2639.1,11.8734,-2816.61,-3247.442415,948.2752553,97874.65275
1300,-2640.09,12.0743,-2817.6,-3248.901268,946.4735122,97873.44
1301,-2641.08,12.2759,-2818.59,-3250.360978,944.6497312,97872.22725
1302,-2642.08,12.4782,-2819.59,-3251.833795,942.7916685,97871.00225
1303,-2643.08,12.6811,-2820.59,-3253.307348,940.9010464,97869.77725
1304,-2644.09,12.8847,-2821.6,-3254.794008,938.9761531,97868.54
1305,-2645.1,13.0888,-2822.61,-3256.28128,937.029488,97867.30275
1306,-2646.12,13.2935,-2823.64,-3257.781538,935.0380261,97866.041
1307,-2647.15,13.4987,-2824.66,-3259.294658,933.0125526,97864.7915
1308,-2648.18,13.7042,-2825.69,-3260.808145,930.9549066,97863.52975
1309,-2649.22,13.91,-2826.73,-3262.33425,928.8741612,97862.25575
1310,-2650.26,14.1158,-2827.77,-3263.860355,926.7616175,97860.98175
1311,-2651.3,14.3216,-2828.81,-3265.38646,924.6279398,97859.70775
1312,-2652.35,14.5271,-2829.86,-3266.924448,922.4612481,97858.4215
1313,-2653.4,14.7323,-2830.91,-3268.462068,920.2737947,97857.13525
1314,-2654.45,14.937,-2831.97,-3269.999075,918.0658274,97855.83675
1315,-2655.51,15.1411,-2833.02,-3271.547598,915.8358838,97854.5505
1316,-2656.57,15.3442,-2834.08,-3273.094895,913.5753784,97853.252
1317,-2657.63,15.5463,-2835.15,-3274.640968,911.3056391,97851.94125
1318,-2658.7,15.7472,-2836.21,-3276.19782,909.0039976,97850.64275
1319,-2659.76,15.9466,-2837.27,-3277.740585,906.6953204,97849.34425
1320,-2660.83,16.1442,-2838.34,-3279.293395,904.3661402,97848.0335
1321,-2661.89,16.3398,-2839.41,-3280.831505,902.0305326,97846.72275
1322,-2662.96,16.5331,-2840.47,-3282.379048,899.6750313,97845.42425
1323,-2664.03,16.7239,-2841.54,-3283.923528,897.3014576,97844.1135
1324,-2665.09,16.9117,-2842.61,-3285.452083,894.9333392,97842.80275
1325,-2666.16,17.0964,-2843.67,-3286.98909,892.5462945,97841.50425
1326,-2667.22,17.2777,-2844.74,-3288.509683,890.1651842,97840.1935
1327,-2668.28,17.4553,-2845.8,-3290.025743,887.7781182,97838.895
1328,-2669.35,17.6288,-2846.86,-3291.54903,885.3733275,97837.5965
1329,-2670.4,17.798,-2847.92,-3293.04255,882.9877954,97836.298
1330,-2671.44,17.9636,-2848.96,-3294.51941,880.6084037,97835.024
1331,-2672.46,18.124,-2849.97,-3295.9654,878.2493455,97833.78675
1332,-2673.47,18.2758,-2850.98,-3297.388605,875.9132,97832.5495
1333,-2674.49,18.4175,-2852,-3298.811688,873.5559244,97831.3
1334,-2675.51,18.5495,-2853.03,-3300.222888,871.2213017,97830.03825
1335,-2676.54,18.6728,-2854.06,-3301.63568,868.8637867,97828.7765
1336,-2677.58,18.7875,-2855.09,-3303.050187,866.5045942,97827.51475
1337,-2678.61,18.8924,-2856.12,-3304.44044,864.1696638,97826.253
1338,-2679.63,18.9856,-2857.15,-3305.80411,861.8612865,97824.99125
1339,-2680.66,19.0647,-2858.18,-3307.162757,859.5578603,97823.7295
1340,-2681.69,19.1279,-2859.2,-3308.501928,857.2737951,97822.48
1341,-2682.7,19.1735,-2860.22,-3309.795038,855.0463151,97821.2305
1342,-2683.69,19.2012,-2861.21,-3311.04172,852.8757562,97820.01775
1343,-2684.66,19.2125,-2862.18,-3312.243813,850.7602578,97818.8295
1344,-2685.6,19.2112,-2863.12,-3313.39372,848.7287843,97817.678
1345,-2686.52,19.2011,-2864.04,-3314.508348,846.7537041,97816.551
1346,-2687.43,19.1846,-2864.95,-3315.602885,844.77702,97815.43625
1347,-2688.32,19.1623,-2865.84,-3316.665818,842.8208749,97814.346
1348,-2689.21,19.1329,-2866.73,-3317.720053,840.808825,97813.25575
1349,-2690.09,19.0942,-2867.61,-3318.750645,838.7236336,97812.17775
1350,-2690.96,19.0437,-2868.48,-3319.754533,836.5682849,97811.112
1351,-2691.82,18.9796,-2869.34,-3320.72951,834.3235142,97810.0585
1352,-2692.66,18.8999,-2870.18,-3321.660877,831.9718463,97809.0295
1353,-2693.49,18.8035,-2871.01,-3322.559537,829.480893,97808.01275
1354,-2694.3,18.6888,-2871.82,-3323.41128,826.8433644,97807.0205
1355,-2695.09,18.5549,-2872.61,-3324.215003,824.0602609,97806.05275
1356,-2695.87,18.4012,-2873.38,-3324.98222,821.0985383,97805.1095
1357,-2696.62,18.2268,-2874.14,-3325.68733,817.9836706,97804.1785
1358,-2697.35,18.0311,-2874.87,-3326.341848,814.7040036,97803.28425
1359,-2698.05,17.8136,-2875.57,-3326.93291,811.2615282,97802.42675
1360,-2698.8,17.5711,-2876.32,-3327.554598,807.5941614,97801.508
1361,-2699.49,17.3071,-2877.01,-3328.076448,803.8429359,97800.66275
1362,-2700.12,17.0213,-2877.64,-3328.498092,800.0295226,97799.891
1363,-2700.72,16.7127,-2878.24,-3328.855057,796.1397177,97799.156
1364,-2701.28,16.3816,-2878.8,-3329.13546,792.2389646,97798.47
1365,-2701.83,16.0271,-2879.35,-3329.374947,788.3022763,97797.79625
1366,-2702.36,15.6501,-2879.88,-3329.562373,784.3944633,97797.147
1367,-2702.88,15.2518,-2880.4,-3329.711455,780.5232923,97796.51
1368,-2703.38,14.8339,-2880.9,-3329.812028,776.7527155,97795.8975
1369,-2703.86,14.3989,-2881.38,-3329.867153,773.0904925,97795.3095
1370,-2704.31,13.9479,-2881.83,-3329.865928,769.5906546,97794.75825
1371,-2704.77,13.4769,-2882.3,-3329.852453,766.2199865,97794.1825
1372,-2705.18,12.9982,-2882.7,-3329.768295,763.0693604,97793.6925
1373,-2705.58,12.5063,-2883.1,-3329.655718,760.0858902,97793.2025
1374,-2705.96,12.0045,-2883.48,-3329.506513,757.310254,97792.737
1375,-2706.32,11.4962,-2883.84,-3329.324845,754.7276653,97792.296
1376,-2706.65,10.9847,-2884.17,-3329.102508,752.3464765,97791.89175
1377,-2706.95,10.4719,-2884.47,-3328.841827,750.1645035,97791.52425
1378,-2707.21,9.95925,-2884.73,-3328.532331,748.1707749,97791.20575
1379,-2707.46,9.44821,-2884.97,-3328.212557,746.348446,97790.91175
1380,-2707.67,8.93991,-2885.19,-3327.84714,744.7114209,97790.64225
1381,-2707.86,8.4361,-2885.38,-3327.462723,743.1899747,97790.4095
1382,-2708.02,7.93779,-2885.54,-3327.048293,741.8060153,97790.2135
1383,-2708.04,7.44628,-2885.56,-3326.470693,740.6495841,97790.189
1384,-2708.19,6.96197,-2885.71,-3326.061163,739.4111293,97790.00525
1385,-2708.33,6.48457,-2885.85,-3325.647848,738.2301229,97789.83375
1386,-2708.34,6.01482,-2885.87,-3325.084655,737.263495,97789.80925
1387,-2708.47,5.55273,-2885.99,-3324.677844,736.1834164,97789.66225
1388,-2708.47,5.09907,-2886,-3324.122111,735.2952293,97789.65
1389,-2708.48,4.65407,-2886.01,-3323.589236,734.4380459,97789.63775
1390,-2708.49,4.2182,-2886.02,-3323.067545,733.5911609,97789.6255
1391,-2708.5,3.79181,-2886.02,-3322.557467,732.7758067,97789.6255
1392,-2708.49,3.37534,-2886.02,-3322.035042,731.9835286,97789.6255
1393,-2708.47,2.96962,-2885.99,-3321.513534,731.2118902,97789.66225
1394,-2708.41,2.57334,-2885.93,-3320.954591,730.4884468,97789.73575
1395,-2708.27,2.18673,-2885.8,-3320.309494,729.8727533,97789.895
1396,-2708.12,1.80963,-2885.64,-3319.663797,729.2684573,97790.091
1397,-2707.95,1.44099,-2885.47,-3319.003963,728.6999454,97790.29925
1398,-2707.79,1.08085,-2885.31,-3318.366791,728.13045,97790.49525
1399,-2707.63,0.729851,-2885.15,-3317.740817,727.5714603,97790.69125
1400,-2707.46,0.388643,-2884.98,-3317.114588,727.0344492,97790.8995
1401,-2707.29,0.0568586,-2884.82,-3316.499902,726.4968022,97791.0955
1402,-2707.12,-0.262639,-2884.65,-3315.900267,725.9550163,97791.30375
1403,-2706.9,-0.572069,-2884.42,-3315.251715,725.4730665,97791.5855
1404,-2706.64,-0.871283,-2884.16,-3314.566678,725.0493599,97791.904
1405,-2706.36,-1.16086,-2883.88,-3313.868947,724.6492887,97792.247
1406,-2706.07,-1.4413,-2883.59,-3313.170158,724.2612334,97792.60225
1407,-2705.78,-1.71196,-2883.3,-3312.483349,723.8721728,97792.9575
1408,-2705.48,-1.97203,-2883.01,-3311.797263,723.504215,97793.31275
1409,-2705.18,-2.22092,-2882.7,-3311.124873,723.1443973,97793.6925
1410,-2704.86,-2.45847,-2882.39,-3310.441874,722.7953499,97794.07225
1411,-2704.54,-2.68521,-2882.07,-3309.772118,722.4549042,97794.46425
1412,-2704.21,-2.90233,-2881.74,-3309.101896,722.1259319,97794.8685
1413,-2703.88,-3.10991,-2881.41,-3308.44336,721.8071323,97795.27275
1414,-2703.54,-3.30723,-2881.06,-3307.785143,721.499041,97795.7015
1415,-2703.19,-3.49357,-2880.72,-3307.128127,721.2116282,97796.118
1416,-2702.83,-3.66998,-2880.36,-3306.471025,720.9461826,97796.559
1417,-2702.41,-3.83042,-2879.93,-3305.759986,720.7565535,97797.08575
1418,-2701.97,-3.98142,-2879.49,-3305.03601,720.6017351,97797.62475
1419,-2701.53,-4.12154,-2879.06,-3304.325364,720.4554621,97798.1515
1420,-2701.11,-4.25048,-2878.64,-3303.652912,720.3037107,97798.666
1421,-2700.72,-4.3685,-2878.24,-3303.030587,720.1236944,97799.156
1422,-2700.33,-4.47635,-2877.86,-3302.420721,719.9747719,97799.6215
1423,-2699.95,-4.57506,-2877.47,-3301.834302,719.8350894,97800.09925
1424,-2699.55,-4.6654,-2877.08,-3301.233635,719.7423256,97800.577
1425,-2699.14,-4.74865,-2876.66,-3300.629404,719.6857849,97801.0915
1426,-2698.7,-4.82371,-2876.23,-3299.998455,719.6886179,97801.61825
1427,-2698.27,-4.88965,-2875.79,-3299.390929,719.7115494,97802.15725
1428,-2697.83,-4.94962,-2875.35,-3298.778466,719.7612443,97802.69625
1429,-2697.38,-5.00308,-2874.9,-3298.161727,719.8479113,97803.2475
1430,-2696.93,-5.04927,-2874.45,-3297.553894,719.9583856,97803.79875
1431,-2696.47,-5.0879,-2874,-3296.943073,720.1045682,97804.35
1432,-2696.02,-5.11882,-2873.55,-3296.353946,720.2617771,97804.90125
1433,-2695.58,-5.1421,-2873.11,-3295.786428,720.4300931,97805.44025
1434,-2695.14,-5.1585,-2872.67,-3295.227337,720.6335485,97805.97925
1435,-2694.72,-5.16673,-2872.25,-3294.702756,720.8351934,97806.49375
1436,-2694.3,-5.16644,-2871.82,-3294.188611,721.0699471,97807.0205
1437,-2693.87,-5.15831,-2871.39,-3293.67182,721.3508801,97807.54725
1438,-2693.43,-5.14233,-2870.95,-3293.152396,721.6562484,97808.08625
1439,-2692.98,-5.11858,-2870.51,-3292.63024,722.0187172,97808.62525
1440,-2692.53,-5.08716,-2870.06,-3292.117479,722.404426,97809.1765
1441,-2692.08,-5.04836,-2869.6,-3291.613759,722.8137198,97809.74
1442,-2691.63,-5.00354,-2869.16,-3291.117414,723.2591118,97810.279
1443,-2691.21,-4.95268,-2868.73,-3290.665217,723.6929566,97810.80575
1444,-2690.8,-4.89533,-2868.32,-3290.233221,724.150052,97811.308
1445,-2690.39,-4.83207,-2867.92,-3289.808464,724.6324886,97811.798
1446,-2689.99,-4.7635,-2867.52,-3289.402462,725.1287398,97812.288
1447,-2689.59,-4.69012,-2867.11,-3289.002353,725.6407998,97812.79025
1448,-2689.19,-4.61233,-2866.71,-3288.607646,726.1908699,97813.28025
1449,-2688.79,-4.53057,-2866.31,-3288.217802,726.76862,97813.77025
1450,-2688.39,-4.44538,-2865.92,-3287.832159,727.374703,97814.248
1451,-2688,-4.35723,-2865.53,-3287.462393,727.9865769,97814.72575
1452,-2687.61,-4.26651,-2865.14,-3287.095775,728.6169642,97815.2035
1453,-2687.23,-4.17325,-2864.76,-3286.744519,729.264503,97815.669
1454,-2686.86,-4.07786,-2864.39,-3286.408122,729.9188304,97816.12225
1455,-2686.5,-3.98067,-2864.02,-3286.086179,730.5912031,97816.5755
1456,-2686.14,-3.88202,-2863.66,-3285.766026,731.2834244,97817.0165
1457,-2685.78,-3.78225,-2863.31,-3285.447244,731.9850487,97817.44525
1458,-2685.44,-3.6817,-2862.96,-3285.153918,732.6828453,97817.874
1459,-2685.09,-3.58067,-2862.62,-3284.848929,733.4139282,97818.2905
1460,-2684.76,-3.47941,-2862.29,-3284.568723,734.1418498,97818.69475
1461,-2684.43,-3.37816,-2861.96,-3284.288504,734.8805455,97819.099
1462,-2684.11,-3.27714,-2861.64,-3284.020254,735.6288864,97819.491
1463,-2683.79,-3.17652,-2861.32,-3283.751513,736.3884746,97819.883
1464,-2683.48,-3.07649,-2861.01,-3283.4943,737.1472905,97820.26275
1465,-2683.18,-2.97723,-2860.7,-3283.248393,737.9055536,97820.6425
1466,-2682.88,-2.8789,-2860.41,-3283.001348,738.6865616,97820.99775
1467,-2682.59,-2.78165,-2860.12,-3282.765229,739.4565411,97821.353
1468,-2682.3,-2.68564,-2859.83,-3282.527591,740.2387905,97821.70825
1469,-2682.03,-2.59098,-2859.55,-3282.3128,741.0089448,97822.05125
1470,-2681.75,-2.49779,-2859.28,-3282.083957,741.7930492,97822.382
1471,-2681.49,-2.40616,-2859.01,-3281.877704,742.5653155,97822.71275
1472,-2681.23,-2.3162,-2858.75,-3281.669405,743.3503778,97823.03125
1473,-2680.97,-2.22796,-2858.5,-3281.458999,744.137449,97823.3375
1474,-2680.72,-2.14153,-2858.25,-3281.258626,744.9143907,97823.64375
1475,-2680.48,-2.05694,-2858.01,-3281.068249,745.6920882,97823.93775
1476,-2680.24,-1.97426,-2857.77,-3280.875531,746.4720307,97824.23175
1477,-2680.01,-1.89352,-2857.54,-3280.692688,747.242007,97824.5135
1478,-2679.78,-1.81476,-2857.31,-3280.507419,748.0143177,97824.79525
1479,-2679.56,-1.738,-2857.09,-3280.33195,748.7767387,97825.06475
1480,-2679.35,-1.66327,-2856.87,-3280.166244,749.5293092,97825.33425
1481,-2679.14,-1.59056,-2856.66,-3279.998064,750.2951116,97825.5915
1482,-2678.93,-1.51988,-2856.46,-3279.827397,751.0524727,97825.8365
1483,-2678.73,-1.45123,-2856.26,-3279.666493,751.7999885,97826.0815
1484,-2678.53,-1.38461,-2856.06,-3279.503103,752.5390695,97826.3265
1485,-2678.34,-1.32001,-2855.87,-3279.349488,753.2791376,97826.55925
1486,-2678.15,-1.2574,-2855.68,-3279.193435,754.0107263,97826.792
1487,-2677.97,-1.19677,-2855.5,-3279.047207,754.7324167,97827.0125
1488,-2677.79,-1.13809,-2855.32,-3278.89859,755.4564228,97827.233
1489,-2677.62,-1.08133,-2855.15,-3278.759871,756.159622,97827.44125
1490,-2677.45,-1.02646,-2854.98,-3278.618836,756.8650683,97827.6495
1491,-2677.28,-0.973466,-2854.81,-3278.475504,757.5727456,97827.85775
1492,-2677.12,-0.922311,-2854.65,-3278.342169,758.2595244,97828.05375
1493,-2676.96,-0.872958,-2854.49,-3278.206626,758.9484482,97828.24975
1494,-2676.8,-0.825363,-2854.33,-3278.06893,759.6286295,97828.44575
1495,-2676.65,-0.779477,-2854.18,-3277.941391,760.2985952,97828.6295
1496,-2676.5,-0.735252,-2854.03,-3277.811816,760.9705385,97828.81325
1497,-2676.36,-0.692637,-2853.89,-3277.69252,761.6213145,97828.98475
1498,-2676.22,-0.651586,-2853.74,-3277.571307,762.2631204,97829.1685
1499,-2676.08,-0.612054,-2853.6,-3277.448234,762.9067357,97829.34
1500,-2675.94,-0.573996,-2853.47,-3277.323355,763.5412748,97829.49925
1501,-2675.81,-0.537366,-2853.34,-3277.208977,764.1652652,97829.6585
1502,-2675.68,-0.502124,-2853.21,-3277.092898,764.7800787,97829.81775
1503,-2675.55,-0.468226,-2853.08,-3276.975173,765.3964935,97829.977
1504,-2675.43,-0.43562,-2852.95,-3276.868115,766.0021964,97830.13625
1505,-2675.3,-0.404245,-2852.83,-3276.7473,766.5999579,97830.28325
1506,-2675.18,-0.374023,-2852.71,-3276.637322,767.1868418,97830.43025
1507,-2675.07,-0.344888,-2852.6,-3276.538262,767.7627675,97830.565
1508,-2674.95,-0.316743,-2852.48,-3276.42574,768.3412913,97830.712
1509,-2674.84,-0.289719,-2852.37,-3276.324094,768.908901,97830.84675
1510,-2674.73,-0.2639,-2852.26,-3276.220973,769.4671254,97830.9815
1511,-2674.63,-0.239174,-2852.16,-3276.128762,770.0035797,97831.104
1512,-2674.52,-0.215313,-2852.05,-3276.023242,770.5533111,97831.23875
1513,-2674.42,-0.192444,-2851.95,-3275.928756,771.0919754,97831.36125
1514,-2674.32,-0.170191,-2851.85,-3275.833516,771.6205392,97831.48375
1515,-2674.22,-0.148746,-2851.75,-3275.737286,772.1392401,97831.60625
1516,-2674.12,-0.128131,-2851.65,-3275.64004,772.6589295,97831.72875
1517,-2674.03,-0.107862,-2851.56,-3275.554619,773.1559425,97831.839
1518,-2673.93,-0.0883824,-2851.46,-3275.455982,773.6661461,97831.9615
1519,-2673.84,-0.0696717,-2851.37,-3275.368652,774.1650158,97832.07175
1520,-2673.75,-0.0516787,-2851.28,-3275.280444,774.6539184,97832.182
1521,-2673.66,-0.0343167,-2851.19,-3275.191462,775.1327496,97832.29225
1522,-2673.57,-0.0175015,-2851.1,-3275.101811,775.6122275,97832.4025
1523,-2673.49,-0.00116967,-2851.02,-3275.023817,776.0800251,97832.5005
1524,-2673.41,0.0147176,-2850.94,-3274.945279,776.537526,97832.5985
1525,-2673.33,0.0301796,-2850.85,-3274.86622,776.9847087,97832.70875
1526,-2673.25,0.0452251,-2850.77,-3274.786651,777.4323814,97832.80675
1527,-2673.17,0.0598613,-2850.7,-3274.70658,777.8805358,97832.8925
1528,-2673.09,0.0741013,-2850.62,-3274.626024,778.3183393,97832.9905
1529,-2673.01,0.0879662,-2850.54,-3274.545009,778.7565838,97833.0885
1530,-2672.94,0.101484,-2850.47,-3274.475818,779.1829859,97833.17425
1531,-2672.86,0.114684,-2850.39,-3274.393988,779.611193,97833.27225
1532,-2672.79,0.127596,-2850.32,-3274.324055,780.0274862,97833.358
1533,-2672.72,0.140245,-2850.25,-3274.2538,780.4332697,97833.44375
1534,-2672.65,0.15265,-2850.18,-3274.183246,780.8393364,97833.5295
1535,-2672.58,0.164827,-2850.11,-3274.112413,781.2348523,97833.61525
1536,-2672.51,0.17679,-2850.04,-3274.041318,781.6306157,97833.701
1537,-2672.45,0.18855,-2849.98,-3273.982224,782.0143634,97833.7745
1538,-2672.38,0.20012,-2849.91,-3273.910647,782.3997659,97833.86025
1539,-2672.32,0.211513,-2849.85,-3273.851103,782.783935,97833.93375
1540,-2672.26,0.22274,-2849.79,-3273.791357,783.1466678,97834.00725
1541,-2672.2,0.233816,-2849.72,-3273.731425,783.5203858,97834.093
1542,-2672.13,0.244751,-2849.66,-3273.65907,783.8957008,97834.1665
1543,-2672.08,0.255558,-2849.6,-3273.611059,784.2358485,97834.24
1544,-2672.02,0.266247,-2849.55,-3273.550653,784.5991908,97834.30125
1545,-2671.96,0.276825,-2849.49,-3273.490111,784.9518453,97834.37475
1546,-2671.9,0.287302,-2849.43,-3273.429445,785.2938016,97834.44825
1547,-2671.85,0.297685,-2849.38,-3273.380914,785.6344227,97834.5095
1548,-2671.79,0.307979,-2849.32,-3273.320024,785.9765812,97834.583
1549,-2671.74,0.31819,-2849.27,-3273.271283,786.3065806,97834.64425
1550,-2671.69,0.328325,-2849.22,-3273.222448,786.6258531,97834.7055
1551,-2671.64,0.338388,-2849.17,-3273.173525,786.9560128,97834.76675
1552,-2671.59,0.348383,-2849.12,-3273.124519,787.2646276,97834.828
1553,-2671.54,0.358315,-2849.07,-3273.075436,787.5841187,97834.88925
1554,-2671.49,0.368188,-2849.02,-3273.02628,787.8928639,97834.9505
1555,-2671.44,0.378004,-2848.97,-3272.977055,788.2124778,97835.01175
1556,-2671.39,0.387766,-2848.92,-3272.927763,788.5105324,97835.073
1557,-2671.35,0.397477,-2848.88,-3272.890659,788.8071986,97835.122
1558,-2671.3,0.407138,-2848.83,-3272.841244,789.105359,97835.18325
1559,-2671.26,0.416751,-2848.79,-3272.80402,789.3913201,97835.23225
1560,-2671.22,0.426322,-2848.75,-3272.766744,789.6773241,97835.28125
1561,-2671.18,0.435847,-2848.71,-3272.729413,789.9633755,97835.33025
1562,-2671.13,0.445327,-2848.66,-3272.679776,790.2509175,97835.3915
1563,-2671.09,0.45476,-2848.62,-3272.642331,790.5262591,97835.4405
1564,-2671.05,0.464146,-2848.58,-3272.604829,790.80165,97835.4895
1565,-2671.01,0.473485,-2848.54,-3272.567269,791.0662852,97835.5385
1566,-2670.98,0.482778,-2848.51,-3272.541903,791.3187194,97835.57525
1567,-2670.94,0.492024,-2848.47,-3272.504229,791.5834538,97835.62425
1568,-2670.9,0.501226,-2848.43,-3272.466502,791.8482343,97835.67325
1569,-2670.87,0.510383,-2848.4,-3272.440969,792.1008126,97835.71
1570,-2670.83,0.519495,-2848.36,-3272.403131,792.3548843,97835.759
1571,-2670.8,0.528561,-2848.33,-3272.377487,792.5967555,97835.79575
1572,-2670.77,0.53758,-2848.3,-3272.351786,792.8386774,97835.8325
1573,-2670.73,0.546549,-2848.26,-3272.313773,793.0821001,97835.8815
1574,-2670.7,0.555466,-2848.23,-3272.287946,793.3241331,97835.91825
1575,-2670.67,0.564329,-2848.2,-3272.262053,793.5554224,97835.955
1576,-2670.64,0.573138,-2848.17,-3272.236094,793.7867715,97835.99175
1577,-2670.61,0.581889,-2848.14,-3272.210064,794.0181852,97836.0285
1578,-2670.58,0.590583,-2848.11,-3272.183964,794.2388597,97836.06525
1579,-2670.55,0.599219,-2848.08,-3272.157793,794.4595998,97836.102
1580,-2670.53,0.607795,-2848.06,-3272.143799,794.6681571,97836.1265
1581,-2670.5,0.61631,-2848.03,-3272.11748,794.8890329,97836.16325
1582,-2670.47,0.624763,-2848,-3272.091085,795.1099785,97836.2
1583,-2670.45,0.633153,-2847.98,-3272.076862,795.3079448,97836.2245
1584,-2670.43,0.641478,-2847.96,-3272.062561,795.5059846,97836.249
1585,-2670.4,0.649736,-2847.93,-3272.035927,795.7163512,97836.28575
1586,-2670.38,0.657926,-2847.91,-3272.021459,795.9145452,97836.31025
1587,-2670.36,0.666045,-2847.89,-3272.006905,796.1128209,97836.33475
1588,-2670.33,0.674093,-2847.86,-3271.980014,796.3126279,97836.3715
1589,-2670.31,0.682069,-2847.84,-3271.965285,796.5002677,97836.396
1590,-2670.29,0.68997,-2847.82,-3271.950463,796.6879945,97836.4205
1591,-2670.27,0.697797,-2847.8,-3271.935551,796.875807,97836.445
1592,-2670.25,0.705548,-2847.78,-3271.920546,797.0529077,97836.4695
1593,-2670.23,0.713221,-2847.76,-3271.905446,797.2300995,97836.494
1594,-2670.22,0.720816,-2847.75,-3271.9025,797.3951322,97836.50625
1595,-2670.2,0.728332,-2847.73,-3271.887207,797.5725069,97836.53075
1596,-2670.18,0.735767,-2847.71,-3271.871815,797.7499758,97836.55525
1597,-2670.17,0.743121,-2847.7,-3271.868573,797.9044912,97836.5675
1598,-2670.15,0.750392,-2847.68,-3271.85298,798.0821522,97836.592
1599,-2670.13,0.75758,-2847.66,-3271.837286,798.2491118,97836.6165
1600,-2670.12,0.764684,-2847.65,-3271.833738,798.4039204,97836.62875
1601,-2670.11,0.771703,-2847.64,-3271.830086,798.5480311,97836.641
1602,-2670.09,0.778637,-2847.62,-3271.81408,798.7152891,97836.6655
1603,-2670.08,0.785485,-2847.61,-3271.810219,798.8596011,97836.67775
1604,-2670.07,0.792246,-2847.6,-3271.806251,799.0040159,97836.69
1605,-2670.05,0.798919,-2847.59,-3271.789926,799.1607843,97836.70225
1606,-2670.04,0.805505,-2847.57,-3271.785744,799.3054055,97836.72675
1607,-2670.03,0.812003,-2847.56,-3271.781454,799.4393337,97836.739
1608,-2670.02,0.818416,-2847.55,-3271.77706,799.5733629,97836.75125
1609,-2670.01,0.824736,-2847.54,-3271.772552,799.7182985,97836.7635
1610,-2670,0.830966,-2847.53,-3271.767933,799.8525441,97836.77575
1611,-2669.99,0.837108,-2847.52,-3271.763207,799.9760983,97836.788
1612,-2669.99,0.843161,-2847.52,-3271.770622,800.0983039,97836.788
1613,-2669.98,0.849125,-2847.51,-3271.765678,800.2220696,97836.80025
1614,-2669.97,0.854999,-2847.5,-3271.760624,800.3459421,97836.8125
1615,-2669.96,0.860785,-2847.49,-3271.755462,800.4807146,97836.82475
1616,-2669.96,0.86648,-2847.49,-3271.762438,800.5817545,97836.82475
1617,-2669.95,0.872084,-2847.48,-3271.757053,800.7059482,97836.837
1618,-2669.94,0.877595,-2847.47,-3271.751554,800.830253,97836.84925
1619,-2669.94,0.883007,-2847.47,-3271.758184,800.9316306,97836.84925
1620,-2669.93,0.888322,-2847.46,-3271.752444,801.0453744,97836.8615
1621,-2669.93,0.893541,-2847.46,-3271.758838,801.1469826,97836.8615
1622,-2669.92,0.898672,-2847.45,-3271.752873,801.260946,97836.87375
1623,-2669.92,0.903717,-2847.45,-3271.759053,801.3519674,97836.87375
1624,-2669.91,0.908677,-2847.45,-3271.752879,801.466135,97836.87375
1625,-2669.91,0.913553,-2847.44,-3271.758852,801.5573583,97836.886
1626,-2669.91,0.918342,-2847.44,-3271.764719,801.6486855,97836.886
1627,-2669.91,0.923043,-2847.44,-3271.770478,801.7401179,97836.886
1628,-2669.9,0.927662,-2847.43,-3271.763886,801.8438984,97836.89825
1629,-2669.9,0.93218,-2847.43,-3271.769421,801.9355503,97836.89825
1630,-2669.9,0.936609,-2847.43,-3271.774846,802.0165148,97836.89825
1631,-2669.9,0.940962,-2847.43,-3271.780178,802.0975701,97836.89825
1632,-2669.9,0.94523,-2847.43,-3271.785407,802.1787276,97836.89825
1633,-2669.9,0.949412,-2847.43,-3271.79053,802.2599878,97836.89825
1634,-2669.9,0.953507,-2847.43,-3271.795546,802.3413527,97836.89825
1635,-2669.9,0.957514,-2847.43,-3271.800455,802.4228234,97836.89825
1636,-2669.9,0.961424,-2847.43,-3271.805244,802.5044104,97836.89825
1637,-2669.9,0.965234,-2847.43,-3271.809912,802.5753248,97836.89825
1638,-2669.9,0.968953,-2847.43,-3271.814467,802.6463488,97836.89825
1639,-2669.9,0.972594,-2847.43,-3271.818928,802.7174661,97836.89825
1640,-2669.9,0.976162,-2847.43,-3271.823298,802.7886712,97836.89825
1641,-2669.9,0.979662,-2847.43,-3271.827586,802.8599577,97836.89825
1642,-2669.9,0.983089,-2847.43,-3271.831784,802.9313317,97836.89825
1643,-2669.91,0.986355,-2847.44,-3271.848035,802.9798585,97836.886
1644,-2669.91,0.989583,-2847.44,-3271.851989,803.0406801,97836.886
1645,-2669.91,0.99276,-2847.44,-3271.855881,803.1123551,97836.886
1646,-2669.91,0.99587,-2847.44,-3271.859691,803.1733177,97836.886
1647,-2669.91,0.998905,-2847.45,-3271.863409,803.2343707,97836.87375
1648,-2669.92,1.00186,-2847.45,-3271.879279,803.2724781,97836.87375
1649,-2669.92,1.00474,-2847.45,-3271.882807,803.3337176,97836.87375
1650,-2669.92,1.00754,-2847.46,-3271.886237,803.395054,97836.8615
1651,-2669.93,1.01026,-2847.46,-3271.901818,803.4334444,97836.8615
1652,-2669.93,1.0129,-2847.46,-3271.905053,803.4841814,97836.8615
1653,-2669.94,1.01563,-2847.47,-3271.920647,803.522557,97836.84925
1654,-2669.94,1.01812,-2847.47,-3271.923697,803.5842667,97836.84925
1655,-2669.94,1.02044,-2847.47,-3271.926539,803.6245998,97836.84925
1656,-2669.95,1.02267,-2847.48,-3271.941521,803.6635837,97836.837
1657,-2669.95,1.02486,-2847.48,-3271.944204,803.7148649,97836.837
1658,-2669.96,1.02702,-2847.49,-3271.9591,803.7431404,97836.82475
1659,-2669.96,1.02915,-2847.49,-3271.961709,803.7944927,97836.82475
1660,-2669.97,1.03124,-2847.5,-3271.976519,803.8228512,97836.8125
1661,-2669.97,1.03326,-2847.5,-3271.978994,803.863544,97836.8125
1662,-2669.98,1.0352,-2847.51,-3271.99362,803.892084,97836.80025
1663,-2669.98,1.03706,-2847.51,-3271.995899,803.9329708,97836.80025
1664,-2669.99,1.03884,-2847.52,-3272.010329,803.9617044,97836.788
1665,-2669.99,1.04055,-2847.52,-3272.012424,804.0027726,97836.788
1666,-2670,1.04218,-2847.53,-3272.02667,804.0316876,97836.77575
1667,-2670,1.04376,-2847.53,-3272.028606,804.0621215,97836.77575
1668,-2670.01,1.04526,-2847.54,-3272.042694,804.0911935,97836.7635
1669,-2670.01,1.0467,-2847.55,-3272.044458,804.1217971,97836.75125
1670,-2670.02,1.04806,-2847.55,-3272.058374,804.1402476,97836.75125
1671,-2670.03,1.04936,-2847.56,-3272.072216,804.1587706,97836.739
1672,-2670.03,1.05059,-2847.56,-3272.073723,804.1896285,97836.739
1673,-2670.04,1.05176,-2847.57,-3272.087406,804.2083088,97836.72675
1674,-2670.04,1.05288,-2847.58,-3272.088778,804.2392996,97836.7145
1675,-2670.05,1.05394,-2847.58,-3272.102327,804.2581129,97836.7145
1676,-2670.06,1.05494,-2847.59,-3272.115802,804.2662077,97836.70225
1677,-2670.06,1.05588,-2847.59,-3272.116953,804.2974165,97836.70225
1678,-2670.07,1.05676,-2847.6,-3272.130281,804.3056566,97836.69
1679,-2670.07,1.05758,-2847.61,-3272.131286,804.3370105,97836.67775
1680,-2670.08,1.05834,-2847.61,-3272.144467,804.3453962,97836.67775
1681,-2670.09,1.05905,-2847.62,-3272.157586,804.3538425,97836.6655
1682,-2670.09,1.0597,-2847.62,-3272.158383,804.3746115,97836.6655
1683,-2670.1,1.0603,-2847.63,-3272.171368,804.3831911,97836.65325
1684,-2670.11,1.06084,-2847.64,-3272.184279,804.3918435,97836.641
1685,-2670.11,1.06133,-2847.64,-3272.184879,804.4128061,97836.641
1686,-2670.12,1.06177,-2847.65,-3272.197668,804.4215795,97836.62875
1687,-2670.13,1.06215,-2847.66,-3272.210384,804.4304255,97836.6165
1688,-2670.13,1.06248,-2847.66,-3272.210788,804.4407918,97836.6165
1689,-2670.14,1.06276,-2847.67,-3272.223381,804.4497592,97836.60425
1690,-2670.14,1.06299,-2847.68,-3272.223663,804.4602467,97836.592
1691,-2670.15,1.06316,-2847.68,-3272.236121,804.4693474,97836.592
1692,-2670.16,1.06329,-2847.69,-3272.24853,804.4677061,97836.57975
1693,-2670.16,1.06337,-2847.69,-3272.248628,804.4783753,97836.57975
1694,-2670.17,1.0634,-2847.7,-3272.260915,804.4876458,97836.5675
1695,-2670.18,1.06338,-2847.71,-3272.27314,804.4861868,97836.55525
1696,-2670.18,1.06331,-2847.71,-3272.273055,804.497038,97836.55525
1697,-2670.19,1.0632,-2847.72,-3272.28517,804.495688,97836.543
1698,-2670.19,1.06304,-2847.73,-3272.284974,804.5066488,97836.53075
1699,-2670.2,1.06283,-2847.73,-3272.296967,804.5054202,97836.53075
1700,-2670.21,1.06258,-2847.74,-3272.30891,804.4934496,97836.5185
1701,-2670.21,1.06229,-2847.74,-3272.308555,804.5045683,97836.5185
1702,-2670.22,1.06195,-2847.75,-3272.320389,804.5034973,97836.50625
1703,-2670.22,1.06157,-2847.76,-3272.319923,804.5147252,97836.494
1704,-2670.23,1.06115,-2847.76,-3272.331659,804.5029612,97836.494
1705,-2670.23,1.06069,-2847.77,-3272.331095,804.5142862,97836.48175
1706,-2670.24,1.06018,-2847.77,-3272.34272,804.5026317,97836.48175
1707,-2670.25,1.05964,-2847.78,-3272.354309,804.501804,97836.4695
1708,-2670.25,1.05905,-2847.78,-3272.353586,804.5024966,97836.4695
1709,-2670.26,1.05843,-2847.79,-3272.365077,804.4909759,97836.45725
1710,-2670.26,1.05777,-2847.79,-3272.364268,804.5025438,97836.45725
1711,-2670.27,1.05707,-2847.8,-3272.375661,804.4911204,97836.445
1712,-2670.27,1.05633,-2847.81,-3272.374754,804.4919954,97836.43275
1713,-2670.28,1.05556,-2847.81,-3272.386061,804.4806571,97836.43275
1714,-2670.28,1.05476,-2847.82,-3272.385081,804.4816052,97836.4205
1715,-2670.29,1.05392,-2847.82,-3272.396302,804.470352,97836.4205
1716,-2670.29,1.05304,-2847.83,-3272.395224,804.4713974,97836.40825
1717,-2670.3,1.05213,-2847.83,-3272.406359,804.4602293,97836.40825
1718,-2670.3,1.05119,-2847.83,-3272.405208,804.4613479,97836.40825
1719,-2670.31,1.05022,-2847.84,-3272.41627,804.4502528,97836.396
1720,-2670.31,1.04922,-2847.84,-3272.415045,804.4514442,97836.396
1721,-2670.32,1.04818,-2847.85,-3272.426021,804.4404346,97836.38375
1722,-2670.32,1.04712,-2847.85,-3272.424722,804.430909,97836.38375
1723,-2670.33,1.04603,-2847.86,-3272.435637,804.4199602,97836.3715
1724,-2670.33,1.04491,-2847.86,-3272.434265,804.4212979,97836.3715
1725,-2670.33,1.04376,-2847.87,-3272.432856,804.4226724,97836.35925
1726,-2670.34,1.04258,-2847.87,-3272.443661,804.4010429,97836.35925
1727,-2670.34,1.04138,-2847.87,-3272.442191,804.4024783,97836.35925
1728,-2670.35,1.04015,-2847.88,-3272.452934,804.3809101,97836.347
1729,-2670.35,1.0389,-2847.88,-3272.451403,804.3824063,97836.347
1730,-2670.35,1.03763,-2847.88,-3272.449847,804.383927,97836.347
1731,-2670.36,1.03633,-2847.89,-3272.460504,804.3624441,97836.33475
1732,-2670.36,1.035,-2847.89,-3272.458875,804.3532477,97836.33475
1733,-2670.36,1.03366,-2847.89,-3272.457234,804.3548541,97836.33475
1734,-2670.37,1.03229,-2847.9,-3272.467805,804.3334566,97836.3225
1735,-2670.37,1.0309,-2847.9,-3272.466103,804.3351239,97836.3225
1736,-2670.37,1.0295,-2847.9,-3272.464388,804.3260132,97836.3225
1737,-2670.37,1.02807,-2847.91,-3272.462636,804.3277298,97836.31025
1738,-2670.38,1.02662,-2847.91,-3272.47311,804.3064302,97836.31025
1739,-2670.38,1.02516,-2847.91,-3272.471321,804.2973929,97836.31025
1740,-2670.38,1.02368,-2847.91,-3272.469508,804.28838,97836.31025
1741,-2670.38,1.02218,-2847.92,-3272.467671,804.2901823,97836.298
1742,-2670.39,1.02067,-2847.92,-3272.478071,804.2689561,97836.298
1743,-2670.39,1.01914,-2847.92,-3272.476196,804.2600048,97836.298
1744,-2670.39,1.01759,-2847.92,-3272.474298,804.2618683,97836.298
1745,-2670.39,1.01603,-2847.92,-3272.472387,804.2529536,97836.298
