time,field,initial_residual,final_residual,linear_iterations
1,Ux,1,0.048507,6
1,Uy,1,0.0510497,5
1,p,1,0.00942426,8
1,omega,0.0453915,0.00105702,2
1,k,1,0.0351496,2
2,Ux,0.48134,0.0197846,2
2,Uy,0.260525,0.00992603,2
2,p,0.0522233,0.000464196,6
2,omega,0.106228,0.010257,1
2,k,0.452397,0.0099038,2
3,Ux,0.445506,0.019182,2
3,Uy,0.215078,0.00964628,2
3,p,0.0311962,0.000182,6
3,omega,0.136036,0.00834778,1
3,k,0.335064,0.00680392,2
4,Ux,0.322696,0.0136026,2
4,Uy,0.188166,0.00622023,2
4,p,0.026935,6.89216e-05,9
4,omega,0.081778,0.00515813,1
4,k,0.221621,0.00343337,2
5,Ux,0.229408,0.0096664,2
5,Uy,0.123592,0.00483045,2
5,p,0.0335926,0.000335174,8
5,omega,0.0663012,0.00413035,1
5,k,0.176693,0.00233036,2
6,Ux,0.106753,0.00348817,2
6,Uy,0.0950818,0.00320117,2
6,p,0.118141,0.000835143,9
6,omega,0.0572403,0.0037189,1
6,k,0.149152,0.0134987,1
7,Ux,0.119108,0.00427606,2
7,Uy,0.0592933,0.0016372,2
7,p,0.0953415,0.000785301,9
7,omega,0.0529131,0.00346226,1
7,k,0.148689,0.0130674,1
8,Ux,0.219649,0.0092243,2
8,Uy,0.0702172,0.00229504,2
8,p,0.0492965,0.000298396,6
8,omega,0.0472382,0.00276039,1
8,k,0.14074,0.0113982,1
9,Ux,0.250904,0.0109366,2
9,Uy,0.0929429,0.00323196,2
9,p,0.0425515,0.000392327,6
9,omega,0.0383539,0.00251771,1
9,k,0.127261,0.0106435,1
10,Ux,0.231641,0.00994551,2
10,Uy,0.104473,0.00376585,2
10,p,0.0502975,0.000491629,7
10,omega,0.0337537,0.00237492,1
10,k,0.121334,0.00960557,1
11,Ux,0.142028,0.00552199,2
11,Uy,0.107413,0.00320086,2
11,p,0.0833286,0.000596132,7
11,omega,0.0280038,0.00225421,1
11,k,0.100372,0.008382,1
12,Ux,0.0465167,0.000847561,2
12,Uy,0.0939132,0.00200157,2
12,p,0.347243,0.00241977,9
12,omega,0.0249959,0.00213363,1
12,k,0.0886997,0.00766264,1
13,Ux,0.0888976,0.00334659,2
13,Uy,0.0754631,0.00172184,2
13,p,0.0800807,0.000406054,8
13,omega,0.0217913,0.00212327,1
13,k,0.0730324,0.00108228,2
14,Ux,0.100104,0.00423929,2
14,Uy,0.0676934,0.00206823,2
14,p,0.0571665,0.000438432,6
14,omega,0.0211491,0.000335016,2
14,k,0.0683169,0.00112467,2
15,Ux,0.087167,0.00383546,2
15,Uy,0.0626652,0.00204053,2
15,p,0.0604551,0.000341776,6
15,omega,0.0199344,0.000350766,2
15,k,0.0616902,0.00115476,2
16,Ux,0.0599294,0.00260539,2
16,Uy,0.0600627,0.00197651,2
16,p,0.0813228,0.000754868,7
16,omega,0.0180908,0.000371107,2
16,k,0.0579351,0.00127254,2
17,Ux,0.0292223,0.00119342,2
17,Uy,0.0554733,0.00167627,2
17,p,0.15492,0.00114888,7
17,omega,0.0167838,0.000369294,2
17,k,0.0536937,0.00130982,2
18,Ux,0.0194609,0.000772021,2
18,Uy,0.0490801,0.00154773,2
18,p,0.201342,0.00104071,6
18,omega,0.015539,0.00036794,2
18,k,0.0501037,0.00130016,2
19,Ux,0.035484,0.00157184,2
19,Uy,0.043913,0.0015517,2
19,p,0.0983017,0.00036727,7
19,omega,0.0142506,0.000379812,2
19,k,0.0476849,0.001318,2
20,Ux,0.0407566,0.00184658,2
20,Uy,0.0408185,0.00151298,2
20,p,0.0799931,0.000454853,6
20,omega,0.0129752,0.000381184,2
20,k,0.04626,0.00135276,2
21,Ux,0.0359912,0.00163785,2
21,Uy,0.0381998,0.00151841,2
21,p,0.0844742,0.00039958,6
21,omega,0.01228,0.000375545,2
21,k,0.0451382,0.00141656,2
22,Ux,0.0244208,0.00110928,2
22,Uy,0.0341721,0.00148385,2
22,p,0.115236,0.000869221,6
22,omega,0.0116806,0.000376455,2
22,k,0.04414,0.00145634,2
23,Ux,0.0122072,0.000553222,2
23,Uy,0.0315521,0.00147533,2
23,p,0.226265,0.000998744,6
23,omega,0.0113007,0.000377171,2
23,k,0.0424691,0.00148835,2
24,Ux,0.014676,0.000694515,2
24,Uy,0.0303675,0.00149658,2
24,p,0.144512,0.00127706,6
24,omega,0.0108301,0.000374429,2
24,k,0.0413407,0.00150972,2
25,Ux,0.0184386,0.000893442,2
25,Uy,0.0306118,0.00153742,2
25,p,0.107687,0.000657075,6
25,omega,0.0103071,0.000363821,2
25,k,0.0402753,0.00150423,2
26,Ux,0.0184318,0.000904241,2
26,Uy,0.0306467,0.00156792,2
26,p,0.103137,0.00101038,5
26,omega,0.00975325,0.000349888,2
26,k,0.0386955,0.00147218,2
27,Ux,0.0158345,0.000787361,2
27,Uy,0.0300774,0.00154797,2
27,p,0.118954,0.000690746,6
27,omega,0.00928125,0.000334817,2
27,k,0.0369792,0.0014311,2
28,Ux,0.0117377,0.000595058,2
28,Uy,0.0287312,0.00148889,2
28,p,0.163971,0.00124481,6
28,omega,0.0088064,0.000320488,2
28,k,0.0353647,0.0013779,2
29,Ux,0.00885097,0.000455535,2
29,Uy,0.0273082,0.00141012,2
29,p,0.266556,0.00238183,6
29,omega,0.00833193,0.00030699,2
29,k,0.033979,0.00133406,2
30,Ux,0.0102399,0.000523999,2
30,Uy,0.0257999,0.00134827,2
30,p,0.200536,0.0016258,6
30,omega,0.00795697,0.000293979,2
30,k,0.0325346,0.00128239,2
31,Ux,0.0114191,0.000578262,2
31,Uy,0.0247741,0.00128705,2
31,p,0.173505,0.00167594,4
31,omega,0.00760902,0.000281132,2
31,k,0.0313086,0.0012383,2
32,Ux,0.0113109,0.000571299,2
32,Uy,0.0239697,0.00126466,2
32,p,0.182782,0.0016673,5
32,omega,0.00738168,0.000269549,2
32,k,0.0300798,0.0011895,2
33,Ux,0.0104095,0.000526294,2
33,Uy,0.0233116,0.00124326,2
33,p,0.206845,0.00128914,6
33,omega,0.00708564,0.000257496,2
33,k,0.0289235,0.00114339,2
34,Ux,0.00888283,0.00044808,2
34,Uy,0.0233932,0.00124153,2
34,p,0.26439,0.00145081,6
34,omega,0.00685737,0.000247749,2
34,k,0.0277495,0.00111319,2
35,Ux,0.0079407,0.000398062,2
35,Uy,0.0235869,0.00126371,2
35,p,0.248466,0.00248278,5
35,omega,0.00649943,0.0002394,2
35,k,0.0268179,0.00107895,2
36,Ux,0.00805933,0.000407948,2
36,Uy,0.0239942,0.0012824,2
36,p,0.194048,0.000871909,6
36,omega,0.00615572,0.000229952,2
36,k,0.0257893,0.00104713,2
37,Ux,0.00816919,0.000418699,2
37,Uy,0.0240287,0.00131051,2
37,p,0.164002,0.00143399,4
37,omega,0.00589272,0.000222104,2
37,k,0.0248064,0.00101872,2
38,Ux,0.00792686,0.000410633,2
38,Uy,0.0239959,0.00131446,2
38,p,0.158608,0.00138784,5
38,omega,0.00558692,0.000212297,2
38,k,0.0235543,0.00099287,2
39,Ux,0.00736441,0.000390644,2
39,Uy,0.0237665,0.00131773,2
39,p,0.167409,0.00108741,6
39,omega,0.0054029,0.000206289,2
39,k,0.0228536,0.000971076,2
40,Ux,0.00679263,0.000367622,2
40,Uy,0.0233707,0.00130258,2
40,p,0.194227,0.00111871,6
40,omega,0.00529321,0.000202216,2
40,k,0.0220999,0.000952999,2
41,Ux,0.0066369,0.000363227,2
41,Uy,0.0229679,0.0012894,2
41,p,0.23048,0.00107477,6
41,omega,0.00520418,0.000198909,2
41,k,0.0214289,0.000938131,2
42,Ux,0.00670261,0.000368389,2
42,Uy,0.0225984,0.001272,2
42,p,0.243499,0.00110751,6
42,omega,0.0050885,0.00019476,2
42,k,0.0208061,0.000924284,2
43,Ux,0.00667184,0.0003687,2
43,Uy,0.0222679,0.00126324,2
43,p,0.236412,0.00200575,5
43,omega,0.00493996,0.00018999,2
43,k,0.0204174,0.000912609,2
44,Ux,0.00651672,0.000363455,2
44,Uy,0.0221171,0.00125669,2
44,p,0.23489,0.0011478,6
44,omega,0.004772,0.000185656,2
44,k,0.0199944,0.000901549,2
45,Ux,0.00625285,0.000352923,2
45,Uy,0.0220639,0.00125903,2
45,p,0.224622,0.00205324,5
45,omega,0.00463552,0.000181285,2
45,k,0.0195983,0.00089071,2
46,Ux,0.00595943,0.000341048,2
46,Uy,0.0219064,0.00126175,2
46,p,0.197498,0.000813426,6
46,omega,0.00451189,0.00017725,2
46,k,0.0191915,0.000882399,2
47,Ux,0.00566814,0.000329318,2
47,Uy,0.0218886,0.00126782,2
47,p,0.179144,0.00100883,6
47,omega,0.00439349,0.000173557,2
47,k,0.018872,0.000876433,2
48,Ux,0.00544903,0.000320538,2
48,Uy,0.021831,0.00127363,2
48,p,0.171403,0.000917944,6
48,omega,0.00429313,0.000170223,2
48,k,0.0186014,0.000871461,2
49,Ux,0.00530406,0.000314248,2
49,Uy,0.0218665,0.00128132,2
49,p,0.170488,0.00123163,5
49,omega,0.00417491,0.000167417,2
49,k,0.0183082,0.00086831,2
50,Ux,0.0051952,0.000309758,2
50,Uy,0.0218507,0.00129098,2
50,p,0.170114,0.00145548,5
50,omega,0.00406425,0.00016477,2
50,k,0.0180705,0.000866621,2
51,Ux,0.00509422,0.000305035,2
51,Uy,0.0219851,0.00130107,2
51,p,0.16818,0.000788926,6
51,omega,0.00394153,0.000162124,2
51,k,0.0178736,0.000866105,2
52,Ux,0.00501396,0.000301371,2
52,Uy,0.0220093,0.00131257,2
52,p,0.17115,0.00101786,6
52,omega,0.00381873,0.000159343,2
52,k,0.0176693,0.000867933,2
53,Ux,0.00496864,0.000299523,2
53,Uy,0.022012,0.00131999,2
53,p,0.172655,0.0014152,5
53,omega,0.003732,0.000156832,2
53,k,0.0174641,0.000871052,2
54,Ux,0.00491127,0.000296333,2
54,Uy,0.0219478,0.00132526,2
54,p,0.169955,0.00150485,5
54,omega,0.0036737,0.000154322,2
54,k,0.0172934,0.000876123,2
55,Ux,0.00487228,0.000293531,2
55,Uy,0.0218562,0.0013262,2
55,p,0.168973,0.00156587,5
55,omega,0.00360991,0.000151989,2
55,k,0.017164,0.000883011,2
56,Ux,0.00485124,0.000291053,2
56,Uy,0.0217883,0.00132502,2
56,p,0.168157,0.00153893,5
56,omega,0.00354193,0.000149449,2
56,k,0.0170168,0.000890126,2
57,Ux,0.00483223,0.000288598,2
57,Uy,0.0216251,0.00131968,2
57,p,0.167297,0.00144175,5
57,omega,0.00348835,0.00014735,2
57,k,0.0168335,0.000896091,2
58,Ux,0.00481388,0.000286389,2
58,Uy,0.0214439,0.00130959,2
58,p,0.166151,0.00134125,5
58,omega,0.00344632,0.000145719,2
58,k,0.0166266,0.000900849,2
59,Ux,0.00479432,0.000284369,2
59,Uy,0.0211456,0.00129419,2
59,p,0.163875,0.00125661,5
59,omega,0.00342071,0.000144369,2
59,k,0.0164203,0.000904061,2
60,Ux,0.00477091,0.000282562,2
60,Uy,0.0207739,0.0012741,2
60,p,0.160442,0.00119849,5
60,omega,0.00337727,0.000143452,2
60,k,0.0162062,0.000905822,2
61,Ux,0.00473688,0.000280596,2
61,Uy,0.0203689,0.00124987,2
61,p,0.155589,0.00122683,5
61,omega,0.00333956,0.000142871,2
61,k,0.0160002,0.000906561,2
62,Ux,0.00469608,0.000278064,2
62,Uy,0.0198832,0.00122239,2
62,p,0.15105,0.00126081,5
62,omega,0.00330241,0.00014267,2
62,k,0.0158179,0.000906765,2
63,Ux,0.00464356,0.000274771,2
63,Uy,0.0193639,0.00119277,2
63,p,0.146158,0.00126277,5
63,omega,0.00326481,0.000142623,2
63,k,0.0156635,0.000905828,2
64,Ux,0.00458201,0.000270936,2
64,Uy,0.0188181,0.00116291,2
64,p,0.143198,0.00120843,5
64,omega,0.00323721,0.000142662,2
64,k,0.0155113,0.000903405,2
65,Ux,0.00451208,0.000266592,2
65,Uy,0.0183022,0.00113394,2
65,p,0.143509,0.00111358,5
65,omega,0.00320574,0.000142539,2
65,k,0.015367,0.000900062,2
66,Ux,0.00443786,0.000261988,2
66,Uy,0.0177972,0.00110603,2
66,p,0.144917,0.00100102,5
66,omega,0.00317682,0.000142317,2
66,k,0.0152218,0.000895951,2
67,Ux,0.00436197,0.000257763,2
67,Uy,0.0173166,0.00107864,2
67,p,0.14613,0.000902282,5
67,omega,0.00314982,0.000142175,2
67,k,0.0150764,0.000890392,2
68,Ux,0.00428549,0.000253406,2
68,Uy,0.0168353,0.00105159,2
68,p,0.146007,0.000836356,5
68,omega,0.00313776,0.000142138,2
68,k,0.0149365,0.000884008,2
69,Ux,0.00421738,0.000249299,2
69,Uy,0.0163659,0.0010247,2
69,p,0.144283,0.000836825,5
69,omega,0.00312716,0.000142063,2
69,k,0.0148082,0.000877044,2
70,Ux,0.00415342,0.000245981,2
70,Uy,0.0159102,0.000999417,2
70,p,0.141003,0.000866517,5
70,omega,0.00310677,0.000141973,2
70,k,0.014665,0.000870364,2
71,Ux,0.004095,0.00024316,2
71,Uy,0.015462,0.000975629,2
71,p,0.135402,0.000875095,5
71,omega,0.00307807,0.00014187,2
71,k,0.0145242,0.000862904,2
72,Ux,0.00404242,0.000240945,2
72,Uy,0.0150308,0.000953482,2
72,p,0.128502,0.000862601,5
72,omega,0.00305145,0.00014171,2
72,k,0.0143706,0.000855823,2
73,Ux,0.00399175,0.00023886,2
73,Uy,0.0146432,0.000933749,2
73,p,0.120838,0.000831017,5
73,omega,0.00302481,0.00014141,2
73,k,0.0142379,0.000848211,2
74,Ux,0.00394126,0.000236538,2
74,Uy,0.0142823,0.000916247,2
74,p,0.115102,0.000773326,5
74,omega,0.0029922,0.000141018,2
74,k,0.0141159,0.000840406,2
75,Ux,0.00388356,0.000234012,2
75,Uy,0.0139426,0.000900861,2
75,p,0.111458,0.000687084,5
75,omega,0.00295715,0.000140571,2
75,k,0.0139985,0.000832917,2
76,Ux,0.00382362,0.000231179,2
76,Uy,0.0136473,0.000888,2
76,p,0.109188,0.00100365,4
76,omega,0.00292311,0.000140109,2
76,k,0.0138978,0.000825046,2
77,Ux,0.00375459,0.000227837,2
77,Uy,0.0133794,0.000876317,2
77,p,0.107217,0.000979304,4
77,omega,0.00288788,0.000139568,2
77,k,0.013775,0.000817306,2
78,Ux,0.00368953,0.000224137,2
78,Uy,0.0131561,0.000865529,2
78,p,0.104566,0.00101438,4
78,omega,0.00285424,0.000138946,2
78,k,0.0136627,0.000809454,2
79,Ux,0.00362626,0.000220412,2
79,Uy,0.0129605,0.00085592,2
79,p,0.10153,0.000617967,5
79,omega,0.00282406,0.00013836,2
79,k,0.0135367,0.000801176,2
80,Ux,0.00356181,0.000216538,2
80,Uy,0.0127885,0.000848482,2
80,p,0.0981614,0.00097399,4
80,omega,0.00279418,0.000137712,2
80,k,0.0134121,0.000793056,2
81,Ux,0.00350259,0.000212726,2
81,Uy,0.0126526,0.000841362,2
81,p,0.0956949,0.000614588,5
81,omega,0.00276004,0.000136801,2
81,k,0.0132682,0.000784608,2
82,Ux,0.00343655,0.000208493,2
82,Uy,0.0125209,0.000834172,2
82,p,0.0930013,0.00086041,4
82,omega,0.00273472,0.000135852,2
82,k,0.0131142,0.000776295,2
83,Ux,0.00337865,0.000204688,2
83,Uy,0.0124036,0.000829381,2
83,p,0.0917525,0.00090285,4
83,omega,0.00270902,0.000134785,2
83,k,0.0129543,0.000767803,2
84,Ux,0.00331997,0.000200864,2
84,Uy,0.012322,0.000824879,2
84,p,0.090514,0.000599037,5
84,omega,0.00267976,0.000133387,2
84,k,0.0127848,0.000759178,2
85,Ux,0.00325375,0.000196661,2
85,Uy,0.0122573,0.000820944,2
85,p,0.0874005,0.000754694,4
85,omega,0.00264475,0.000131923,2
85,k,0.0126189,0.000750692,2
86,Ux,0.00319769,0.0001932,2
86,Uy,0.0122251,0.000818829,2
86,p,0.0856858,0.000778118,4
86,omega,0.00260965,0.000130359,2
86,k,0.0124521,0.00074204,2
87,Ux,0.00314271,0.000189813,2
87,Uy,0.0121951,0.000816651,2
87,p,0.0840656,0.000432333,5
87,omega,0.00258144,0.000128796,2
87,k,0.0122773,0.000733002,2
88,Ux,0.00308376,0.000186181,2
88,Uy,0.0121964,0.000815387,2
88,p,0.0826975,0.000743874,4
88,omega,0.00255491,0.000127285,2
88,k,0.0121021,0.00072404,2
89,Ux,0.00303193,0.000182917,2
89,Uy,0.0122037,0.00081493,2
89,p,0.0830797,0.000340497,5
89,omega,0.00252987,0.000125779,2
89,k,0.011922,0.000714989,2
90,Ux,0.00297964,0.000179716,2
90,Uy,0.0122016,0.000813023,2
90,p,0.0842312,0.000784978,4
90,omega,0.00250543,0.000124387,2
90,k,0.0117433,0.000705781,2
91,Ux,0.00293385,0.000176903,2
91,Uy,0.0122124,0.000811981,2
91,p,0.0866242,0.000372366,5
91,omega,0.00247874,0.00012281,2
91,k,0.0115652,0.000696401,2
92,Ux,0.00288873,0.000174062,2
92,Uy,0.0122135,0.000810156,2
92,p,0.0871241,0.000849562,4
92,omega,0.00244536,0.000121204,2
92,k,0.0113883,0.000687154,2
93,Ux,0.00284532,0.000171361,2
93,Uy,0.0121982,0.000807145,2
93,p,0.0871279,0.000408489,5
93,omega,0.00241434,0.000119446,2
93,k,0.011215,0.000677896,2
94,Ux,0.00280365,0.000168835,2
94,Uy,0.0121836,0.000805429,2
94,p,0.0862507,0.000836213,4
94,omega,0.00239097,0.000117641,2
94,k,0.0110477,0.000668802,2
95,Ux,0.00276351,0.000166598,2
95,Uy,0.0121479,0.000802581,2
95,p,0.0853711,0.000415821,5
95,omega,0.00236226,0.000115824,2
95,k,0.0108707,0.000659573,2
96,Ux,0.00272402,0.000164347,2
96,Uy,0.0120795,0.000798793,2
96,p,0.0831626,0.00079528,4
96,omega,0.00232786,0.000113875,2
96,k,0.0106952,0.000650112,2
97,Ux,0.00268327,0.000162081,2
97,Uy,0.0120204,0.000795182,2
97,p,0.0810744,0.000393013,5
97,omega,0.00229354,0.000111844,2
97,k,0.0105152,0.000640291,2
98,Ux,0.00264643,0.000160133,2
98,Uy,0.0119155,0.000790259,2
98,p,0.0790078,0.000754679,4
98,omega,0.00225244,0.000109693,2
98,k,0.0103322,0.00063031,2
99,Ux,0.00260923,0.000158336,2
99,Uy,0.0118173,0.000784302,2
99,p,0.0767761,0.00038975,5
99,omega,0.00219944,0.000107489,2
99,k,0.0101392,0.000619765,2
100,Ux,0.00257164,0.000156441,2
100,Uy,0.0116812,0.000777634,2
100,p,0.07459,0.000702437,4
100,omega,0.00215224,0.000105155,2
100,k,0.00994406,0.000608979,2
101,Ux,0.00253693,0.000154822,2
101,Uy,0.011516,0.000770022,2
101,p,0.0729553,0.000369125,5
101,omega,0.0021007,0.000102686,2
101,k,0.00974246,0.000597875,2
102,Ux,0.00250119,0.000153183,2
102,Uy,0.0113571,0.000761495,2
102,p,0.0706932,0.000639389,4
102,omega,0.00204146,0.000100197,2
102,k,0.00953757,0.00058662,2
103,Ux,0.00247101,0.000151798,2
103,Uy,0.0111734,0.000752236,2
103,p,0.0688814,0.000662718,4
103,omega,0.00198562,9.76991e-05,2
103,k,0.00933366,0.00057538,2
104,Ux,0.00244338,0.000150467,2
104,Uy,0.0109589,0.000742139,2
104,p,0.0670881,0.000309787,5
104,omega,0.00193703,9.51753e-05,2
104,k,0.0091307,0.000563803,2
105,Ux,0.00241314,0.000149125,2
105,Uy,0.0107596,0.000731288,2
105,p,0.0650201,0.000596946,4
105,omega,0.00188381,9.26887e-05,2
105,k,0.00893316,0.000552883,2
106,Ux,0.00238928,0.000148034,2
106,Uy,0.0105374,0.000720103,2
106,p,0.0633943,0.000610048,4
106,omega,0.00182984,9.03239e-05,2
106,k,0.00873628,0.000541922,2
107,Ux,0.00236677,0.000147031,2
107,Uy,0.0103173,0.000708443,2
107,p,0.061725,0.000324774,5
107,omega,0.00178173,8.80119e-05,2
107,k,0.00855052,0.000531282,2
108,Ux,0.00234357,0.000145995,2
108,Uy,0.0100912,0.000696274,2
108,p,0.0602775,0.000541565,4
108,omega,0.00173411,8.5777e-05,2
108,k,0.00836512,0.00052084,2
109,Ux,0.00232492,0.000145167,2
109,Uy,0.00986466,0.000684026,2
109,p,0.0588845,0.000570388,4
109,omega,0.00168828,8.36289e-05,2
109,k,0.00818355,0.000510525,2
110,Ux,0.00230962,0.000144368,2
110,Uy,0.00965462,0.000671618,2
110,p,0.0571983,0.000355386,5
110,omega,0.00164745,8.15662e-05,2
110,k,0.00800465,0.000500297,2
111,Ux,0.00229302,0.000143443,2
111,Uy,0.00944511,0.000659198,2
111,p,0.0557665,0.000512915,4
111,omega,0.0016114,7.96097e-05,2
111,k,0.00783045,0.000490409,2
112,Ux,0.00228212,0.000142665,2
112,Uy,0.00924758,0.000647293,2
112,p,0.0549256,0.000534281,4
112,omega,0.00157982,7.77754e-05,2
112,k,0.00765872,0.00048043,2
113,Ux,0.00227151,0.000141932,2
113,Uy,0.00907391,0.000635693,2
113,p,0.0542673,0.000373054,5
113,omega,0.00155025,7.59684e-05,2
113,k,0.00749079,0.000470336,2
114,Ux,0.0022588,0.000140997,2
114,Uy,0.00890975,0.000624547,2
114,p,0.0535053,0.000475475,4
114,omega,0.00152221,7.42326e-05,2
114,k,0.007323,0.000460176,2
115,Ux,0.00224904,0.00014023,2
115,Uy,0.00875994,0.000614281,2
115,p,0.0532139,0.000478387,4
115,omega,0.00149456,7.2576e-05,2
115,k,0.00715556,0.000449718,2
116,Ux,0.00223868,0.000139403,2
116,Uy,0.00862497,0.000604678,2
116,p,0.0529432,0.000494711,4
116,omega,0.00146947,7.09409e-05,2
116,k,0.00698803,0.000439293,2
117,Ux,0.00222695,0.000138486,2
117,Uy,0.0084988,0.000595803,2
117,p,0.052336,0.000520726,4
117,omega,0.00144414,6.93307e-05,2
117,k,0.00681992,0.000428556,2
118,Ux,0.00221491,0.0001375,2
118,Uy,0.00838456,0.000587673,2
118,p,0.0516042,0.000337798,5
118,omega,0.00142063,6.77773e-05,2
118,k,0.00665127,0.000417635,2
119,Ux,0.00219929,0.000136284,2
119,Uy,0.00828363,0.000580223,2
119,p,0.0508967,0.000434485,4
119,omega,0.00140093,6.62905e-05,2
119,k,0.00648293,0.000406718,2
120,Ux,0.00218647,0.000135269,2
120,Uy,0.008194,0.000573538,2
120,p,0.0504435,0.000420454,4
120,omega,0.00138155,6.49063e-05,2
120,k,0.00631579,0.000395507,2
121,Ux,0.00217257,0.000134191,2
121,Uy,0.00811245,0.000567319,2
121,p,0.0499922,0.00041665,4
121,omega,0.00136462,6.35787e-05,2
121,k,0.00615029,0.000384324,2
122,Ux,0.00215807,0.000133112,2
122,Uy,0.00804114,0.000561815,2
122,p,0.0497923,0.000418847,4
122,omega,0.00134621,6.23694e-05,2
122,k,0.00598579,0.00037303,2
123,Ux,0.00214274,0.000131952,2
123,Uy,0.00797484,0.000556771,2
123,p,0.0496311,0.000424128,4
123,omega,0.00132789,6.12116e-05,2
123,k,0.00582466,0.000361822,2
124,Ux,0.00212746,0.000130788,2
124,Uy,0.0079126,0.000552081,2
124,p,0.0491377,0.000427929,4
124,omega,0.00131263,6.01048e-05,2
124,k,0.00566802,0.000350693,2
125,Ux,0.00211139,0.000129595,2
125,Uy,0.00785881,0.000547654,2
125,p,0.0486743,0.000426496,4
125,omega,0.00129898,5.91529e-05,2
125,k,0.00552061,0.000339999,2
126,Ux,0.00209534,0.00012842,2
126,Uy,0.00780755,0.000543689,2
126,p,0.0485333,0.000419966,4
126,omega,0.00128873,5.82735e-05,2
126,k,0.00538484,0.000330233,2
127,Ux,0.00207929,0.000127262,2
127,Uy,0.00775852,0.000540166,2
127,p,0.0483294,0.000408954,4
127,omega,0.00127849,5.7474e-05,2
127,k,0.00525842,0.000321329,2
128,Ux,0.00206359,0.000126115,2
128,Uy,0.00771668,0.000536877,2
128,p,0.0481091,0.000397914,4
128,omega,0.00126858,5.675e-05,2
128,k,0.0051455,0.00031298,2
129,Ux,0.00204859,0.000125004,2
129,Uy,0.00767869,0.000533643,2
129,p,0.0480717,0.000391135,4
129,omega,0.00125762,5.60592e-05,2
129,k,0.00503856,0.000305193,2
130,Ux,0.00203445,0.000123938,2
130,Uy,0.00764031,0.000530684,2
130,p,0.0478351,0.000388797,4
130,omega,0.00124543,5.54318e-05,2
130,k,0.00493894,0.000298207,2
131,Ux,0.00202088,0.00012296,2
131,Uy,0.0076017,0.000528018,2
131,p,0.0476072,0.000388664,4
131,omega,0.00123694,5.48409e-05,2
131,k,0.00484639,0.000291518,2
132,Ux,0.00200863,0.000122112,2
132,Uy,0.00756894,0.000525457,2
132,p,0.0476873,0.000389985,4
132,omega,0.0012326,5.43679e-05,2
132,k,0.0047555,0.000285144,2
133,Ux,0.00199803,0.00012135,2
133,Uy,0.00753696,0.000522927,2
133,p,0.0479235,0.000390102,4
133,omega,0.00122695,5.3909e-05,2
133,k,0.0046713,0.000279337,2
134,Ux,0.00198851,0.000120667,2
134,Uy,0.00750511,0.000520689,2
134,p,0.0480593,0.000386911,4
134,omega,0.00122175,5.34606e-05,2
134,k,0.00459202,0.0002738,2
135,Ux,0.00197958,0.000120029,2
135,Uy,0.00747826,0.000518547,2
135,p,0.0481503,0.000381026,4
135,omega,0.00121411,5.30266e-05,2
135,k,0.00451458,0.000268437,2
136,Ux,0.00197147,0.000119439,2
136,Uy,0.00745109,0.000516452,2
136,p,0.0478985,0.000374192,4
136,omega,0.00120677,5.2626e-05,2
136,k,0.00443944,0.000263387,2
137,Ux,0.00196376,0.000118884,2
137,Uy,0.00742577,0.000514628,2
137,p,0.0477823,0.000364777,4
137,omega,0.00119998,5.22776e-05,2
137,k,0.00436469,0.000258628,2
138,Ux,0.00195671,0.000118398,2
138,Uy,0.00740755,0.000512975,2
138,p,0.0482044,0.000354374,4
138,omega,0.00120016,5.19797e-05,2
138,k,0.00429708,0.000254065,2
139,Ux,0.00195067,0.000117939,2
139,Uy,0.00739307,0.000511346,2
139,p,0.0483673,0.00034422,4
139,omega,0.00119753,5.17353e-05,2
139,k,0.00423047,0.000249677,2
140,Ux,0.00194514,0.000117525,2
140,Uy,0.00737786,0.000509981,2
140,p,0.0485677,0.000334683,4
140,omega,0.00119269,5.14322e-05,2
140,k,0.00416716,0.000245414,2
141,Ux,0.00194033,0.00011714,2
141,Uy,0.00736479,0.000508825,2
141,p,0.0485849,0.000326335,4
141,omega,0.00118809,5.11856e-05,2
141,k,0.0041077,0.000241404,2
142,Ux,0.00193608,0.000116814,2
142,Uy,0.00735574,0.000507773,2
142,p,0.0482396,0.000318292,4
142,omega,0.00118429,5.09842e-05,2
142,k,0.0040482,0.00023767,2
143,Ux,0.00193221,0.000116519,2
143,Uy,0.00734815,0.000506887,2
143,p,0.0479818,0.000313914,4
143,omega,0.00118394,5.07974e-05,2
143,k,0.00398922,0.000234036,2
144,Ux,0.00192884,0.000116272,2
144,Uy,0.00734491,0.000506405,2
144,p,0.0483847,0.000313979,4
144,omega,0.00118669,5.0646e-05,2
144,k,0.00393761,0.000230664,2
145,Ux,0.00192619,0.00011605,2
145,Uy,0.00734584,0.000505959,2
145,p,0.0486548,0.000316004,4
145,omega,0.00118627,5.05184e-05,2
145,k,0.00388775,0.000227397,2
146,Ux,0.00192418,0.000115863,2
146,Uy,0.00734946,0.00050562,2
146,p,0.049148,0.000318049,4
146,omega,0.00118318,5.03141e-05,2
146,k,0.0038404,0.000224312,2
147,Ux,0.00192272,0.000115723,2
147,Uy,0.00735739,0.000505549,2
147,p,0.0492575,0.000319984,4
147,omega,0.00118244,5.02287e-05,2
147,k,0.00379747,0.000221505,2
148,Ux,0.00192163,0.000115612,2
148,Uy,0.00736958,0.000505736,2
148,p,0.0492208,0.00032119,4
148,omega,0.00118092,5.01396e-05,2
148,k,0.00375461,0.000218887,2
149,Ux,0.00192054,0.000115534,2
149,Uy,0.00738112,0.000505918,2
149,p,0.0496086,0.000320707,4
149,omega,0.00118489,5.007e-05,2
149,k,0.00371704,0.000216438,2
150,Ux,0.00192041,0.000115497,2
150,Uy,0.00739699,0.000506374,2
150,p,0.0497924,0.000317442,4
150,omega,0.00118675,5.00169e-05,2
150,k,0.00368411,0.000214182,2
151,Ux,0.00192078,0.000115496,2
151,Uy,0.00741539,0.000506961,2
151,p,0.0496758,0.000313331,4
151,omega,0.00118311,4.99557e-05,2
151,k,0.00365376,0.000212143,2
152,Ux,0.00192163,0.000115516,2
152,Uy,0.00743316,0.00050765,2
152,p,0.049486,0.000309079,4
152,omega,0.00118206,4.98503e-05,2
152,k,0.00362649,0.000210377,2
153,Ux,0.00192276,0.000115558,2
153,Uy,0.00745313,0.000508532,2
153,p,0.0492281,0.000307164,4
153,omega,0.00118398,4.99047e-05,2
153,k,0.00360403,0.000208909,2
154,Ux,0.00192376,0.000115636,2
154,Uy,0.00747922,0.000509629,2
154,p,0.0490139,0.000305876,4
154,omega,0.00118583,4.98961e-05,2
154,k,0.0035827,0.000207724,2
155,Ux,0.00192606,0.000115751,2
155,Uy,0.00750652,0.000510781,2
155,p,0.0494183,0.000308394,4
155,omega,0.00119082,4.99038e-05,2
155,k,0.00357054,0.000206835,2
156,Ux,0.00192838,0.000115879,2
156,Uy,0.00753807,0.000512145,2
156,p,0.0496308,0.00031331,4
156,omega,0.00119298,4.99709e-05,2
156,k,0.00356407,0.000206352,2
157,Ux,0.00193105,0.000116037,2
157,Uy,0.00757004,0.000513601,2
157,p,0.0496563,0.00031937,4
157,omega,0.00119093,4.99152e-05,2
157,k,0.00356179,0.000206082,2
158,Ux,0.00193413,0.000116221,2
158,Uy,0.00760221,0.000515027,2
158,p,0.0496022,0.0003267,4
158,omega,0.0011908,4.99198e-05,2
158,k,0.00356403,0.000206082,2
159,Ux,0.00193751,0.000116407,2
159,Uy,0.00763267,0.000516672,2
159,p,0.0493096,0.000334165,4
159,omega,0.0011918,4.99539e-05,2
159,k,0.00357036,0.000206424,2
160,Ux,0.00194106,0.000116582,2
160,Uy,0.0076676,0.000518543,2
160,p,0.0491704,0.00034078,4
160,omega,0.00119428,4.99442e-05,2
160,k,0.00358227,0.000207085,2
161,Ux,0.00194444,0.000116801,2
161,Uy,0.0077038,0.000520511,2
161,p,0.049498,0.00034553,4
161,omega,0.00119885,4.99814e-05,2
161,k,0.00360246,0.000208012,2
162,Ux,0.0019485,0.000117022,2
162,Uy,0.00774369,0.000522398,2
162,p,0.0497011,0.000348461,4
162,omega,0.00120121,5.00328e-05,2
162,k,0.00362564,0.000209117,2
163,Ux,0.00195257,0.000117254,2
163,Uy,0.00778592,0.000524534,2
163,p,0.0497206,0.000348872,4
163,omega,0.00120109,5.001e-05,2
163,k,0.00364852,0.000210467,2
164,Ux,0.0019566,0.000117496,2
164,Uy,0.00782933,0.000526723,2
164,p,0.0495917,0.000346648,4
164,omega,0.00119978,5.00079e-05,2
164,k,0.00367847,0.000212079,2
165,Ux,0.00196119,0.000117741,2
165,Uy,0.00787093,0.000529009,2
165,p,0.0493994,0.000342566,4
165,omega,0.00119966,5.00195e-05,2
165,k,0.00370986,0.000213934,2
166,Ux,0.00196555,0.000117977,2
166,Uy,0.00791499,0.000531349,2
166,p,0.0490719,0.000338668,4
166,omega,0.00120287,4.99875e-05,2
166,k,0.00374375,0.000215969,2
167,Ux,0.00197007,0.000118195,2
167,Uy,0.0079624,0.000533913,2
167,p,0.0492151,0.000338339,4
167,omega,0.00120639,5.00208e-05,2
167,k,0.0037794,0.000218196,2
168,Ux,0.00197428,0.000118416,2
168,Uy,0.00801004,0.000536525,2
168,p,0.0492877,0.000343302,4
168,omega,0.00120838,5.00579e-05,2
168,k,0.00382118,0.000220557,2
169,Ux,0.00197888,0.000118647,2
169,Uy,0.00805912,0.000539241,2
169,p,0.0492362,0.000353064,4
169,omega,0.00120873,5.00859e-05,2
169,k,0.00386233,0.000223155,2
170,Ux,0.00198339,0.000118887,2
170,Uy,0.0081139,0.000542224,2
170,p,0.049418,0.000367257,4
170,omega,0.00120922,5.00828e-05,2
170,k,0.00390807,0.000225746,2
171,Ux,0.00198815,0.000119108,2
171,Uy,0.00816741,0.000545144,2
171,p,0.0492895,0.000383331,4
171,omega,0.00120911,5.01444e-05,2
171,k,0.00395365,0.000228538,2
172,Ux,0.00199299,0.000119334,2
172,Uy,0.00822299,0.000548299,2
172,p,0.0490198,0.000400032,4
172,omega,0.00121203,5.02001e-05,2
172,k,0.00400055,0.000231442,2
173,Ux,0.00199781,0.00011953,2
173,Uy,0.00828215,0.00055157,2
173,p,0.0490653,0.000416879,4
173,omega,0.00121576,5.02589e-05,2
173,k,0.00404823,0.000234468,2
174,Ux,0.00200257,0.000119765,2
174,Uy,0.0083411,0.000555172,2
174,p,0.0490438,0.000434658,4
174,omega,0.00121975,5.03773e-05,2
174,k,0.00410071,0.000237489,2
175,Ux,0.00200739,0.000120028,2
175,Uy,0.00840223,0.000558909,2
175,p,0.0491519,0.000451069,4
175,omega,0.00122252,5.05308e-05,2
175,k,0.00415297,0.000240653,2
176,Ux,0.00201264,0.000120307,2
176,Uy,0.00846518,0.000562672,2
176,p,0.0492999,0.000463035,4
176,omega,0.00122584,5.06291e-05,2
176,k,0.00420511,0.000243792,2
177,Ux,0.0020185,0.000120646,2
177,Uy,0.00853226,0.000566546,2
177,p,0.0494503,0.000471361,4
177,omega,0.0012244,5.07727e-05,2
177,k,0.00425981,0.000247031,2
178,Ux,0.00202602,0.000121055,2
178,Uy,0.00859884,0.000570569,2
178,p,0.0493793,0.000474343,4
178,omega,0.00122821,5.09707e-05,2
178,k,0.00431406,0.000250248,2
179,Ux,0.00203329,0.000121509,2
179,Uy,0.00866601,0.000574801,2
179,p,0.0493378,0.000473855,4
179,omega,0.00123428,5.11894e-05,2
179,k,0.00436828,0.000253571,2
180,Ux,0.00204095,0.000121986,2
180,Uy,0.0087329,0.00057903,2
180,p,0.0495928,0.000472066,4
180,omega,0.00124067,5.14365e-05,2
180,k,0.00442347,0.000256998,2
181,Ux,0.00204912,0.000122483,2
181,Uy,0.00880205,0.000583427,2
181,p,0.0497108,0.000473086,4
181,omega,0.00124662,5.17576e-05,2
181,k,0.00448092,0.000260367,2
182,Ux,0.00205726,0.000122978,2
182,Uy,0.00887595,0.000588082,2
182,p,0.0498302,0.000476227,4
182,omega,0.00125426,5.20471e-05,2
182,k,0.00453529,0.000263632,2
183,Ux,0.00206558,0.000123526,2
183,Uy,0.00895034,0.000592956,2
183,p,0.0502556,0.000484521,4
183,omega,0.00125854,5.23492e-05,2
183,k,0.00459262,0.000267032,2
184,Ux,0.00207397,0.000124065,2
184,Uy,0.00902395,0.000597671,2
184,p,0.0504465,0.000497489,4
184,omega,0.00126232,5.26694e-05,2
184,k,0.00464873,0.000270486,2
185,Ux,0.00208236,0.000124615,2
185,Uy,0.00909719,0.000602549,2
185,p,0.0503846,0.000155069,5
185,omega,0.00126913,5.30537e-05,2
185,k,0.0047103,0.00027404,2
186,Ux,0.00208979,0.000125169,2
186,Uy,0.00917494,0.000607589,2
186,p,0.0505198,0.000141487,5
186,omega,0.00127737,5.3389e-05,2
186,k,0.00476424,0.000277359,2
187,Ux,0.00209763,0.000125749,2
187,Uy,0.0092496,0.00061296,2
187,p,0.0510831,0.000131136,5
187,omega,0.00128578,5.38686e-05,2
187,k,0.00482027,0.000280949,2
188,Ux,0.00210629,0.00012635,2
188,Uy,0.00932607,0.00061822,2
188,p,0.0513086,0.000128281,5
188,omega,0.00129452,5.432e-05,2
188,k,0.00487681,0.00028445,2
189,Ux,0.00211533,0.000126981,2
189,Uy,0.00940475,0.000623578,2
189,p,0.0516721,0.000131663,5
189,omega,0.00130249,5.4706e-05,2
189,k,0.00493947,0.000287834,2
190,Ux,0.00212429,0.000127604,2
190,Uy,0.00948555,0.000628831,2
190,p,0.052189,0.000138388,5
190,omega,0.00130671,5.5104e-05,2
190,k,0.00499637,0.000291308,2
191,Ux,0.00213297,0.00012823,2
191,Uy,0.00956269,0.000634302,2
191,p,0.0525158,0.000145148,5
191,omega,0.00131252,5.55785e-05,2
191,k,0.00505313,0.000295218,2
192,Ux,0.00214158,0.000128848,2
192,Uy,0.00964319,0.000639834,2
192,p,0.0525522,0.000150425,5
192,omega,0.00132166,5.59913e-05,2
192,k,0.00511528,0.000298653,2
193,Ux,0.0021495,0.000129457,2
193,Uy,0.00972117,0.000645523,2
193,p,0.0529622,0.000154036,5
193,omega,0.00133184,5.64978e-05,2
193,k,0.00517534,0.00030203,2
194,Ux,0.00215729,0.000130058,2
194,Uy,0.00980162,0.000651152,2
194,p,0.0534108,0.00015625,5
194,omega,0.00134107,5.7009e-05,2
194,k,0.00523192,0.000306015,2
195,Ux,0.00216468,0.000130624,2
195,Uy,0.00988048,0.000656911,2
195,p,0.0537962,0.00015757,5
195,omega,0.00135023,5.74736e-05,2
195,k,0.00529575,0.000309632,2
196,Ux,0.00217201,0.000131163,2
196,Uy,0.00995959,0.000662585,2
196,p,0.0541817,0.000159306,5
196,omega,0.00135396,5.78893e-05,2
196,k,0.00535877,0.000313063,2
197,Ux,0.00217837,0.000131666,2
197,Uy,0.010035,0.000668137,2
197,p,0.0542934,0.000161927,5
197,omega,0.00136029,5.83799e-05,2
197,k,0.0054168,0.000316846,2
198,Ux,0.00218425,0.000132151,2
198,Uy,0.0101142,0.000673661,2
198,p,0.0545158,0.00016661,5
198,omega,0.00136772,5.88087e-05,2
198,k,0.00547047,0.000320336,2
199,Ux,0.00218963,0.000132603,2
199,Uy,0.0101908,0.000679326,2
199,p,0.0550588,0.000173034,5
199,omega,0.00137643,5.93355e-05,2
199,k,0.0055295,0.000323826,2
200,Ux,0.00219439,0.000133016,2
200,Uy,0.0102653,0.000684933,2
200,p,0.0555493,0.000179751,5
200,omega,0.00138515,5.98118e-05,2
200,k,0.00558695,0.000327265,2
201,Ux,0.0021985,0.00013337,2
201,Uy,0.0103382,0.000690351,2
201,p,0.055914,0.000185693,5
201,omega,0.00139355,6.01923e-05,2
201,k,0.005642,0.000330794,2
202,Ux,0.00220198,0.000133691,2
202,Uy,0.0104095,0.000695585,2
202,p,0.0562219,0.000190791,5
202,omega,0.00139653,6.0598e-05,2
202,k,0.00569184,0.000334084,2
203,Ux,0.00220473,0.00013398,2
203,Uy,0.0104786,0.000700781,2
203,p,0.0562531,0.000193453,5
203,omega,0.00139957,6.10738e-05,2
203,k,0.00574474,0.00033717,2
204,Ux,0.00220698,0.00013422,2
204,Uy,0.0105481,0.00070592,2
204,p,0.056305,0.000194975,5
204,omega,0.0014062,6.14319e-05,2
204,k,0.00579166,0.000340198,2
205,Ux,0.00220857,0.000134405,2
205,Uy,0.0106139,0.000710977,2
205,p,0.0568472,0.000196956,5
205,omega,0.00141326,6.18716e-05,2
205,k,0.00583335,0.000343247,2
206,Ux,0.00220929,0.00013455,2
206,Uy,0.0106742,0.000715812,2
206,p,0.0573168,0.000198395,5
206,omega,0.00141822,6.22966e-05,2
206,k,0.00587395,0.000346022,2
207,Ux,0.00220917,0.000134663,2
207,Uy,0.010739,0.000720516,2
207,p,0.0575316,0.000198638,5
207,omega,0.00142298,6.26347e-05,2
207,k,0.00591861,0.000348623,2
208,Ux,0.00220866,0.000134718,2
208,Uy,0.0108002,0.000725047,2
208,p,0.0578626,0.000197249,5
208,omega,0.00142327,6.29263e-05,2
208,k,0.00595186,0.000351107,2
209,Ux,0.00220812,0.000134711,2
209,Uy,0.0108541,0.000729349,2
209,p,0.0580316,0.000193649,5
209,omega,0.00142477,6.32841e-05,2
209,k,0.00598209,0.000353496,2
210,Ux,0.00220629,0.000134662,2
210,Uy,0.0109068,0.000733343,2
210,p,0.0580182,0.000188568,5
210,omega,0.00142812,6.35757e-05,2
210,k,0.00601361,0.000355527,2
211,Ux,0.00220375,0.000134606,2
211,Uy,0.0109606,0.000737198,2
211,p,0.0581358,0.000184575,5
211,omega,0.00143115,6.39149e-05,2
211,k,0.00603782,0.000357468,2
212,Ux,0.00220113,0.00013444,2
212,Uy,0.0110099,0.000741012,2
212,p,0.0584931,0.000184947,5
212,omega,0.00143242,6.41599e-05,2
212,k,0.00605974,0.000359474,2
213,Ux,0.00219834,0.000134257,2
213,Uy,0.0110562,0.000744533,2
213,p,0.0588056,0.000187654,5
213,omega,0.00143252,6.44094e-05,2
213,k,0.00608032,0.000361073,2
214,Ux,0.00219417,0.000134031,2
214,Uy,0.0110961,0.000747606,2
214,p,0.0590088,0.000189802,5
214,omega,0.00142915,6.4604e-05,2
214,k,0.00609836,0.000362357,2
215,Ux,0.00218933,0.000133771,2
215,Uy,0.0111325,0.000750373,2
215,p,0.0588335,0.000190849,5
215,omega,0.00142738,6.47792e-05,2
215,k,0.00610964,0.000363894,2
216,Ux,0.00218394,0.000133438,2
216,Uy,0.0111685,0.000753027,2
216,p,0.0587806,0.000191425,5
216,omega,0.00142691,6.48865e-05,2
216,k,0.00611609,0.000364796,2
217,Ux,0.00217843,0.000133118,2
217,Uy,0.0111973,0.000755311,2
217,p,0.0589767,0.000193338,5
217,omega,0.00142575,6.50962e-05,2
217,k,0.0061281,0.000365631,2
218,Ux,0.00217277,0.000132782,2
218,Uy,0.0112172,0.000757174,2
218,p,0.0591121,0.000192122,5
218,omega,0.00142375,6.52427e-05,2
218,k,0.0061297,0.000366596,2
219,Ux,0.00216692,0.000132399,2
219,Uy,0.0112416,0.000758788,2
219,p,0.0590856,0.000191933,5
219,omega,0.00142033,6.53127e-05,2
219,k,0.00613013,0.000367115,2
220,Ux,0.00216033,0.000132004,2
220,Uy,0.0112597,0.000760135,2
220,p,0.0590472,0.000193258,5
220,omega,0.00141445,6.53236e-05,2
220,k,0.00612952,0.000367481,2
221,Ux,0.00215294,0.000131599,2
221,Uy,0.0112692,0.000761232,2
221,p,0.058801,0.000190718,5
221,omega,0.00140867,6.53526e-05,2
221,k,0.00612086,0.000367738,2
222,Ux,0.00214629,0.00013116,2
222,Uy,0.0112742,0.000761836,2
222,p,0.0585862,0.00018918,5
222,omega,0.00140447,6.53939e-05,2
222,k,0.0061105,0.000367765,2
223,Ux,0.00213882,0.000130674,2
223,Uy,0.0112784,0.000762056,2
223,p,0.0585123,0.00018705,5
223,omega,0.00139935,6.54305e-05,2
223,k,0.00610056,0.000367671,2
224,Ux,0.00213114,0.000130254,2
224,Uy,0.0112784,0.000762187,2
224,p,0.0583406,0.000184807,5
224,omega,0.00139428,6.53999e-05,2
224,k,0.00608379,0.00036745,2
225,Ux,0.00212353,0.00012982,2
225,Uy,0.0112739,0.000762024,2
225,p,0.0581464,0.000184209,5
225,omega,0.00138747,6.5328e-05,2
225,k,0.00606245,0.000366982,2
226,Ux,0.00211697,0.000129364,2
226,Uy,0.0112598,0.000761318,2
226,p,0.0578338,0.000186139,5
226,omega,0.00137897,6.52837e-05,2
226,k,0.00604449,0.000366292,2
227,Ux,0.00211046,0.000128948,2
227,Uy,0.0112464,0.000760264,2
227,p,0.0573469,0.000190719,5
227,omega,0.00137165,6.52174e-05,2
227,k,0.00601767,0.000365436,2
228,Ux,0.00210401,0.00012858,2
228,Uy,0.0112266,0.000759006,2
228,p,0.0568718,0.000197594,5
228,omega,0.00136518,6.5116e-05,2
228,k,0.00598983,0.000364533,2
229,Ux,0.00209785,0.000128214,2
229,Uy,0.0112,0.000757475,2
229,p,0.0565451,0.000205889,5
229,omega,0.0013586,6.50621e-05,2
229,k,0.00596034,0.000363432,2
230,Ux,0.00209206,0.000127895,2
230,Uy,0.0111723,0.000755584,2
230,p,0.056049,0.000213251,5
230,omega,0.00135044,6.50144e-05,2
230,k,0.00592949,0.000362245,2
231,Ux,0.0020867,0.000127624,2
231,Uy,0.0111436,0.000753466,2
231,p,0.055492,0.000218202,5
231,omega,0.00134182,6.49219e-05,2
231,k,0.00588894,0.000360899,2
232,Ux,0.00208155,0.000127348,2
232,Uy,0.0111058,0.000750893,2
232,p,0.0548454,0.000219861,5
232,omega,0.00133282,6.48464e-05,2
232,k,0.0058539,0.000359338,2
233,Ux,0.00207618,0.000127143,2
233,Uy,0.0110613,0.000748031,2
233,p,0.0543323,0.00021813,5
233,omega,0.00132513,6.47556e-05,2
233,k,0.00581346,0.000357601,2
234,Ux,0.00207079,0.000126932,2
234,Uy,0.0110187,0.000744933,2
234,p,0.0535127,0.000212612,5
234,omega,0.00131768,6.4697e-05,2
234,k,0.00577302,0.000356052,2
235,Ux,0.00206549,0.000126727,2
235,Uy,0.0109672,0.000741594,2
235,p,0.052705,0.000204221,5
235,omega,0.00131124,6.464e-05,2
235,k,0.00573286,0.000354273,2
236,Ux,0.00206059,0.000126549,2
236,Uy,0.0109126,0.00073795,2
236,p,0.0519843,0.000193914,5
236,omega,0.00130469,6.46509e-05,2
236,k,0.00568869,0.000352426,2
237,Ux,0.00205556,0.000126329,2
237,Uy,0.01086,0.000734057,2
237,p,0.0511956,0.000182886,5
237,omega,0.00129637,6.46228e-05,2
237,k,0.00564158,0.000350617,2
238,Ux,0.0020502,0.000126163,2
238,Uy,0.0107974,0.000729927,2
238,p,0.050242,0.000173497,5
238,omega,0.00128792,6.4584e-05,2
238,k,0.00559786,0.000348658,2
239,Ux,0.00204519,0.000125983,2
239,Uy,0.0107326,0.000725538,2
239,p,0.0492339,0.000164354,5
239,omega,0.00127998,6.45379e-05,2
239,k,0.00555146,0.000346762,2
240,Ux,0.00204023,0.000125817,2
240,Uy,0.0106679,0.000720962,2
240,p,0.0484404,0.000156594,5
240,omega,0.00127176,6.44762e-05,2
240,k,0.00550624,0.000344871,2
241,Ux,0.00203546,0.000125647,2
241,Uy,0.0105964,0.000716092,2
241,p,0.0474487,0.000150416,5
241,omega,0.00126401,6.43514e-05,2
241,k,0.00546411,0.000343257,2
242,Ux,0.00202995,0.000125479,2
242,Uy,0.0105206,0.00071097,2
242,p,0.0465118,0.000145477,5
242,omega,0.00125726,6.42379e-05,2
242,k,0.00542003,0.000341391,2
243,Ux,0.00202442,0.000125263,2
243,Uy,0.0104467,0.00070574,2
243,p,0.0455943,0.000141213,5
243,omega,0.00124963,6.41235e-05,2
243,k,0.00538008,0.000339949,2
244,Ux,0.00201902,0.000125071,2
244,Uy,0.0103674,0.000700292,2
244,p,0.0445509,0.000137404,5
244,omega,0.00124168,6.39716e-05,2
244,k,0.00534094,0.000338728,2
245,Ux,0.00201288,0.000124836,2
245,Uy,0.010288,0.000694725,2
245,p,0.0433952,0.000134828,5
245,omega,0.00123407,6.38048e-05,2
245,k,0.00530438,0.000337472,2
246,Ux,0.00200709,0.000124601,2
246,Uy,0.0102057,0.000688938,2
246,p,0.0422538,0.000134145,5
246,omega,0.00122537,6.36095e-05,2
246,k,0.00527101,0.000336775,2
247,Ux,0.00200053,0.000124329,2
247,Uy,0.0101187,0.000683063,2
247,p,0.0413286,0.000136036,5
247,omega,0.00121836,6.34131e-05,2
247,k,0.00524227,0.000336187,2
248,Ux,0.00199395,0.000124045,2
248,Uy,0.0100351,0.000677134,2
248,p,0.0404047,0.000141789,5
248,omega,0.00121079,6.32075e-05,2
248,k,0.0052176,0.000335725,2
249,Ux,0.00198723,0.00012372,2
249,Uy,0.00994307,0.000670986,2
249,p,0.039414,0.000151413,5
249,omega,0.00120404,6.29558e-05,2
249,k,0.00519741,0.000335449,2
250,Ux,0.00198015,0.000123398,2
250,Uy,0.00985313,0.000664608,2
250,p,0.0385774,0.000163858,5
250,omega,0.00119742,6.27402e-05,2
250,k,0.00517858,0.000335312,2
251,Ux,0.00197277,0.000123049,2
251,Uy,0.00975586,0.000658117,2
251,p,0.0376461,0.000176068,5
251,omega,0.00119118,6.24891e-05,2
251,k,0.00516032,0.000335223,2
252,Ux,0.00196521,0.000122683,2
252,Uy,0.00965927,0.000651328,2
252,p,0.036574,0.000185227,5
252,omega,0.00118561,6.22734e-05,2
252,k,0.00514964,0.00033524,2
253,Ux,0.00195802,0.000122283,2
253,Uy,0.00955558,0.000644385,2
253,p,0.0355507,0.000189666,5
253,omega,0.00118007,6.20596e-05,2
253,k,0.00513691,0.000335332,2
254,Ux,0.00195022,0.000121891,2
254,Uy,0.00945585,0.000637325,2
254,p,0.0344899,0.000190458,5
254,omega,0.00117521,6.18372e-05,2
254,k,0.00512929,0.00033564,2
255,Ux,0.00194273,0.000121486,2
255,Uy,0.00934963,0.000630145,2
255,p,0.0334777,0.000189079,5
255,omega,0.00117029,6.16335e-05,2
255,k,0.00512422,0.000336017,2
256,Ux,0.00193545,0.000121069,2
256,Uy,0.00924692,0.000622759,2
256,p,0.0324488,0.000186563,5
256,omega,0.00116666,6.1455e-05,2
256,k,0.00511967,0.000336452,2
257,Ux,0.00192776,0.00012064,2
257,Uy,0.00913813,0.000615251,2
257,p,0.0314961,0.000182767,5
257,omega,0.00116296,6.12792e-05,2
257,k,0.0051183,0.000337011,2
258,Ux,0.0019201,0.000120196,2
258,Uy,0.00902921,0.000607268,2
258,p,0.0305552,0.0001776,5
258,omega,0.0011596,6.11263e-05,2
258,k,0.00511769,0.000337668,2
259,Ux,0.00191226,0.000119713,2
259,Uy,0.00891102,0.000598933,2
259,p,0.0296754,0.000171475,5
259,omega,0.00115617,6.0973e-05,2
259,k,0.00511832,0.000338362,2
260,Ux,0.00190423,0.000119217,2
260,Uy,0.00879062,0.00059019,2
260,p,0.0288641,0.000166174,5
260,omega,0.00115268,6.08362e-05,2
260,k,0.00512135,0.000339214,2
261,Ux,0.00189562,0.000118695,2
261,Uy,0.0086662,0.00058114,2
261,p,0.0280493,0.00016273,5
261,omega,0.0011491,6.06677e-05,2
261,k,0.00512509,0.000340203,2
262,Ux,0.00188687,0.000118142,2
262,Uy,0.00853357,0.000571731,2
262,p,0.0272633,0.000160985,5
262,omega,0.00114539,6.04794e-05,2
262,k,0.00512989,0.000341249,2
263,Ux,0.00187768,0.00011757,2
263,Uy,0.00840294,0.000562078,2
263,p,0.0264818,0.000160822,5
263,omega,0.00114244,6.03167e-05,2
263,k,0.00513595,0.000342045,2
264,Ux,0.00186873,0.000117002,2
264,Uy,0.00826737,0.000552315,2
264,p,0.0257282,0.000161781,5
264,omega,0.00113924,6.01455e-05,2
264,k,0.00513904,0.000342574,2
265,Ux,0.00185965,0.000116402,2
265,Uy,0.00813497,0.000542712,2
265,p,0.0250799,0.000162727,5
265,omega,0.00113656,5.99704e-05,2
265,k,0.00513844,0.000342802,2
266,Ux,0.00185001,0.000115769,2
266,Uy,0.00801052,0.000533583,2
266,p,0.0245062,0.000162489,5
266,omega,0.00113437,5.98229e-05,2
266,k,0.00513406,0.000342732,2
267,Ux,0.00184033,0.00011513,2
267,Uy,0.00789194,0.000525146,2
267,p,0.0240098,0.000160637,5
267,omega,0.00113279,5.96815e-05,2
267,k,0.00512522,0.000342406,2
268,Ux,0.00183056,0.000114465,2
268,Uy,0.00778389,0.000517414,2
268,p,0.0235694,0.000157055,5
268,omega,0.00113132,5.95503e-05,2
268,k,0.00511189,0.000341727,2
269,Ux,0.00182063,0.000113798,2
269,Uy,0.00768586,0.000510291,2
269,p,0.0232696,0.000152028,5
269,omega,0.0011306,5.94374e-05,2
269,k,0.00509553,0.000340826,2
270,Ux,0.00181061,0.000113111,2
270,Uy,0.00759475,0.000503823,2
270,p,0.023124,0.000146121,5
270,omega,0.00113007,5.9322e-05,2
270,k,0.00507447,0.000339625,2
271,Ux,0.00180082,0.000112432,2
271,Uy,0.00751303,0.000497991,2
271,p,0.0230561,0.000140151,5
271,omega,0.00112935,5.92348e-05,2
271,k,0.00505057,0.000338307,2
272,Ux,0.00179135,0.000111755,2
272,Uy,0.00743739,0.000492538,2
272,p,0.0230242,0.000134777,5
272,omega,0.00112736,5.91223e-05,2
272,k,0.0050226,0.000336631,2
273,Ux,0.00178181,0.000111091,2
273,Uy,0.00736743,0.000487619,2
273,p,0.0230579,0.00013028,5
273,omega,0.00112497,5.89683e-05,2
273,k,0.00499206,0.000334783,2
274,Ux,0.00177261,0.000110436,2
274,Uy,0.00730011,0.000483129,2
274,p,0.0231656,0.000126572,5
274,omega,0.00112272,5.88154e-05,2
274,k,0.00495836,0.000332728,2
275,Ux,0.00176335,0.00010981,2
275,Uy,0.00724321,0.00047886,2
275,p,0.0232863,0.000123786,5
275,omega,0.00112062,5.86561e-05,2
275,k,0.00492374,0.000330495,2
276,Ux,0.00175456,0.0001092,2
276,Uy,0.00718543,0.000475125,2
276,p,0.0234856,0.000121037,5
276,omega,0.00111743,5.84759e-05,2
276,k,0.00488844,0.000328054,2
277,Ux,0.00174606,0.00010862,2
277,Uy,0.00713612,0.000471704,2
277,p,0.0236893,0.000118095,5
277,omega,0.00111289,5.82774e-05,2
277,k,0.00485408,0.000325755,2
278,Ux,0.00173784,0.00010808,2
278,Uy,0.00709163,0.00046879,2
278,p,0.0239158,0.0001149,5
278,omega,0.00110853,5.80641e-05,2
278,k,0.00482057,0.000323556,2
279,Ux,0.00172995,0.000107604,2
279,Uy,0.00705485,0.000466238,2
279,p,0.0241433,0.000111742,5
279,omega,0.00110553,5.78718e-05,2
279,k,0.00478733,0.00032135,2
280,Ux,0.00172258,0.000107184,2
280,Uy,0.00702221,0.000464307,2
280,p,0.0243186,0.000108674,5
280,omega,0.00110209,5.77173e-05,2
280,k,0.00475399,0.000319154,2
281,Ux,0.00171596,0.000106823,2
281,Uy,0.00699798,0.000462936,2
281,p,0.0244539,0.000105911,5
281,omega,0.00109887,5.76495e-05,2
281,k,0.00472484,0.000317023,2
282,Ux,0.00171001,0.000106528,2
282,Uy,0.00698424,0.000461929,2
282,p,0.0246222,0.000103595,5
282,omega,0.00109783,5.76605e-05,2
282,k,0.00469964,0.0003152,2
283,Ux,0.00170488,0.000106312,2
283,Uy,0.0069735,0.000461758,2
283,p,0.0248177,0.000101794,5
283,omega,0.00109702,5.77306e-05,2
283,k,0.00467634,0.000313657,2
284,Ux,0.00170052,0.000106132,2
284,Uy,0.00697139,0.000461892,2
284,p,0.0250463,0.000100615,5
284,omega,0.00109696,5.78455e-05,2
284,k,0.00465576,0.000312276,2
285,Ux,0.00169687,0.000106007,2
285,Uy,0.00697806,0.000462641,2
285,p,0.0252577,0.000100058,5
285,omega,0.0010972,5.79817e-05,2
285,k,0.00463701,0.000311011,2
286,Ux,0.00169354,0.000105906,2
286,Uy,0.00698835,0.000463892,2
286,p,0.0254785,0.000100225,5
286,omega,0.00109702,5.81197e-05,2
286,k,0.00461983,0.000309922,2
287,Ux,0.00169079,0.000105832,2
287,Uy,0.00700363,0.00046542,2
287,p,0.025745,0.000101262,5
287,omega,0.00109763,5.82506e-05,2
287,k,0.00460392,0.000308882,2
288,Ux,0.00168834,0.000105793,2
288,Uy,0.00702265,0.000467342,2
288,p,0.0259528,0.000102826,5
288,omega,0.00109953,5.84344e-05,2
288,k,0.00459053,0.000307928,2
289,Ux,0.0016862,0.000105776,2
289,Uy,0.00704835,0.000469563,2
289,p,0.0263075,0.000104664,5
289,omega,0.00110126,5.85826e-05,2
289,k,0.00457793,0.000307052,2
290,Ux,0.00168435,0.000105779,2
290,Uy,0.00707665,0.000472062,2
290,p,0.0265688,0.000106671,5
290,omega,0.0011017,5.87438e-05,2
290,k,0.00456644,0.000306223,2
291,Ux,0.00168285,0.000105788,2
291,Uy,0.00710692,0.000474778,2
291,p,0.0267938,0.000109124,5
291,omega,0.00110285,5.89044e-05,2
291,k,0.00455573,0.000305378,2
292,Ux,0.00168135,0.000105802,2
292,Uy,0.00714014,0.000477716,2
292,p,0.0270317,0.000110677,5
292,omega,0.0011039,5.90484e-05,2
292,k,0.00454484,0.00030454,2
293,Ux,0.00168007,0.000105829,2
293,Uy,0.00717657,0.000480815,2
293,p,0.0273748,0.000113181,5
293,omega,0.00110425,5.91569e-05,2
293,k,0.00453512,0.000303692,2
294,Ux,0.00167879,0.000105864,2
294,Uy,0.00721143,0.000483956,2
294,p,0.0275825,0.000116153,5
294,omega,0.00110502,5.92618e-05,2
294,k,0.00452466,0.000302842,2
295,Ux,0.00167765,0.000105901,2
295,Uy,0.00725178,0.000487142,2
295,p,0.0278732,0.000118487,5
295,omega,0.00110765,5.93758e-05,2
295,k,0.0045144,0.00030197,2
296,Ux,0.00167669,0.000105948,2
296,Uy,0.00728919,0.000490625,2
296,p,0.0281868,0.000120337,5
296,omega,0.00110848,5.94562e-05,2
296,k,0.00450355,0.000301042,2
297,Ux,0.00167565,0.000105999,2
297,Uy,0.00732691,0.000493816,2
297,p,0.0283826,0.000122015,5
297,omega,0.00110955,5.95391e-05,2
297,k,0.0044921,0.000300057,2
298,Ux,0.00167458,0.000106046,2
298,Uy,0.00736905,0.000497304,2
298,p,0.0286623,0.0001232,5
298,omega,0.00110974,5.95938e-05,2
298,k,0.0044806,0.000299057,2
299,Ux,0.00167361,0.000106092,2
299,Uy,0.00740749,0.000500611,2
299,p,0.0288676,0.000123463,5
299,omega,0.00110926,5.96364e-05,2
299,k,0.00446688,0.000297979,2
300,Ux,0.00167294,0.000106128,2
300,Uy,0.00744634,0.000503928,2
300,p,0.0290385,0.000123931,5
300,omega,0.00110795,5.96458e-05,2
300,k,0.00445338,0.000296852,2
301,Ux,0.001672,0.000106156,2
301,Uy,0.00748625,0.000507374,2
301,p,0.0291092,0.000124703,5
301,omega,0.00110817,5.96374e-05,2
301,k,0.0044386,0.000295681,2
302,Ux,0.00167113,0.000106178,2
302,Uy,0.00752513,0.000510526,2
302,p,0.0292803,0.000125593,5
302,omega,0.00110854,5.96294e-05,2
302,k,0.00442464,0.000294443,2
303,Ux,0.00166993,0.000106188,2
303,Uy,0.00756352,0.000513932,2
303,p,0.0293959,0.000126605,5
303,omega,0.00110786,5.95905e-05,2
303,k,0.00440825,0.000293101,2
304,Ux,0.00166884,0.000106183,2
304,Uy,0.00760172,0.000517028,2
304,p,0.0294642,0.000127793,5
304,omega,0.00110691,5.95389e-05,2
304,k,0.00439089,0.000291796,2
305,Ux,0.00166758,0.000106181,2
305,Uy,0.00763696,0.000520036,2
305,p,0.0295164,0.000129055,5
305,omega,0.00110475,5.94532e-05,2
305,k,0.00437228,0.000290423,2
306,Ux,0.00166626,0.000106153,2
306,Uy,0.00767397,0.000523128,2
306,p,0.0295191,0.000130107,5
306,omega,0.00110177,5.93539e-05,2
306,k,0.00435464,0.000288964,2
307,Ux,0.00166464,0.000106118,2
307,Uy,0.00770868,0.000525893,2
307,p,0.029467,0.000131189,5
307,omega,0.00109952,5.92427e-05,2
307,k,0.004335,0.000287467,2
308,Ux,0.00166321,0.000106061,2
308,Uy,0.00774359,0.000528865,2
308,p,0.0292921,0.000132436,5
308,omega,0.00109746,5.91235e-05,2
308,k,0.00431393,0.000286049,2
309,Ux,0.00166108,0.000105989,2
309,Uy,0.00777565,0.000531556,2
309,p,0.0292617,0.000133665,5
309,omega,0.00109513,5.89654e-05,2
309,k,0.00429423,0.000284542,2
310,Ux,0.00165908,0.000105904,2
310,Uy,0.00780559,0.000534065,2
310,p,0.0292286,0.000134827,5
310,omega,0.00109221,5.88175e-05,2
310,k,0.00427336,0.000282961,2
311,Ux,0.00165663,0.000105803,2
311,Uy,0.00783825,0.000536583,2
311,p,0.0290376,0.000135725,5
311,omega,0.00108876,5.86261e-05,2
311,k,0.00425128,0.000281435,2
312,Ux,0.00165422,0.000105699,2
312,Uy,0.00786466,0.000538939,2
312,p,0.0287635,0.00013613,5
312,omega,0.0010847,5.84638e-05,2
312,k,0.00422809,0.000279901,2
313,Ux,0.00165159,0.00010556,2
313,Uy,0.00788921,0.000541128,2
313,p,0.0285568,0.000135487,5
313,omega,0.00108018,5.82535e-05,2
313,k,0.00420545,0.000278336,2
314,Ux,0.00164866,0.000105435,2
314,Uy,0.00791512,0.000543036,2
314,p,0.0283206,0.000133783,5
314,omega,0.0010763,5.80488e-05,2
314,k,0.00418163,0.000276742,2
315,Ux,0.00164556,0.000105286,2
315,Uy,0.00793608,0.000545014,2
315,p,0.0279859,0.000132003,5
315,omega,0.00107161,5.78068e-05,2
315,k,0.00415719,0.00027515,2
316,Ux,0.00164251,0.000105136,2
316,Uy,0.00795419,0.000546735,2
316,p,0.0277975,0.000130087,5
316,omega,0.00106733,5.75726e-05,2
316,k,0.00413353,0.000273523,2
317,Ux,0.0016393,0.000104959,2
317,Uy,0.00797439,0.000548325,2
317,p,0.0275115,0.000128611,5
317,omega,0.00106225,5.73036e-05,2
317,k,0.00410747,0.000271844,2
318,Ux,0.00163581,0.000104793,2
318,Uy,0.00799086,0.000549815,2
318,p,0.0271959,0.000127639,5
318,omega,0.00105644,5.70353e-05,2
318,k,0.00408068,0.00027017,2
319,Ux,0.00163215,0.000104616,2
319,Uy,0.0080034,0.000551122,2
319,p,0.0268165,0.000126048,5
319,omega,0.00104997,5.67359e-05,2
319,k,0.00405387,0.000268459,2
320,Ux,0.00162827,0.000104414,2
320,Uy,0.00801408,0.000552257,2
320,p,0.0264662,0.000124164,5
320,omega,0.0010438,5.64222e-05,2
320,k,0.00402554,0.000266685,2
321,Ux,0.00162441,0.00010422,2
321,Uy,0.00802537,0.000553168,2
321,p,0.0261304,0.000121986,5
321,omega,0.00103722,5.60976e-05,2
321,k,0.00399654,0.000264912,2
322,Ux,0.00162034,0.000104005,2
322,Uy,0.0080314,0.000554015,2
322,p,0.0256801,0.00011954,5
322,omega,0.00103032,5.57483e-05,2
322,k,0.00396756,0.00026315,2
323,Ux,0.00161619,0.000103788,2
323,Uy,0.0080357,0.000554749,2
323,p,0.0254179,0.000116945,5
323,omega,0.00102375,5.53949e-05,2
323,k,0.00393821,0.000261274,2
324,Ux,0.00161166,0.000103547,2
324,Uy,0.00804048,0.000555234,2
324,p,0.0250883,0.000114313,5
324,omega,0.0010162,5.5011e-05,2
324,k,0.0039079,0.000259388,2
325,Ux,0.00160688,0.000103287,2
325,Uy,0.0080401,0.000555605,2
325,p,0.0246719,0.000111779,5
325,omega,0.00100779,5.46114e-05,2
325,k,0.00387695,0.000257553,2
326,Ux,0.00160181,0.000103022,2
326,Uy,0.00803944,0.000555796,2
326,p,0.0242142,0.000108962,5
326,omega,0.000999675,5.42071e-05,2
326,k,0.003847,0.000255688,2
327,Ux,0.00159676,0.000102757,2
327,Uy,0.00803326,0.000555856,2
327,p,0.0237206,0.000106078,5
327,omega,0.000991168,5.37845e-05,2
327,k,0.00381554,0.000253805,2
328,Ux,0.00159149,0.000102471,2
328,Uy,0.00802929,0.000555741,2
328,p,0.0234229,0.000103103,5
328,omega,0.00098247,5.33437e-05,2
328,k,0.00378428,0.000251997,2
329,Ux,0.00158589,0.000102161,2
329,Uy,0.00802051,0.00055556,2
329,p,0.0230188,0.000100149,5
329,omega,0.000973905,5.29225e-05,2
329,k,0.00375415,0.000250152,2
330,Ux,0.00158018,0.000101846,2
330,Uy,0.00801154,0.000555169,2
330,p,0.0225256,9.71993e-05,5
330,omega,0.000964986,5.24723e-05,2
330,k,0.00372264,0.000248356,2
331,Ux,0.00157392,0.000101513,2
331,Uy,0.00799838,0.000554723,2
331,p,0.022183,9.43594e-05,5
331,omega,0.000956189,5.20419e-05,2
331,k,0.00369236,0.000246646,2
332,Ux,0.00156774,0.000101183,2
332,Uy,0.00798622,0.000554038,2
332,p,0.0217946,9.16466e-05,5
332,omega,0.000947103,5.1594e-05,2
332,k,0.00366336,0.000244935,2
333,Ux,0.00156121,0.000100832,2
333,Uy,0.0079689,0.00055327,2
333,p,0.0213656,8.91728e-05,5
333,omega,0.000938059,5.11433e-05,2
333,k,0.00363386,0.000243244,2
334,Ux,0.0015548,0.000100478,2
334,Uy,0.00795152,0.00055231,2
334,p,0.0209101,8.70645e-05,5
334,omega,0.000928725,5.06957e-05,2
334,k,0.00360511,0.000241661,2
335,Ux,0.00154781,0.000100109,2
335,Uy,0.00793097,0.000551207,2
335,p,0.0203927,8.52708e-05,5
335,omega,0.000919292,5.02412e-05,2
335,k,0.00357716,0.000240164,2
336,Ux,0.0015409,9.97528e-05,2
336,Uy,0.00790885,0.000550003,2
336,p,0.0198603,8.39994e-05,5
336,omega,0.000910685,4.97995e-05,2
336,k,0.00355001,0.000238693,2
337,Ux,0.00153372,9.93833e-05,2
337,Uy,0.00788513,0.000548626,2
337,p,0.0193921,8.32207e-05,5
337,omega,0.000901757,4.93571e-05,2
337,k,0.00352361,0.000237296,2
338,Ux,0.00152663,9.90049e-05,2
338,Uy,0.00785937,0.000547179,2
338,p,0.0189045,8.26464e-05,5
338,omega,0.000893528,4.89257e-05,2
338,k,0.00349873,0.000236024,2
339,Ux,0.00151938,9.85989e-05,2
339,Uy,0.00783161,0.000545555,2
339,p,0.0184498,8.21677e-05,5
339,omega,0.000885374,4.85111e-05,2
339,k,0.00347416,0.000234739,2
340,Ux,0.00151184,9.81831e-05,2
340,Uy,0.00780339,0.000543943,2
340,p,0.0180202,8.18781e-05,5
340,omega,0.000877527,4.81204e-05,2
340,k,0.00345031,0.000233543,2
341,Ux,0.00150413,9.77543e-05,2
341,Uy,0.00777324,0.00054221,2
341,p,0.0175853,8.16407e-05,5
341,omega,0.000870538,4.77728e-05,2
341,k,0.00342807,0.000232388,2
342,Ux,0.00149613,9.7318e-05,2
342,Uy,0.00774291,0.0005404,2
342,p,0.0171268,8.15716e-05,5
342,omega,0.000863769,4.74549e-05,2
342,k,0.00340565,0.000231331,2
343,Ux,0.00148817,9.68658e-05,2
343,Uy,0.00770915,0.000538455,2
343,p,0.0166815,8.14494e-05,5
343,omega,0.00085772,4.7198e-05,2
343,k,0.00338377,0.000230215,2
344,Ux,0.00147981,9.6395e-05,2
344,Uy,0.00767563,0.000536341,2
344,p,0.0162474,8.12172e-05,5
344,omega,0.000852359,4.69776e-05,2
344,k,0.00336269,0.000229199,2
345,Ux,0.00147156,9.59198e-05,2
345,Uy,0.0076383,0.000534121,2
345,p,0.0158425,8.06109e-05,5
345,omega,0.000847756,4.68178e-05,2
345,k,0.00334245,0.000228247,2
346,Ux,0.00146308,9.54398e-05,2
346,Uy,0.00760008,0.000531706,2
346,p,0.0154474,7.97837e-05,5
346,omega,0.000844299,4.67051e-05,2
346,k,0.0033229,0.000227342,2
347,Ux,0.00145478,9.49594e-05,2
347,Uy,0.00755791,0.000528996,2
347,p,0.0150673,7.88751e-05,5
347,omega,0.000841169,4.65933e-05,2
347,k,0.00330425,0.000226468,2
348,Ux,0.00144633,9.44652e-05,2
348,Uy,0.00751247,0.000526031,2
348,p,0.0147349,7.79247e-05,5
348,omega,0.00083839,4.65057e-05,2
348,k,0.003287,0.000225658,2
349,Ux,0.00143777,9.39665e-05,2
349,Uy,0.00746272,0.000522683,2
349,p,0.0144349,7.68416e-05,5
349,omega,0.000835529,4.64039e-05,2
349,k,0.00327005,0.000224996,2
350,Ux,0.00142923,9.34684e-05,2
350,Uy,0.00740828,0.000519047,2
350,p,0.0141602,7.60443e-05,5
350,omega,0.00083287,4.63217e-05,2
350,k,0.00325555,0.000224374,2
351,Ux,0.00142064,9.29526e-05,2
351,Uy,0.00734992,0.000515074,2
351,p,0.0138955,7.49237e-05,5
351,omega,0.000829814,4.62285e-05,2
351,k,0.00324141,0.00022378,2
352,Ux,0.00141191,9.24315e-05,2
352,Uy,0.0072862,0.000510692,2
352,p,0.0136401,7.3795e-05,5
352,omega,0.000826554,4.613e-05,2
352,k,0.00322806,0.000223307,2
353,Ux,0.00140303,9.1895e-05,2
353,Uy,0.007218,0.000505976,2
353,p,0.0134365,7.25711e-05,5
353,omega,0.000822257,4.59899e-05,2
353,k,0.00321611,0.000222965,2
354,Ux,0.00139422,9.13582e-05,2
354,Uy,0.00714474,0.000500853,2
354,p,0.0132196,7.12598e-05,5
354,omega,0.000817579,4.58347e-05,2
354,k,0.00320641,0.000222776,2
355,Ux,0.00138516,9.08019e-05,2
355,Uy,0.00706479,0.000495344,2
355,p,0.0130159,6.96968e-05,5
355,omega,0.000812382,4.5642e-05,2
355,k,0.00319841,0.000222703,2
356,Ux,0.00137593,9.02383e-05,2
356,Uy,0.00698046,0.00048931,2
356,p,0.0127973,6.78098e-05,5
356,omega,0.000807182,4.5442e-05,2
356,k,0.00319182,0.000222774,2
357,Ux,0.00136668,8.96754e-05,2
357,Uy,0.00688975,0.000482932,2
357,p,0.0125917,6.57052e-05,5
357,omega,0.000801765,4.5202e-05,2
357,k,0.00318591,0.000222791,2
358,Ux,0.00135739,8.90954e-05,2
358,Uy,0.00679671,0.000476252,2
358,p,0.0123945,6.34541e-05,5
358,omega,0.000796224,4.49517e-05,2
358,k,0.00318043,0.000222674,2
359,Ux,0.00134801,8.85085e-05,2
359,Uy,0.00669777,0.000469195,2
359,p,0.0122128,6.12275e-05,5
359,omega,0.000790384,4.46897e-05,2
359,k,0.00317377,0.000222435,2
360,Ux,0.00133866,8.79215e-05,2
360,Uy,0.00659686,0.000461887,2
360,p,0.0120363,5.89689e-05,5
360,omega,0.000784355,4.44112e-05,2
360,k,0.00316573,0.000222078,2
361,Ux,0.00132931,8.73343e-05,2
361,Uy,0.00649139,0.000454269,2
361,p,0.0118586,5.65812e-05,5
361,omega,0.000777907,4.41052e-05,2
361,k,0.00315603,0.000221629,2
362,Ux,0.00132,8.67404e-05,2
362,Uy,0.00638419,0.000446498,2
362,p,0.0116794,5.41989e-05,5
362,omega,0.000771328,4.37816e-05,2
362,k,0.00314524,0.000221021,2
363,Ux,0.00131058,8.61577e-05,2
363,Uy,0.00627584,0.000438546,2
363,p,0.0115153,5.20027e-05,5
363,omega,0.000764659,4.3436e-05,2
363,k,0.00313337,0.000220294,2
364,Ux,0.00130134,8.55672e-05,2
364,Uy,0.00616564,0.000430574,2
364,p,0.0113438,5.01793e-05,5
364,omega,0.000757968,4.30812e-05,2
364,k,0.00311951,0.000219469,2
365,Ux,0.00129225,8.49796e-05,2
365,Uy,0.00605551,0.000422507,2
365,p,0.0111744,4.8743e-05,5
365,omega,0.00075108,4.27254e-05,2
365,k,0.00310457,0.000218512,2
366,Ux,0.0012831,8.43967e-05,2
366,Uy,0.00594644,0.000414483,2
366,p,0.0109992,4.7712e-05,5
366,omega,0.000743981,4.23529e-05,2
366,k,0.00308825,0.000217451,2
367,Ux,0.00127417,8.38137e-05,2
367,Uy,0.00583905,0.000406555,2
367,p,0.0108297,4.71062e-05,5
367,omega,0.000736711,4.19767e-05,2
367,k,0.00307079,0.000216299,2
368,Ux,0.0012652,8.32363e-05,2
368,Uy,0.00573325,0.000398809,2
368,p,0.0106614,4.68672e-05,5
368,omega,0.000729606,4.15765e-05,2
368,k,0.00305213,0.000215046,2
369,Ux,0.00125624,8.26693e-05,2
369,Uy,0.00563213,0.000391381,2
369,p,0.0105056,4.69274e-05,5
369,omega,0.000722128,4.11683e-05,2
369,k,0.00303229,0.000213716,2
370,Ux,0.00124752,8.2112e-05,2
370,Uy,0.00553634,0.000384374,2
370,p,0.0103478,4.71913e-05,5
370,omega,0.000714375,4.07523e-05,2
370,k,0.00301128,0.000212268,2
371,Ux,0.00123886,8.1563e-05,2
371,Uy,0.00544675,0.000377869,2
371,p,0.0101956,4.75598e-05,5
371,omega,0.000706562,4.03209e-05,2
371,k,0.0029895,0.000210783,2
372,Ux,0.00123039,8.10273e-05,2
372,Uy,0.00536291,0.00037166,2
372,p,0.0100421,4.79391e-05,5
372,omega,0.000699002,3.98877e-05,2
372,k,0.00296638,0.000209197,2
373,Ux,0.00122216,8.04883e-05,2
373,Uy,0.00528469,0.000365986,2
373,p,0.0098965,4.82904e-05,5
373,omega,0.000691587,3.94411e-05,2
373,k,0.00294251,0.000207565,2
374,Ux,0.00121399,7.99642e-05,2
374,Uy,0.00521344,0.000360808,2
374,p,0.00974176,4.8605e-05,5
374,omega,0.000683993,3.89965e-05,2
374,k,0.00291792,0.000205853,2
375,Ux,0.00120597,7.94464e-05,2
375,Uy,0.00515191,0.000356396,2
375,p,0.00959253,4.88849e-05,5
375,omega,0.000676231,3.85581e-05,2
375,k,0.00289273,0.000204099,2
376,Ux,0.00119808,7.89362e-05,2
376,Uy,0.00509783,0.00035258,2
376,p,0.00944403,4.91472e-05,5
376,omega,0.000668379,3.812e-05,2
376,k,0.00286686,0.000202327,2
377,Ux,0.00119028,7.84353e-05,2
377,Uy,0.00505024,0.000349205,2
377,p,0.00930485,4.93603e-05,5
377,omega,0.00066047,3.76838e-05,2
377,k,0.00284074,0.000200499,2
378,Ux,0.00118263,7.79383e-05,2
378,Uy,0.00500787,0.000346283,2
378,p,0.00917074,4.95557e-05,5
378,omega,0.000652528,3.72503e-05,2
378,k,0.00281415,0.000198633,2
379,Ux,0.00117507,7.74489e-05,2
379,Uy,0.00497072,0.000343682,2
379,p,0.00904799,4.97479e-05,5
379,omega,0.000644707,3.68155e-05,2
379,k,0.00278773,0.00019679,2
380,Ux,0.00116771,7.69668e-05,2
380,Uy,0.00493869,0.000341491,2
380,p,0.00892925,4.99373e-05,5
380,omega,0.000637207,3.63794e-05,2
380,k,0.0027605,0.0001949,2
381,Ux,0.0011604,7.64969e-05,2
381,Uy,0.00491067,0.000339605,2
381,p,0.00883775,5.01039e-05,5
381,omega,0.000629737,3.59498e-05,2
381,k,0.00273359,0.000192996,2
382,Ux,0.00115333,7.6033e-05,2
382,Uy,0.00488697,0.000338027,2
382,p,0.00875218,5.02408e-05,5
382,omega,0.00062248,3.55294e-05,2
382,k,0.00270675,0.000191123,2
383,Ux,0.00114636,7.55788e-05,2
383,Uy,0.0048657,0.000336614,2
383,p,0.00866643,5.03486e-05,5
383,omega,0.000615314,3.51249e-05,2
383,k,0.00267994,0.000189239,2
384,Ux,0.00113953,7.51386e-05,2
384,Uy,0.00484764,0.000335453,2
384,p,0.00858029,5.04223e-05,5
384,omega,0.000608173,3.47275e-05,2
384,k,0.00265314,0.000187361,2
385,Ux,0.0011329,7.47078e-05,2
385,Uy,0.0048312,0.00033438,2
385,p,0.00850567,5.0479e-05,5
385,omega,0.0006011,3.43381e-05,2
385,k,0.00262663,0.000185494,2
386,Ux,0.0011265,7.4287e-05,2
386,Uy,0.00481684,0.000333491,2
386,p,0.00844964,5.05335e-05,5
386,omega,0.00059412,3.39511e-05,2
386,k,0.00260016,0.000183635,2
387,Ux,0.00112024,7.38885e-05,2
387,Uy,0.00480357,0.000332638,2
387,p,0.0083927,5.0567e-05,5
387,omega,0.000587497,3.35725e-05,2
387,k,0.0025743,0.000181811,2
388,Ux,0.00111423,7.35007e-05,2
388,Uy,0.00479248,0.000331958,2
388,p,0.008325,5.062e-05,5
388,omega,0.000581114,3.3202e-05,2
388,k,0.00254884,0.000180037,2
389,Ux,0.00110841,7.31231e-05,2
389,Uy,0.00478199,0.000331301,2
389,p,0.00827171,5.07146e-05,5
389,omega,0.000574916,3.28489e-05,2
389,k,0.00252357,0.000178284,2
390,Ux,0.00110271,7.27622e-05,2
390,Uy,0.00477306,0.000330745,2
390,p,0.00822712,5.08475e-05,5
390,omega,0.000568831,3.25155e-05,2
390,k,0.00249884,0.000176554,2
391,Ux,0.00109714,7.24109e-05,2
391,Uy,0.00476441,0.000330211,2
391,p,0.0081757,5.10165e-05,5
391,omega,0.000563039,3.21952e-05,2
391,k,0.00247478,0.000174874,2
392,Ux,0.0010917,7.20658e-05,2
392,Uy,0.00475748,0.000329782,2
392,p,0.00811836,5.12111e-05,5
392,omega,0.000557535,3.18847e-05,2
392,k,0.00245108,0.000173244,2
393,Ux,0.00108639,7.1733e-05,2
393,Uy,0.00475069,0.000329413,2
393,p,0.00807601,5.14173e-05,5
393,omega,0.000552276,3.15934e-05,2
393,k,0.00242801,0.000171642,2
394,Ux,0.00108112,7.14023e-05,2
394,Uy,0.0047442,0.000329077,2
394,p,0.00804576,5.1641e-05,5
394,omega,0.000547292,3.13164e-05,2
394,k,0.00240542,0.000170085,2
395,Ux,0.00107596,7.10733e-05,2
395,Uy,0.00473965,0.000328802,2
395,p,0.00801126,5.18779e-05,5
395,omega,0.000542754,3.10545e-05,2
395,k,0.00238345,0.000168565,2
396,Ux,0.00107086,7.07513e-05,2
396,Uy,0.00473507,0.000328556,2
396,p,0.00797463,5.21209e-05,5
396,omega,0.000538537,3.08127e-05,2
396,k,0.00236199,0.000167087,2
397,Ux,0.00106577,7.04295e-05,2
397,Uy,0.00473172,0.000328386,2
397,p,0.00795236,5.24554e-05,5
397,omega,0.000534578,3.0588e-05,2
397,k,0.00234099,0.000165637,2
398,Ux,0.00106069,7.01063e-05,2
398,Uy,0.00472955,0.000328363,2
398,p,0.00794482,5.272e-05,5
398,omega,0.000530868,3.03832e-05,2
398,k,0.00232058,0.000164227,2
399,Ux,0.00105567,6.97827e-05,2
399,Uy,0.00472756,0.000328261,2
399,p,0.00793888,5.29848e-05,5
399,omega,0.000527334,3.01918e-05,2
399,k,0.00230062,0.000162849,2
400,Ux,0.00105059,6.94608e-05,2
400,Uy,0.00472644,0.000328314,2
400,p,0.00793506,5.32589e-05,5
400,omega,0.000524049,3.00139e-05,2
400,k,0.00228131,0.000161504,2
401,Ux,0.00104556,6.91361e-05,2
401,Uy,0.00472539,0.000328339,2
401,p,0.00794412,5.34928e-05,5
401,omega,0.000520987,2.98501e-05,2
401,k,0.00226233,0.000160203,2
402,Ux,0.00104051,6.88095e-05,2
402,Uy,0.00472592,0.000328368,2
402,p,0.00797769,5.37257e-05,5
402,omega,0.000518119,2.96953e-05,2
402,k,0.00224398,0.000158947,2
403,Ux,0.00103557,6.84849e-05,2
403,Uy,0.00472586,0.000328535,2
403,p,0.00801577,5.39267e-05,5
403,omega,0.000515458,2.9551e-05,2
403,k,0.00222618,0.000157723,2
404,Ux,0.0010308,6.81673e-05,2
404,Uy,0.00472617,0.000328586,2
404,p,0.00805555,5.41232e-05,5
404,omega,0.000512996,2.94163e-05,2
404,k,0.00220878,0.000156518,2
405,Ux,0.00102618,6.78622e-05,2
405,Uy,0.00472723,0.000328769,2
405,p,0.00809836,5.43306e-05,5
405,omega,0.000510662,2.92902e-05,2
405,k,0.00219178,0.000155365,2
406,Ux,0.00102168,6.75653e-05,2
406,Uy,0.00472794,0.000328909,2
406,p,0.00814275,5.45521e-05,5
406,omega,0.000508497,2.917e-05,2
406,k,0.00217522,0.000154262,2
407,Ux,0.00101728,6.72751e-05,2
407,Uy,0.00472954,0.000329036,2
407,p,0.0081723,5.47937e-05,5
407,omega,0.000506422,2.90598e-05,2
407,k,0.00215916,0.000153182,2
408,Ux,0.00101285,6.6994e-05,2
408,Uy,0.00473151,0.000329276,2
408,p,0.00821378,5.50345e-05,5
408,omega,0.000504505,2.8953e-05,2
408,k,0.00214347,0.000152121,2
409,Ux,0.00100849,6.67184e-05,2
409,Uy,0.00473194,0.000329519,2
409,p,0.0082596,5.52294e-05,5
409,omega,0.000502652,2.88546e-05,2
409,k,0.00212834,0.000151091,2
410,Ux,0.00100415,6.64475e-05,2
410,Uy,0.00473389,0.000329685,2
410,p,0.00827638,5.53491e-05,5
410,omega,0.000501029,2.87642e-05,2
410,k,0.00211342,0.000150088,2
411,Ux,0.000999871,6.61792e-05,2
411,Uy,0.0047358,0.000329856,2
411,p,0.0082793,5.53747e-05,5
411,omega,0.000499491,2.86804e-05,2
411,k,0.00209892,0.000149117,2
412,Ux,0.00099559,6.59129e-05,2
412,Uy,0.00473727,0.000330129,2
412,p,0.00828029,5.53126e-05,5
412,omega,0.000498006,2.86002e-05,2
412,k,0.00208461,0.000148164,2
413,Ux,0.000991347,6.5651e-05,2
413,Uy,0.00474016,0.000330347,2
413,p,0.00826974,5.51702e-05,5
413,omega,0.000496588,2.85213e-05,2
413,k,0.00207067,0.000147255,2
414,Ux,0.000987121,6.53896e-05,2
414,Uy,0.00474145,0.000330568,2
414,p,0.00826978,5.49021e-05,5
414,omega,0.00049517,2.8444e-05,2
414,k,0.00205719,0.000146371,2
415,Ux,0.000982885,6.51329e-05,2
415,Uy,0.0047434,0.000330844,2
415,p,0.00827716,5.44787e-05,5
415,omega,0.000493758,2.83644e-05,2
415,k,0.00204402,0.000145506,2
416,Ux,0.000978665,6.48745e-05,2
416,Uy,0.00474568,0.00033105,2
416,p,0.0082592,5.39104e-05,5
416,omega,0.000492436,2.82815e-05,2
416,k,0.00203116,0.000144692,2
417,Ux,0.000974449,6.46219e-05,2
417,Uy,0.00474616,0.000331232,2
417,p,0.00823327,5.32009e-05,5
417,omega,0.000490991,2.81962e-05,2
417,k,0.00201858,0.000143901,2
418,Ux,0.000970273,6.43704e-05,2
418,Uy,0.00474635,0.000331348,2
418,p,0.00819144,5.23827e-05,5
418,omega,0.000489471,2.81078e-05,2
418,k,0.00200683,0.000143159,2
419,Ux,0.000966001,6.4117e-05,2
419,Uy,0.00474608,0.000331419,2
419,p,0.00813095,5.15109e-05,5
419,omega,0.000487878,2.80169e-05,2
419,k,0.00199534,0.000142441,2
420,Ux,0.000961829,6.38666e-05,2
420,Uy,0.00474521,0.000331419,2
420,p,0.00805967,5.05662e-05,5
420,omega,0.000486218,2.79226e-05,2
420,k,0.00198419,0.000141802,2
421,Ux,0.000957587,6.36219e-05,2
421,Uy,0.00474263,0.000331313,2
421,p,0.00798114,4.95952e-05,5
421,omega,0.000484384,2.78224e-05,2
421,k,0.00197355,0.000141202,2
422,Ux,0.000953376,6.33758e-05,2
422,Uy,0.00473836,0.000331163,2
422,p,0.00788251,4.86267e-05,5
422,omega,0.00048252,2.77188e-05,2
422,k,0.00196361,0.000140666,2
423,Ux,0.000949198,6.31307e-05,2
423,Uy,0.00473405,0.000330881,2
423,p,0.00777801,4.77035e-05,5
423,omega,0.000480568,2.76054e-05,2
423,k,0.00195437,0.000140165,2
424,Ux,0.000945056,6.28907e-05,2
424,Uy,0.0047275,0.000330521,2
424,p,0.00766041,4.68703e-05,5
424,omega,0.000478575,2.74954e-05,2
424,k,0.00194551,0.000139725,2
425,Ux,0.000940928,6.26499e-05,2
425,Uy,0.00471938,0.000330055,2
425,p,0.00753813,4.6185e-05,5
425,omega,0.000476341,2.73749e-05,2
425,k,0.00193719,0.00013929,2
426,Ux,0.000936817,6.24131e-05,2
426,Uy,0.00470979,0.000329465,2
426,p,0.00741063,4.56983e-05,5
426,omega,0.000473944,2.72498e-05,2
426,k,0.00192938,0.000138884,2
427,Ux,0.000932706,6.21802e-05,2
427,Uy,0.00469841,0.000328764,2
427,p,0.00727573,4.54584e-05,5
427,omega,0.000471477,2.71203e-05,2
427,k,0.00192166,0.000138468,2
428,Ux,0.000928677,6.19508e-05,2
428,Uy,0.00468593,0.000327935,2
428,p,0.00712453,4.5489e-05,5
428,omega,0.000468876,2.69808e-05,2
428,k,0.00191439,0.000138059,2
429,Ux,0.000924714,6.17272e-05,2
429,Uy,0.00467134,0.000327006,2
429,p,0.00696436,4.57577e-05,5
429,omega,0.00046618,2.68407e-05,2
429,k,0.00190709,0.000137644,2
430,Ux,0.000920734,6.15039e-05,2
430,Uy,0.00465513,0.000325937,2
430,p,0.00681166,4.6245e-05,5
430,omega,0.000463393,2.66982e-05,2
430,k,0.00189982,0.000137226,2
431,Ux,0.000916859,6.12822e-05,2
431,Uy,0.00463739,0.000324722,2
431,p,0.00664921,4.68885e-05,5
431,omega,0.000460515,2.6549e-05,2
431,k,0.00189242,0.000136806,2
432,Ux,0.000912982,6.10652e-05,2
432,Uy,0.00461775,0.000323406,2
432,p,0.00647996,4.76475e-05,5
432,omega,0.000457558,2.63957e-05,2
432,k,0.00188515,0.000136368,2
433,Ux,0.000909185,6.0852e-05,2
433,Uy,0.00459641,0.000321952,2
433,p,0.0063105,4.84428e-05,5
433,omega,0.000454645,2.62418e-05,2
433,k,0.00187761,0.000135936,2
434,Ux,0.000905409,6.06397e-05,2
434,Uy,0.00457309,0.000320363,2
434,p,0.00613789,4.90112e-05,5
434,omega,0.000451633,2.60841e-05,2
434,k,0.00187024,0.000135484,2
435,Ux,0.000901672,6.04285e-05,2
435,Uy,0.00454796,0.000318651,2
435,p,0.005975,4.91547e-05,5
435,omega,0.000448584,2.59231e-05,2
435,k,0.00186247,0.000135043,2
436,Ux,0.000898009,6.02221e-05,2
436,Uy,0.00452195,0.000316831,2
436,p,0.00580798,4.87714e-05,5
436,omega,0.000445516,2.57623e-05,2
436,k,0.00185479,0.000134577,2
437,Ux,0.000894357,6.00179e-05,2
437,Uy,0.0044944,0.000314932,2
437,p,0.00564647,4.77679e-05,5
437,omega,0.000442436,2.5598e-05,2
437,k,0.00184689,0.000134112,2
438,Ux,0.000890784,5.98163e-05,2
438,Uy,0.0044658,0.00031295,2
438,p,0.00549019,4.61504e-05,5
438,omega,0.000439356,2.54346e-05,2
438,k,0.00183905,0.000133626,2
439,Ux,0.000887232,5.9616e-05,2
439,Uy,0.00443633,0.000310883,2
439,p,0.00533269,4.42309e-05,5
439,omega,0.000436283,2.52714e-05,2
439,k,0.00183095,0.000133131,2
440,Ux,0.000883735,5.94175e-05,2
440,Uy,0.00440622,0.000308783,2
440,p,0.00518307,4.25346e-05,5
440,omega,0.000433245,2.51113e-05,2
440,k,0.00182289,0.000132639,2
441,Ux,0.000880307,5.92244e-05,2
441,Uy,0.00437571,0.000306642,2
441,p,0.00503517,4.11472e-05,5
441,omega,0.000430299,2.49516e-05,2
441,k,0.00181463,0.000132121,2
442,Ux,0.000876902,5.90329e-05,2
442,Uy,0.00434466,0.00030446,2
442,p,0.0048944,4.02108e-05,5
442,omega,0.000427369,2.47946e-05,2
442,k,0.00180638,0.000131613,2
443,Ux,0.000873592,5.88443e-05,2
443,Uy,0.00431333,0.000302257,2
443,p,0.00475704,3.97727e-05,5
443,omega,0.000424476,2.4643e-05,2
443,k,0.00179804,0.000131088,2
444,Ux,0.000870339,5.86559e-05,2
444,Uy,0.00428231,0.000300048,2
444,p,0.00462821,3.96673e-05,5
444,omega,0.000421629,2.44922e-05,2
444,k,0.00178959,0.000130565,2
445,Ux,0.000867142,5.84731e-05,2
445,Uy,0.00425101,0.00029784,2
445,p,0.00450736,3.975e-05,5
445,omega,0.000418876,2.43461e-05,2
445,k,0.00178134,0.000130033,2
446,Ux,0.000864026,5.82903e-05,2
446,Uy,0.00421981,0.000295637,2
446,p,0.00439173,3.99746e-05,5
446,omega,0.000416117,2.42014e-05,2
446,k,0.00177288,0.000129496,2
447,Ux,0.000860935,5.81076e-05,2
447,Uy,0.00418947,0.000293449,2
447,p,0.00428294,4.02769e-05,5
447,omega,0.000413469,2.4062e-05,2
447,k,0.00176457,0.000128965,2
448,Ux,0.000857941,5.79264e-05,2
448,Uy,0.00415947,0.000291307,2
448,p,0.0041783,4.05206e-05,5
448,omega,0.000410887,2.39253e-05,2
448,k,0.00175628,0.000128412,2
449,Ux,0.000855003,5.77467e-05,2
449,Uy,0.00412991,0.000289213,2
449,p,0.00408107,4.06476e-05,5
449,omega,0.000408406,2.37926e-05,2
449,k,0.00174808,0.000127879,2
450,Ux,0.000852134,5.75684e-05,2
450,Uy,0.00410143,0.000287145,2
450,p,0.00399538,2.60409e-05,6
450,omega,0.000406056,2.36614e-05,2
450,k,0.00173981,0.000127327,2
451,Ux,0.000849314,5.73906e-05,2
451,Uy,0.00407392,0.00028515,2
451,p,0.00392341,2.47893e-05,6
451,omega,0.000403809,2.35318e-05,2
451,k,0.00173166,0.000126773,2
452,Ux,0.000846577,5.72154e-05,2
452,Uy,0.00404739,0.000283241,2
452,p,0.00386212,3.83178e-05,5
452,omega,0.000401627,2.34058e-05,2
452,k,0.00172359,0.000126235,2
453,Ux,0.000843981,5.70454e-05,2
453,Uy,0.00402206,0.000281403,2
453,p,0.00379718,2.33378e-05,6
453,omega,0.000399562,2.32808e-05,2
453,k,0.00171538,0.000125683,2
454,Ux,0.000841415,5.68765e-05,2
454,Uy,0.00399785,0.00027966,2
454,p,0.00373721,3.71983e-05,5
454,omega,0.000397545,2.31558e-05,2
454,k,0.00170748,0.000125139,2
455,Ux,0.000838986,5.67105e-05,2
455,Uy,0.00397532,0.000278063,2
455,p,0.00368084,2.2801e-05,6
455,omega,0.000395553,2.30316e-05,2
455,k,0.00169947,0.000124595,2
456,Ux,0.000836562,5.65452e-05,2
456,Uy,0.0039545,0.000276546,2
456,p,0.00363798,3.58263e-05,5
456,omega,0.000393619,2.29105e-05,2
456,k,0.00169156,0.000124052,2
457,Ux,0.000834242,5.63864e-05,2
457,Uy,0.00393441,0.000275094,2
457,p,0.00359643,3.49634e-05,5
457,omega,0.000391693,2.27916e-05,2
457,k,0.00168383,0.000123519,2
458,Ux,0.000831978,5.62291e-05,2
458,Uy,0.0039151,0.000273698,2
458,p,0.00356089,3.39934e-05,5
458,omega,0.000389869,2.26744e-05,2
458,k,0.00167605,0.000122982,2
459,Ux,0.00082976,5.60734e-05,2
459,Uy,0.00389682,0.000272364,2
459,p,0.00352746,3.28851e-05,5
459,omega,0.000388059,2.25613e-05,2
459,k,0.00166852,0.000122461,2
460,Ux,0.000827585,5.59194e-05,2
460,Uy,0.00387921,0.000271071,2
460,p,0.00349577,3.16026e-05,5
460,omega,0.000386311,2.24498e-05,2
460,k,0.00166096,0.000121941,2
461,Ux,0.000825462,5.57697e-05,2
461,Uy,0.00386214,0.000269821,2
461,p,0.003467,3.03405e-05,5
461,omega,0.000384614,2.23434e-05,2
461,k,0.00165361,0.00012142,2
462,Ux,0.000823395,5.56234e-05,2
462,Uy,0.00384566,0.000268609,2
462,p,0.00344537,2.91662e-05,5
462,omega,0.000383015,2.22407e-05,2
462,k,0.0016464,0.000120923,2
463,Ux,0.000821369,5.5479e-05,2
463,Uy,0.00383,0.000267439,2
463,p,0.00342664,2.82755e-05,5
463,omega,0.000381483,2.21425e-05,2
463,k,0.00163914,0.000120426,2
464,Ux,0.000819387,5.5337e-05,2
464,Uy,0.00381486,0.000266306,2
464,p,0.00340835,2.76332e-05,5
464,omega,0.000380055,2.2052e-05,2
464,k,0.00163224,0.00011993,2
465,Ux,0.000817482,5.51989e-05,2
465,Uy,0.00380049,0.000265227,2
465,p,0.00338995,2.71535e-05,5
465,omega,0.000378711,2.19668e-05,2
465,k,0.00162537,0.000119451,2
466,Ux,0.000815617,5.50633e-05,2
466,Uy,0.00378684,0.000264208,2
466,p,0.00337349,2.68522e-05,5
466,omega,0.000377457,2.18867e-05,2
466,k,0.00161847,0.000118978,2
467,Ux,0.000813783,5.49314e-05,2
467,Uy,0.00377413,0.000263232,2
467,p,0.00335726,2.66835e-05,5
467,omega,0.000376292,2.18118e-05,2
467,k,0.00161188,0.000118509,2
468,Ux,0.00081201,5.48015e-05,2
468,Uy,0.00376206,0.000262301,2
468,p,0.0033462,2.66669e-05,5
468,omega,0.000375206,2.17415e-05,2
468,k,0.00160528,0.000118044,2
469,Ux,0.000810272,5.4675e-05,2
469,Uy,0.00375072,0.000261403,2
469,p,0.00333845,2.67572e-05,5
469,omega,0.000374187,2.16756e-05,2
469,k,0.00159867,0.000117583,2
470,Ux,0.00080859,5.45508e-05,2
470,Uy,0.00374014,0.000260557,2
470,p,0.00333506,2.68665e-05,5
470,omega,0.000373229,2.16136e-05,2
470,k,0.00159229,0.000117129,2
471,Ux,0.000806946,5.44295e-05,2
471,Uy,0.00373047,0.000259751,2
471,p,0.00333163,2.70088e-05,5
471,omega,0.000372334,2.15551e-05,2
471,k,0.00158589,0.000116678,2
472,Ux,0.000805351,5.4311e-05,2
472,Uy,0.00372201,0.000259011,2
472,p,0.00332815,2.71923e-05,5
472,omega,0.000371502,2.14998e-05,2
472,k,0.00157949,0.000116223,2
473,Ux,0.000803782,5.41953e-05,2
473,Uy,0.00371507,0.000258342,2
473,p,0.00332615,2.74555e-05,5
473,omega,0.000370715,2.14473e-05,2
473,k,0.00157327,0.000115778,2
474,Ux,0.000802281,5.40817e-05,2
474,Uy,0.0037094,0.000257752,2
474,p,0.00333093,2.7816e-05,5
474,omega,0.000369962,2.1397e-05,2
474,k,0.00156697,0.000115335,2
475,Ux,0.000800821,5.39709e-05,2
475,Uy,0.00370475,0.000257223,2
475,p,0.0033448,2.82752e-05,5
475,omega,0.000369253,2.13491e-05,2
475,k,0.0015607,0.000114886,2
476,Ux,0.000799401,5.38612e-05,2
476,Uy,0.00370133,0.000256761,2
476,p,0.00335835,2.87771e-05,5
476,omega,0.000368578,2.13037e-05,2
476,k,0.00155454,0.000114441,2
477,Ux,0.000798015,5.37555e-05,2
477,Uy,0.00369864,0.000256363,2
477,p,0.00337367,2.9217e-05,5
477,omega,0.000367928,2.12601e-05,2
477,k,0.00154834,0.000114006,2
478,Ux,0.000796646,5.36516e-05,2
478,Uy,0.00369667,0.000256013,2
478,p,0.00339147,2.95702e-05,5
478,omega,0.000367304,2.12181e-05,2
478,k,0.00154215,0.000113566,2
479,Ux,0.000795319,5.35488e-05,2
479,Uy,0.00369526,0.000255725,2
479,p,0.00341162,2.98055e-05,5
479,omega,0.0003667,2.11774e-05,2
479,k,0.00153604,0.000113124,2
480,Ux,0.000794038,5.34479e-05,2
480,Uy,0.00369446,0.000255478,2
480,p,0.00342982,2.98793e-05,5
480,omega,0.000366124,2.11384e-05,2
480,k,0.00152995,0.000112688,2
481,Ux,0.000792786,5.33501e-05,2
481,Uy,0.00369414,0.000255294,2
481,p,0.00344609,2.98133e-05,5
481,omega,0.000365574,2.11005e-05,2
481,k,0.00152384,0.000112258,2
482,Ux,0.000791562,5.32549e-05,2
482,Uy,0.00369434,0.000255139,2
482,p,0.00346207,2.97317e-05,5
482,omega,0.000365049,2.10647e-05,2
482,k,0.00151783,0.000111825,2
483,Ux,0.000790366,5.31604e-05,2
483,Uy,0.00369506,0.000255041,2
483,p,0.00347557,2.94756e-05,5
483,omega,0.000364535,2.10294e-05,2
483,k,0.00151182,0.000111391,2
484,Ux,0.000789206,5.30672e-05,2
484,Uy,0.00369623,0.000254975,2
484,p,0.00348784,2.91903e-05,5
484,omega,0.000364032,2.09951e-05,2
484,k,0.00150586,0.000110965,2
485,Ux,0.000788083,5.29761e-05,2
485,Uy,0.00369785,0.000254952,2
485,p,0.00349357,2.89204e-05,5
485,omega,0.000363549,2.09623e-05,2
485,k,0.00149995,0.00011054,2
486,Ux,0.000786972,5.2886e-05,2
486,Uy,0.00369985,0.000254961,2
486,p,0.00349739,2.85714e-05,5
486,omega,0.000363077,2.09297e-05,2
486,k,0.0014941,0.000110118,2
487,Ux,0.000785888,5.27972e-05,2
487,Uy,0.00370217,0.000254988,2
487,p,0.0035047,2.82494e-05,5
487,omega,0.000362615,2.0898e-05,2
487,k,0.00148828,0.0001097,2
488,Ux,0.000784818,5.27088e-05,2
488,Uy,0.00370465,0.000255049,2
488,p,0.00351303,2.7942e-05,5
488,omega,0.000362155,2.08666e-05,2
488,k,0.00148251,0.000109288,2
489,Ux,0.000783754,5.26214e-05,2
489,Uy,0.00370734,0.000255109,2
489,p,0.00351639,2.76579e-05,5
489,omega,0.000361718,2.08361e-05,2
489,k,0.00147688,0.000108879,2
490,Ux,0.000782707,5.25352e-05,2
490,Uy,0.00371023,0.000255203,2
490,p,0.00351245,2.74381e-05,5
490,omega,0.000361291,2.08063e-05,2
490,k,0.00147131,0.000108478,2
491,Ux,0.000781681,5.24493e-05,2
491,Uy,0.00371314,0.000255294,2
491,p,0.00350451,2.71511e-05,5
491,omega,0.00036088,2.07771e-05,2
491,k,0.00146581,0.000108085,2
492,Ux,0.000780662,5.23632e-05,2
492,Uy,0.00371609,0.000255405,2
492,p,0.00349327,2.68932e-05,5
492,omega,0.000360471,2.07483e-05,2
492,k,0.00146045,0.0001077,2
493,Ux,0.000779645,5.22773e-05,2
493,Uy,0.00371912,0.000255513,2
493,p,0.00348492,2.6761e-05,5
493,omega,0.000360083,2.07201e-05,2
493,k,0.00145525,0.00010732,2
494,Ux,0.000778631,5.21923e-05,2
494,Uy,0.0037221,0.000255624,2
494,p,0.00347712,2.68098e-05,5
494,omega,0.000359707,2.06926e-05,2
494,k,0.00145014,0.000106952,2
495,Ux,0.000777645,5.21077e-05,2
495,Uy,0.00372501,0.000255745,2
495,p,0.00346849,2.69943e-05,5
495,omega,0.000359345,2.06654e-05,2
495,k,0.0014452,0.000106595,2
496,Ux,0.000776659,5.20229e-05,2
496,Uy,0.0037279,0.000255851,2
496,p,0.00345914,2.72604e-05,5
496,omega,0.000359003,2.06385e-05,2
496,k,0.00144045,0.000106248,2
497,Ux,0.000775667,5.19378e-05,2
497,Uy,0.00373082,0.000255976,2
497,p,0.00344979,2.75875e-05,5
497,omega,0.000358669,2.06124e-05,2
497,k,0.00143586,0.000105912,2
498,Ux,0.000774676,5.18538e-05,2
498,Uy,0.00373353,0.000256074,2
498,p,0.00344135,2.79575e-05,5
498,omega,0.000358336,2.05857e-05,2
498,k,0.00143148,0.000105596,2
499,Ux,0.000773706,5.17695e-05,2
499,Uy,0.00373629,0.00025619,2
499,p,0.00344132,2.83257e-05,5
499,omega,0.000358008,2.05589e-05,2
499,k,0.00142731,0.00010529,2
500,Ux,0.00077273,5.16856e-05,2
500,Uy,0.00373886,0.000256285,2
500,p,0.00344457,2.86396e-05,5
500,omega,0.00035768,2.05317e-05,2
500,k,0.00142341,0.000104996,2
501,Ux,0.000771755,5.16014e-05,2
501,Uy,0.00374129,0.000256382,2
501,p,0.00345333,2.88671e-05,5
501,omega,0.000357347,2.05037e-05,2
501,k,0.00141971,0.000104719,2
502,Ux,0.00077078,5.15175e-05,2
502,Uy,0.00374366,0.000256472,2
502,p,0.00346461,2.8977e-05,5
502,omega,0.000356996,2.04757e-05,2
502,k,0.00141623,0.000104455,2
503,Ux,0.000769812,5.1434e-05,2
503,Uy,0.00374576,0.000256556,2
503,p,0.00348025,2.89469e-05,5
503,omega,0.000356641,2.0447e-05,2
503,k,0.00141289,0.000104199,2
504,Ux,0.000768843,5.13497e-05,2
504,Uy,0.00374794,0.000256641,2
504,p,0.00349568,2.87942e-05,5
504,omega,0.000356271,2.04176e-05,2
504,k,0.00140969,0.000103952,2
505,Ux,0.00076787,5.12659e-05,2
505,Uy,0.00374979,0.000256702,2
505,p,0.00351253,2.85476e-05,5
505,omega,0.000355894,2.03875e-05,2
505,k,0.00140658,0.00010372,2
506,Ux,0.000766892,5.11817e-05,2
506,Uy,0.00375166,0.000256768,2
506,p,0.00353001,2.82183e-05,5
506,omega,0.000355505,2.03572e-05,2
506,k,0.00140359,0.000103496,2
507,Ux,0.000765909,5.10977e-05,2
507,Uy,0.00375329,0.000256813,2
507,p,0.00354566,2.78252e-05,5
507,omega,0.000355108,2.03259e-05,2
507,k,0.00140071,0.000103276,2
508,Ux,0.000764932,5.10139e-05,2
508,Uy,0.00375473,0.000256859,2
508,p,0.00355556,2.73909e-05,5
508,omega,0.000354679,2.02933e-05,2
508,k,0.00139794,0.000103068,2
509,Ux,0.000763953,5.09292e-05,2
509,Uy,0.00375605,0.000256888,2
509,p,0.00356795,2.69251e-05,5
509,omega,0.000354236,2.02598e-05,2
509,k,0.00139526,0.000102864,2
510,Ux,0.000762964,5.08447e-05,2
510,Uy,0.00375717,0.000256922,2
510,p,0.00358174,2.64367e-05,5
510,omega,0.000353772,2.02256e-05,2
510,k,0.00139269,0.000102663,2
511,Ux,0.000761975,5.07601e-05,2
511,Uy,0.00375827,0.000256938,2
511,p,0.00359201,2.59207e-05,5
511,omega,0.000353296,2.01909e-05,2
511,k,0.00139018,0.000102471,2
512,Ux,0.000760975,5.06753e-05,2
512,Uy,0.00375915,0.000256944,2
512,p,0.00360083,2.53945e-05,5
512,omega,0.000352817,2.01557e-05,2
512,k,0.00138771,0.000102289,2
513,Ux,0.000759978,5.05906e-05,2
513,Uy,0.00375999,0.000256943,2
513,p,0.00361057,2.48736e-05,5
513,omega,0.000352327,2.01198e-05,2
513,k,0.00138534,0.00010211,2
514,Ux,0.000758968,5.05058e-05,2
514,Uy,0.00376057,0.00025693,2
514,p,0.00361265,2.43809e-05,5
514,omega,0.000351824,2.00836e-05,2
514,k,0.00138304,0.000101932,2
515,Ux,0.000757957,5.04206e-05,2
515,Uy,0.00376104,0.000256924,2
515,p,0.00360931,2.39544e-05,5
515,omega,0.000351307,2.0047e-05,2
515,k,0.00138079,0.00010176,2
516,Ux,0.000756946,5.03358e-05,2
516,Uy,0.00376145,0.000256894,2
516,p,0.00360395,2.35662e-05,5
516,omega,0.000350798,2.00101e-05,2
516,k,0.00137854,0.000101599,2
517,Ux,0.000755938,5.02512e-05,2
517,Uy,0.00376177,0.000256874,2
517,p,0.0036004,2.32283e-05,5
517,omega,0.000350276,1.9973e-05,2
517,k,0.00137638,0.000101437,2
518,Ux,0.000754919,5.01663e-05,2
518,Uy,0.00376186,0.000256825,2
518,p,0.00359096,2.29716e-05,5
518,omega,0.000349747,1.99359e-05,2
518,k,0.00137431,0.000101277,2
519,Ux,0.000753906,5.00818e-05,2
519,Uy,0.00376196,0.00025679,2
519,p,0.00358018,2.27545e-05,5
519,omega,0.000349211,1.98981e-05,2
519,k,0.00137223,0.000101122,2
520,Ux,0.000752883,4.99976e-05,2
520,Uy,0.0037619,0.000256746,2
520,p,0.00356766,2.25717e-05,5
520,omega,0.000348678,1.98606e-05,2
520,k,0.00137018,0.000100972,2
521,Ux,0.000751868,4.99133e-05,2
521,Uy,0.00376186,0.000256699,2
521,p,0.0035584,2.24139e-05,5
521,omega,0.000348141,1.98232e-05,2
521,k,0.0013682,0.000100825,2
522,Ux,0.000750848,4.98291e-05,2
522,Uy,0.00376189,0.000256658,2
522,p,0.00354597,2.22725e-05,5
522,omega,0.000347597,1.97853e-05,2
522,k,0.00136624,0.000100679,2
523,Ux,0.000749821,4.97452e-05,2
523,Uy,0.00376175,0.000256601,2
523,p,0.00353258,2.21438e-05,5
523,omega,0.000347046,1.97475e-05,2
523,k,0.0013643,0.000100537,2
524,Ux,0.000748795,4.96616e-05,2
524,Uy,0.00376165,0.000256566,2
524,p,0.00351728,2.20251e-05,5
524,omega,0.000346494,1.97096e-05,2
524,k,0.00136239,0.0001004,2
525,Ux,0.000747774,4.95787e-05,2
525,Uy,0.00376138,0.000256511,2
525,p,0.0035023,2.19281e-05,5
525,omega,0.000345935,1.96717e-05,2
525,k,0.00136052,0.000100264,2
526,Ux,0.00074675,4.94956e-05,2
526,Uy,0.00376127,0.000256463,2
526,p,0.00348328,2.18528e-05,5
526,omega,0.000345377,1.96337e-05,2
526,k,0.00135866,0.00010013,2
527,Ux,0.00074572,4.94126e-05,2
527,Uy,0.00376105,0.000256403,2
527,p,0.00346501,2.17868e-05,5
527,omega,0.000344815,1.95958e-05,2
527,k,0.00135682,9.99995e-05,2
528,Ux,0.000744689,4.93307e-05,2
528,Uy,0.00376068,0.000256352,2
528,p,0.00344817,2.17154e-05,5
528,omega,0.000344253,1.95581e-05,2
528,k,0.00135502,9.98715e-05,2
529,Ux,0.000743665,4.92489e-05,2
529,Uy,0.00376029,0.000256291,2
529,p,0.00342952,2.1637e-05,5
529,omega,0.000343689,1.95206e-05,2
529,k,0.00135324,9.97453e-05,2
530,Ux,0.000742635,4.91675e-05,2
530,Uy,0.00375992,0.000256229,2
530,p,0.00340969,2.15528e-05,5
530,omega,0.000343117,1.9483e-05,2
530,k,0.00135145,9.96202e-05,2
531,Ux,0.000741604,4.90863e-05,2
531,Uy,0.00375951,0.000256162,2
531,p,0.00338777,2.14513e-05,5
531,omega,0.00034254,1.94457e-05,2
531,k,0.00134967,9.94981e-05,2
532,Ux,0.000740583,4.90054e-05,2
532,Uy,0.00375893,0.000256096,2
532,p,0.00336682,2.13426e-05,5
532,omega,0.000341964,1.94086e-05,2
532,k,0.00134793,9.93775e-05,2
533,Ux,0.000739556,4.89257e-05,2
533,Uy,0.00375838,0.000256036,2
533,p,0.00334192,2.12345e-05,5
533,omega,0.000341379,1.93713e-05,2
533,k,0.00134618,9.9258e-05,2
534,Ux,0.000738534,4.88455e-05,2
534,Uy,0.00375776,0.000255959,2
534,p,0.00331467,2.11292e-05,5
534,omega,0.000340808,1.93348e-05,2
534,k,0.00134445,9.91404e-05,2
535,Ux,0.000737511,4.87663e-05,2
535,Uy,0.00375726,0.000255898,2
535,p,0.00328663,2.10291e-05,5
535,omega,0.000340247,1.9299e-05,2
535,k,0.00134272,9.90235e-05,2
536,Ux,0.000736487,4.86872e-05,2
536,Uy,0.00375651,0.000255824,2
536,p,0.00325969,2.09226e-05,5
536,omega,0.000339691,1.92636e-05,2
536,k,0.001341,9.89075e-05,2
537,Ux,0.000735467,4.86086e-05,2
537,Uy,0.00375584,0.000255766,2
537,p,0.00323664,2.08004e-05,5
537,omega,0.000339129,1.92283e-05,2
537,k,0.00133926,9.87935e-05,2
538,Ux,0.000734451,4.85304e-05,2
538,Uy,0.00375516,0.000255694,2
538,p,0.00321498,2.06736e-05,5
538,omega,0.000338575,1.91934e-05,2
538,k,0.00133755,9.86819e-05,2
539,Ux,0.000733426,4.84526e-05,2
539,Uy,0.00375445,0.000255624,2
539,p,0.00319435,2.05412e-05,5
539,omega,0.000338022,1.91584e-05,2
539,k,0.00133584,9.85686e-05,2
540,Ux,0.000732406,4.83754e-05,2
540,Uy,0.00375359,0.000255549,2
540,p,0.00317417,2.04212e-05,5
540,omega,0.000337465,1.91234e-05,2
540,k,0.00133413,9.84587e-05,2
541,Ux,0.000731392,4.8298e-05,2
541,Uy,0.00375269,0.000255477,2
541,p,0.00315891,2.0335e-05,5
541,omega,0.0003369,1.90887e-05,2
541,k,0.00133243,9.83479e-05,2
542,Ux,0.000730371,4.82211e-05,2
542,Uy,0.00375179,0.000255395,2
542,p,0.00314559,2.02782e-05,5
542,omega,0.000336329,1.90534e-05,2
542,k,0.00133074,9.82408e-05,2
543,Ux,0.000729354,4.81447e-05,2
543,Uy,0.00375074,0.000255304,2
543,p,0.00313402,2.02465e-05,5
543,omega,0.00033575,1.90184e-05,2
543,k,0.00132908,9.81334e-05,2
544,Ux,0.000728334,4.80682e-05,2
544,Uy,0.00374965,0.000255224,2
544,p,0.0031258,2.02285e-05,5
544,omega,0.000335169,1.89834e-05,2
544,k,0.00132743,9.8027e-05,2
545,Ux,0.000727319,4.79927e-05,2
545,Uy,0.00374849,0.000255136,2
545,p,0.00311608,2.02365e-05,5
545,omega,0.000334588,1.89478e-05,2
545,k,0.00132578,9.79199e-05,2
546,Ux,0.000726303,4.79166e-05,2
546,Uy,0.00374742,0.000255049,2
546,p,0.00310516,2.02812e-05,5
546,omega,0.000334,1.89123e-05,2
546,k,0.00132416,9.78165e-05,2
547,Ux,0.000725292,4.78413e-05,2
547,Uy,0.00374624,0.000254954,2
547,p,0.00309376,2.0376e-05,5
547,omega,0.000333417,1.88767e-05,2
547,k,0.00132255,9.77124e-05,2
548,Ux,0.000724281,4.77671e-05,2
548,Uy,0.00374495,0.00025487,2
548,p,0.00308481,2.05893e-05,5
548,omega,0.000332832,1.88408e-05,2
548,k,0.00132095,9.76084e-05,2
549,Ux,0.000723273,4.76922e-05,2
549,Uy,0.00374373,0.00025478,2
549,p,0.00307478,2.10324e-05,5
549,omega,0.000332239,1.88044e-05,2
549,k,0.00131934,9.75065e-05,2
550,Ux,0.000722267,4.76178e-05,2
550,Uy,0.00374259,0.000254691,2
550,p,0.0030644,2.16242e-05,5
550,omega,0.00033163,1.87678e-05,2
550,k,0.00131778,9.74064e-05,2
551,Ux,0.000721268,4.75441e-05,2
551,Uy,0.00374134,0.000254595,2
551,p,0.00305503,2.23564e-05,5
551,omega,0.000331019,1.87308e-05,2
551,k,0.00131625,9.73056e-05,2
552,Ux,0.000720269,4.74706e-05,2
552,Uy,0.00374,0.00025451,2
552,p,0.0030455,2.31856e-05,5
552,omega,0.000330402,1.86931e-05,2
552,k,0.00131472,9.72061e-05,2
553,Ux,0.000719272,4.73976e-05,2
553,Uy,0.0037388,0.000254424,2
553,p,0.00303844,2.4066e-05,5
553,omega,0.000329786,1.86554e-05,2
553,k,0.00131321,9.71077e-05,2
554,Ux,0.000718278,4.73245e-05,2
554,Uy,0.00373767,0.000254334,2
554,p,0.00302983,2.49808e-05,5
554,omega,0.000329162,1.86176e-05,2
554,k,0.00131172,9.70099e-05,2
555,Ux,0.000717284,4.72523e-05,2
555,Uy,0.00373651,0.000254249,2
555,p,0.00302098,2.59388e-05,5
555,omega,0.000328525,1.85792e-05,2
555,k,0.00131025,9.69137e-05,2
556,Ux,0.000716299,4.71809e-05,2
556,Uy,0.00373534,0.000254173,2
556,p,0.00301225,2.69085e-05,5
556,omega,0.000327887,1.8541e-05,2
556,k,0.0013088,9.68196e-05,2
557,Ux,0.000715304,4.71094e-05,2
557,Uy,0.00373426,0.000254096,2
557,p,0.00300402,2.78421e-05,5
557,omega,0.000327252,1.8502e-05,2
557,k,0.00130738,9.67255e-05,2
558,Ux,0.000714322,4.70381e-05,2
558,Uy,0.00373328,0.000254014,2
558,p,0.00299628,2.87147e-05,5
558,omega,0.00032661,1.84628e-05,2
558,k,0.00130598,9.66318e-05,2
559,Ux,0.000713338,4.69679e-05,2
559,Uy,0.00373238,0.000253947,2
559,p,0.00298771,2.95049e-05,5
559,omega,0.000325964,1.84235e-05,2
559,k,0.00130461,9.65419e-05,2
560,Ux,0.000712356,4.68983e-05,2
560,Uy,0.00373144,0.000253887,2
560,p,0.00297949,1.63277e-05,6
560,omega,0.000325318,1.8384e-05,2
560,k,0.00130326,9.64517e-05,2
561,Ux,0.000711398,4.6829e-05,2
561,Uy,0.00373085,0.000253835,2
561,p,0.00297001,1.6282e-05,6
561,omega,0.000324688,1.83441e-05,2
561,k,0.00130194,9.6362e-05,2
562,Ux,0.000710434,4.67603e-05,2
562,Uy,0.00373024,0.000253777,2
562,p,0.00296281,1.61933e-05,6
562,omega,0.000324049,1.83037e-05,2
562,k,0.00130065,9.62759e-05,2
563,Ux,0.000709465,4.66914e-05,2
563,Uy,0.00372957,0.000253732,2
563,p,0.00295663,1.61265e-05,6
563,omega,0.000323439,1.82634e-05,2
563,k,0.00129939,9.61906e-05,2
564,Ux,0.00070849,4.66234e-05,2
564,Uy,0.00372891,0.00025369,2
564,p,0.0029495,1.61072e-05,6
564,omega,0.000322817,1.82229e-05,2
564,k,0.00129816,9.61065e-05,2
565,Ux,0.000707517,4.65549e-05,2
565,Uy,0.00372835,0.000253645,2
565,p,0.00294227,1.61322e-05,6
565,omega,0.000322183,1.81821e-05,2
565,k,0.00129697,9.60247e-05,2
566,Ux,0.000706542,4.64869e-05,2
566,Uy,0.00372784,0.000253601,2
566,p,0.00293578,1.61819e-05,6
566,omega,0.000321545,1.81419e-05,2
566,k,0.00129581,9.59456e-05,2
567,Ux,0.000705578,4.64197e-05,2
567,Uy,0.00372732,0.000253573,2
567,p,0.00292903,1.62305e-05,6
567,omega,0.000320908,1.81017e-05,2
567,k,0.00129466,9.5865e-05,2
568,Ux,0.000704606,4.63519e-05,2
568,Uy,0.00372698,0.00025355,2
568,p,0.00292184,1.62544e-05,6
568,omega,0.000320274,1.80614e-05,2
568,k,0.00129355,9.57879e-05,2
569,Ux,0.000703637,4.62844e-05,2
569,Uy,0.00372673,0.000253527,2
569,p,0.00291545,1.62411e-05,6
569,omega,0.00031964,1.80216e-05,2
569,k,0.0012925,9.57146e-05,2
570,Ux,0.00070267,4.6218e-05,2
570,Uy,0.00372646,0.000253507,2
570,p,0.00291068,1.61746e-05,6
570,omega,0.000319016,1.79821e-05,2
570,k,0.00129147,9.56409e-05,2
571,Ux,0.000701693,4.6151e-05,2
571,Uy,0.00372624,0.0002535,2
571,p,0.00290671,1.60555e-05,6
571,omega,0.0003184,1.79426e-05,2
571,k,0.00129043,9.55666e-05,2
572,Ux,0.000700723,4.60841e-05,2
572,Uy,0.00372617,0.000253499,2
572,p,0.00290231,1.58937e-05,6
572,omega,0.000317803,1.79037e-05,2
572,k,0.00128945,9.54977e-05,2
573,Ux,0.000699754,4.60183e-05,2
573,Uy,0.00372614,0.000253495,2
573,p,0.00289766,1.57069e-05,6
573,omega,0.000317228,1.7865e-05,2
573,k,0.0012885,9.54304e-05,2
574,Ux,0.000698786,4.59524e-05,2
574,Uy,0.00372606,0.000253496,2
574,p,0.00289422,1.55108e-05,6
574,omega,0.000316656,1.78267e-05,2
574,k,0.00128758,9.53634e-05,2
575,Ux,0.000697816,4.58864e-05,2
575,Uy,0.00372611,0.000253509,2
575,p,0.0028907,1.53184e-05,6
575,omega,0.000316078,1.77888e-05,2
575,k,0.00128669,9.52966e-05,2
576,Ux,0.000696845,4.58211e-05,2
576,Uy,0.00372624,0.000253523,2
576,p,0.00288642,1.51523e-05,6
576,omega,0.000315509,1.77511e-05,2
576,k,0.00128582,9.52332e-05,2
577,Ux,0.000695867,4.57553e-05,2
577,Uy,0.00372634,0.000253537,2
577,p,0.00288416,1.50215e-05,6
577,omega,0.000314937,1.77138e-05,2
577,k,0.00128497,9.5172e-05,2
578,Ux,0.000694904,4.56901e-05,2
578,Uy,0.00372644,0.000253554,2
578,p,0.00288245,1.49e-05,6
578,omega,0.000314371,1.76764e-05,2
578,k,0.00128415,9.51123e-05,2
579,Ux,0.00069392,4.56246e-05,2
579,Uy,0.00372664,0.000253583,2
579,p,0.00288112,1.47804e-05,6
579,omega,0.000313806,1.76398e-05,2
579,k,0.00128335,9.50512e-05,2
580,Ux,0.000692943,4.55594e-05,2
580,Uy,0.00372686,0.000253608,2
580,p,0.00287955,1.46662e-05,6
580,omega,0.000313239,1.76031e-05,2
580,k,0.00128255,9.49911e-05,2
581,Ux,0.000691972,4.5495e-05,2
581,Uy,0.00372705,0.000253637,2
581,p,0.00287784,1.45375e-05,6
581,omega,0.000312666,1.75662e-05,2
581,k,0.00128178,9.49352e-05,2
582,Ux,0.000690985,4.54307e-05,2
582,Uy,0.0037273,0.00025367,2
582,p,0.00287558,1.43861e-05,6
582,omega,0.000312092,1.75295e-05,2
582,k,0.00128103,9.48786e-05,2
583,Ux,0.000690003,4.53668e-05,2
583,Uy,0.00372758,0.000253708,2
583,p,0.00287398,1.42133e-05,6
583,omega,0.000311517,1.74926e-05,2
583,k,0.00128028,9.48209e-05,2
584,Ux,0.000689027,4.53041e-05,2
584,Uy,0.00372785,0.000253745,2
584,p,0.00287214,1.40255e-05,6
584,omega,0.000310931,1.74555e-05,2
584,k,0.00127956,9.47663e-05,2
585,Ux,0.000688042,4.52414e-05,2
585,Uy,0.00372816,0.000253783,2
585,p,0.00287032,1.38337e-05,6
585,omega,0.000310349,1.74188e-05,2
585,k,0.00127883,9.47125e-05,2
586,Ux,0.000687059,4.51803e-05,2
586,Uy,0.00372847,0.000253828,2
586,p,0.00286808,1.36521e-05,6
586,omega,0.000309761,1.73817e-05,2
586,k,0.0012781,9.46579e-05,2
587,Ux,0.000686088,4.51199e-05,2
587,Uy,0.0037288,0.000253873,2
587,p,0.00286569,1.3493e-05,6
587,omega,0.000309171,1.73446e-05,2
587,k,0.0012774,9.46038e-05,2
588,Ux,0.000685116,4.50588e-05,2
588,Uy,0.00372913,0.000253918,2
588,p,0.00286337,1.33667e-05,6
588,omega,0.000308579,1.73075e-05,2
588,k,0.0012767,9.45516e-05,2
589,Ux,0.00068415,4.49985e-05,2
589,Uy,0.00372948,0.000253965,2
589,p,0.00286102,1.32799e-05,6
589,omega,0.000307984,1.72698e-05,2
589,k,0.00127599,9.44972e-05,2
590,Ux,0.000683191,4.49386e-05,2
590,Uy,0.00372985,0.00025402,2
590,p,0.0028576,1.32282e-05,6
590,omega,0.000307383,1.72324e-05,2
590,k,0.00127528,9.44428e-05,2
591,Ux,0.000682223,4.4878e-05,2
591,Uy,0.00373022,0.000254071,2
591,p,0.00285466,1.3197e-05,6
591,omega,0.000306777,1.71951e-05,2
591,k,0.00127459,9.43913e-05,2
592,Ux,0.00068126,4.48176e-05,2
592,Uy,0.0037306,0.000254118,2
592,p,0.00285135,1.31768e-05,6
592,omega,0.000306172,1.71577e-05,2
592,k,0.0012739,9.43363e-05,2
593,Ux,0.0006803,4.47569e-05,2
593,Uy,0.00373099,0.000254181,2
593,p,0.00284855,1.31537e-05,6
593,omega,0.000305552,1.71201e-05,2
593,k,0.00127317,9.42812e-05,2
594,Ux,0.000679331,4.46958e-05,2
594,Uy,0.00373138,0.000254238,2
594,p,0.00284568,1.31197e-05,6
594,omega,0.000304925,1.70824e-05,2
594,k,0.00127245,9.42265e-05,2
595,Ux,0.000678366,4.46346e-05,2
595,Uy,0.00373175,0.000254291,2
595,p,0.00284271,1.30699e-05,6
595,omega,0.000304308,1.70455e-05,2
595,k,0.00127174,9.4173e-05,2
596,Ux,0.000677397,4.4573e-05,2
596,Uy,0.00373213,0.000254353,2
596,p,0.00283961,1.30066e-05,6
596,omega,0.000303687,1.70075e-05,2
596,k,0.00127101,9.41147e-05,2
597,Ux,0.000676434,4.45115e-05,2
597,Uy,0.00373256,0.000254415,2
597,p,0.00283594,1.28839e-05,6
597,omega,0.000303066,1.69698e-05,2
597,k,0.00127025,9.40575e-05,2
598,Ux,0.000675457,4.44488e-05,2
598,Uy,0.00373296,0.000254474,2
598,p,0.00283224,1.2844e-05,6
598,omega,0.000302439,1.69322e-05,2
598,k,0.00126952,9.4002e-05,2
599,Ux,0.00067447,4.43855e-05,2
599,Uy,0.00373337,0.000254538,2
599,p,0.00282904,1.2802e-05,6
599,omega,0.000301805,1.68938e-05,2
599,k,0.00126875,9.39422e-05,2
600,Ux,0.00067349,4.43223e-05,2
600,Uy,0.00373381,0.000254607,2
600,p,0.00282521,1.27645e-05,6
600,omega,0.000301171,1.68557e-05,2
600,k,0.00126797,9.38803e-05,2
601,Ux,0.000672485,4.42575e-05,2
601,Uy,0.00373423,0.00025467,2
601,p,0.00282266,1.27286e-05,6
601,omega,0.000300529,1.68169e-05,2
601,k,0.00126717,9.38195e-05,2
602,Ux,0.000671468,4.4192e-05,2
602,Uy,0.00373466,0.000254734,2
602,p,0.00281951,1.2676e-05,6
602,omega,0.000299882,1.6778e-05,2
602,k,0.00126635,9.37567e-05,2
603,Ux,0.000670454,4.41262e-05,2
603,Uy,0.00373514,0.00025481,2
603,p,0.00281628,1.2619e-05,6
603,omega,0.000299233,1.6739e-05,2
603,k,0.00126551,9.3688e-05,2
604,Ux,0.000669412,4.40586e-05,2
604,Uy,0.00373566,0.00025488,2
604,p,0.00281332,1.25475e-05,6
604,omega,0.000298578,1.66997e-05,2
604,k,0.00126462,9.36193e-05,2
605,Ux,0.000668346,4.39898e-05,2
605,Uy,0.00373618,0.000254948,2
605,p,0.00280974,1.24628e-05,6
605,omega,0.000297926,1.66602e-05,2
605,k,0.00126373,9.35487e-05,2
606,Ux,0.000667283,4.39207e-05,2
606,Uy,0.00373674,0.000255034,2
606,p,0.00280688,1.23628e-05,6
606,omega,0.000297266,1.66201e-05,2
606,k,0.00126278,9.3474e-05,2
607,Ux,0.000666184,4.3849e-05,2
607,Uy,0.00373735,0.000255116,2
607,p,0.0028032,1.2171e-05,6
607,omega,0.0002966,1.65805e-05,2
607,k,0.00126178,9.33967e-05,2
608,Ux,0.000665061,4.37761e-05,2
608,Uy,0.003738,0.000255193,2
608,p,0.00279896,1.20127e-05,6
608,omega,0.000295931,1.65404e-05,2
608,k,0.00126077,9.33162e-05,2
609,Ux,0.000663932,4.37028e-05,2
609,Uy,0.00373872,0.00025529,2
609,p,0.00279547,1.19336e-05,6
609,omega,0.000295257,1.65011e-05,2
609,k,0.00125968,9.32337e-05,2
610,Ux,0.000662774,4.3627e-05,2
610,Uy,0.00373952,0.000255387,2
610,p,0.00279109,1.1794e-05,6
610,omega,0.000294585,1.6462e-05,2
610,k,0.00125857,9.31466e-05,2
611,Ux,0.000661586,4.35497e-05,2
611,Uy,0.00374037,0.000255479,2
611,p,0.00278567,1.16503e-05,6
611,omega,0.000293921,1.64228e-05,2
611,k,0.00125741,9.30579e-05,2
612,Ux,0.000660396,4.34722e-05,2
612,Uy,0.00374138,0.000255592,2
612,p,0.00278083,1.1523e-05,6
612,omega,0.000293255,1.63838e-05,2
612,k,0.00125621,9.29652e-05,2
613,Ux,0.00065917,4.33925e-05,2
613,Uy,0.00374247,0.00025571,2
613,p,0.00277477,2.72718e-05,5
613,omega,0.000292601,1.63452e-05,2
613,k,0.00125494,9.28695e-05,2
614,Ux,0.000657937,4.33117e-05,2
614,Uy,0.00374376,0.000255829,2
614,p,0.00276909,2.52919e-05,5
614,omega,0.000291956,1.6306e-05,2
614,k,0.00125365,9.277e-05,2
615,Ux,0.000656687,4.32303e-05,2
615,Uy,0.00374519,0.000255961,2
615,p,0.0027643,2.30662e-05,5
615,omega,0.000291305,1.62675e-05,2
615,k,0.00125231,9.26669e-05,2
616,Ux,0.000655389,4.31465e-05,2
616,Uy,0.00374677,0.000256092,2
616,p,0.0027582,2.10737e-05,5
616,omega,0.000290652,1.6229e-05,2
616,k,0.00125091,9.2562e-05,2
617,Ux,0.000654067,4.30616e-05,2
617,Uy,0.00374835,0.000256206,2
617,p,0.00275038,1.94629e-05,5
617,omega,0.000289997,1.61908e-05,2
617,k,0.00124947,9.2452e-05,2
618,Ux,0.00065274,4.29766e-05,2
618,Uy,0.00375005,0.00025632,2
618,p,0.0027407,1.81396e-05,5
618,omega,0.000289333,1.61526e-05,2
618,k,0.00124798,9.23393e-05,2
619,Ux,0.000651408,4.28897e-05,2
619,Uy,0.00375169,0.000256432,2
619,p,0.00273101,1.70243e-05,5
619,omega,0.000288679,1.6115e-05,2
619,k,0.00124642,9.22234e-05,2
620,Ux,0.000650053,4.28033e-05,2
620,Uy,0.0037532,0.000256519,2
620,p,0.00272092,1.60134e-05,5
620,omega,0.000288047,1.60782e-05,2
620,k,0.00124483,9.2104e-05,2
621,Ux,0.000648678,4.27157e-05,2
621,Uy,0.00375464,0.000256587,2
621,p,0.0027111,1.5173e-05,5
621,omega,0.000287418,1.60423e-05,2
621,k,0.00124318,9.19818e-05,2
622,Ux,0.000647277,4.26266e-05,2
622,Uy,0.00375581,0.00025663,2
622,p,0.00270113,1.46277e-05,5
622,omega,0.000286796,1.60073e-05,2
622,k,0.00124148,9.18562e-05,2
623,Ux,0.000645882,4.25394e-05,2
623,Uy,0.00375654,0.000256625,2
623,p,0.00269078,1.4444e-05,5
623,omega,0.000286186,1.59729e-05,2
623,k,0.00123972,9.17287e-05,2
624,Ux,0.000644482,4.24516e-05,2
624,Uy,0.0037569,0.000256574,2
624,p,0.00268003,1.46654e-05,5
624,omega,0.000285589,1.59397e-05,2
624,k,0.00123794,9.15981e-05,2
625,Ux,0.000643073,4.2364e-05,2
625,Uy,0.00375665,0.0002565,2
625,p,0.00266909,1.50995e-05,5
625,omega,0.000285008,1.59071e-05,2
625,k,0.00123611,9.14665e-05,2
626,Ux,0.000641693,4.2279e-05,2
626,Uy,0.00375569,0.000256377,2
626,p,0.0026579,1.55708e-05,5
626,omega,0.000284434,1.58753e-05,2
626,k,0.00123422,9.13339e-05,2
627,Ux,0.000640314,4.2194e-05,2
627,Uy,0.00375411,0.000256203,2
627,p,0.00264691,1.6039e-05,5
627,omega,0.000283878,1.58444e-05,2
627,k,0.00123236,9.12003e-05,2
628,Ux,0.000638945,4.21109e-05,2
628,Uy,0.00375185,0.000256009,2
628,p,0.00263604,1.64534e-05,5
628,omega,0.000283326,1.58142e-05,2
628,k,0.00123045,9.10661e-05,2
629,Ux,0.000637598,4.20303e-05,2
629,Uy,0.00374882,0.000255772,2
629,p,0.00262453,1.69687e-05,5
629,omega,0.000282788,1.57849e-05,2
629,k,0.00122851,9.09334e-05,2
630,Ux,0.000636273,4.1951e-05,2
630,Uy,0.00374515,0.00025549,2
630,p,0.00261171,1.75615e-05,5
630,omega,0.000282268,1.57562e-05,2
630,k,0.00122657,9.07995e-05,2
631,Ux,0.000634972,4.1875e-05,2
631,Uy,0.00374088,0.000255197,2
631,p,0.00259914,1.84029e-05,5
631,omega,0.000281762,1.57284e-05,2
631,k,0.00122465,9.06674e-05,2
632,Ux,0.000633704,4.1801e-05,2
632,Uy,0.00373593,0.00025488,2
632,p,0.00258591,1.96793e-05,5
632,omega,0.000281272,1.57012e-05,2
632,k,0.00122269,9.05377e-05,2
633,Ux,0.000632466,4.17294e-05,2
633,Uy,0.00373052,0.00025454,2
633,p,0.00257128,2.16181e-05,5
633,omega,0.000280783,1.56743e-05,2
633,k,0.00122077,9.04072e-05,2
634,Ux,0.000631279,4.16619e-05,2
634,Uy,0.00372469,0.0002542,2
634,p,0.00255509,2.41219e-05,5
634,omega,0.000280295,1.56474e-05,2
634,k,0.00121887,9.02813e-05,2
635,Ux,0.000630129,4.15965e-05,2
635,Uy,0.00371843,0.000253861,2
635,p,0.00253822,1.17008e-05,6
635,omega,0.000279784,1.56203e-05,2
635,k,0.00121699,9.01567e-05,2
636,Ux,0.000629009,4.1533e-05,2
636,Uy,0.00371212,0.000253523,2
636,p,0.00252149,9.73568e-06,6
636,omega,0.000279273,1.55932e-05,2
636,k,0.00121516,9.00338e-05,2
637,Ux,0.00062796,4.14738e-05,2
637,Uy,0.00370555,0.000253191,2
637,p,0.00250809,8.739e-06,6
637,omega,0.000278803,1.55664e-05,2
637,k,0.00121336,8.99143e-05,2
638,Ux,0.00062695,4.1417e-05,2
638,Uy,0.00369888,0.000252878,2
638,p,0.00249652,8.05321e-06,6
638,omega,0.00027836,1.55407e-05,2
638,k,0.00121162,8.97972e-05,2
639,Ux,0.000625989,4.13622e-05,2
639,Uy,0.00369234,0.00025258,2
639,p,0.00248589,7.62976e-06,6
639,omega,0.000277954,1.5516e-05,2
639,k,0.0012099,8.96814e-05,2
640,Ux,0.000625087,4.13099e-05,2
640,Uy,0.00368623,0.000252312,2
640,p,0.00247546,2.45538e-05,5
640,omega,0.000277562,1.54917e-05,2
640,k,0.00120824,8.95696e-05,2
641,Ux,0.000624232,4.12592e-05,2
641,Uy,0.0036805,0.00025208,2
641,p,0.00246592,2.43792e-05,5
641,omega,0.00027719,1.5468e-05,2
641,k,0.00120663,8.94604e-05,2
642,Ux,0.000623408,4.12098e-05,2
642,Uy,0.00367532,0.000251888,2
642,p,0.00245572,2.43985e-05,5
642,omega,0.000276832,1.54455e-05,2
642,k,0.00120505,8.93508e-05,2
643,Ux,0.000622611,4.11618e-05,2
643,Uy,0.00367092,0.000251733,2
643,p,0.0024457,7.64526e-06,6
643,omega,0.000276494,1.54231e-05,2
643,k,0.00120354,8.92461e-05,2
644,Ux,0.000621839,4.11147e-05,2
644,Uy,0.00366733,0.00025162,2
644,p,0.00243407,7.73137e-06,6
644,omega,0.000276171,1.5401e-05,2
644,k,0.00120207,8.91429e-05,2
645,Ux,0.000621093,4.10693e-05,2
645,Uy,0.00366409,0.00025154,2
645,p,0.00242228,7.82163e-06,6
645,omega,0.000275859,1.53802e-05,2
645,k,0.00120062,8.90379e-05,2
646,Ux,0.000620377,4.10256e-05,2
646,Uy,0.00366147,0.000251474,2
646,p,0.00241155,7.92837e-06,6
646,omega,0.000275565,1.53593e-05,2
646,k,0.00119924,8.89381e-05,2
647,Ux,0.000619684,4.09827e-05,2
647,Uy,0.00365931,0.000251423,2
647,p,0.00240042,8.06437e-06,6
647,omega,0.000275274,1.53389e-05,2
647,k,0.00119787,8.88378e-05,2
648,Ux,0.000619018,4.0942e-05,2
648,Uy,0.00365742,0.000251398,2
648,p,0.00239025,8.53422e-06,6
648,omega,0.000274991,1.53191e-05,2
648,k,0.00119652,8.87362e-05,2
649,Ux,0.000618395,4.09032e-05,2
649,Uy,0.00365594,0.000251374,2
649,p,0.00237975,8.80051e-06,6
649,omega,0.000274721,1.52995e-05,2
649,k,0.00119523,8.86393e-05,2
650,Ux,0.000617792,4.08649e-05,2
650,Uy,0.00365484,0.000251365,2
650,p,0.00236931,2.3296e-05,5
650,omega,0.000274453,1.52802e-05,2
650,k,0.00119393,8.85401e-05,2
651,Ux,0.000617213,4.08289e-05,2
651,Uy,0.00365387,0.000251366,2
651,p,0.00235897,2.24183e-05,5
651,omega,0.000274193,1.52613e-05,2
651,k,0.00119264,8.844e-05,2
652,Ux,0.000616682,4.07948e-05,2
652,Uy,0.00365324,0.000251377,2
652,p,0.002349,2.13092e-05,5
652,omega,0.000273939,1.52424e-05,2
652,k,0.00119139,8.83429e-05,2
653,Ux,0.000616151,4.07604e-05,2
653,Uy,0.00365302,0.000251409,2
653,p,0.00234004,2.02086e-05,5
653,omega,0.000273681,1.5224e-05,2
653,k,0.00119014,8.82435e-05,2
654,Ux,0.000615643,4.07279e-05,2
654,Uy,0.00365317,0.000251453,2
654,p,0.00233063,1.92939e-05,5
654,omega,0.000273429,1.52056e-05,2
654,k,0.0011889,8.81449e-05,2
655,Ux,0.000615178,4.06968e-05,2
655,Uy,0.00365345,0.000251507,2
655,p,0.00232101,1.85737e-05,5
655,omega,0.000273184,1.51876e-05,2
655,k,0.00118771,8.80485e-05,2
656,Ux,0.000614718,4.06656e-05,2
656,Uy,0.00365405,0.00025158,2
656,p,0.00231151,1.80053e-05,5
656,omega,0.000272944,1.51701e-05,2
656,k,0.0011865,8.795e-05,2
657,Ux,0.00061429,4.06362e-05,2
657,Uy,0.00365494,0.000251655,2
657,p,0.00230199,1.7483e-05,5
657,omega,0.000272713,1.51524e-05,2
657,k,0.00118529,8.78538e-05,2
658,Ux,0.000613884,4.06077e-05,2
658,Uy,0.00365583,0.000251738,2
658,p,0.002293,1.71594e-05,5
658,omega,0.000272479,1.51353e-05,2
658,k,0.00118413,8.77579e-05,2
659,Ux,0.000613492,4.05794e-05,2
659,Uy,0.00365693,0.000251835,2
659,p,0.00228355,1.68624e-05,5
659,omega,0.000272259,1.51185e-05,2
659,k,0.00118295,8.76602e-05,2
660,Ux,0.000613114,4.05518e-05,2
660,Uy,0.00365836,0.000251936,2
660,p,0.00227441,1.65861e-05,5
660,omega,0.000272041,1.51016e-05,2
660,k,0.00118177,8.75653e-05,2
661,Ux,0.000612759,4.05254e-05,2
661,Uy,0.00365977,0.000252038,2
661,p,0.00226477,1.62503e-05,5
661,omega,0.000271821,1.50854e-05,2
661,k,0.00118064,8.74704e-05,2
662,Ux,0.000612422,4.04993e-05,2
662,Uy,0.00366136,0.000252155,2
662,p,0.00225534,1.5996e-05,5
662,omega,0.000271614,1.50691e-05,2
662,k,0.0011795,8.73726e-05,2
663,Ux,0.000612077,4.04729e-05,2
663,Uy,0.00366324,0.000252275,2
663,p,0.00224568,1.57439e-05,5
663,omega,0.000271408,1.50532e-05,2
663,k,0.00117834,8.72793e-05,2
664,Ux,0.000611763,4.04481e-05,2
664,Uy,0.00366513,0.000252396,2
664,p,0.00223608,1.55003e-05,5
664,omega,0.000271201,1.50372e-05,2
664,k,0.00117722,8.7184e-05,2
665,Ux,0.00061145,4.04225e-05,2
665,Uy,0.00366709,0.000252524,2
665,p,0.00222681,1.53044e-05,5
665,omega,0.000271003,1.50216e-05,2
665,k,0.00117609,8.70879e-05,2
666,Ux,0.000611123,4.03969e-05,2
666,Uy,0.0036692,0.000252658,2
666,p,0.00221741,1.50793e-05,5
666,omega,0.000270805,1.50061e-05,2
666,k,0.00117496,8.69944e-05,2
667,Ux,0.000610827,4.03725e-05,2
667,Uy,0.00367147,0.000252792,2
667,p,0.00220829,1.48598e-05,5
667,omega,0.000270609,1.49907e-05,2
667,k,0.00117385,8.68989e-05,2
668,Ux,0.000610522,4.03472e-05,2
668,Uy,0.00367368,0.000252921,2
668,p,0.00219887,1.46469e-05,5
668,omega,0.000270423,1.49756e-05,2
668,k,0.00117272,8.68039e-05,2
669,Ux,0.000610224,4.03225e-05,2
669,Uy,0.0036759,0.000253057,2
669,p,0.00218942,1.44472e-05,5
669,omega,0.000270235,1.49608e-05,2
669,k,0.0011716,8.67095e-05,2
670,Ux,0.000609939,4.02981e-05,2
670,Uy,0.0036783,0.000253192,2
670,p,0.00218002,1.42634e-05,5
670,omega,0.000270053,1.49456e-05,2
670,k,0.00117049,8.66136e-05,2
671,Ux,0.00060965,4.02738e-05,2
671,Uy,0.00368057,0.000253316,2
671,p,0.00217054,1.40978e-05,5
671,omega,0.000269868,1.4931e-05,2
671,k,0.00116936,8.65195e-05,2
672,Ux,0.000609373,4.02495e-05,2
672,Uy,0.00368284,0.000253455,2
672,p,0.00216121,1.39561e-05,5
672,omega,0.000269691,1.49164e-05,2
672,k,0.00116825,8.64245e-05,2
673,Ux,0.000609089,4.02252e-05,2
673,Uy,0.00368529,0.000253592,2
673,p,0.00215181,1.38387e-05,5
673,omega,0.000269517,1.49018e-05,2
673,k,0.00116715,8.63283e-05,2
674,Ux,0.000608815,4.02016e-05,2
674,Uy,0.00368757,0.000253714,2
674,p,0.00214224,1.37381e-05,5
674,omega,0.000269338,1.48874e-05,2
674,k,0.00116603,8.62349e-05,2
675,Ux,0.000608538,4.01771e-05,2
675,Uy,0.00368986,0.00025385,2
675,p,0.00213305,1.36445e-05,5
675,omega,0.000269165,1.48732e-05,2
675,k,0.00116495,8.61398e-05,2
676,Ux,0.000608262,4.01537e-05,2
676,Uy,0.00369224,0.000253985,2
676,p,0.00212385,1.35502e-05,5
676,omega,0.000268999,1.48589e-05,2
676,k,0.00116386,8.6045e-05,2
677,Ux,0.000607988,4.01295e-05,2
677,Uy,0.00369454,0.000254107,2
677,p,0.002114,1.34558e-05,5
677,omega,0.000268824,1.48448e-05,2
677,k,0.00116277,8.59513e-05,2
678,Ux,0.000607707,4.01054e-05,2
678,Uy,0.00369681,0.000254238,2
678,p,0.00210417,1.33608e-05,5
678,omega,0.000268661,1.48309e-05,2
678,k,0.00116169,8.58551e-05,2
679,Ux,0.000607427,4.00818e-05,2
679,Uy,0.00369913,0.000254373,2
679,p,0.00209474,1.32653e-05,5
679,omega,0.000268493,1.48169e-05,2
679,k,0.00116059,8.57609e-05,2
680,Ux,0.000607149,4.00575e-05,2
680,Uy,0.00370152,0.000254499,2
680,p,0.00208493,1.31698e-05,5
680,omega,0.000268332,1.48031e-05,2
680,k,0.0011595,8.56655e-05,2
681,Ux,0.000606875,4.00338e-05,2
681,Uy,0.00370377,0.000254623,2
681,p,0.00207573,1.3078e-05,5
681,omega,0.000268163,1.47892e-05,2
681,k,0.00115842,8.5569e-05,2
682,Ux,0.000606605,4.00098e-05,2
682,Uy,0.00370602,0.000254753,2
682,p,0.00206635,1.29894e-05,5
682,omega,0.000267989,1.47755e-05,2
682,k,0.00115731,8.54759e-05,2
683,Ux,0.000606341,3.99868e-05,2
683,Uy,0.00370836,0.000254879,2
683,p,0.00205715,1.28956e-05,5
683,omega,0.000267823,1.47617e-05,2
683,k,0.00115624,8.53807e-05,2
684,Ux,0.000606081,3.99634e-05,2
684,Uy,0.00371054,0.00025499,2
684,p,0.00204887,1.28035e-05,5
684,omega,0.000267647,1.47477e-05,2
684,k,0.00115516,8.52855e-05,2
685,Ux,0.000605816,3.99402e-05,2
685,Uy,0.0037127,0.000255113,2
685,p,0.00204081,1.27348e-05,5
685,omega,0.000267472,1.47344e-05,2
685,k,0.00115407,8.51926e-05,2
686,Ux,0.000605568,3.99172e-05,2
686,Uy,0.00371493,0.00025523,2
686,p,0.00203258,1.26564e-05,5
686,omega,0.000267302,1.47203e-05,2
686,k,0.00115301,8.50967e-05,2
687,Ux,0.000605298,3.9894e-05,2
687,Uy,0.00371698,0.000255331,2
687,p,0.00202423,1.25895e-05,5
687,omega,0.000267126,1.47069e-05,2
687,k,0.00115192,8.50035e-05,2
688,Ux,0.000605045,3.98711e-05,2
688,Uy,0.00371902,0.000255441,2
688,p,0.00201585,1.25232e-05,5
688,omega,0.000266952,1.46929e-05,2
688,k,0.00115084,8.49094e-05,2
689,Ux,0.000604783,3.98478e-05,2
689,Uy,0.00372103,0.000255542,2
689,p,0.0020074,1.24536e-05,5
689,omega,0.000266772,1.46792e-05,2
689,k,0.00114976,8.48135e-05,2
690,Ux,0.000604513,3.98246e-05,2
690,Uy,0.0037228,0.00025562,2
690,p,0.00199897,1.23847e-05,5
690,omega,0.0002666,1.46654e-05,2
690,k,0.00114866,8.47207e-05,2
691,Ux,0.000604256,3.98011e-05,2
691,Uy,0.00372449,0.000255703,2
691,p,0.0019903,1.23148e-05,5
691,omega,0.000266417,1.46514e-05,2
691,k,0.00114758,8.46257e-05,2
692,Ux,0.000603981,3.9778e-05,2
692,Uy,0.00372607,0.000255774,2
692,p,0.00198142,1.22417e-05,5
692,omega,0.000266239,1.46375e-05,2
692,k,0.00114651,8.45316e-05,2
693,Ux,0.000603729,3.97547e-05,2
693,Uy,0.00372751,0.000255827,2
693,p,0.00197242,1.21791e-05,5
693,omega,0.000266056,1.46234e-05,2
693,k,0.00114541,8.44391e-05,2
694,Ux,0.000603462,3.97315e-05,2
694,Uy,0.00372886,0.000255885,2
694,p,0.00196343,1.21212e-05,5
694,omega,0.000265878,1.46093e-05,2
694,k,0.00114434,8.43428e-05,2
695,Ux,0.0006032,3.97086e-05,2
695,Uy,0.00373012,0.000255934,2
695,p,0.00195507,1.20642e-05,5
695,omega,0.000265692,1.45954e-05,2
695,k,0.00114324,8.42503e-05,2
696,Ux,0.000602942,3.96852e-05,2
696,Uy,0.00373134,0.000255971,2
696,p,0.00194709,1.20024e-05,5
696,omega,0.000265511,1.4581e-05,2
696,k,0.00114217,8.41561e-05,2
697,Ux,0.000602672,3.96625e-05,2
697,Uy,0.00373237,0.000256002,2
697,p,0.00193971,1.19292e-05,5
697,omega,0.000265327,1.45671e-05,2
697,k,0.00114108,8.40611e-05,2
698,Ux,0.000602418,3.96392e-05,2
698,Uy,0.00373337,0.000256031,2
698,p,0.0019321,1.18552e-05,5
698,omega,0.000265132,1.45528e-05,2
698,k,0.00113998,8.39692e-05,2
699,Ux,0.000602145,3.96165e-05,2
699,Uy,0.00373432,0.000256049,2
699,p,0.00192401,1.17855e-05,5
699,omega,0.00026495,1.45387e-05,2
699,k,0.00113892,8.38747e-05,2
700,Ux,0.000601889,3.95931e-05,2
700,Uy,0.00373505,0.00025606,2
700,p,0.00191583,1.17255e-05,5
700,omega,0.000264758,1.45244e-05,2
700,k,0.00113783,8.37808e-05,2
701,Ux,0.000601618,3.95698e-05,2
701,Uy,0.00373584,0.000256072,2
701,p,0.00190715,1.16858e-05,5
701,omega,0.000264566,1.451e-05,2
701,k,0.00113673,8.36872e-05,2
702,Ux,0.000601353,3.95468e-05,2
702,Uy,0.0037365,0.000256073,2
702,p,0.00189894,1.16406e-05,5
702,omega,0.000264378,1.44957e-05,2
702,k,0.00113565,8.35916e-05,2
703,Ux,0.000601086,3.95231e-05,2
703,Uy,0.0037369,0.00025606,2
703,p,0.00189097,1.15981e-05,5
703,omega,0.000264184,1.44811e-05,2
703,k,0.00113455,8.34988e-05,2
704,Ux,0.000600822,3.95005e-05,2
704,Uy,0.00373737,0.000256051,2
704,p,0.00188328,1.15577e-05,5
704,omega,0.00026399,1.44665e-05,2
704,k,0.00113347,8.34048e-05,2
705,Ux,0.000600556,3.94767e-05,2
705,Uy,0.00373767,0.000256027,2
705,p,0.00187711,1.15235e-05,5
705,omega,0.000263793,1.44521e-05,2
705,k,0.00113238,8.33094e-05,2
706,Ux,0.000600285,3.9454e-05,2
706,Uy,0.00373783,0.000255993,2
706,p,0.00187111,1.14944e-05,5
706,omega,0.000263599,1.44371e-05,2
706,k,0.00113128,8.32168e-05,2
707,Ux,0.000600025,3.94306e-05,2
707,Uy,0.00373798,0.000255964,2
707,p,0.00186466,1.14655e-05,5
707,omega,0.000263397,1.44227e-05,2
707,k,0.0011302,8.31214e-05,2
708,Ux,0.000599752,3.94076e-05,2
708,Uy,0.00373794,0.00025592,2
708,p,0.00185873,1.14368e-05,5
708,omega,0.000263197,1.44076e-05,2
708,k,0.0011291,8.30277e-05,2
709,Ux,0.000599495,3.93846e-05,2
709,Uy,0.00373783,0.000255864,2
709,p,0.00185225,1.14071e-05,5
709,omega,0.000263,1.43928e-05,2
709,k,0.00112803,8.29345e-05,2
710,Ux,0.000599218,3.93609e-05,2
710,Uy,0.0037376,0.000255815,2
710,p,0.00184563,1.13788e-05,5
710,omega,0.000262795,1.43779e-05,2
710,k,0.00112695,8.28401e-05,2
711,Ux,0.000598954,3.93382e-05,2
711,Uy,0.0037373,0.000255749,2
711,p,0.00183964,1.13468e-05,5
711,omega,0.000262597,1.43629e-05,2
711,k,0.00112586,8.27484e-05,2
712,Ux,0.000598682,3.93146e-05,2
712,Uy,0.0037369,0.000255675,2
712,p,0.00183295,1.13142e-05,5
712,omega,0.000262397,1.43478e-05,2
712,k,0.0011248,8.26548e-05,2
713,Ux,0.000598417,3.92924e-05,2
713,Uy,0.00373634,0.000255603,2
713,p,0.00182854,1.12802e-05,5
713,omega,0.000262226,1.43333e-05,2
713,k,0.00112372,8.25615e-05,2
714,Ux,0.000598156,3.92693e-05,2
714,Uy,0.00373579,0.000255515,2
714,p,0.00182914,1.12574e-05,5
714,omega,0.000262046,1.43185e-05,2
714,k,0.00112264,8.24707e-05,2
715,Ux,0.00059789,3.92471e-05,2
715,Uy,0.003735,0.00025542,2
715,p,0.00182961,1.12481e-05,5
715,omega,0.000261855,1.43042e-05,2
715,k,0.00112157,8.2377e-05,2
716,Ux,0.00059763,3.92238e-05,2
716,Uy,0.00373409,0.000255321,2
716,p,0.00182917,1.12459e-05,5
716,omega,0.000261667,1.42897e-05,2
716,k,0.00112049,8.22854e-05,2
717,Ux,0.00059736,3.92012e-05,2
717,Uy,0.00373317,0.000255208,2
717,p,0.00182786,1.12604e-05,5
717,omega,0.000261474,1.4275e-05,2
717,k,0.00111943,8.21929e-05,2
718,Ux,0.0005971,3.91783e-05,2
718,Uy,0.00373195,0.000255085,2
718,p,0.00182544,1.12796e-05,5
718,omega,0.000261287,1.42606e-05,2
718,k,0.00111834,8.20981e-05,2
719,Ux,0.000596827,3.9155e-05,2
719,Uy,0.00373068,0.000254956,2
719,p,0.00182158,1.12957e-05,5
719,omega,0.000261077,1.42456e-05,2
719,k,0.00111727,8.20083e-05,2
720,Ux,0.000596561,3.91321e-05,2
720,Uy,0.00372928,0.000254818,2
720,p,0.00181766,1.13104e-05,5
720,omega,0.000260845,1.42305e-05,2
720,k,0.00111621,8.19147e-05,2
721,Ux,0.000596285,3.91082e-05,2
721,Uy,0.00372773,0.000254669,2
721,p,0.00181279,1.1322e-05,5
721,omega,0.000260622,1.42151e-05,2
721,k,0.00111513,8.18236e-05,2
722,Ux,0.000596011,3.90855e-05,2
722,Uy,0.00372612,0.000254517,2
722,p,0.0018085,1.13301e-05,5
722,omega,0.000260382,1.41993e-05,2
722,k,0.00111407,8.17312e-05,2
723,Ux,0.000595737,3.90612e-05,2
723,Uy,0.00372441,0.000254359,2
723,p,0.00180402,1.13353e-05,5
723,omega,0.000260146,1.41838e-05,2
723,k,0.00111299,8.16381e-05,2
724,Ux,0.000595461,3.90384e-05,2
724,Uy,0.00372264,0.000254191,2
724,p,0.00179904,1.13396e-05,5
724,omega,0.000259919,1.4168e-05,2
724,k,0.00111194,8.155e-05,2
725,Ux,0.000595184,3.90145e-05,2
725,Uy,0.00372075,0.000254023,2
725,p,0.00179415,1.13403e-05,5
725,omega,0.000259672,1.4152e-05,2
725,k,0.0011109,8.14594e-05,2
726,Ux,0.000594898,3.89909e-05,2
726,Uy,0.00371883,0.000253844,2
726,p,0.00178936,1.134e-05,5
726,omega,0.000259445,1.41364e-05,2
726,k,0.00110986,8.13697e-05,2
727,Ux,0.000594618,3.89671e-05,2
727,Uy,0.00371681,0.000253653,2
727,p,0.00178438,1.1342e-05,5
727,omega,0.000259208,1.41201e-05,2
727,k,0.00110883,8.12818e-05,2
728,Ux,0.000594331,3.8943e-05,2
728,Uy,0.00371466,0.000253466,2
728,p,0.00177932,1.13466e-05,5
728,omega,0.000258959,1.41042e-05,2
728,k,0.00110778,8.11902e-05,2
729,Ux,0.000594041,3.89191e-05,2
729,Uy,0.0037125,0.000253266,2
729,p,0.00177387,1.13584e-05,5
729,omega,0.000258724,1.40881e-05,2
729,k,0.00110674,8.11043e-05,2
730,Ux,0.000593749,3.88949e-05,2
730,Uy,0.0037102,0.000253058,2
730,p,0.00176915,1.1372e-05,5
730,omega,0.000258472,1.40715e-05,2
730,k,0.00110571,8.10143e-05,2
731,Ux,0.000593451,3.88706e-05,2
731,Uy,0.00370781,0.000252848,2
731,p,0.00176396,1.1387e-05,5
731,omega,0.000258226,1.40555e-05,2
731,k,0.00110467,8.09256e-05,2
732,Ux,0.000593157,3.88463e-05,2
732,Uy,0.00370539,0.000252626,2
732,p,0.00175868,1.14048e-05,5
732,omega,0.000257976,1.40388e-05,2
732,k,0.00110364,8.08384e-05,2
733,Ux,0.000592857,3.88217e-05,2
733,Uy,0.00370278,0.0002524,2
733,p,0.00175335,1.14305e-05,5
733,omega,0.000257716,1.40221e-05,2
733,k,0.0011026,8.0748e-05,2
734,Ux,0.00059255,3.87975e-05,2
734,Uy,0.0037001,0.000252167,2
734,p,0.0017478,1.14709e-05,5
734,omega,0.000257468,1.40055e-05,2
734,k,0.00110157,8.06629e-05,2
735,Ux,0.00059225,3.87726e-05,2
735,Uy,0.00369736,0.000251927,2
735,p,0.00174245,1.15224e-05,5
735,omega,0.000257205,1.39884e-05,2
735,k,0.00110056,8.05749e-05,2
736,Ux,0.000591936,3.87477e-05,2
736,Uy,0.0036945,0.000251683,2
736,p,0.00173792,1.15673e-05,5
736,omega,0.000256946,1.39715e-05,2
736,k,0.00109955,8.04889e-05,2
737,Ux,0.00059163,3.87229e-05,2
737,Uy,0.00369154,0.000251429,2
737,p,0.00173297,1.16511e-05,5
737,omega,0.000256686,1.39544e-05,2
737,k,0.00109854,8.04041e-05,2
738,Ux,0.000591308,3.86977e-05,2
738,Uy,0.00368846,0.000251173,2
738,p,0.0017278,1.16653e-05,5
738,omega,0.000256423,1.3937e-05,2
738,k,0.00109753,8.03166e-05,2
739,Ux,0.000590995,3.86726e-05,2
739,Uy,0.00368526,0.000250905,2
739,p,0.0017233,1.17359e-05,5
739,omega,0.000256158,1.39198e-05,2
739,k,0.00109653,8.02334e-05,2
740,Ux,0.00059067,3.86471e-05,2
740,Uy,0.00368197,0.000250633,2
740,p,0.00171893,1.18183e-05,5
740,omega,0.000255891,1.39025e-05,2
740,k,0.00109553,8.0148e-05,2
741,Ux,0.000590347,3.86219e-05,2
741,Uy,0.00367859,0.000250354,2
741,p,0.00171412,1.19127e-05,5
741,omega,0.000255623,1.3885e-05,2
741,k,0.00109455,8.0063e-05,2
742,Ux,0.00059002,3.85962e-05,2
742,Uy,0.00367509,0.000250066,2
742,p,0.00171006,1.20201e-05,5
742,omega,0.000255353,1.38675e-05,2
742,k,0.00109355,7.99807e-05,2
743,Ux,0.00058969,3.85704e-05,2
743,Uy,0.0036715,0.00024978,2
743,p,0.00170592,1.21529e-05,5
743,omega,0.000255085,1.385e-05,2
743,k,0.00109258,7.98945e-05,2
744,Ux,0.000589354,3.85445e-05,2
744,Uy,0.00366783,0.000249481,2
744,p,0.00170129,1.22908e-05,5
744,omega,0.000254815,1.38321e-05,2
744,k,0.00109158,7.98134e-05,2
745,Ux,0.000589017,3.85183e-05,2
745,Uy,0.00366403,0.000249181,2
745,p,0.00169647,1.24284e-05,5
745,omega,0.000254538,1.38143e-05,2
745,k,0.0010906,7.97285e-05,2
746,Ux,0.000588674,3.84923e-05,2
746,Uy,0.00366018,0.000248877,2
746,p,0.00169091,1.25569e-05,5
746,omega,0.000254266,1.37964e-05,2
746,k,0.00108963,7.9645e-05,2
747,Ux,0.000588329,3.84658e-05,2
747,Uy,0.00365623,0.000248564,2
747,p,0.00168571,1.26747e-05,5
747,omega,0.000253982,1.37784e-05,2
747,k,0.00108864,7.95631e-05,2
748,Ux,0.000587983,3.84391e-05,2
748,Uy,0.00365219,0.000248251,2
748,p,0.00168153,1.27923e-05,5
748,omega,0.00025371,1.37605e-05,2
748,k,0.00108768,7.94787e-05,2
749,Ux,0.00058763,3.84128e-05,2
749,Uy,0.00364805,0.000247927,2
749,p,0.00167741,1.2903e-05,5
749,omega,0.000253425,1.37422e-05,2
749,k,0.0010867,7.93987e-05,2
750,Ux,0.000587278,3.83855e-05,2
750,Uy,0.00364384,0.000247602,2
750,p,0.00167376,1.30085e-05,5
750,omega,0.000253148,1.37242e-05,2
750,k,0.00108575,7.93161e-05,2
751,Ux,0.00058692,3.8359e-05,2
751,Uy,0.00363953,0.00024727,2
751,p,0.00167019,1.31099e-05,5
751,omega,0.000252863,1.3706e-05,2
751,k,0.0010848,7.92348e-05,2
752,Ux,0.000586563,3.83315e-05,2
752,Uy,0.00363514,0.000246933,2
752,p,0.00166649,1.32024e-05,5
752,omega,0.000252584,1.36876e-05,2
752,k,0.00108383,7.91547e-05,2
753,Ux,0.000586197,3.83045e-05,2
753,Uy,0.00363072,0.000246597,2
753,p,0.00166217,1.32852e-05,5
753,omega,0.000252301,1.36694e-05,2
753,k,0.00108289,7.90718e-05,2
754,Ux,0.000585837,3.82769e-05,2
754,Uy,0.00362616,0.000246251,2
754,p,0.00165778,1.33618e-05,5
754,omega,0.000252014,1.36509e-05,2
754,k,0.00108192,7.89929e-05,2
755,Ux,0.000585464,3.82494e-05,2
755,Uy,0.00362158,0.000245905,2
755,p,0.00165321,1.34366e-05,5
755,omega,0.000251736,1.36324e-05,2
755,k,0.00108099,7.89113e-05,2
756,Ux,0.000585092,3.82215e-05,2
756,Uy,0.00361691,0.000245553,2
756,p,0.00164941,1.35079e-05,5
756,omega,0.000251441,1.36139e-05,2
756,k,0.00108003,7.88302e-05,2
757,Ux,0.000584718,3.81938e-05,2
757,Uy,0.0036122,0.000245201,2
757,p,0.0016455,1.3574e-05,5
757,omega,0.000251162,1.35954e-05,2
757,k,0.00107908,7.8751e-05,2
758,Ux,0.000584337,3.81657e-05,2
758,Uy,0.00360745,0.000244846,2
758,p,0.00164243,1.3632e-05,5
758,omega,0.000250873,1.35766e-05,2
758,k,0.00107816,7.86701e-05,2
759,Ux,0.000583956,3.81377e-05,2
759,Uy,0.00360259,0.000244485,2
759,p,0.00163903,1.34702e-05,5
759,omega,0.000250582,1.35582e-05,2
759,k,0.0010772,7.85927e-05,2
760,Ux,0.000583575,3.81092e-05,2
760,Uy,0.00359774,0.000244127,2
760,p,0.00163587,1.34991e-05,5
760,omega,0.000250301,1.35394e-05,2
760,k,0.0010763,7.85126e-05,2
761,Ux,0.000583186,3.80808e-05,2
761,Uy,0.00359279,0.00024376,2
761,p,0.00163213,1.37287e-05,5
761,omega,0.000250006,1.35207e-05,2
761,k,0.00107535,7.84336e-05,2
762,Ux,0.000582794,3.8052e-05,2
762,Uy,0.00358785,0.000243396,2
762,p,0.00162796,1.3759e-05,5
762,omega,0.000249717,1.35019e-05,2
762,k,0.00107443,7.83551e-05,2
763,Ux,0.000582403,3.80235e-05,2
763,Uy,0.00358285,0.000243026,2
763,p,0.00162396,1.35823e-05,5
763,omega,0.000249424,1.34827e-05,2
763,k,0.00107351,7.82751e-05,2
764,Ux,0.000582004,3.79944e-05,2
764,Uy,0.00357778,0.000242655,2
764,p,0.00162023,1.38225e-05,5
764,omega,0.000249127,1.34642e-05,2
764,k,0.00107255,7.8197e-05,2
765,Ux,0.000581605,3.79655e-05,2
765,Uy,0.00357271,0.000242285,2
765,p,0.00161646,1.36433e-05,5
765,omega,0.00024884,1.34452e-05,2
765,k,0.00107165,7.81176e-05,2
766,Ux,0.000581205,3.79363e-05,2
766,Uy,0.00356759,0.00024191,2
766,p,0.00161308,1.38819e-05,5
766,omega,0.000248545,1.34264e-05,2
766,k,0.0010707,7.80392e-05,2
767,Ux,0.000580801,3.79066e-05,2
767,Uy,0.0035625,0.000241539,2
767,p,0.0016101,1.39062e-05,5
767,omega,0.000248244,1.34077e-05,2
767,k,0.00106979,7.79612e-05,2
768,Ux,0.000580393,3.78776e-05,2
768,Uy,0.00355732,0.000241165,2
768,p,0.00160726,1.39288e-05,5
768,omega,0.000247957,1.33888e-05,2
768,k,0.00106885,7.78803e-05,2
769,Ux,0.000579987,3.78476e-05,2
769,Uy,0.00355222,0.000240792,2
769,p,0.00160362,1.38914e-05,5
769,omega,0.000247653,1.337e-05,2
769,k,0.00106791,7.78038e-05,2
770,Ux,0.00057957,3.78183e-05,2
770,Uy,0.00354703,0.000240417,2
770,p,0.00159952,1.39194e-05,5
770,omega,0.000247364,1.33511e-05,2
770,k,0.001067,7.77241e-05,2
771,Ux,0.000579164,3.77881e-05,2
771,Uy,0.00354183,0.000240039,2
771,p,0.00159542,1.39482e-05,5
771,omega,0.000247062,1.33321e-05,2
771,k,0.00106604,7.76461e-05,2
772,Ux,0.00057874,3.77581e-05,2
772,Uy,0.00353666,0.000239665,2
772,p,0.00159157,1.39802e-05,5
772,omega,0.00024676,1.33132e-05,2
772,k,0.00106513,7.75683e-05,2
773,Ux,0.000578326,3.77279e-05,2
773,Uy,0.00353142,0.000239288,2
773,p,0.00158738,1.40138e-05,5
773,omega,0.000246464,1.32943e-05,2
773,k,0.00106418,7.74879e-05,2
774,Ux,0.000577902,3.76976e-05,2
774,Uy,0.00352625,0.000238913,2
774,p,0.00158355,1.40503e-05,5
774,omega,0.000246159,1.32752e-05,2
774,k,0.00106325,7.7412e-05,2
775,Ux,0.000577478,3.76669e-05,2
775,Uy,0.003521,0.000238535,2
775,p,0.00158033,1.40802e-05,5
775,omega,0.000245864,1.32564e-05,2
775,k,0.00106231,7.73313e-05,2
776,Ux,0.000577049,3.76364e-05,2
776,Uy,0.00351585,0.00023816,2
776,p,0.00157725,1.41037e-05,5
776,omega,0.000245556,1.32373e-05,2
776,k,0.00106135,7.72534e-05,2
777,Ux,0.000576624,3.76054e-05,2
777,Uy,0.00351063,0.000237785,2
777,p,0.00157378,1.412e-05,5
777,omega,0.000245258,1.32183e-05,2
777,k,0.00106041,7.7174e-05,2
778,Ux,0.000576188,3.75745e-05,2
778,Uy,0.00350545,0.000237411,2
778,p,0.00156969,1.41252e-05,5
778,omega,0.00024495,1.31993e-05,2
778,k,0.00105945,7.70938e-05,2
779,Ux,0.000575758,3.75434e-05,2
779,Uy,0.00350031,0.00023704,2
779,p,0.00156572,1.41308e-05,5
779,omega,0.000244648,1.31801e-05,2
779,k,0.00105851,7.70173e-05,2
780,Ux,0.000575316,3.7512e-05,2
780,Uy,0.00349511,0.000236667,2
780,p,0.00156141,1.41416e-05,5
780,omega,0.000244345,1.31611e-05,2
780,k,0.00105755,7.69354e-05,2
781,Ux,0.000574883,3.74805e-05,2
781,Uy,0.00349,0.000236296,2
781,p,0.00155726,1.40312e-05,5
781,omega,0.000244039,1.31419e-05,2
781,k,0.0010566,7.68595e-05,2
782,Ux,0.000574436,3.74489e-05,2
782,Uy,0.00348481,0.000235923,2
782,p,0.00155318,1.40145e-05,5
782,omega,0.000243738,1.31227e-05,2
782,k,0.00105565,7.67788e-05,2
783,Ux,0.000573996,3.74169e-05,2
783,Uy,0.00347975,0.000235556,2
783,p,0.00154939,1.39977e-05,5
783,omega,0.000243432,1.31038e-05,2
783,k,0.00105468,7.67007e-05,2
784,Ux,0.000573544,3.73853e-05,2
784,Uy,0.0034746,0.000235186,2
784,p,0.00154591,1.39695e-05,5
784,omega,0.000243128,1.30848e-05,2
784,k,0.00105374,7.66221e-05,2
785,Ux,0.000573097,3.73526e-05,2
785,Uy,0.00346955,0.000234818,2
785,p,0.00154219,1.39296e-05,5
785,omega,0.000242823,1.30658e-05,2
785,k,0.00105276,7.65407e-05,2
786,Ux,0.000572639,3.73207e-05,2
786,Uy,0.00346448,0.000234455,2
786,p,0.00153795,1.38835e-05,5
786,omega,0.000242512,1.30469e-05,2
786,k,0.00105182,7.64643e-05,2
787,Ux,0.00057219,3.7288e-05,2
787,Uy,0.00345946,0.000234089,2
787,p,0.00153389,1.38356e-05,5
787,omega,0.000242211,1.30279e-05,2
787,k,0.00105085,7.63827e-05,2
788,Ux,0.000571725,3.72553e-05,2
788,Uy,0.00345444,0.000233726,2
788,p,0.00152934,1.37968e-05,5
788,omega,0.000241902,1.30089e-05,2
788,k,0.00104987,7.63051e-05,2
789,Ux,0.000571269,3.72227e-05,2
789,Uy,0.00344942,0.000233364,2
789,p,0.00152482,1.37586e-05,5
789,omega,0.000241597,1.29901e-05,2
789,k,0.00104892,7.62246e-05,2
790,Ux,0.000570802,3.71895e-05,2
790,Uy,0.0034445,0.000233004,2
790,p,0.00152051,1.37235e-05,5
790,omega,0.000241293,1.29709e-05,2
790,k,0.00104792,7.61443e-05,2
791,Ux,0.000570336,3.71567e-05,2
791,Uy,0.00343947,0.000232642,2
791,p,0.00151624,1.36852e-05,5
791,omega,0.000240985,1.29522e-05,2
791,k,0.00104696,7.60659e-05,2
792,Ux,0.000569868,3.71233e-05,2
792,Uy,0.0034346,0.000232284,2
792,p,0.001512,1.36405e-05,5
792,omega,0.000240679,1.29332e-05,2
792,k,0.00104596,7.5984e-05,2
793,Ux,0.000569393,3.709e-05,2
793,Uy,0.00342964,0.000231927,2
793,p,0.00150803,1.35929e-05,5
793,omega,0.000240367,1.29143e-05,2
793,k,0.001045,7.59069e-05,2
794,Ux,0.000568924,3.70567e-05,2
794,Uy,0.00342477,0.00023157,2
794,p,0.00150411,1.35405e-05,5
794,omega,0.000240066,1.28955e-05,2
794,k,0.00104401,7.58254e-05,2
795,Ux,0.000568443,3.70228e-05,2
795,Uy,0.00341989,0.000231216,2
795,p,0.00149994,1.34891e-05,5
795,omega,0.000239758,1.28767e-05,2
795,k,0.00104303,7.57473e-05,2
796,Ux,0.000567967,3.69892e-05,2
796,Uy,0.00341508,0.000230862,2
796,p,0.00149622,1.33254e-05,5
796,omega,0.000239457,1.28578e-05,2
796,k,0.00104206,7.56668e-05,2
797,Ux,0.000567486,3.69551e-05,2
797,Uy,0.00341026,0.000230511,2
797,p,0.0014925,1.32625e-05,5
797,omega,0.000239151,1.2839e-05,2
797,k,0.00104106,7.55861e-05,2
798,Ux,0.000567003,3.69214e-05,2
798,Uy,0.00340546,0.00023016,2
798,p,0.00148852,1.32163e-05,5
798,omega,0.000238845,1.28203e-05,2
798,k,0.00104008,7.55075e-05,2
799,Ux,0.000566519,3.6887e-05,2
799,Uy,0.00340071,0.000229812,2
799,p,0.00148368,1.3179e-05,5
799,omega,0.000238539,1.28015e-05,2
799,k,0.00103908,7.54252e-05,2
800,Ux,0.00056603,3.68532e-05,2
800,Uy,0.00339595,0.000229465,2
800,p,0.00147982,1.316e-05,5
800,omega,0.00023823,1.27828e-05,2
800,k,0.0010381,7.53472e-05,2
801,Ux,0.000565543,3.68186e-05,2
801,Uy,0.00339128,0.000229118,2
801,p,0.00147628,1.32059e-05,5
801,omega,0.00023793,1.2764e-05,2
801,k,0.0010371,7.52651e-05,2
802,Ux,0.00056505,3.67846e-05,2
802,Uy,0.00338653,0.000228774,2
802,p,0.00147233,1.32263e-05,5
802,omega,0.000237619,1.27455e-05,2
802,k,0.0010361,7.51857e-05,2
803,Ux,0.000564557,3.67497e-05,2
803,Uy,0.00338191,0.000228428,2
803,p,0.00146888,1.32484e-05,5
803,omega,0.000237321,1.27268e-05,2
803,k,0.00103511,7.51046e-05,2
804,Ux,0.000564062,3.67155e-05,2
804,Uy,0.0033772,0.000228087,2
804,p,0.0014652,1.32661e-05,5
804,omega,0.000237012,1.27082e-05,2
804,k,0.0010341,7.50228e-05,2
805,Ux,0.000563566,3.66805e-05,2
805,Uy,0.00337261,0.000227745,2
805,p,0.00146116,1.32706e-05,5
805,omega,0.000236709,1.26896e-05,2
805,k,0.0010331,7.49435e-05,2
806,Ux,0.000563068,3.66459e-05,2
806,Uy,0.00336796,0.000227403,2
806,p,0.00145734,1.32649e-05,5
806,omega,0.000236402,1.26711e-05,2
806,k,0.00103209,7.4861e-05,2
807,Ux,0.000562568,3.66108e-05,2
807,Uy,0.00336338,0.000227065,2
807,p,0.00145349,1.32567e-05,5
807,omega,0.0002361,1.26525e-05,2
807,k,0.00103108,7.47815e-05,2
808,Ux,0.000562066,3.65758e-05,2
808,Uy,0.0033588,0.000226726,2
808,p,0.00144955,1.32468e-05,5
808,omega,0.000235796,1.26341e-05,2
808,k,0.00103007,7.46995e-05,2
809,Ux,0.000561566,3.65408e-05,2
809,Uy,0.00335425,0.000226389,2
809,p,0.00144493,1.32434e-05,5
809,omega,0.000235491,1.26155e-05,2
809,k,0.00102905,7.46191e-05,2
810,Ux,0.000561058,3.65057e-05,2
810,Uy,0.00334972,0.000226053,2
810,p,0.00144049,1.32466e-05,5
810,omega,0.00023519,1.25972e-05,2
810,k,0.00102805,7.45376e-05,2
811,Ux,0.000560553,3.64703e-05,2
811,Uy,0.00334521,0.000225719,2
811,p,0.00143641,1.32598e-05,5
811,omega,0.000234884,1.25789e-05,2
811,k,0.00102702,7.44559e-05,2
812,Ux,0.000560044,3.6435e-05,2
812,Uy,0.00334072,0.000225386,2
812,p,0.001432,1.32765e-05,5
812,omega,0.000234584,1.25605e-05,2
812,k,0.00102602,7.43753e-05,2
813,Ux,0.000559536,3.63996e-05,2
813,Uy,0.00333624,0.000225056,2
813,p,0.00142751,1.32993e-05,5
813,omega,0.000234278,1.25423e-05,2
813,k,0.001025,7.42934e-05,2
814,Ux,0.000559026,3.63642e-05,2
814,Uy,0.0033318,0.000224724,2
814,p,0.00142317,1.33212e-05,5
814,omega,0.000233975,1.2524e-05,2
814,k,0.00102397,7.4212e-05,2
815,Ux,0.000558513,3.63286e-05,2
815,Uy,0.00332735,0.000224398,2
815,p,0.00141883,1.33479e-05,5
815,omega,0.000233669,1.25059e-05,2
815,k,0.00102295,7.41301e-05,2
816,Ux,0.000558002,3.6293e-05,2
816,Uy,0.00332297,0.000224068,2
816,p,0.00141469,1.33613e-05,5
816,omega,0.000233367,1.24876e-05,2
816,k,0.00102191,7.40483e-05,2
817,Ux,0.000557487,3.62574e-05,2
817,Uy,0.00331852,0.000223745,2
817,p,0.00141051,1.33963e-05,5
817,omega,0.000233064,1.24695e-05,2
817,k,0.0010209,7.39664e-05,2
818,Ux,0.000556974,3.62217e-05,2
818,Uy,0.00331416,0.000223418,2
818,p,0.00140604,1.34247e-05,5
818,omega,0.000232764,1.24512e-05,2
818,k,0.00101986,7.38831e-05,2
819,Ux,0.000556456,3.61857e-05,2
819,Uy,0.0033098,0.000223098,2
819,p,0.00140168,1.34475e-05,5
819,omega,0.000232463,1.24331e-05,2
819,k,0.00101884,7.38017e-05,2
820,Ux,0.000555942,3.61502e-05,2
820,Uy,0.00330545,0.000222775,2
820,p,0.00139738,1.34732e-05,5
820,omega,0.000232158,1.24149e-05,2
820,k,0.0010178,7.37188e-05,2
821,Ux,0.000555423,3.61138e-05,2
821,Uy,0.00330112,0.000222456,2
821,p,0.00139299,1.35132e-05,5
821,omega,0.000231859,1.23968e-05,2
821,k,0.00101676,7.36369e-05,2
822,Ux,0.000554907,3.60785e-05,2
822,Uy,0.00329683,0.000222139,2
822,p,0.00138889,1.35684e-05,5
822,omega,0.000231555,1.23786e-05,2
822,k,0.00101573,7.35541e-05,2
823,Ux,0.000554389,3.60419e-05,2
823,Uy,0.00329253,0.000221821,2
823,p,0.00138419,1.36347e-05,5
823,omega,0.000231256,1.23606e-05,2
823,k,0.00101467,7.34711e-05,2
824,Ux,0.000553869,3.60063e-05,2
824,Uy,0.0032883,0.000221507,2
824,p,0.00137913,1.3703e-05,5
824,omega,0.000230956,1.23424e-05,2
824,k,0.00101365,7.33891e-05,2
825,Ux,0.00055335,3.59698e-05,2
825,Uy,0.00328402,0.000221192,2
825,p,0.00137472,8.24898e-06,6
825,omega,0.000230664,1.23243e-05,2
825,k,0.00101258,7.33055e-05,2
826,Ux,0.000552839,3.59336e-05,2
826,Uy,0.00327995,0.000220889,2
826,p,0.0013698,8.0726e-06,6
826,omega,0.000230369,1.23062e-05,2
826,k,0.00101155,7.32237e-05,2
827,Ux,0.000552327,3.58973e-05,2
827,Uy,0.0032758,0.000220581,2
827,p,0.00136555,1.36055e-05,5
827,omega,0.000230059,1.2288e-05,2
827,k,0.00101049,7.31398e-05,2
828,Ux,0.000551786,3.58609e-05,2
828,Uy,0.00327152,0.000220269,2
828,p,0.00136009,7.95602e-06,6
828,omega,0.000229772,1.227e-05,2
828,k,0.00100945,7.30575e-05,2
829,Ux,0.000551267,3.58247e-05,2
829,Uy,0.00326738,0.00021996,2
829,p,0.00135563,7.86228e-06,6
829,omega,0.000229463,1.22518e-05,2
829,k,0.0010084,7.29736e-05,2
830,Ux,0.000550735,3.5788e-05,2
830,Uy,0.00326323,0.000219658,2
830,p,0.00135145,7.7923e-06,6
830,omega,0.000229158,1.22338e-05,2
830,k,0.00100734,7.28902e-05,2
831,Ux,0.000550208,3.57516e-05,2
831,Uy,0.00325908,0.000219347,2
831,p,0.001347,7.75279e-06,6
831,omega,0.000228853,1.22157e-05,2
831,k,0.0010063,7.28072e-05,2
832,Ux,0.000549678,3.57148e-05,2
832,Uy,0.00325493,0.000219045,2
832,p,0.00134217,7.73501e-06,6
832,omega,0.000228554,1.21976e-05,2
832,k,0.00100523,7.27225e-05,2
833,Ux,0.000549143,3.56782e-05,2
833,Uy,0.00325077,0.000218735,2
833,p,0.00133797,7.73421e-06,6
833,omega,0.000228248,1.21796e-05,2
833,k,0.00100418,7.26398e-05,2
834,Ux,0.000548615,3.56411e-05,2
834,Uy,0.00324664,0.000218433,2
834,p,0.00133318,7.56243e-06,6
834,omega,0.000227947,1.21615e-05,2
834,k,0.00100309,7.25542e-05,2
835,Ux,0.000548073,3.56044e-05,2
835,Uy,0.00324252,0.000218125,2
835,p,0.00132841,7.54257e-06,6
835,omega,0.000227638,1.21435e-05,2
835,k,0.00100206,7.24719e-05,2
836,Ux,0.000547545,3.55668e-05,2
836,Uy,0.00323839,0.000217823,2
836,p,0.0013241,7.51415e-06,6
836,omega,0.000227341,1.21254e-05,2
836,k,0.00100097,7.23863e-05,2
837,Ux,0.000547,3.55299e-05,2
837,Uy,0.00323427,0.000217515,2
837,p,0.00131924,7.47643e-06,6
837,omega,0.000227032,1.21074e-05,2
837,k,0.000999928,7.2303e-05,2
838,Ux,0.000546467,3.54922e-05,2
838,Uy,0.00323013,0.000217214,2
838,p,0.00131464,7.42713e-06,6
838,omega,0.000226735,1.20894e-05,2
838,k,0.000998842,7.22178e-05,2
839,Ux,0.000545917,3.5455e-05,2
839,Uy,0.00322601,0.000216907,2
839,p,0.00130989,7.37217e-06,6
839,omega,0.000226427,1.20712e-05,2
839,k,0.000997778,7.21335e-05,2
840,Ux,0.000545381,3.54173e-05,2
840,Uy,0.00322184,0.000216605,2
840,p,0.00130479,7.31465e-06,6
840,omega,0.000226126,1.20531e-05,2
840,k,0.000996706,7.20493e-05,2
841,Ux,0.00054483,3.53798e-05,2
841,Uy,0.00321767,0.000216297,2
841,p,0.00130029,7.25992e-06,6
841,omega,0.000225817,1.20349e-05,2
841,k,0.000995617,7.19631e-05,2
842,Ux,0.000544289,3.53421e-05,2
842,Uy,0.00321348,0.000215994,2
842,p,0.00129555,7.21102e-06,6
842,omega,0.000225514,1.20168e-05,2
842,k,0.000994554,7.18795e-05,2
843,Ux,0.000543736,3.53042e-05,2
843,Uy,0.00320929,0.000215687,2
843,p,0.00129039,7.16806e-06,6
843,omega,0.000225206,1.19985e-05,2
843,k,0.000993442,7.17924e-05,2
844,Ux,0.000543187,3.52663e-05,2
844,Uy,0.00320507,0.000215382,2
844,p,0.00128601,7.12776e-06,6
844,omega,0.000224898,1.19804e-05,2
844,k,0.00099239,7.1709e-05,2
845,Ux,0.000542633,3.52282e-05,2
845,Uy,0.00320086,0.000215076,2
845,p,0.00128126,7.08933e-06,6
845,omega,0.000224591,1.1962e-05,2
845,k,0.000991266,7.16218e-05,2
846,Ux,0.000542078,3.51901e-05,2
846,Uy,0.00319662,0.00021477,2
846,p,0.00127635,7.04822e-06,6
846,omega,0.000224284,1.1944e-05,2
846,k,0.000990213,7.15375e-05,2
847,Ux,0.000541522,3.51516e-05,2
847,Uy,0.00319239,0.000214464,2
847,p,0.0012717,6.9992e-06,6
847,omega,0.000223974,1.19256e-05,2
847,k,0.000989095,7.14507e-05,2
848,Ux,0.000540961,3.51133e-05,2
848,Uy,0.00318813,0.000214157,2
848,p,0.00126701,6.94056e-06,6
848,omega,0.000223665,1.19075e-05,2
848,k,0.000988025,7.13652e-05,2
849,Ux,0.000540402,3.50743e-05,2
849,Uy,0.00318388,0.000213851,2
849,p,0.00126221,6.86874e-06,6
849,omega,0.000223354,1.1889e-05,2
849,k,0.000986909,7.12788e-05,2
850,Ux,0.000539833,3.50358e-05,2
850,Uy,0.00317958,0.000213542,2
850,p,0.00125793,6.78445e-06,6
850,omega,0.000223041,1.18709e-05,2
850,k,0.000985828,7.11921e-05,2
851,Ux,0.000539268,3.49964e-05,2
851,Uy,0.00317529,0.000213236,2
851,p,0.00125311,6.69347e-06,6
851,omega,0.000222729,1.18523e-05,2
851,k,0.000984718,7.11062e-05,2
852,Ux,0.000538697,3.49576e-05,2
852,Uy,0.00317096,0.000212926,2
852,p,0.00124823,6.6002e-06,6
852,omega,0.000222415,1.1834e-05,2
852,k,0.000983612,7.10175e-05,2
853,Ux,0.000538123,3.49179e-05,2
853,Uy,0.00316664,0.000212618,2
853,p,0.00124381,6.51043e-06,6
853,omega,0.000222101,1.18154e-05,2
853,k,0.000982514,7.09323e-05,2
854,Ux,0.000537548,3.48787e-05,2
854,Uy,0.00316226,0.000212307,2
854,p,0.00123894,6.42999e-06,6
854,omega,0.000221787,1.1797e-05,2
854,k,0.000981384,7.08427e-05,2
855,Ux,0.000536969,3.48387e-05,2
855,Uy,0.00315791,0.000211998,2
855,p,0.00123448,6.35811e-06,6
855,omega,0.000221473,1.17783e-05,2
855,k,0.000980294,7.0758e-05,2
856,Ux,0.000536385,3.4799e-05,2
856,Uy,0.00315348,0.000211685,2
856,p,0.00122944,6.29583e-06,6
856,omega,0.000221151,1.17597e-05,2
856,k,0.00097915,7.06683e-05,2
857,Ux,0.0005358,3.47586e-05,2
857,Uy,0.00314909,0.000211376,2
857,p,0.0012249,6.24679e-06,6
857,omega,0.000220835,1.1741e-05,2
857,k,0.000978061,7.05828e-05,2
858,Ux,0.00053521,3.47187e-05,2
858,Uy,0.00314463,0.000211062,2
858,p,0.00122037,6.20361e-06,6
858,omega,0.000220512,1.17222e-05,2
858,k,0.000976909,7.04933e-05,2
859,Ux,0.000534619,3.46777e-05,2
859,Uy,0.00314021,0.000210751,2
859,p,0.00121543,6.07529e-06,6
859,omega,0.00022019,1.17034e-05,2
859,k,0.000975807,7.04069e-05,2
860,Ux,0.00053402,3.46375e-05,2
860,Uy,0.00313572,0.000210438,2
860,p,0.00121102,6.04567e-06,6
860,omega,0.000219864,1.16845e-05,2
860,k,0.000974657,7.03174e-05,2
861,Ux,0.000533423,3.45961e-05,2
861,Uy,0.00313124,0.000210125,2
861,p,0.00120668,6.0139e-06,6
861,omega,0.000219542,1.16656e-05,2
861,k,0.000973541,7.02299e-05,2
862,Ux,0.000532818,3.45554e-05,2
862,Uy,0.00312672,0.00020981,2
862,p,0.0012019,5.97992e-06,6
862,omega,0.000219212,1.16466e-05,2
862,k,0.000972386,7.01407e-05,2
863,Ux,0.000532212,3.45137e-05,2
863,Uy,0.00312221,0.000209496,2
863,p,0.00119777,5.94512e-06,6
863,omega,0.000218888,1.16276e-05,2
863,k,0.000971257,7.00518e-05,2
864,Ux,0.000531599,3.44723e-05,2
864,Uy,0.00311764,0.000209181,2
864,p,0.00119297,5.90254e-06,6
864,omega,0.000218557,1.16086e-05,2
864,k,0.000970102,6.9963e-05,2
865,Ux,0.000530987,3.44302e-05,2
865,Uy,0.00311311,0.000208865,2
865,p,0.0011889,5.85179e-06,6
865,omega,0.000218229,1.15894e-05,2
865,k,0.000968954,6.98724e-05,2
866,Ux,0.000530363,3.43884e-05,2
866,Uy,0.00310849,0.00020855,2
866,p,0.00118442,5.79344e-06,6
866,omega,0.000217895,1.15702e-05,2
866,k,0.000967806,6.97843e-05,2
867,Ux,0.000529744,3.43458e-05,2
867,Uy,0.00310392,0.000208233,2
867,p,0.00117978,5.73067e-06,6
867,omega,0.000217565,1.1551e-05,2
867,k,0.000966639,6.96928e-05,2
868,Ux,0.000529111,3.43035e-05,2
868,Uy,0.00309926,0.000207916,2
868,p,0.00117549,5.66728e-06,6
868,omega,0.000217227,1.15316e-05,2
868,k,0.000965495,6.96042e-05,2
869,Ux,0.000528484,3.42605e-05,2
869,Uy,0.00309466,0.000207598,2
869,p,0.00117133,5.60849e-06,6
869,omega,0.000216893,1.15123e-05,2
869,k,0.000964315,6.95123e-05,2
870,Ux,0.000527844,3.42176e-05,2
870,Uy,0.00308998,0.000207281,2
870,p,0.00116647,5.56072e-06,6
870,omega,0.000216552,1.14928e-05,2
870,k,0.000963165,6.94232e-05,2
871,Ux,0.000527206,3.41743e-05,2
871,Uy,0.00308532,0.000206962,2
871,p,0.0011624,5.52316e-06,6
871,omega,0.000216214,1.14733e-05,2
871,k,0.000961976,6.9331e-05,2
872,Ux,0.000526559,3.41306e-05,2
872,Uy,0.00308063,0.000206644,2
872,p,0.00115762,5.49572e-06,6
872,omega,0.000215871,1.14537e-05,2
872,k,0.000960822,6.92415e-05,2
873,Ux,0.000525907,3.40869e-05,2
873,Uy,0.00307593,0.000206325,2
873,p,0.00115346,5.47624e-06,6
873,omega,0.00021553,1.14341e-05,2
873,k,0.00095963,6.91491e-05,2
874,Ux,0.000525253,3.40425e-05,2
874,Uy,0.00307121,0.000206005,2
874,p,0.00114888,5.46849e-06,6
874,omega,0.000215184,1.14144e-05,2
874,k,0.00095847,6.90587e-05,2
875,Ux,0.000524593,3.39983e-05,2
875,Uy,0.00306649,0.000205685,2
875,p,0.00114449,5.46682e-06,6
875,omega,0.00021484,1.13947e-05,2
875,k,0.000957271,6.89664e-05,2
876,Ux,0.000523927,3.39534e-05,2
876,Uy,0.00306175,0.000205366,2
876,p,0.00114034,5.46546e-06,6
876,omega,0.000214491,1.13749e-05,2
876,k,0.000956098,6.88747e-05,2
877,Ux,0.000523258,3.39085e-05,2
877,Uy,0.00305699,0.000205046,2
877,p,0.00113574,5.46379e-06,6
877,omega,0.000214144,1.13551e-05,2
877,k,0.000954896,6.87826e-05,2
878,Ux,0.000522583,3.38633e-05,2
878,Uy,0.00305221,0.000204726,2
878,p,0.00113168,5.45516e-06,6
878,omega,0.000213791,1.13351e-05,2
878,k,0.000953711,6.86897e-05,2
879,Ux,0.000521903,3.38176e-05,2
879,Uy,0.00304744,0.000204405,2
879,p,0.00112737,5.43739e-06,6
879,omega,0.000213441,1.13153e-05,2
879,k,0.000952507,6.85975e-05,2
880,Ux,0.000521218,3.37719e-05,2
880,Uy,0.00304263,0.000204085,2
880,p,0.00112325,5.40911e-06,6
880,omega,0.000213086,1.12952e-05,2
880,k,0.000951311,6.85038e-05,2
881,Ux,0.000520531,3.37257e-05,2
881,Uy,0.00303781,0.000203764,2
881,p,0.00111922,5.37159e-06,6
881,omega,0.000212732,1.12753e-05,2
881,k,0.000950102,6.84115e-05,2
882,Ux,0.000519835,3.36794e-05,2
882,Uy,0.00303301,0.000203443,2
882,p,0.00111488,5.32671e-06,6
882,omega,0.000212375,1.12551e-05,2
882,k,0.00094889,6.83168e-05,2
883,Ux,0.000519139,3.36325e-05,2
883,Uy,0.00302814,0.000203122,2
883,p,0.00111103,5.27618e-06,6
883,omega,0.000212017,1.12351e-05,2
883,k,0.000947682,6.82244e-05,2
884,Ux,0.000518433,3.35858e-05,2
884,Uy,0.00302333,0.0002028,2
884,p,0.00110673,5.2048e-06,6
884,omega,0.000211659,1.12148e-05,2
884,k,0.000946457,6.81292e-05,2
885,Ux,0.000517726,3.35382e-05,2
885,Uy,0.00301843,0.000202479,2
885,p,0.00110271,5.15501e-06,6
885,omega,0.000211297,1.11946e-05,2
885,k,0.000945247,6.8036e-05,2
886,Ux,0.00051701,3.34908e-05,2
886,Uy,0.00301362,0.000202158,2
886,p,0.00109909,5.20394e-06,6
886,omega,0.000210938,1.11742e-05,2
886,k,0.000944011,6.79404e-05,2
887,Ux,0.000516293,3.34427e-05,2
887,Uy,0.00300871,0.000201838,2
887,p,0.00109458,4.96141e-06,6
887,omega,0.000210572,1.11538e-05,2
887,k,0.000942791,6.78464e-05,2
888,Ux,0.000515566,3.33945e-05,2
888,Uy,0.00300388,0.000201516,2
888,p,0.00109099,4.96472e-06,6
888,omega,0.000210209,1.11333e-05,2
888,k,0.000941547,6.77503e-05,2
889,Ux,0.000514835,3.33459e-05,2
889,Uy,0.00299896,0.000201196,2
889,p,0.00108685,4.90779e-06,6
889,omega,0.00020984,1.11128e-05,2
889,k,0.000940318,6.76557e-05,2
890,Ux,0.000514099,3.32971e-05,2
890,Uy,0.00299412,0.000200874,2
890,p,0.0010828,4.92908e-06,6
890,omega,0.000209475,1.10922e-05,2
890,k,0.000939067,6.75594e-05,2
891,Ux,0.000513358,3.32479e-05,2
891,Uy,0.00298921,0.000200556,2
891,p,0.00107915,4.95672e-06,6
891,omega,0.000209103,1.10716e-05,2
891,k,0.000937829,6.74641e-05,2
892,Ux,0.000512609,3.31986e-05,2
892,Uy,0.00298434,0.000200234,2
892,p,0.00107534,4.98789e-06,6
892,omega,0.000208736,1.10509e-05,2
892,k,0.000936569,6.73677e-05,2
893,Ux,0.000511859,3.31486e-05,2
893,Uy,0.00297943,0.000199917,2
893,p,0.00107102,5.0205e-06,6
893,omega,0.000208362,1.10302e-05,2
893,k,0.00093532,6.72716e-05,2
894,Ux,0.000511097,3.30986e-05,2
894,Uy,0.00297455,0.000199595,2
894,p,0.00106762,5.05281e-06,6
894,omega,0.000207993,1.10094e-05,2
894,k,0.000934055,6.71748e-05,2
895,Ux,0.000510335,3.30481e-05,2
895,Uy,0.00296964,0.000199278,2
895,p,0.00106352,5.0879e-06,6
895,omega,0.000207618,1.09886e-05,2
895,k,0.000932794,6.70778e-05,2
896,Ux,0.000509563,3.29973e-05,2
896,Uy,0.00296476,0.000198956,2
896,p,0.00105976,5.11878e-06,6
896,omega,0.000207245,1.09677e-05,2
896,k,0.000931518,6.69808e-05,2
897,Ux,0.00050879,3.29463e-05,2
897,Uy,0.00295984,0.000198641,2
897,p,0.00105604,1.05396e-05,5
897,omega,0.00020687,1.09469e-05,2
897,k,0.000930249,6.68828e-05,2
898,Ux,0.00050801,3.28952e-05,2
898,Uy,0.00295488,0.000198316,2
898,p,0.00105191,1.05133e-05,5
898,omega,0.000206495,1.09258e-05,2
898,k,0.000928965,6.67855e-05,2
899,Ux,0.00050723,3.28439e-05,2
899,Uy,0.00294994,0.000197998,2
899,p,0.00104852,1.04268e-05,5
899,omega,0.000206116,1.09048e-05,2
899,k,0.000927681,6.66866e-05,2
900,Ux,0.000506435,3.27917e-05,2
900,Uy,0.00294501,0.000197678,2
900,p,0.00104498,1.03385e-05,5
900,omega,0.000205738,1.08837e-05,2
900,k,0.000926393,6.65889e-05,2
901,Ux,0.000505637,3.27394e-05,2
901,Uy,0.00294014,0.000197363,2
901,p,0.0010412,1.0266e-05,5
901,omega,0.000205358,1.08626e-05,2
901,k,0.000925097,6.64892e-05,2
902,Ux,0.000504836,3.26865e-05,2
902,Uy,0.00293523,0.000197048,2
902,p,0.00103745,1.02124e-05,5
902,omega,0.000204975,1.08414e-05,2
902,k,0.000923799,6.63911e-05,2
903,Ux,0.000504025,3.26336e-05,2
903,Uy,0.00293039,0.000196734,2
903,p,0.0010333,1.01797e-05,5
903,omega,0.000204595,1.08202e-05,2
903,k,0.000922494,6.62905e-05,2
904,Ux,0.000503212,3.25801e-05,2
904,Uy,0.00292549,0.000196421,2
904,p,0.00102962,1.00944e-05,5
904,omega,0.00020421,1.0799e-05,2
904,k,0.000921188,6.61919e-05,2
905,Ux,0.000502394,3.25265e-05,2
905,Uy,0.00292065,0.000196106,2
905,p,0.00102588,1.00593e-05,5
905,omega,0.000203827,1.07776e-05,2
905,k,0.000919873,6.60907e-05,2
906,Ux,0.000501569,3.24727e-05,2
906,Uy,0.00291578,0.000195794,2
906,p,0.00102252,1.00273e-05,5
906,omega,0.000203441,1.07564e-05,2
906,k,0.000918558,6.59912e-05,2
907,Ux,0.000500744,3.24184e-05,2
907,Uy,0.0029109,0.00019548,2
907,p,0.00101902,1.00029e-05,5
907,omega,0.000203056,1.0735e-05,2
907,k,0.000917232,6.58895e-05,2
908,Ux,0.000499908,3.23642e-05,2
908,Uy,0.00290605,0.000195169,2
908,p,0.00101565,9.98945e-06,5
908,omega,0.000202668,1.07136e-05,2
908,k,0.000915908,6.57893e-05,2
909,Ux,0.000499071,3.23092e-05,2
909,Uy,0.00290117,0.000194854,2
909,p,0.00101251,9.98841e-06,5
909,omega,0.000202282,1.06922e-05,2
909,k,0.000914571,6.56868e-05,2
910,Ux,0.000498225,3.22542e-05,2
910,Uy,0.00289634,0.000194545,2
910,p,0.00100873,1.0004e-05,5
910,omega,0.00020189,1.06708e-05,2
910,k,0.000913241,6.55861e-05,2
911,Ux,0.000497376,3.21989e-05,2
911,Uy,0.00289144,0.00019423,2
911,p,0.00100616,1.00305e-05,5
911,omega,0.000201502,1.06493e-05,2
911,k,0.000911892,6.5483e-05,2
912,Ux,0.00049652,3.2143e-05,2
912,Uy,0.00288663,0.000193923,2
912,p,0.00100232,4.89736e-06,6
912,omega,0.000201108,1.06278e-05,2
912,k,0.000910552,6.53815e-05,2
913,Ux,0.000495655,3.20868e-05,2
913,Uy,0.00288183,0.000193615,2
913,p,0.00099879,4.89907e-06,6
913,omega,0.000200721,1.06063e-05,2
913,k,0.000909192,6.52778e-05,2
914,Ux,0.000494787,3.20301e-05,2
914,Uy,0.0028771,0.000193313,2
914,p,0.000994814,4.86749e-06,6
914,omega,0.000200326,1.05846e-05,2
914,k,0.000907845,6.51757e-05,2
915,Ux,0.000493915,3.19737e-05,2
915,Uy,0.00287222,0.000193002,2
915,p,0.000991294,4.87149e-06,6
915,omega,0.000199937,1.0563e-05,2
915,k,0.000906474,6.50715e-05,2
916,Ux,0.000493041,3.19169e-05,2
916,Uy,0.00286745,0.000192696,2
916,p,0.000988175,4.85328e-06,6
916,omega,0.000199541,1.05414e-05,2
916,k,0.000905118,6.49686e-05,2
917,Ux,0.000492161,3.18601e-05,2
917,Uy,0.00286256,0.000192386,2
917,p,0.000984251,4.86269e-06,6
917,omega,0.000199147,1.05197e-05,2
917,k,0.000903739,6.48641e-05,2
918,Ux,0.00049128,3.18027e-05,2
918,Uy,0.00285779,0.000192079,2
918,p,0.000981519,4.89522e-06,6
918,omega,0.000198751,1.04981e-05,2
918,k,0.000902373,6.47605e-05,2
919,Ux,0.000490389,3.17453e-05,2
919,Uy,0.00285294,0.000191773,2
919,p,0.000977881,4.94285e-06,6
919,omega,0.000198354,1.04762e-05,2
919,k,0.000900984,6.46555e-05,2
920,Ux,0.000489496,3.16873e-05,2
920,Uy,0.00284817,0.000191466,2
920,p,0.000974645,4.98279e-06,6
920,omega,0.000197957,1.04546e-05,2
920,k,0.000899605,6.45512e-05,2
921,Ux,0.000488596,3.16291e-05,2
921,Uy,0.00284338,0.000191164,2
921,p,0.000971775,5.00848e-06,6
921,omega,0.000197557,1.04327e-05,2
921,k,0.000898212,6.44459e-05,2
922,Ux,0.000487689,3.15705e-05,2
922,Uy,0.00283861,0.000190859,2
922,p,0.000968531,5.0149e-06,6
922,omega,0.00019716,1.0411e-05,2
922,k,0.000896823,6.4341e-05,2
923,Ux,0.00048678,3.15116e-05,2
923,Uy,0.00283388,0.000190558,2
923,p,0.000965341,5.00336e-06,6
923,omega,0.000196758,1.03891e-05,2
923,k,0.000895415,6.42349e-05,2
924,Ux,0.000485865,3.14525e-05,2
924,Uy,0.00282911,0.000190254,2
924,p,0.000962514,4.97939e-06,6
924,omega,0.000196362,1.03673e-05,2
924,k,0.000894019,6.41294e-05,2
925,Ux,0.000484946,3.13933e-05,2
925,Uy,0.00282441,0.000189955,2
925,p,0.000959347,4.94603e-06,6
925,omega,0.00019596,1.03453e-05,2
925,k,0.000892604,6.4023e-05,2
926,Ux,0.000484024,3.13335e-05,2
926,Uy,0.00281963,0.000189652,2
926,p,0.000956468,4.60073e-06,6
926,omega,0.00019556,1.03235e-05,2
926,k,0.000891196,6.39166e-05,2
927,Ux,0.000483095,3.12738e-05,2
927,Uy,0.00281495,0.000189354,2
927,p,0.000953111,4.58564e-06,6
927,omega,0.000195158,1.03014e-05,2
927,k,0.000889772,6.38096e-05,2
928,Ux,0.000482163,3.12137e-05,2
928,Uy,0.00281016,0.000189052,2
928,p,0.000950365,4.56361e-06,6
928,omega,0.000194757,1.02796e-05,2
928,k,0.000888354,6.3703e-05,2
929,Ux,0.000481228,3.11533e-05,2
929,Uy,0.00280552,0.000188754,2
929,p,0.000947149,4.56257e-06,6
929,omega,0.000194354,1.02574e-05,2
929,k,0.000886919,6.35952e-05,2
930,Ux,0.000480286,3.10926e-05,2
930,Uy,0.00280079,0.000188456,2
930,p,0.000944213,4.57054e-06,6
930,omega,0.000193952,1.02355e-05,2
930,k,0.000885492,6.34878e-05,2
931,Ux,0.00047934,3.10317e-05,2
931,Uy,0.00279614,0.000188158,2
931,p,0.000941746,4.58489e-06,6
931,omega,0.000193549,1.02133e-05,2
931,k,0.000884049,6.33794e-05,2
932,Ux,0.000478391,3.09704e-05,2
932,Uy,0.00279144,0.000187863,2
932,p,0.000938197,4.60404e-06,6
932,omega,0.000193144,1.01913e-05,2
932,k,0.000882616,6.32715e-05,2
933,Ux,0.000477434,3.0909e-05,2
933,Uy,0.00278678,0.000187565,2
933,p,0.000935788,4.62465e-06,6
933,omega,0.000192741,1.01691e-05,2
933,k,0.000881162,6.31627e-05,2
934,Ux,0.000476475,3.08472e-05,2
934,Uy,0.00278212,0.000187271,2
934,p,0.000932667,4.64556e-06,6
934,omega,0.000192334,1.0147e-05,2
934,k,0.000879722,6.30541e-05,2
935,Ux,0.00047551,3.07852e-05,2
935,Uy,0.00277742,0.000186973,2
935,p,0.000930064,4.66493e-06,6
935,omega,0.000191932,1.01248e-05,2
935,k,0.000878258,6.29448e-05,2
936,Ux,0.000474541,3.0723e-05,2
936,Uy,0.00277282,0.00018668,2
936,p,0.000927198,4.68155e-06,6
936,omega,0.000191523,1.01026e-05,2
936,k,0.000876809,6.28357e-05,2
937,Ux,0.000473568,3.06605e-05,2
937,Uy,0.00276811,0.000186385,2
937,p,0.000924693,4.6758e-06,6
937,omega,0.000191118,1.00804e-05,2
937,k,0.000875338,6.27259e-05,2
938,Ux,0.000472592,3.05978e-05,2
938,Uy,0.00276354,0.00018609,2
938,p,0.000921754,4.67876e-06,6
938,omega,0.000190711,1.00582e-05,2
938,k,0.000873877,6.2616e-05,2
939,Ux,0.00047161,3.05349e-05,2
939,Uy,0.00275886,0.000185797,2
939,p,0.000919139,4.67774e-06,6
939,omega,0.000190303,1.00359e-05,2
939,k,0.000872399,6.25058e-05,2
940,Ux,0.000470625,3.04718e-05,2
940,Uy,0.00275426,0.000185503,2
940,p,0.000916625,4.67102e-06,6
940,omega,0.000189897,1.00137e-05,2
940,k,0.000870932,6.23954e-05,2
941,Ux,0.000469638,3.04084e-05,2
941,Uy,0.00274961,0.00018521,2
941,p,0.000913539,4.51152e-06,6
941,omega,0.000189486,9.99124e-06,2
941,k,0.000869446,6.22848e-05,2
942,Ux,0.000468643,3.03449e-05,2
942,Uy,0.00274499,0.000184917,2
942,p,0.000911453,4.46773e-06,6
942,omega,0.000189079,9.96904e-06,2
942,k,0.000867969,6.21739e-05,2
943,Ux,0.000467648,3.0281e-05,2
943,Uy,0.00274038,0.000184625,2
943,p,0.000908511,4.42809e-06,6
943,omega,0.000188666,9.94657e-06,2
943,k,0.000866479,6.2063e-05,2
944,Ux,0.000466648,3.02169e-05,2
944,Uy,0.00273575,0.000184333,2
944,p,0.000906137,4.39124e-06,6
944,omega,0.000188258,9.92431e-06,2
944,k,0.000864992,6.19516e-05,2
945,Ux,0.000465642,3.01529e-05,2
945,Uy,0.00273118,0.000184042,2
945,p,0.000903576,4.35491e-06,6
945,omega,0.000187844,9.90182e-06,2
945,k,0.000863494,6.18402e-05,2
946,Ux,0.000464635,3.00882e-05,2
946,Uy,0.00272654,0.00018375,2
946,p,0.000901203,4.31553e-06,6
946,omega,0.000187435,9.87948e-06,2
946,k,0.000861999,6.17284e-05,2
947,Ux,0.000463621,3.00235e-05,2
947,Uy,0.00272199,0.000183459,2
947,p,0.000898704,4.27664e-06,6
947,omega,0.00018702,9.85693e-06,2
947,k,0.000860497,6.16166e-05,2
948,Ux,0.000462607,2.99587e-05,2
948,Uy,0.00271736,0.000183169,2
948,p,0.000895891,4.24079e-06,6
948,omega,0.000186607,9.8345e-06,2
948,k,0.000858991,6.15043e-05,2
949,Ux,0.000461588,2.98933e-05,2
949,Uy,0.00271281,0.000182878,2
949,p,0.000893966,4.20311e-06,6
949,omega,0.000186193,9.81196e-06,2
949,k,0.000857481,6.13921e-05,2
950,Ux,0.000460565,2.9828e-05,2
950,Uy,0.00270819,0.000182589,2
950,p,0.00089095,4.16298e-06,6
950,omega,0.000185777,9.78946e-06,2
950,k,0.000855968,6.12795e-05,2
951,Ux,0.000459539,2.97625e-05,2
951,Uy,0.00270362,0.000182298,2
951,p,0.000888967,4.12018e-06,6
951,omega,0.000185362,9.76688e-06,2
951,k,0.000854449,6.11667e-05,2
952,Ux,0.00045851,2.96966e-05,2
952,Uy,0.00269904,0.000182009,2
952,p,0.000886479,4.07535e-06,6
952,omega,0.000184944,9.74436e-06,2
952,k,0.000852925,6.10537e-05,2
953,Ux,0.000457476,2.96307e-05,2
953,Uy,0.00269441,0.000181719,2
953,p,0.000883851,4.0302e-06,6
953,omega,0.000184529,9.72176e-06,2
953,k,0.000851402,6.09404e-05,2
954,Ux,0.000456439,2.95644e-05,2
954,Uy,0.00268987,0.000181428,2
954,p,0.000882308,3.98435e-06,6
954,omega,0.00018411,9.69918e-06,2
954,k,0.000849867,6.08269e-05,2
955,Ux,0.000455397,2.9498e-05,2
955,Uy,0.00268524,0.000181138,2
955,p,0.00087932,3.93881e-06,6
955,omega,0.000183694,9.67656e-06,2
955,k,0.000848338,6.07129e-05,2
956,Ux,0.000454354,2.94313e-05,2
956,Uy,0.0026807,0.000180848,2
956,p,0.00087742,3.89654e-06,6
956,omega,0.000183275,9.65404e-06,2
956,k,0.000846797,6.05991e-05,2
957,Ux,0.000453304,2.93645e-05,2
957,Uy,0.00267609,0.000180559,2
957,p,0.000875152,3.86028e-06,6
957,omega,0.000182856,9.63133e-06,2
957,k,0.00084526,6.04845e-05,2
958,Ux,0.000452253,2.92973e-05,2
958,Uy,0.00267152,0.000180269,2
958,p,0.00087292,3.83634e-06,6
958,omega,0.000182438,9.60873e-06,2
958,k,0.000843711,6.03704e-05,2
959,Ux,0.000451199,2.92301e-05,2
959,Uy,0.00266694,0.000179978,2
959,p,0.000870765,3.8095e-06,6
959,omega,0.000182017,9.58608e-06,2
959,k,0.000842166,6.02552e-05,2
960,Ux,0.000450141,2.91627e-05,2
960,Uy,0.00266233,0.000179689,2
960,p,0.000868847,3.7907e-06,6
960,omega,0.000181597,9.56339e-06,2
960,k,0.000840611,6.01405e-05,2
961,Ux,0.000449079,2.9095e-05,2
961,Uy,0.00265777,0.000179399,2
961,p,0.00086649,3.77422e-06,6
961,omega,0.000181175,9.54069e-06,2
961,k,0.000839059,6.00249e-05,2
962,Ux,0.000448014,2.90272e-05,2
962,Uy,0.00265317,0.000179109,2
962,p,0.000864535,3.75903e-06,6
962,omega,0.000180756,9.51796e-06,2
962,k,0.000837497,5.99098e-05,2
963,Ux,0.000446945,2.89593e-05,2
963,Uy,0.0026486,0.00017882,2
963,p,0.000862409,3.74419e-06,6
963,omega,0.000180333,9.49524e-06,2
963,k,0.000835935,5.97937e-05,2
964,Ux,0.000445874,2.88909e-05,2
964,Uy,0.002644,0.00017853,2
964,p,0.000860018,3.72927e-06,6
964,omega,0.000179912,9.47242e-06,2
964,k,0.00083437,5.96783e-05,2
965,Ux,0.000444799,2.88226e-05,2
965,Uy,0.00263943,0.000178239,2
965,p,0.000858439,3.71228e-06,6
965,omega,0.000179488,9.44965e-06,2
965,k,0.000832798,5.95616e-05,2
966,Ux,0.000443719,2.8754e-05,2
966,Uy,0.00263482,0.000177949,2
966,p,0.000855813,3.69255e-06,6
966,omega,0.000179065,9.42686e-06,2
966,k,0.000831228,5.94459e-05,2
967,Ux,0.000442639,2.86851e-05,2
967,Uy,0.00263022,0.000177658,2
967,p,0.000854278,3.67001e-06,6
967,omega,0.00017864,9.40399e-06,2
967,k,0.000829651,5.9329e-05,2
968,Ux,0.000441553,2.86162e-05,2
968,Uy,0.00262562,0.000177368,2
968,p,0.000851911,3.64427e-06,6
968,omega,0.000178215,9.38118e-06,2
968,k,0.000828075,5.92129e-05,2
969,Ux,0.000440464,2.85469e-05,2
969,Uy,0.002621,0.000177077,2
969,p,0.000850172,3.6176e-06,6
969,omega,0.000177792,9.35827e-06,2
969,k,0.00082649,5.90957e-05,2
970,Ux,0.000439374,2.84777e-05,2
970,Uy,0.00261642,0.000176784,2
970,p,0.000848156,3.59134e-06,6
970,omega,0.000177366,9.33548e-06,2
970,k,0.000824905,5.89792e-05,2
971,Ux,0.000438279,2.8408e-05,2
971,Uy,0.00261177,0.000176494,2
971,p,0.000846215,3.56678e-06,6
971,omega,0.000176942,9.31248e-06,2
971,k,0.000823319,5.88619e-05,2
972,Ux,0.000437184,2.83383e-05,2
972,Uy,0.00260718,0.000176201,2
972,p,0.000844306,3.54495e-06,6
972,omega,0.000176515,9.28966e-06,2
972,k,0.000821724,5.87448e-05,2
973,Ux,0.000436082,2.82684e-05,2
973,Uy,0.00260254,0.00017591,2
973,p,0.000842057,3.52607e-06,6
973,omega,0.000176089,9.26668e-06,2
973,k,0.000820134,5.86272e-05,2
974,Ux,0.00043498,2.81982e-05,2
974,Uy,0.0025979,0.000175618,2
974,p,0.000840622,3.50913e-06,6
974,omega,0.000175661,9.24373e-06,2
974,k,0.000818533,5.85097e-05,2
975,Ux,0.000433875,2.81279e-05,2
975,Uy,0.00259329,0.000175324,2
975,p,0.000838133,3.49436e-06,6
975,omega,0.000175234,9.22081e-06,2
975,k,0.000816936,5.83922e-05,2
976,Ux,0.000432763,2.80573e-05,2
976,Uy,0.00258863,0.000175032,2
976,p,0.000836592,3.48089e-06,6
976,omega,0.000174806,9.19779e-06,2
976,k,0.000815328,5.82737e-05,2
977,Ux,0.000431652,2.79866e-05,2
977,Uy,0.00258402,0.000174738,2
977,p,0.000834559,3.46695e-06,6
977,omega,0.000174377,9.17484e-06,2
977,k,0.000813729,5.81564e-05,2
978,Ux,0.000430534,2.79157e-05,2
978,Uy,0.00257936,0.000174445,2
978,p,0.000832399,3.452e-06,6
978,omega,0.000173949,9.15176e-06,2
978,k,0.000812111,5.80371e-05,2
979,Ux,0.000429416,2.78445e-05,2
979,Uy,0.0025747,0.000174152,2
979,p,0.000831162,3.43494e-06,6
979,omega,0.000173517,9.12877e-06,2
979,k,0.000810509,5.79194e-05,2
980,Ux,0.000428291,2.77732e-05,2
980,Uy,0.00257005,0.000173857,2
980,p,0.000828888,3.4163e-06,6
980,omega,0.000173088,9.10573e-06,2
980,k,0.000808881,5.77998e-05,2
981,Ux,0.000427166,2.77017e-05,2
981,Uy,0.00256538,0.000173563,2
981,p,0.000827443,3.39643e-06,6
981,omega,0.000172655,9.08261e-06,2
981,k,0.000807274,5.76816e-05,2
982,Ux,0.000426037,2.76301e-05,2
982,Uy,0.00256071,0.000173268,2
982,p,0.000825413,3.37509e-06,6
982,omega,0.000172224,9.05959e-06,2
982,k,0.000805639,5.75616e-05,2
983,Ux,0.000424904,2.75581e-05,2
983,Uy,0.00255604,0.000172972,2
983,p,0.000823687,3.35166e-06,6
983,omega,0.000171792,9.03641e-06,2
983,k,0.000804025,5.74431e-05,2
984,Ux,0.000423768,2.74862e-05,2
984,Uy,0.00255136,0.000172677,2
984,p,0.000821995,3.32856e-06,6
984,omega,0.000171356,9.01334e-06,2
984,k,0.000802384,5.73226e-05,2
985,Ux,0.000422629,2.74138e-05,2
985,Uy,0.00254666,0.000172381,2
985,p,0.000820236,3.30532e-06,6
985,omega,0.000170927,8.9902e-06,2
985,k,0.000800764,5.72035e-05,2
986,Ux,0.000421488,2.73414e-05,2
986,Uy,0.00254196,0.000172082,2
986,p,0.000818308,3.28218e-06,6
986,omega,0.00017049,8.96704e-06,2
986,k,0.000799117,5.70829e-05,2
987,Ux,0.000420341,2.72689e-05,2
987,Uy,0.00253724,0.000171786,2
987,p,0.000816976,3.25976e-06,6
987,omega,0.000170057,8.94392e-06,2
987,k,0.000797487,5.69631e-05,2
988,Ux,0.000419196,2.71961e-05,2
988,Uy,0.00253253,0.000171488,2
988,p,0.000814612,3.23707e-06,6
988,omega,0.000169622,8.92072e-06,2
988,k,0.000795839,5.68423e-05,2
989,Ux,0.000418042,2.7123e-05,2
989,Uy,0.00252783,0.00017119,2
989,p,0.000813403,3.21595e-06,6
989,omega,0.000169186,8.89757e-06,2
989,k,0.000794199,5.67219e-05,2
990,Ux,0.000416887,2.70499e-05,2
990,Uy,0.0025231,0.000170894,2
990,p,0.000811508,3.19623e-06,6
990,omega,0.000168753,8.8744e-06,2
990,k,0.000792554,5.66012e-05,2
991,Ux,0.00041573,2.69765e-05,2
991,Uy,0.0025184,0.000170595,2
991,p,0.000810184,3.17743e-06,6
991,omega,0.000168314,8.85122e-06,2
991,k,0.000790902,5.64803e-05,2
992,Ux,0.000414567,2.69028e-05,2
992,Uy,0.00251367,0.000170297,2
992,p,0.000808567,3.15826e-06,6
992,omega,0.00016788,8.82801e-06,2
992,k,0.000789255,5.63596e-05,2
993,Ux,0.000413403,2.6829e-05,2
993,Uy,0.00250892,0.000169998,2
993,p,0.000806899,3.13782e-06,6
993,omega,0.000167441,8.80483e-06,2
993,k,0.000787598,5.62385e-05,2
994,Ux,0.000412237,2.67551e-05,2
994,Uy,0.00250419,0.000169697,2
994,p,0.000805285,3.11614e-06,6
994,omega,0.000167003,8.78159e-06,2
994,k,0.000785943,5.61177e-05,2
995,Ux,0.000411066,2.66809e-05,2
995,Uy,0.00249941,0.000169398,2
995,p,0.00080344,3.09411e-06,6
995,omega,0.000166565,8.75839e-06,2
995,k,0.000784278,5.59956e-05,2
996,Ux,0.000409893,2.66066e-05,2
996,Uy,0.00249466,0.000169096,2
996,p,0.000802117,3.07416e-06,6
996,omega,0.000166124,8.73515e-06,2
996,k,0.000782618,5.58744e-05,2
997,Ux,0.000408714,2.6532e-05,2
997,Uy,0.0024899,0.000168795,2
997,p,0.000800304,3.05653e-06,6
997,omega,0.000165687,8.71185e-06,2
997,k,0.00078094,5.5752e-05,2
998,Ux,0.000407533,2.64572e-05,2
998,Uy,0.00248511,0.000168494,2
998,p,0.000799541,7.98746e-06,5
998,omega,0.000165245,8.68864e-06,2
998,k,0.000779272,5.563e-05,2
999,Ux,0.000406355,2.63825e-05,2
999,Uy,0.00248026,0.000168186,2
999,p,0.000797414,7.81854e-06,5
999,omega,0.000164805,8.66531e-06,2
999,k,0.000777589,5.55073e-05,2
1000,Ux,0.000405169,2.63074e-05,2
1000,Uy,0.00247541,0.000167882,2
1000,p,0.000796042,7.7212e-06,5
1000,omega,0.000164365,8.64207e-06,2
1000,k,0.000775913,5.5385e-05,2
