variant,label,cell_count,iteration,p_upstream_kinematic,p_outlet_kinematic,p_step_kinematic,static_pressure_delta_pa,total_pressure_drop_pa,p_step_abs_pa
coarse_050,Coarse 0.50x,1050,1,20145.1,-909.152,35014.1,25791.4587,27334.18055,144217.2725
coarse_050,Coarse 0.50x,1050,2,343314,-1131.12,472331,421945.272,425767.0593,679930.475
coarse_050,Coarse 0.50x,1050,3,682149,-954.869,468540,836802.2395,842241.5058,675286.5
coarse_050,Coarse 0.50x,1050,4,799654,-569.792,281352,980274.1452,986550.5603,445981.2
coarse_050,Coarse 0.50x,1050,5,654036,-129.307,113391,801352.5011,807846.1009,240228.975
coarse_050,Coarse 0.50x,1050,6,336179,233.936,-121215,411532.7034,417748.4102,-47163.375
coarse_050,Coarse 0.50x,1050,7,-26253.5,439.33,-371319,-32698.71675,-27085.20266,-353540.775
coarse_050,Coarse 0.50x,1050,8,-307274,474.206,-543833,-376991.5524,-372098.5857,-564870.425
coarse_050,Coarse 0.50x,1050,9,-503782,366.213,-578386,-617581.5609,-613294.8804,-607197.85
coarse_050,Coarse 0.50x,1050,10,-597410,196.297,-513384,-732067.7138,-728148.427,-527570.4
coarse_050,Coarse 0.50x,1050,11,-561945,8.33806,-367959,-688392.8391,-684538.169,-349424.775
coarse_050,Coarse 0.50x,1050,12,-401344,-133.069,-206947,-491483.3905,-487444.2142,-152185.075
coarse_050,Coarse 0.50x,1050,13,-228826,-202.074,-82295.5,-280064.3094,-275686.6981,513.0125
coarse_050,Coarse 0.50x,1050,14,-72996.5,-200.422,12873.6,-89175.19555,-84445.58654,117095.16
coarse_050,Coarse 0.50x,1050,15,39550.2,-144.924,71539.2,48626.5269,53608.90515,188960.52
coarse_050,Coarse 0.50x,1050,16,103802,-58.4384,87980.6,127229.037,132307.8331,209101.235
coarse_050,Coarse 0.50x,1050,17,120872,14.2552,69092.1,148050.7374,153103.6605,185962.8225
coarse_050,Coarse 0.50x,1050,18,107063,67.8274,36106.6,131069.0864,135978.1747,145555.585
coarse_050,Coarse 0.50x,1050,19,75937.6,90.2629,-4598.39,92912.98795,97636.78729,95691.97225
coarse_050,Coarse 0.50x,1050,20,45742.1,83.2281,-34934.5,55932.11808,60452.42795,58530.2375
coarse_050,Coarse 0.50x,1050,21,17053.9,56.533,-65234.7,20821.77458,25147.1698,21412.4925
coarse_050,Coarse 0.50x,1050,22,4530.18,17.8737,-76478.8,5527.575218,9663.64479,7638.47
coarse_050,Coarse 0.50x,1050,23,-741.43,-19.7849,-80315.9,-884.0152475,3067.491924,2938.0225
coarse_050,Coarse 0.50x,1050,24,1623.92,-55.0435,-72404.4,2056.730288,5825.750886,12629.61
coarse_050,Coarse 0.50x,1050,25,9752.91,-95.2646,-58472.9,12064.01389,15680.31771,29695.6975
coarse_050,Coarse 0.50x,1050,26,18322.3,-114.64,-42784.1,22585.2515,26035.06392,48914.4775
coarse_050,Coarse 0.50x,1050,27,26899.4,-125.475,-27336.6,33105.47188,36393.78677,67837.665
coarse_050,Coarse 0.50x,1050,28,30571.7,-125.744,-15976.9,37604.3689,40719.10446,81753.2975
coarse_050,Coarse 0.50x,1050,29,27887.3,-121.407,-9998.88,34310.66608,37256.6032,89076.372
coarse_050,Coarse 0.50x,1050,30,19820.8,-112.502,-8627.9,24418.29495,27193.46421,90755.8225
coarse_050,Coarse 0.50x,1050,31,9118.18,-102.021,-10371.7,11294.74623,13908.23526,88619.6675
coarse_050,Coarse 0.50x,1050,32,-1246.01,-91.0725,-13178.2,-1414.798438,1045.739542,85181.705
coarse_050,Coarse 0.50x,1050,33,-9131.42,-82.2221,-16037,-11085.26743,-8761.716742,81679.675
coarse_050,Coarse 0.50x,1050,34,-13688.1,-78.5632,-18379.5,-16671.68258,-14452.77383,78810.1125
coarse_050,Coarse 0.50x,1050,35,-15014,-80.5326,-19661.2,-18293.49757,-16132.75006,77240.03
coarse_050,Coarse 0.50x,1050,36,-14389,-87.3545,-19556.7,-17519.51574,-15377.03073,77368.0425
coarse_050,Coarse 0.50x,1050,37,-13010.2,-96.1751,-18446.4,-15819.6805,-13655.11005,78728.16
coarse_050,Coarse 0.50x,1050,38,-11049.3,-105.857,-16060.7,-13405.71767,-11179.08503,81650.6425
coarse_050,Coarse 0.50x,1050,39,-9027.48,-114.458,-13059.6,-10918.45195,-8592.863449,85326.99
coarse_050,Coarse 0.50x,1050,40,-7229.53,-120.496,-10130.3,-8708.56665,-6254.29684,88915.3825
coarse_050,Coarse 0.50x,1050,41,-5801.57,-123.155,-7801.72,-6956.058375,-4349.775291,91767.893
coarse_050,Coarse 0.50x,1050,42,-4810.03,-122.478,-6198.14,-5742.2512,-2961.565656,93732.2785
coarse_050,Coarse 0.50x,1050,43,-4228.15,-117.839,-5198.92,-5035.130975,-2060.177423,94956.323
coarse_050,Coarse 0.50x,1050,44,-3987.27,-109.285,-4617.7,-4750.531625,-1564.370369,95668.3175
coarse_050,Coarse 0.50x,1050,45,-3849.94,-96.1532,-4099.76,-4598.38883,-1188.582269,96302.794
coarse_050,Coarse 0.50x,1050,46,-3685.23,-78.0861,-3493.65,-4418.751278,-779.4365651,97045.27875
coarse_050,Coarse 0.50x,1050,47,-3504.37,-56.9175,-2840.81,-4223.129313,-358.1168015,97845.00775
coarse_050,Coarse 0.50x,1050,48,-3403.02,-35.3924,-2279.1,-4125.34381,-52.60000148,98533.1025
coarse_050,Coarse 0.50x,1050,49,-3473.93,-16.1171,-1972.22,-4235.820803,14.66194679,98909.0305
coarse_050,Coarse 0.50x,1050,50,-3721.81,-1.17805,-1981.16,-4557.774139,-164.6743404,98898.079
coarse_050,Coarse 0.50x,1050,51,-4028.5,10.2337,-2210.86,-4947.448783,-449.4950535,98616.6965
coarse_050,Coarse 0.50x,1050,52,-4305.58,17.2814,-2550.95,-5295.505215,-731.9080065,98200.08625
coarse_050,Coarse 0.50x,1050,53,-4485.62,20.6729,-2890.36,-5520.208802,-930.0085368,97784.309
coarse_050,Coarse 0.50x,1050,54,-4587.57,20.2728,-3207.95,-5644.60743,-1062.860564,97395.26125
coarse_050,Coarse 0.50x,1050,55,-4567.77,17.2591,-3422.07,-5616.660648,-1073.690974,97132.96425
coarse_050,Coarse 0.50x,1050,56,-4374.96,12.9758,-3478.71,-5375.221355,-894.1612352,97063.58025
coarse_050,Coarse 0.50x,1050,57,-4084.5,8.30913,-3463.01,-5013.691184,-610.2601341,97082.81275
coarse_050,Coarse 0.50x,1050,58,-3771.32,4.16841,-3442.63,-4624.973302,-308.0470924,97107.77825
coarse_050,Coarse 0.50x,1050,59,-3476.51,0.765433,-3404.87,-4259.662405,-32.25154114,97154.03425
coarse_050,Coarse 0.50x,1050,60,-3323.11,-1.53039,-3528.46,-4068.935022,71.33701663,97002.6365
coarse_050,Coarse 0.50x,1050,61,-3208.7,-2.8101,-3603.47,-3927.215128,134.2294627,96910.74925
coarse_050,Coarse 0.50x,1050,62,-3132.56,-3.07909,-3628.65,-3833.614115,163.1610319,96879.90375
coarse_050,Coarse 0.50x,1050,63,-3090.67,-2.56478,-3587.55,-3782.928895,168.933913,96930.25125
coarse_050,Coarse 0.50x,1050,64,-3087.85,-1.64058,-3517.55,-3780.60654,149.5782012,97016.00125
coarse_050,Coarse 0.50x,1050,65,-3085.38,-0.85808,-3429.06,-3778.539352,153.785845,97124.4015
coarse_050,Coarse 0.50x,1050,66,-3089.1,-0.805854,-3360.13,-3783.160329,171.8659527,97208.84075
coarse_050,Coarse 0.50x,1050,67,-3065.59,-1.73331,-3278.61,-3753.224445,237.8305477,97308.70275
coarse_050,Coarse 0.50x,1050,68,-3006.62,-3.9217,-3168.95,-3678.305418,354.6899979,97443.03625
coarse_050,Coarse 0.50x,1050,69,-2953.32,-7.53389,-3085.96,-3608.587985,466.1258462,97544.699
coarse_050,Coarse 0.50x,1050,70,-2889.11,-12.1746,-3000.51,-3524.245865,588.9801385,97649.37525
coarse_050,Coarse 0.50x,1050,71,-2842.98,-17.2016,-2945.5,-3461.57854,687.2970983,97716.7625
coarse_050,Coarse 0.50x,1050,72,-2791.44,-21.6394,-2887.01,-3393.005735,790.6485653,97788.41275
coarse_050,Coarse 0.50x,1050,73,-2738.46,-24.4419,-2834.17,-3324.672173,896.4410409,97853.14175
coarse_050,Coarse 0.50x,1050,74,-2688.94,-24.8104,-2795.01,-3263.55876,1001.199111,97901.11275
coarse_050,Coarse 0.50x,1050,75,-2653.36,-22.5135,-2783.54,-3222.786963,1094.828082,97915.1635
coarse_050,Coarse 0.50x,1050,76,-2635.53,-18.0647,-2801.08,-3206.394993,1173.911044,97893.677
coarse_050,Coarse 0.50x,1050,77,-2636.64,-12.4112,-2847.25,-3214.68028,1236.604817,97837.11875
coarse_050,Coarse 0.50x,1050,78,-2657.76,-6.83428,-2921.97,-3247.384007,1278.438648,97745.58675
coarse_050,Coarse 0.50x,1050,79,-2688.68,-2.24065,-3009.33,-3290.888204,1305.442037,97638.57075
coarse_050,Coarse 0.50x,1050,80,-2707.31,0.978951,-3075.73,-3317.653965,1337.835434,97557.23075
coarse_050,Coarse 0.50x,1050,81,-2708.42,2.93672,-3112.63,-3321.411982,1376.119142,97512.02825
coarse_050,Coarse 0.50x,1050,82,-2696.48,4.0611,-3121.55,-3308.162848,1409.689742,97501.10125
coarse_050,Coarse 0.50x,1050,83,-2668.93,4.90875,-3095.98,-3275.452469,1439.426208,97532.4245
coarse_050,Coarse 0.50x,1050,84,-2632.99,5.91687,-3047.68,-3232.660916,1456.671283,97591.592
coarse_050,Coarse 0.50x,1050,85,-2604.02,7.04875,-2996.96,-3198.559219,1446.819973,97653.724
coarse_050,Coarse 0.50x,1050,86,-2594.72,7.90439,-2961.74,-3188.214878,1401.013976,97696.8685
coarse_050,Coarse 0.50x,1050,87,-2610.57,8.28966,-2953.02,-3208.103084,1320.385637,97707.5505
coarse_050,Coarse 0.50x,1050,88,-2645.51,8.04925,-2965.18,-3250.610081,1219.15318,97692.6545
coarse_050,Coarse 0.50x,1050,89,-2685.58,7.02692,-2984.42,-3298.443477,1119.490522,97669.0855
coarse_050,Coarse 0.50x,1050,90,-2721.06,5.30535,-3001.53,-3339.797554,1034.879628,97648.12575
coarse_050,Coarse 0.50x,1050,91,-2747.97,3.08963,-3012.56,-3370.048047,970.5491103,97634.614
coarse_050,Coarse 0.50x,1050,92,-2767.26,0.490441,-3017.84,-3390.49429,925.8391563,97628.146
coarse_050,Coarse 0.50x,1050,93,-2773.83,-2.0678,-3012.83,-3395.408695,906.8761252,97634.28325
coarse_050,Coarse 0.50x,1050,94,-2764.84,-3.91362,-2994.62,-3382.134816,915.9332893,97656.5905
coarse_050,Coarse 0.50x,1050,95,-2743.49,-4.7556,-2966.24,-3354.94964,947.6752605,97691.356
coarse_050,Coarse 0.50x,1050,96,-2721.36,-4.81619,-2939.29,-3327.766167,986.8648598,97724.36975
coarse_050,Coarse 0.50x,1050,97,-2704.05,-4.29346,-2918.89,-3307.201762,1025.123706,97749.35975
coarse_050,Coarse 0.50x,1050,98,-2694.91,-3.31956,-2907.92,-3297.198289,1056.224962,97762.798
coarse_050,Coarse 0.50x,1050,99,-2693.85,-1.99822,-2905.89,-3297.518431,1077.540845,97765.28475
coarse_050,Coarse 0.50x,1050,100,-2698.07,-0.374,-2909.62,-3304.6776,1089.167654,97760.7155
coarse_050,Coarse 0.50x,1050,101,-2705.72,1.39485,-2916.91,-3316.215691,1090.133965,97751.78525
coarse_050,Coarse 0.50x,1050,102,-2715.37,3.07199,-2926.05,-3330.091438,1079.759134,97740.58875
coarse_050,Coarse 0.50x,1050,103,-2726.33,4.38201,-2936.07,-3345.122212,1057.764925,97728.31425
coarse_050,Coarse 0.50x,1050,104,-2738.14,5.10553,-2946.35,-3360.475774,1024.80247,97715.72125
coarse_050,Coarse 0.50x,1050,105,-2748.83,5.22391,-2955,-3373.71604,984.4122374,97705.125
coarse_050,Coarse 0.50x,1050,106,-2756.06,4.90333,-2960.03,-3382.180079,941.3941989,97698.96325
coarse_050,Coarse 0.50x,1050,107,-2759.15,4.33963,-2961.03,-3385.274797,899.1242973,97697.73825
coarse_050,Coarse 0.50x,1050,108,-2758.62,3.69716,-2958.59,-3383.838521,859.7400886,97700.72725
coarse_050,Coarse 0.50x,1050,109,-2755.68,3.08814,-2953.94,-3379.490971,824.3540322,97706.4235
coarse_050,Coarse 0.50x,1050,110,-2751.49,2.5964,-2948.23,-3373.75584,793.4180338,97713.41825
coarse_050,Coarse 0.50x,1050,111,-2747.41,2.24571,-2942.81,-3368.328245,766.3686255,97720.05775
coarse_050,Coarse 0.50x,1050,112,-2744.14,2.04958,-2938.33,-3364.082236,742.5999039,97725.54575
coarse_050,Coarse 0.50x,1050,113,-2742.52,1.95749,-2935.58,-3361.984925,720.7836463,97728.9145
coarse_050,Coarse 0.50x,1050,114,-2742.89,1.91742,-2934.85,-3362.38909,699.8729822,97729.80875
coarse_050,Coarse 0.50x,1050,115,-2744.7,1.89472,-2935.62,-3364.578532,679.8156556,97728.8655
coarse_050,Coarse 0.50x,1050,116,-2746.81,1.88937,-2936.78,-3367.156728,661.2752064,97727.4445
coarse_050,Coarse 0.50x,1050,117,-2748.27,1.92165,-2937.39,-3368.984771,644.8250959,97726.69725
coarse_050,Coarse 0.50x,1050,118,-2748.85,2.00581,-2937.22,-3369.798367,630.3447906,97726.9055
coarse_050,Coarse 0.50x,1050,119,-2748.64,2.14847,-2936.31,-3369.715876,617.4590832,97728.02025
coarse_050,Coarse 0.50x,1050,120,-2747.91,2.34321,-2934.94,-3369.060182,605.7500639,97729.6985
coarse_050,Coarse 0.50x,1050,121,-2746.85,2.57794,-2933.3,-3368.049227,594.9586217,97731.7075
coarse_050,Coarse 0.50x,1050,122,-2745.55,2.83183,-2931.47,-3366.767742,585.0568034,97733.94925
coarse_050,Coarse 0.50x,1050,123,-2744.09,3.07704,-2929.54,-3365.279624,576.0484988,97736.3135
coarse_050,Coarse 0.50x,1050,124,-2742.76,3.28124,-2927.8,-3363.900519,567.7735242,97738.445
coarse_050,Coarse 0.50x,1050,125,-2741.58,3.42206,-2926.24,-3362.627523,560.4125131,97740.356
coarse_050,Coarse 0.50x,1050,126,-2740.68,3.48153,-2925.03,-3361.597874,553.9952783,97741.83825
coarse_050,Coarse 0.50x,1050,127,-2740.09,3.45624,-2924.17,-3360.844144,548.6893157,97742.89175
coarse_050,Coarse 0.50x,1050,128,-2739.81,3.35114,-2923.67,-3360.372397,544.6227484,97743.50425
coarse_050,Coarse 0.50x,1050,129,-2739.77,3.17662,-2923.44,-3360.10961,541.9914903,97743.786
coarse_050,Coarse 0.50x,1050,130,-2739.92,2.94133,-2923.46,-3360.005129,540.9027044,97743.7615
coarse_050,Coarse 0.50x,1050,131,-2740.17,2.65687,-2923.59,-3359.962916,541.4753395,97743.60225
coarse_050,Coarse 0.50x,1050,132,-2740.43,2.3364,-2923.77,-3359.88884,543.7488215,97743.38175
coarse_050,Coarse 0.50x,1050,133,-2740.56,2.00297,-2923.82,-3359.639638,547.7451164,97743.3205
coarse_050,Coarse 0.50x,1050,134,-2740.51,1.67773,-2923.7,-3359.179969,553.2899034,97743.4675
coarse_050,Coarse 0.50x,1050,135,-2740.22,1.3822,-2923.35,-3358.462695,560.2094144,97743.89625
coarse_050,Coarse 0.50x,1050,136,-2739.8,1.12516,-2922.87,-3357.633321,568.104312,97744.48425
coarse_050,Coarse 0.50x,1050,137,-2739.27,0.91061,-2922.31,-3356.721247,576.6697142,97745.17025
coarse_050,Coarse 0.50x,1050,138,-2738.6,0.744751,-2921.6,-3355.69732,585.6707581,97746.04
coarse_050,Coarse 0.50x,1050,139,-2737.71,0.630533,-2920.69,-3354.467153,594.9821937,97747.15475
coarse_050,Coarse 0.50x,1050,140,-2736.74,0.55979,-2919.71,-3353.192243,604.2126018,97748.35525
coarse_050,Coarse 0.50x,1050,141,-2735.69,0.531446,-2918.66,-3351.871271,613.1886714,97749.6415
coarse_050,Coarse 0.50x,1050,142,-2734.67,0.534568,-2917.65,-3350.625596,621.680405,97750.87875
coarse_050,Coarse 0.50x,1050,143,-2733.75,0.56292,-2916.75,-3349.533327,629.5231824,97751.98125
coarse_050,Coarse 0.50x,1050,144,-2733.01,0.60884,-2916.02,-3348.683079,636.585677,97752.8755
coarse_050,Coarse 0.50x,1050,145,-2732.46,0.666219,-2915.49,-3348.079618,642.8640222,97753.52475
coarse_050,Coarse 0.50x,1050,146,-2732.08,0.731278,-2915.11,-3347.693816,648.3882014,97753.99025
coarse_050,Coarse 0.50x,1050,147,-2731.8,0.802785,-2914.82,-3347.438412,653.2897589,97754.3455
coarse_050,Coarse 0.50x,1050,148,-2731.55,0.880346,-2914.55,-3347.227174,657.6990715,97754.67625
coarse_050,Coarse 0.50x,1050,149,-2731.29,0.963841,-2914.25,-3347.010955,661.6984387,97755.04375
coarse_050,Coarse 0.50x,1050,150,-2730.96,1.05174,-2913.88,-3346.714381,665.4180124,97755.497
coarse_050,Coarse 0.50x,1050,151,-2730.55,1.14208,-2913.43,-3346.322798,668.9162547,97756.04825
coarse_050,Coarse 0.50x,1050,152,-2730.05,1.23307,-2912.88,-3345.821761,672.2621872,97756.722
coarse_050,Coarse 0.50x,1050,153,-2729.45,1.32593,-2912.24,-3345.200514,675.4993595,97757.506
coarse_050,Coarse 0.50x,1050,154,-2728.79,1.41984,-2911.55,-3344.507054,678.5908286,97758.35125
coarse_050,Coarse 0.50x,1050,155,-2728.09,1.51628,-2910.81,-3343.767693,681.5538472,97759.25775
coarse_050,Coarse 0.50x,1050,156,-2727.38,1.61286,-2910.07,-3343.016254,684.3655864,97760.16425
coarse_050,Coarse 0.50x,1050,157,-2726.7,1.70642,-2909.36,-3342.297864,686.9810595,97761.034
coarse_050,Coarse 0.50x,1050,158,-2726.06,1.79243,-2908.69,-3341.619227,689.4262202,97761.85475
coarse_050,Coarse 0.50x,1050,159,-2725.44,1.8658,-2908.05,-3340.949605,691.753597,97762.63875
coarse_050,Coarse 0.50x,1050,160,-2724.86,1.92137,-2907.44,-3340.307178,693.9451178,97763.386
coarse_050,Coarse 0.50x,1050,161,-2724.3,1.95475,-2906.85,-3339.662069,696.063261,97764.10875
coarse_050,Coarse 0.50x,1050,162,-2723.6,1.94546,-2906.11,-3338.793188,698.372532,97765.01525
coarse_050,Coarse 0.50x,1050,163,-2723.03,1.91219,-2905.5,-3338.054183,700.5084986,97765.7625
coarse_050,Coarse 0.50x,1050,164,-2722.56,1.8561,-2905.01,-3337.409723,702.5281862,97766.36275
coarse_050,Coarse 0.50x,1050,165,-2722.16,1.7813,-2904.59,-3336.828093,704.50664,97766.87725
coarse_050,Coarse 0.50x,1050,166,-2721.8,1.69441,-2904.22,-3336.280652,706.4508469,97767.3305
coarse_050,Coarse 0.50x,1050,167,-2721.67,1.60041,-2904.08,-3336.006252,708.1652448,97767.502
coarse_050,Coarse 0.50x,1050,168,-2721.49,1.49885,-2903.89,-3335.661341,709.9825372,97767.73475
coarse_050,Coarse 0.50x,1050,169,-2721.26,1.39609,-2903.65,-3335.25371,711.9057157,97768.02875
coarse_050,Coarse 0.50x,1050,170,-2721.01,1.29651,-2903.39,-3334.825475,713.8709775,97768.34725
coarse_050,Coarse 0.50x,1050,171,-2720.77,1.20437,-2903.14,-3334.418603,715.8363086,97768.6535
coarse_050,Coarse 0.50x,1050,172,-2720.54,1.12361,-2902.9,-3334.037922,717.7643942,97768.9475
coarse_050,Coarse 0.50x,1050,173,-2720.34,1.05574,-2902.7,-3333.709782,719.6396702,97769.1925
coarse_050,Coarse 0.50x,1050,174,-2720.18,0.999793,-2902.52,-3333.445246,721.4402324,97769.413
coarse_050,Coarse 0.50x,1050,175,-2720.07,0.953705,-2902.41,-3333.254039,723.1347228,97769.54775
coarse_050,Coarse 0.50x,1050,176,-2720.02,0.916802,-2902.36,-3333.147582,724.7225227,97769.609
coarse_050,Coarse 0.50x,1050,177,-2720.04,0.890164,-2902.37,-3333.139451,726.1792514,97769.59675
coarse_050,Coarse 0.50x,1050,178,-2720.08,0.875978,-2902.4,-3333.171073,727.5634885,97769.56
coarse_050,Coarse 0.50x,1050,179,-2720.1,0.876365,-2902.42,-3333.196047,728.8892404,97769.5355
coarse_050,Coarse 0.50x,1050,180,-2720.08,0.892739,-2902.39,-3333.191605,730.1901081,97769.57225
coarse_050,Coarse 0.50x,1050,181,-2720,0.925071,-2902.31,-3333.133212,731.4690565,97769.67025
coarse_050,Coarse 0.50x,1050,182,-2719.86,0.971206,-2902.16,-3333.018227,732.7179669,97769.854
coarse_050,Coarse 0.50x,1050,183,-2719.65,1.02456,-2901.95,-3332.826336,733.9679984,97770.11125
coarse_050,Coarse 0.50x,1050,184,-2719.42,1.0782,-2901.73,-3332.610295,735.1664359,97770.38075
coarse_050,Coarse 0.50x,1050,185,-2719.21,1.13103,-2901.52,-3332.417762,736.2656614,97770.638
coarse_050,Coarse 0.50x,1050,186,-2719.01,1.1838,-2901.32,-3332.237405,737.2986323,97770.883
coarse_050,Coarse 0.50x,1050,187,-2718.87,1.23578,-2901.18,-3332.12958,738.1294656,97771.0545
coarse_050,Coarse 0.50x,1050,188,-2718.74,1.28901,-2901.04,-3332.035537,738.9572622,97771.226
coarse_050,Coarse 0.50x,1050,189,-2718.63,1.34123,-2900.92,-3331.964757,739.6538357,97771.373
coarse_050,Coarse 0.50x,1050,190,-2718.53,1.39216,-2900.81,-3331.904646,740.3073518,97771.50775
coarse_050,Coarse 0.50x,1050,191,-2718.42,1.4415,-2900.7,-3331.830338,740.9211089,97771.6425
coarse_050,Coarse 0.50x,1050,192,-2718.29,1.4887,-2900.56,-3331.728907,741.529626,97771.814
coarse_050,Coarse 0.50x,1050,193,-2718.13,1.53257,-2900.39,-3331.586648,742.1466193,97772.02225
coarse_050,Coarse 0.50x,1050,194,-2717.94,1.57127,-2900.2,-3331.401306,742.7635588,97772.255
coarse_050,Coarse 0.50x,1050,195,-2717.74,1.60339,-2899.99,-3331.195653,743.3792543,97772.51225
coarse_050,Coarse 0.50x,1050,196,-2717.56,1.6278,-2899.81,-3331.005055,743.9475509,97772.73275
coarse_050,Coarse 0.50x,1050,197,-2717.4,1.64387,-2899.65,-3330.828741,744.4692186,97772.92875
coarse_050,Coarse 0.50x,1050,198,-2717.29,1.65147,-2899.54,-3330.703301,744.9292396,97773.0635
coarse_050,Coarse 0.50x,1050,199,-2717.22,1.65121,-2899.46,-3330.617232,745.3391106,97773.1615
coarse_050,Coarse 0.50x,1050,200,-2717.17,1.64417,-2899.41,-3330.547358,745.7112153,97773.22275
coarse_050,Coarse 0.50x,1050,201,-2717.14,1.63159,-2899.38,-3330.495198,746.0440304,97773.2595
coarse_050,Coarse 0.50x,1050,202,-2717.12,1.61456,-2899.36,-3330.449836,746.3700382,97773.284
coarse_050,Coarse 0.50x,1050,203,-2717.11,1.59394,-2899.34,-3330.412327,746.6666076,97773.3085
coarse_050,Coarse 0.50x,1050,204,-2717.09,1.57044,-2899.32,-3330.359039,746.9681524,97773.333
coarse_050,Coarse 0.50x,1050,205,-2717.07,1.54473,-2899.3,-3330.303044,747.2508132,97773.3575
coarse_050,Coarse 0.50x,1050,206,-2717.05,1.51756,-2899.28,-3330.245261,747.5352415,97773.382
coarse_050,Coarse 0.50x,1050,207,-2717.03,1.48975,-2899.25,-3330.186694,747.8096453,97773.41875
coarse_050,Coarse 0.50x,1050,208,-2717.01,1.46217,-2899.23,-3330.128408,748.0729592,97773.44325
coarse_050,Coarse 0.50x,1050,209,-2716.99,1.43564,-2899.21,-3330.071409,748.3349634,97773.46775
coarse_050,Coarse 0.50x,1050,210,-2716.97,1.4109,-2899.19,-3330.016602,748.5731833,97773.49225
coarse_050,Coarse 0.50x,1050,211,-2716.96,1.38861,-2899.18,-3329.977047,748.7961306,97773.5045
coarse_050,Coarse 0.50x,1050,212,-2716.95,1.36923,-2899.17,-3329.941057,749.0154927,97773.51675
coarse_050,Coarse 0.50x,1050,213,-2716.94,1.3532,-2899.16,-3329.90917,749.2199489,97773.529
coarse_050,Coarse 0.50x,1050,214,-2716.93,1.34082,-2899.14,-3329.881754,749.4091338,97773.5535
coarse_050,Coarse 0.50x,1050,215,-2716.91,1.33225,-2899.13,-3329.846756,749.6058869,97773.56575
coarse_050,Coarse 0.50x,1050,216,-2716.9,1.3275,-2899.11,-3329.828688,749.7749154,97773.59025
coarse_050,Coarse 0.50x,1050,217,-2716.88,1.32642,-2899.1,-3329.802865,749.9409053,97773.6025
coarse_050,Coarse 0.50x,1050,218,-2716.86,1.32873,-2899.08,-3329.781194,750.1027345,97773.627
coarse_050,Coarse 0.50x,1050,219,-2716.84,1.33397,-2899.05,-3329.763113,750.2609689,97773.66375
coarse_050,Coarse 0.50x,1050,220,-2716.81,1.34161,-2899.03,-3329.735722,750.4177271,97773.68825
coarse_050,Coarse 0.50x,1050,221,-2716.78,1.35112,-2899,-3329.710622,750.5614097,97773.725
coarse_050,Coarse 0.50x,1050,222,-2716.75,1.36202,-2898.97,-3329.687225,750.703389,97773.76175
coarse_050,Coarse 0.50x,1050,223,-2716.72,1.37391,-2898.93,-3329.66504,750.833374,97773.81075
coarse_050,Coarse 0.50x,1050,224,-2716.68,1.38636,-2898.9,-3329.631291,750.9749244,97773.8475
coarse_050,Coarse 0.50x,1050,225,-2716.65,1.3989,-2898.86,-3329.609903,751.0933349,97773.8965
coarse_050,Coarse 0.50x,1050,226,-2716.62,1.41105,-2898.83,-3329.588036,751.2122262,97773.93325
coarse_050,Coarse 0.50x,1050,227,-2716.59,1.42245,-2898.8,-3329.565251,751.321258,97773.97
coarse_050,Coarse 0.50x,1050,228,-2716.56,1.4328,-2898.77,-3329.54118,751.4315793,97774.00675
coarse_050,Coarse 0.50x,1050,229,-2716.54,1.44192,-2898.75,-3329.527852,751.5203794,97774.03125
coarse_050,Coarse 0.50x,1050,230,-2716.51,1.44971,-2898.73,-3329.500645,751.6122805,97774.05575
coarse_050,Coarse 0.50x,1050,231,-2716.5,1.45613,-2898.71,-3329.496259,751.6921449,97774.08025
coarse_050,Coarse 0.50x,1050,232,-2716.48,1.46117,-2898.69,-3329.477933,751.7751714,97774.10475
coarse_050,Coarse 0.50x,1050,233,-2716.46,1.46489,-2898.68,-3329.45799,751.8490361,97774.117
coarse_050,Coarse 0.50x,1050,234,-2716.45,1.46736,-2898.66,-3329.448766,751.9121847,97774.1415
coarse_050,Coarse 0.50x,1050,235,-2716.44,1.46865,-2898.65,-3329.438096,751.9767802,97774.15375
coarse_050,Coarse 0.50x,1050,236,-2716.43,1.46887,-2898.64,-3329.426116,752.0319072,97774.166
coarse_050,Coarse 0.50x,1050,237,-2716.42,1.46814,-2898.63,-3329.412972,752.0881985,97774.17825
coarse_050,Coarse 0.50x,1050,238,-2716.41,1.46661,-2898.62,-3329.398847,752.1454703,97774.1905
coarse_050,Coarse 0.50x,1050,239,-2716.4,1.46446,-2898.61,-3329.383964,752.2035016,97774.20275
coarse_050,Coarse 0.50x,1050,240,-2716.4,1.46188,-2898.61,-3329.380803,752.2390281,97774.20275
coarse_050,Coarse 0.50x,1050,241,-2716.4,1.45909,-2898.6,-3329.377385,752.2748112,97774.215
coarse_050,Coarse 0.50x,1050,242,-2716.39,1.45629,-2898.6,-3329.361705,752.3228549,97774.215
coarse_050,Coarse 0.50x,1050,243,-2716.39,1.45356,-2898.6,-3329.358361,752.3585616,97774.215
coarse_050,Coarse 0.50x,1050,244,-2716.39,1.451,-2898.6,-3329.355225,752.3832775,97774.215
coarse_050,Coarse 0.50x,1050,245,-2716.38,1.44864,-2898.59,-3329.340084,752.4199966,97774.22725
coarse_050,Coarse 0.50x,1050,246,-2716.38,1.44651,-2898.59,-3329.337475,752.4441819,97774.22725
coarse_050,Coarse 0.50x,1050,247,-2716.38,1.44462,-2898.59,-3329.33516,752.4680711,97774.22725
coarse_050,Coarse 0.50x,1050,248,-2716.38,1.44301,-2898.59,-3329.333187,752.4916153,97774.22725
coarse_050,Coarse 0.50x,1050,249,-2716.38,1.44174,-2898.59,-3329.331632,752.5147409,97774.22725
coarse_050,Coarse 0.50x,1050,250,-2716.38,1.44086,-2898.59,-3329.330554,752.5373864,97774.22725
coarse_050,Coarse 0.50x,1050,251,-2716.38,1.44041,-2898.59,-3329.330002,752.559503,97774.22725
coarse_050,Coarse 0.50x,1050,252,-2716.38,1.44039,-2898.59,-3329.329978,752.5703106,97774.22725
coarse_050,Coarse 0.50x,1050,253,-2716.38,1.44075,-2898.58,-3329.330419,752.5914315,97774.2395
coarse_050,Coarse 0.50x,1050,254,-2716.37,1.44146,-2898.58,-3329.319039,752.6135917,97774.2395
coarse_050,Coarse 0.50x,1050,255,-2716.37,1.44244,-2898.58,-3329.320239,752.6339498,97774.2395
coarse_050,Coarse 0.50x,1050,256,-2716.37,1.44359,-2898.57,-3329.321648,752.6433183,97774.25175
coarse_050,Coarse 0.50x,1050,257,-2716.36,1.44483,-2898.57,-3329.310917,752.6648257,97774.25175
coarse_050,Coarse 0.50x,1050,258,-2716.36,1.44607,-2898.56,-3329.312436,752.6740822,97774.264
coarse_050,Coarse 0.50x,1050,259,-2716.35,1.44725,-2898.56,-3329.301631,752.7064423,97774.264
coarse_050,Coarse 0.50x,1050,260,-2716.35,1.44834,-2898.55,-3329.302966,752.7158823,97774.27625
coarse_050,Coarse 0.50x,1050,261,-2716.34,1.44932,-2898.55,-3329.291917,752.7377067,97774.27625
coarse_050,Coarse 0.50x,1050,262,-2716.34,1.45017,-2898.55,-3329.292958,752.7474409,97774.27625
coarse_050,Coarse 0.50x,1050,263,-2716.34,1.45088,-2898.54,-3329.293828,752.7573468,97774.2885
coarse_050,Coarse 0.50x,1050,264,-2716.34,1.45145,-2898.54,-3329.294526,752.7674249,97774.2885
coarse_050,Coarse 0.50x,1050,265,-2716.33,1.45189,-2898.54,-3329.282815,752.7899127,97774.2885
coarse_050,Coarse 0.50x,1050,266,-2716.33,1.45221,-2898.54,-3329.283207,752.7895181,97774.2885
coarse_050,Coarse 0.50x,1050,267,-2716.33,1.4524,-2898.53,-3329.28344,752.800064,97774.30075
coarse_050,Coarse 0.50x,1050,268,-2716.32,1.45247,-2898.53,-3329.271276,752.8230077,97774.30075
coarse_050,Coarse 0.50x,1050,269,-2716.32,1.45239,-2898.53,-3329.271178,752.8338859,97774.30075
coarse_050,Coarse 0.50x,1050,270,-2716.32,1.45216,-2898.52,-3329.270896,752.8341686,97774.313
coarse_050,Coarse 0.50x,1050,271,-2716.31,1.45177,-2898.52,-3329.258168,752.8576783,97774.313
coarse_050,Coarse 0.50x,1050,272,-2716.31,1.45125,-2898.52,-3329.257531,752.8690982,97774.313
coarse_050,Coarse 0.50x,1050,273,-2716.31,1.45061,-2898.51,-3329.256747,752.8698854,97774.32525
coarse_050,Coarse 0.50x,1050,274,-2716.31,1.44989,-2898.51,-3329.255865,752.8815514,97774.32525
coarse_050,Coarse 0.50x,1050,275,-2716.31,1.44912,-2898.51,-3329.254922,752.8824989,97774.32525
coarse_050,Coarse 0.50x,1050,276,-2716.31,1.44834,-2898.51,-3329.253966,752.8942396,97774.32525
coarse_050,Coarse 0.50x,1050,277,-2716.31,1.44759,-2898.51,-3329.253048,752.8951632,97774.32525
coarse_050,Coarse 0.50x,1050,278,-2716.31,1.44688,-2898.51,-3329.252178,752.9068187,97774.32525
coarse_050,Coarse 0.50x,1050,279,-2716.31,1.44625,-2898.51,-3329.251406,752.9075957,97774.32525
coarse_050,Coarse 0.50x,1050,280,-2716.31,1.44569,-2898.51,-3329.25072,752.9190671,97774.32525
coarse_050,Coarse 0.50x,1050,281,-2716.31,1.44521,-2898.51,-3329.250132,752.9196603,97774.32525
coarse_050,Coarse 0.50x,1050,282,-2716.31,1.44481,-2898.51,-3329.249642,752.9309354,97774.32525
coarse_050,Coarse 0.50x,1050,283,-2716.31,1.4445,-2898.51,-3329.249263,752.9313197,97774.32525
coarse_050,Coarse 0.50x,1050,284,-2716.31,1.44428,-2898.51,-3329.248993,752.9315936,97774.32525
coarse_050,Coarse 0.50x,1050,285,-2716.31,1.44414,-2898.51,-3329.248822,752.9317688,97774.32525
coarse_050,Coarse 0.50x,1050,286,-2716.31,1.44408,-2898.51,-3329.248748,752.942626,97774.32525
coarse_050,Coarse 0.50x,1050,287,-2716.31,1.4441,-2898.51,-3329.248773,752.942604,97774.32525
coarse_050,Coarse 0.50x,1050,288,-2716.31,1.4442,-2898.51,-3329.248895,752.9424839,97774.32525
coarse_050,Coarse 0.50x,1050,289,-2716.31,1.44437,-2898.51,-3329.249103,752.9422773,97774.32525
coarse_050,Coarse 0.50x,1050,290,-2716.31,1.4446,-2898.51,-3329.249385,752.9527772,97774.32525
coarse_050,Coarse 0.50x,1050,291,-2716.31,1.4449,-2898.51,-3329.249753,752.9524103,97774.32525
coarse_050,Coarse 0.50x,1050,292,-2716.31,1.44524,-2898.51,-3329.250169,752.9519941,97774.32525
coarse_050,Coarse 0.50x,1050,293,-2716.31,1.44562,-2898.51,-3329.250635,752.9515286,97774.32525
coarse_050,Coarse 0.50x,1050,294,-2716.31,1.44603,-2898.51,-3329.251137,752.9510257,97774.32525
coarse_050,Coarse 0.50x,1050,295,-2716.31,1.44647,-2898.51,-3329.251676,752.9504859,97774.32525
coarse_050,Coarse 0.50x,1050,296,-2716.31,1.44692,-2898.51,-3329.252227,752.9607134,97774.32525
coarse_050,Coarse 0.50x,1050,297,-2716.31,1.44737,-2898.51,-3329.252778,752.9601607,97774.32525
coarse_050,Coarse 0.50x,1050,298,-2716.31,1.44781,-2898.51,-3329.253317,752.9596202,97774.32525
coarse_050,Coarse 0.50x,1050,299,-2716.31,1.44823,-2898.51,-3329.253832,752.959104,97774.32525
coarse_050,Coarse 0.50x,1050,300,-2716.31,1.44862,-2898.51,-3329.25431,752.9586242,97774.32525
coarse_050,Coarse 0.50x,1050,301,-2716.3,1.44899,-2898.51,-3329.242513,752.9704192,97774.32525
coarse_050,Coarse 0.50x,1050,302,-2716.3,1.44933,-2898.51,-3329.242929,752.9700007,97774.32525
coarse_050,Coarse 0.50x,1050,303,-2716.3,1.44964,-2898.51,-3329.243309,752.9696192,97774.32525
coarse_050,Coarse 0.50x,1050,304,-2716.3,1.44992,-2898.51,-3329.243652,752.9692745,97774.32525
coarse_050,Coarse 0.50x,1050,305,-2716.3,1.45016,-2898.51,-3329.243946,752.9689788,97774.32525
coarse_050,Coarse 0.50x,1050,306,-2716.3,1.4503,-2898.51,-3329.244118,752.9688058,97774.32525
coarse_050,Coarse 0.50x,1050,307,-2716.3,1.45043,-2898.51,-3329.244277,752.9686454,97774.32525
coarse_050,Coarse 0.50x,1050,308,-2716.3,1.45053,-2898.51,-3329.244399,752.9793019,97774.32525
coarse_050,Coarse 0.50x,1050,309,-2716.3,1.45061,-2898.51,-3329.244497,752.9792031,97774.32525
coarse_050,Coarse 0.50x,1050,310,-2716.3,1.45066,-2898.51,-3329.244559,752.9791409,97774.32525
coarse_050,Coarse 0.50x,1050,311,-2716.3,1.45066,-2898.5,-3329.244559,752.9791404,97774.3375
coarse_050,Coarse 0.50x,1050,312,-2716.3,1.45063,-2898.5,-3329.244522,752.9791768,97774.3375
coarse_050,Coarse 0.50x,1050,313,-2716.3,1.45056,-2898.5,-3329.244436,752.9792626,97774.3375
coarse_050,Coarse 0.50x,1050,314,-2716.3,1.45045,-2898.5,-3329.244301,752.9793973,97774.3375
coarse_050,Coarse 0.50x,1050,315,-2716.3,1.45031,-2898.5,-3329.24413,752.9795691,97774.3375
coarse_050,Coarse 0.50x,1050,316,-2716.3,1.45016,-2898.5,-3329.243946,752.9797532,97774.3375
coarse_050,Coarse 0.50x,1050,317,-2716.3,1.44999,-2898.5,-3329.243738,752.979962,97774.3375
coarse_050,Coarse 0.50x,1050,318,-2716.3,1.44982,-2898.5,-3329.24353,752.9801708,97774.3375
coarse_050,Coarse 0.50x,1050,319,-2716.3,1.44964,-2898.5,-3329.243309,752.9803922,97774.3375
coarse_050,Coarse 0.50x,1050,320,-2716.3,1.44947,-2898.5,-3329.243101,752.980601,97774.3375
coarse_050,Coarse 0.50x,1050,321,-2716.3,1.4493,-2898.5,-3329.242893,752.9808101,97774.3375
coarse_050,Coarse 0.50x,1050,322,-2716.3,1.44913,-2898.5,-3329.242684,752.9810192,97774.3375
coarse_050,Coarse 0.50x,1050,323,-2716.3,1.44898,-2898.5,-3329.242501,752.9812041,97774.3375
coarse_050,Coarse 0.50x,1050,324,-2716.3,1.44883,-2898.5,-3329.242317,752.9813888,97774.3375
coarse_050,Coarse 0.50x,1050,325,-2716.3,1.44869,-2898.5,-3329.242145,752.9815611,97774.3375
coarse_050,Coarse 0.50x,1050,326,-2716.3,1.44855,-2898.5,-3329.241974,752.9817335,97774.3375
coarse_050,Coarse 0.50x,1050,327,-2716.3,1.44842,-2898.5,-3329.241815,752.9818936,97774.3375
coarse_050,Coarse 0.50x,1050,328,-2716.3,1.44831,-2898.5,-3329.24168,752.9820289,97774.3375
coarse_050,Coarse 0.50x,1050,329,-2716.3,1.4482,-2898.5,-3329.241545,752.9821645,97774.3375
coarse_050,Coarse 0.50x,1050,330,-2716.3,1.4481,-2898.5,-3329.241423,752.9822876,97774.3375
coarse_050,Coarse 0.50x,1050,331,-2716.3,1.44802,-2898.5,-3329.241325,752.9823862,97774.3375
coarse_050,Coarse 0.50x,1050,332,-2716.3,1.44795,-2898.5,-3329.241239,752.9824725,97774.3375
coarse_050,Coarse 0.50x,1050,333,-2716.3,1.44794,-2898.5,-3329.241227,752.9824851,97774.3375
coarse_050,Coarse 0.50x,1050,334,-2716.3,1.44793,-2898.5,-3329.241214,752.9824976,97774.3375
coarse_050,Coarse 0.50x,1050,335,-2716.3,1.44793,-2898.5,-3329.241214,752.9824979,97774.3375
coarse_050,Coarse 0.50x,1050,336,-2716.3,1.44792,-2898.5,-3329.241202,752.9825101,97774.3375
coarse_050,Coarse 0.50x,1050,337,-2716.3,1.44792,-2898.51,-3329.241202,752.9825104,97774.32525
coarse_050,Coarse 0.50x,1050,338,-2716.3,1.44793,-2898.51,-3329.241214,752.9824982,97774.32525
coarse_050,Coarse 0.50x,1050,339,-2716.3,1.44794,-2898.51,-3329.241227,752.9932661,97774.32525
coarse_050,Coarse 0.50x,1050,340,-2716.3,1.44797,-2898.51,-3329.241263,752.9932293,97774.32525
coarse_050,Coarse 0.50x,1050,341,-2716.3,1.448,-2898.5,-3329.2413,752.9931926,97774.3375
coarse_050,Coarse 0.50x,1050,342,-2716.3,1.44804,-2898.5,-3329.241349,752.9931433,97774.3375
coarse_050,Coarse 0.50x,1050,343,-2716.3,1.44809,-2898.5,-3329.24141,752.993082,97774.3375
coarse_050,Coarse 0.50x,1050,344,-2716.3,1.44814,-2898.5,-3329.241472,752.9930205,97774.3375
coarse_050,Coarse 0.50x,1050,345,-2716.3,1.4482,-2898.5,-3329.241545,752.9929467,97774.3375
coarse_050,Coarse 0.50x,1050,346,-2716.3,1.44826,-2898.5,-3329.241619,752.9928732,97774.3375
coarse_050,Coarse 0.50x,1050,347,-2716.3,1.44831,-2898.5,-3329.24168,752.9928117,97774.3375
coarse_050,Coarse 0.50x,1050,348,-2716.3,1.44837,-2898.5,-3329.241753,752.9927379,97774.3375
coarse_050,Coarse 0.50x,1050,349,-2716.3,1.44843,-2898.5,-3329.241827,752.9926644,97774.3375
coarse_050,Coarse 0.50x,1050,350,-2716.3,1.44848,-2898.5,-3329.241888,752.9926028,97774.3375
coarse_050,Coarse 0.50x,1050,351,-2716.3,1.44854,-2898.5,-3329.241962,752.9925291,97774.3375
coarse_050,Coarse 0.50x,1050,352,-2716.3,1.44859,-2898.5,-3329.242023,752.9924675,97774.3375
coarse_050,Coarse 0.50x,1050,353,-2716.3,1.44864,-2898.5,-3329.242084,752.9924063,97774.3375
coarse_050,Coarse 0.50x,1050,354,-2716.3,1.44869,-2898.5,-3329.242145,752.9923447,97774.3375
coarse_050,Coarse 0.50x,1050,355,-2716.3,1.44873,-2898.5,-3329.242194,752.9922954,97774.3375
coarse_050,Coarse 0.50x,1050,356,-2716.3,1.44877,-2898.5,-3329.242243,752.9922464,97774.3375
coarse_050,Coarse 0.50x,1050,357,-2716.3,1.44881,-2898.5,-3329.242292,752.9921971,97774.3375
coarse_050,Coarse 0.50x,1050,358,-2716.3,1.44885,-2898.5,-3329.242341,752.9921481,97774.3375
coarse_050,Coarse 0.50x,1050,359,-2716.3,1.44888,-2898.5,-3329.242378,752.9921111,97774.3375
coarse_050,Coarse 0.50x,1050,360,-2716.3,1.4489,-2898.5,-3329.242403,752.9920866,97774.3375
coarse_050,Coarse 0.50x,1050,361,-2716.3,1.44893,-2898.5,-3329.242439,752.9920499,97774.3375
coarse_050,Coarse 0.50x,1050,362,-2716.3,1.44894,-2898.5,-3329.242452,752.9920373,97774.3375
coarse_050,Coarse 0.50x,1050,363,-2716.3,1.44895,-2898.5,-3329.242464,752.9920251,97774.3375
coarse_050,Coarse 0.50x,1050,364,-2716.3,1.44895,-2898.5,-3329.242464,752.9920251,97774.3375
coarse_050,Coarse 0.50x,1050,365,-2716.3,1.44895,-2898.5,-3329.242464,752.9920251,97774.3375
coarse_050,Coarse 0.50x,1050,366,-2716.3,1.44894,-2898.5,-3329.242452,752.9920373,97774.3375
coarse_050,Coarse 0.50x,1050,367,-2716.3,1.44893,-2898.5,-3329.242439,752.9920496,97774.3375
coarse_050,Coarse 0.50x,1050,368,-2716.3,1.44892,-2898.5,-3329.242427,752.9920618,97774.3375
coarse_050,Coarse 0.50x,1050,369,-2716.3,1.44891,-2898.5,-3329.242415,752.9920741,97774.3375
coarse_050,Coarse 0.50x,1050,370,-2716.3,1.4489,-2898.5,-3329.242403,752.9920863,97774.3375
coarse_050,Coarse 0.50x,1050,371,-2716.3,1.4489,-2898.5,-3329.242403,752.9920866,97774.3375
coarse_050,Coarse 0.50x,1050,372,-2716.3,1.44889,-2898.5,-3329.24239,752.9920989,97774.3375
coarse_050,Coarse 0.50x,1050,373,-2716.3,1.44888,-2898.5,-3329.242378,752.9921111,97774.3375
coarse_050,Coarse 0.50x,1050,374,-2716.3,1.44887,-2898.5,-3329.242366,752.9921234,97774.3375
coarse_050,Coarse 0.50x,1050,375,-2716.3,1.44886,-2898.5,-3329.242354,752.9921356,97774.3375
coarse_050,Coarse 0.50x,1050,376,-2716.3,1.44885,-2898.5,-3329.242341,752.9921479,97774.3375
coarse_050,Coarse 0.50x,1050,377,-2716.3,1.44884,-2898.5,-3329.242329,752.9921601,97774.3375
coarse_050,Coarse 0.50x,1050,378,-2716.3,1.44883,-2898.5,-3329.242317,752.9921726,97774.3375
coarse_050,Coarse 0.50x,1050,379,-2716.3,1.44882,-2898.5,-3329.242305,752.9921849,97774.3375
coarse_050,Coarse 0.50x,1050,380,-2716.3,1.4488,-2898.5,-3329.24228,752.9922094,97774.3375
coarse_050,Coarse 0.50x,1050,381,-2716.3,1.44879,-2898.5,-3329.242268,752.9922216,97774.3375
coarse_050,Coarse 0.50x,1050,382,-2716.3,1.44878,-2898.5,-3329.242256,752.9922339,97774.3375
coarse_050,Coarse 0.50x,1050,383,-2716.3,1.44877,-2898.5,-3329.242243,752.9922461,97774.3375
coarse_050,Coarse 0.50x,1050,384,-2716.3,1.44876,-2898.5,-3329.242231,752.9922584,97774.3375
coarse_050,Coarse 0.50x,1050,385,-2716.3,1.44874,-2898.5,-3329.242207,752.9922829,97774.3375
coarse_050,Coarse 0.50x,1050,386,-2716.3,1.44873,-2898.5,-3329.242194,752.9922954,97774.3375
coarse_050,Coarse 0.50x,1050,387,-2716.3,1.44872,-2898.5,-3329.242182,752.9923077,97774.3375
coarse_050,Coarse 0.50x,1050,388,-2716.3,1.4487,-2898.5,-3329.242158,752.9923322,97774.3375
coarse_050,Coarse 0.50x,1050,389,-2716.3,1.44869,-2898.5,-3329.242145,752.9923444,97774.3375
coarse_050,Coarse 0.50x,1050,390,-2716.3,1.44868,-2898.5,-3329.242133,752.9923567,97774.3375
coarse_050,Coarse 0.50x,1050,391,-2716.3,1.44867,-2898.5,-3329.242121,752.9923689,97774.3375
coarse_050,Coarse 0.50x,1050,392,-2716.3,1.44866,-2898.5,-3329.242109,752.9923812,97774.3375
coarse_050,Coarse 0.50x,1050,393,-2716.3,1.44865,-2898.5,-3329.242096,752.9923934,97774.3375
coarse_050,Coarse 0.50x,1050,394,-2716.3,1.44865,-2898.5,-3329.242096,752.9923934,97774.3375
coarse_050,Coarse 0.50x,1050,395,-2716.3,1.44864,-2898.5,-3329.242084,752.992406,97774.3375
coarse_050,Coarse 0.50x,1050,396,-2716.3,1.44863,-2898.5,-3329.242072,752.9924182,97774.3375
coarse_050,Coarse 0.50x,1050,397,-2716.3,1.44862,-2898.5,-3329.24206,752.9924305,97774.3375
coarse_050,Coarse 0.50x,1050,398,-2716.3,1.44861,-2898.5,-3329.242047,752.9924427,97774.3375
coarse_050,Coarse 0.50x,1050,399,-2716.3,1.44861,-2898.5,-3329.242047,752.9924427,97774.3375
coarse_050,Coarse 0.50x,1050,400,-2716.3,1.44861,-2898.5,-3329.242047,752.9924427,97774.3375
coarse_050,Coarse 0.50x,1050,401,-2716.3,1.44861,-2898.5,-3329.242047,752.9924427,97774.3375
coarse_050,Coarse 0.50x,1050,402,-2716.3,1.44861,-2898.5,-3329.242047,752.9924427,97774.3375
coarse_050,Coarse 0.50x,1050,403,-2716.3,1.44861,-2898.5,-3329.242047,752.9924427,97774.3375
coarse_050,Coarse 0.50x,1050,404,-2716.3,1.44861,-2898.5,-3329.242047,752.9924427,97774.3375
coarse_050,Coarse 0.50x,1050,405,-2716.3,1.44861,-2898.5,-3329.242047,752.9924427,97774.3375
coarse_050,Coarse 0.50x,1050,406,-2716.3,1.44861,-2898.5,-3329.242047,752.9924427,97774.3375
coarse_050,Coarse 0.50x,1050,407,-2716.3,1.4486,-2898.5,-3329.242035,752.992455,97774.3375
coarse_050,Coarse 0.50x,1050,408,-2716.3,1.4486,-2898.5,-3329.242035,752.992455,97774.3375
coarse_050,Coarse 0.50x,1050,409,-2716.3,1.4486,-2898.5,-3329.242035,752.992455,97774.3375
coarse_050,Coarse 0.50x,1050,410,-2716.3,1.4486,-2898.5,-3329.242035,752.992455,97774.3375
coarse_050,Coarse 0.50x,1050,411,-2716.3,1.4486,-2898.5,-3329.242035,752.992455,97774.3375
coarse_050,Coarse 0.50x,1050,412,-2716.3,1.4486,-2898.5,-3329.242035,752.992455,97774.3375
coarse_050,Coarse 0.50x,1050,413,-2716.3,1.4486,-2898.5,-3329.242035,752.992455,97774.3375
coarse_050,Coarse 0.50x,1050,414,-2716.3,1.4486,-2898.5,-3329.242035,752.992455,97774.3375
coarse_050,Coarse 0.50x,1050,415,-2716.3,1.4486,-2898.5,-3329.242035,752.992455,97774.3375
coarse_050,Coarse 0.50x,1050,416,-2716.3,1.4486,-2898.5,-3329.242035,752.992455,97774.3375
coarse_050,Coarse 0.50x,1050,417,-2716.3,1.4486,-2898.5,-3329.242035,752.992455,97774.3375
coarse_050,Coarse 0.50x,1050,418,-2716.3,1.4486,-2898.5,-3329.242035,752.992455,97774.3375
coarse_050,Coarse 0.50x,1050,419,-2716.3,1.4486,-2898.5,-3329.242035,752.992455,97774.3375
coarse_050,Coarse 0.50x,1050,420,-2716.3,1.4486,-2898.5,-3329.242035,752.992455,97774.3375
coarse_050,Coarse 0.50x,1050,421,-2716.3,1.4486,-2898.5,-3329.242035,752.992455,97774.3375
coarse_050,Coarse 0.50x,1050,422,-2716.3,1.4486,-2898.5,-3329.242035,752.992455,97774.3375
coarse_050,Coarse 0.50x,1050,423,-2716.3,1.4486,-2898.5,-3329.242035,752.992455,97774.3375
coarse_050,Coarse 0.50x,1050,424,-2716.3,1.4486,-2898.5,-3329.242035,752.992455,97774.3375
coarse_050,Coarse 0.50x,1050,425,-2716.3,1.44859,-2898.5,-3329.242023,752.9924672,97774.3375
coarse_050,Coarse 0.50x,1050,426,-2716.3,1.44859,-2898.5,-3329.242023,752.9924672,97774.3375
coarse_050,Coarse 0.50x,1050,427,-2716.3,1.44859,-2898.5,-3329.242023,752.9924672,97774.3375
coarse_050,Coarse 0.50x,1050,428,-2716.3,1.44861,-2898.5,-3329.242047,752.9924427,97774.3375
coarse_050,Coarse 0.50x,1050,429,-2716.3,1.44861,-2898.5,-3329.242047,752.9924427,97774.3375
coarse_050,Coarse 0.50x,1050,430,-2716.3,1.44861,-2898.5,-3329.242047,752.9924427,97774.3375
coarse_050,Coarse 0.50x,1050,431,-2716.3,1.44861,-2898.5,-3329.242047,752.9924427,97774.3375
coarse_050,Coarse 0.50x,1050,432,-2716.3,1.4486,-2898.5,-3329.242035,752.9924553,97774.3375
coarse_050,Coarse 0.50x,1050,433,-2716.3,1.4486,-2898.5,-3329.242035,752.9924553,97774.3375
coarse_050,Coarse 0.50x,1050,434,-2716.3,1.4486,-2898.5,-3329.242035,752.992455,97774.3375
coarse_050,Coarse 0.50x,1050,435,-2716.3,1.4486,-2898.5,-3329.242035,752.992455,97774.3375
coarse_050,Coarse 0.50x,1050,436,-2716.3,1.4486,-2898.5,-3329.242035,752.992455,97774.3375
coarse_050,Coarse 0.50x,1050,437,-2716.3,1.4486,-2898.5,-3329.242035,752.992455,97774.3375
coarse_050,Coarse 0.50x,1050,438,-2716.3,1.4486,-2898.5,-3329.242035,752.992455,97774.3375
coarse_050,Coarse 0.50x,1050,439,-2716.3,1.4486,-2898.5,-3329.242035,752.9924553,97774.3375
coarse_050,Coarse 0.50x,1050,440,-2716.3,1.4486,-2898.5,-3329.242035,752.9924553,97774.3375
coarse_050,Coarse 0.50x,1050,441,-2716.3,1.4486,-2898.5,-3329.242035,752.9924553,97774.3375
coarse_050,Coarse 0.50x,1050,442,-2716.3,1.4486,-2898.5,-3329.242035,752.992455,97774.3375
coarse_050,Coarse 0.50x,1050,443,-2716.3,1.4486,-2898.5,-3329.242035,752.992455,97774.3375
coarse_050,Coarse 0.50x,1050,444,-2716.3,1.4486,-2898.5,-3329.242035,752.992455,97774.3375
coarse_050,Coarse 0.50x,1050,445,-2716.3,1.4486,-2898.5,-3329.242035,752.992455,97774.3375
coarse_050,Coarse 0.50x,1050,446,-2716.3,1.4486,-2898.5,-3329.242035,752.992455,97774.3375
coarse_050,Coarse 0.50x,1050,447,-2716.3,1.4486,-2898.5,-3329.242035,752.992455,97774.3375
coarse_050,Coarse 0.50x,1050,448,-2716.3,1.4486,-2898.5,-3329.242035,752.992455,97774.3375
coarse_050,Coarse 0.50x,1050,449,-2716.3,1.4486,-2898.5,-3329.242035,752.992455,97774.3375
coarse_050,Coarse 0.50x,1050,450,-2716.3,1.4486,-2898.5,-3329.242035,752.992455,97774.3375
coarse_050,Coarse 0.50x,1050,451,-2716.3,1.4486,-2898.5,-3329.242035,752.992455,97774.3375
coarse_050,Coarse 0.50x,1050,452,-2716.3,1.4486,-2898.5,-3329.242035,752.992455,97774.3375
coarse_050,Coarse 0.50x,1050,453,-2716.3,1.4486,-2898.5,-3329.242035,752.992455,97774.3375
coarse_050,Coarse 0.50x,1050,454,-2716.3,1.4486,-2898.5,-3329.242035,752.992455,97774.3375
coarse_050,Coarse 0.50x,1050,455,-2716.3,1.4486,-2898.5,-3329.242035,752.992455,97774.3375
coarse_050,Coarse 0.50x,1050,456,-2716.3,1.4486,-2898.5,-3329.242035,752.992455,97774.3375
coarse_075,Coarse 0.75x,2400,1,-14385.6,-1085.16,6277.24,-16293.039,-14559.11233,109014.619
coarse_075,Coarse 0.75x,2400,2,155387,-1250.54,306167,191880.9865,196008.4277,476379.575
coarse_075,Coarse 0.75x,2400,3,333001,-1011.47,292264,409165.2757,414848.9518,459348.4
coarse_075,Coarse 0.75x,2400,4,424190,-560.067,138825,520318.8321,526715.2154,271385.625
coarse_075,Coarse 0.75x,2400,5,384531,-81.3678,11401,471150.1506,477600.5738,115291.225
coarse_075,Coarse 0.75x,2400,6,250186,273.163,-108777,306143.2253,312207.8205,-31926.825
coarse_075,Coarse 0.75x,2400,7,35792.3,436.74,-223839,43310.561,48714.62028,-172877.775
coarse_075,Coarse 0.75x,2400,8,-138771,419.406,-314561,-170508.2473,-165756.7749,-284012.225
coarse_075,Coarse 0.75x,2400,9,-271575,286.65,-328203,-333030.5213,-328756.65,-300723.675
coarse_075,Coarse 0.75x,2400,10,-298056,112.621,-249869,-365256.5607,-361173.9392,-204764.525
coarse_075,Coarse 0.75x,2400,11,-297417,-46.142,-161850,-364279.3011,-360123.9524,-96941.25
coarse_075,Coarse 0.75x,2400,12,-241441,-143.79,-95830.9,-295589.0823,-291207.1757,-16067.8525
coarse_075,Coarse 0.75x,2400,13,-150041,-167.205,-50359.6,-183595.3989,-178923.2851,39634.49
coarse_075,Coarse 0.75x,2400,14,-71989.3,-136.258,-34626.7,-88019.97645,-83131.36095,58907.2925
coarse_075,Coarse 0.75x,2400,15,-10798.8,-79.1354,-34184.1,-13131.58914,-8118.197453,59449.4775
coarse_075,Coarse 0.75x,2400,16,23183.1,-13.2867,-48681.7,28415.57371,33438.23947,41689.9175
coarse_075,Coarse 0.75x,2400,17,47290.4,39.5659,-54121.1,57882.27177,62823.91598,35026.6525
coarse_075,Coarse 0.75x,2400,18,59437,70.2064,-54147.6,72724.32216,77537.72201,34994.19
coarse_075,Coarse 0.75x,2400,19,58474.5,66.9709,-57929,71549.22315,76260.20766,30361.975
coarse_075,Coarse 0.75x,2400,20,55176.5,47.5511,-54441.6,67532.9624,72154.42135,34634.04
coarse_075,Coarse 0.75x,2400,21,44143.5,18.9321,-56857.2,54052.59568,58628.90875,31674.93
coarse_075,Coarse 0.75x,2400,22,35262.4,-9.32569,-49160.4,43207.86397,47786.0509,41103.51
coarse_075,Coarse 0.75x,2400,23,26579.6,-24.6876,-39036.1,32590.25231,37202.69867,53505.7775
coarse_075,Coarse 0.75x,2400,24,19738.7,-29.1427,-26453.5,24215.60731,28872.15693,68919.4625
coarse_075,Coarse 0.75x,2400,25,14187.4,-22.1879,-14376,17406.74518,22106.50922,83714.4
coarse_075,Coarse 0.75x,2400,26,9552.62,-11.5206,-4035.15,11716.07224,16442.81244,96381.94125
coarse_075,Coarse 0.75x,2400,27,6195.5,1.43579,4541,7587.728657,12319.86114,106887.725
coarse_075,Coarse 0.75x,2400,28,2266.42,13.9627,11371.4,2759.260193,7482.432464,115254.965
coarse_075,Coarse 0.75x,2400,29,229.745,21.3033,12065.7,255.3410825,4960.218294,116105.4825
coarse_075,Coarse 0.75x,2400,30,-4607.74,21.9141,8011.91,-5671.326273,-986.180972,111139.5897
coarse_075,Coarse 0.75x,2400,31,-8709.45,16.9233,2305.58,-10689.80729,-6016.883175,104149.3355
coarse_075,Coarse 0.75x,2400,32,-12592.2,10.0258,-3808.43,-15437.72661,-10772.39221,96659.67325
coarse_075,Coarse 0.75x,2400,33,-15877.4,3.16825,-9104.26,-19453.69611,-14795.21489,90172.2815
coarse_075,Coarse 0.75x,2400,34,-17935.4,-2.44441,-12746.6,-21967.8706,-17319.33001,85710.415
coarse_075,Coarse 0.75x,2400,35,-18558.3,-5.48218,-14538.7,-22727.20183,-18093.50764,83515.0925
coarse_075,Coarse 0.75x,2400,36,-17471.1,-9.91978,-13979.6,-21389.94577,-16789.80054,84199.99
coarse_075,Coarse 0.75x,2400,37,-15055.2,-12.8668,-11877.4,-18426.85817,-13869.71265,86775.185
coarse_075,Coarse 0.75x,2400,38,-12001.2,-14.8195,-9009.81,-14683.31611,-10181.5249,90287.98275
coarse_075,Coarse 0.75x,2400,39,-9243.35,-16.6334,-6401.4,-11302.72783,-6869.097301,93483.285
coarse_075,Coarse 0.75x,2400,40,-7640.45,-18.7451,-4856.41,-9336.588503,-4983.576262,95375.89775
coarse_075,Coarse 0.75x,2400,41,-6931.27,-21.8655,-4157.35,-8464.020513,-4202.887285,96232.24625
coarse_075,Coarse 0.75x,2400,42,-6690.15,-25.0549,-3902.26,-8164.741498,-3999.646221,96544.7315
coarse_075,Coarse 0.75x,2400,43,-6606.4,-29.0004,-3957.69,-8057.31451,-3990.195389,96476.82975
coarse_075,Coarse 0.75x,2400,44,-7287.79,-33.9461,-4748.54,-8885.958777,-4918.723716,95508.0385
coarse_075,Coarse 0.75x,2400,45,-8080.01,-37.9942,-5700.4,-9851.469355,-5984.142544,94342.01
coarse_075,Coarse 0.75x,2400,46,-8671.64,-40.9031,-6497.58,-10572.6527,-6803.076089,93365.4645
coarse_075,Coarse 0.75x,2400,47,-8781.67,-42.8322,-6844.82,-10705.07631,-7027.530047,92940.0955
coarse_075,Coarse 0.75x,2400,48,-8669.36,-44.1496,-7033.39,-10565.88274,-6976.316087,92709.09725
coarse_075,Coarse 0.75x,2400,49,-8493.56,-45.2267,-7117.47,-10349.20829,-6842.774954,92606.09925
coarse_075,Coarse 0.75x,2400,50,-8079.79,-45.498,-6917.3,-9842.0077,-6413.04341,92851.3075
coarse_075,Coarse 0.75x,2400,51,-7285.9,-45.642,-6394.67,-8869.31605,-5509.288764,93491.52925
coarse_075,Coarse 0.75x,2400,52,-6495.12,-45.2758,-5904.52,-7901.059145,-4601.102899,94091.963
coarse_075,Coarse 0.75x,2400,53,-5826.33,-44.4592,-5553.8,-7082.79173,-3834.157513,94521.595
coarse_075,Coarse 0.75x,2400,54,-5320.09,-43.6598,-5351.75,-6463.626995,-3257.311344,94769.10625
coarse_075,Coarse 0.75x,2400,55,-5002.01,-42.7953,-5293.32,-6075.038008,-2901.693418,94840.683
coarse_075,Coarse 0.75x,2400,56,-4921.86,-41.7838,-5406.19,-5978.093345,-2828.070041,94702.41725
coarse_075,Coarse 0.75x,2400,57,-4974.94,-41.1924,-5583.78,-6043.84081,-2907.153821,94484.8695
coarse_075,Coarse 0.75x,2400,58,-5064.88,-40.3098,-5732.65,-6155.098495,-3022.473463,94302.50375
coarse_075,Coarse 0.75x,2400,59,-5148.1,-39.1316,-5822.24,-6258.48629,-3121.066084,94192.756
coarse_075,Coarse 0.75x,2400,60,-5186.93,-37.5169,-5833.79,-6308.031048,-3158.247752,94178.60725
coarse_075,Coarse 0.75x,2400,61,-5161.03,-35.3566,-5762.05,-6278.949915,-3110.240875,94266.48875
coarse_075,Coarse 0.75x,2400,62,-5079.09,-32.6089,-5623.77,-6181.939348,-2988.834068,94435.88175
coarse_075,Coarse 0.75x,2400,63,-4962.24,-29.3774,-5452.33,-6042.756685,-2821.141998,94645.89575
coarse_075,Coarse 0.75x,2400,64,-4835.74,-25.8367,-5276.53,-5892.131543,-2639.155806,94861.25075
coarse_075,Coarse 0.75x,2400,65,-4722.26,-22.1523,-5120.48,-5757.631933,-2471.197422,95052.412
coarse_075,Coarse 0.75x,2400,66,-4634.56,-18.4388,-4997.57,-5654.74847,-2333.767451,95202.97675
coarse_075,Coarse 0.75x,2400,67,-4569.01,-14.8188,-4903.43,-5578.88422,-2222.961407,95318.29825
coarse_075,Coarse 0.75x,2400,68,-4522.93,-11.3969,-4835.75,-5526.628048,-2135.758214,95401.20625
coarse_075,Coarse 0.75x,2400,69,-4481.47,-8.25708,-4778.56,-5479.685827,-2053.826472,95471.264
coarse_075,Coarse 0.75x,2400,70,-4435.58,-5.46666,-4721.74,-5426.888842,-1966.213177,95540.8685
coarse_075,Coarse 0.75x,2400,71,-4382.58,-3.13611,-4661.06,-5364.818765,-1868.903903,95615.2015
coarse_075,Coarse 0.75x,2400,72,-4318.4,-1.90085,-4588.28,-5287.711459,-1755.514128,95704.357
coarse_075,Coarse 0.75x,2400,73,-4257.51,-1.38912,-4520.45,-5213.748078,-1643.965901,95787.44875
coarse_075,Coarse 0.75x,2400,74,-4197.41,-1.50271,-4457.3,-5139.98643,-1530.57326,95864.8075
coarse_075,Coarse 0.75x,2400,75,-4138.57,-2.39394,-4401.1,-5066.815674,-1415.675986,95933.6525
coarse_075,Coarse 0.75x,2400,76,-4069.54,-4.36739,-4347.69,-4979.836447,-1284.341182,95999.07975
coarse_075,Coarse 0.75x,2400,77,-4002.42,-7.17841,-4299.98,-4894.170948,-1151.937622,96057.5245
coarse_075,Coarse 0.75x,2400,78,-3938.67,-10.7201,-4256.28,-4811.738628,-1020.83477,96111.057
coarse_075,Coarse 0.75x,2400,79,-3880.87,-14.8753,-4216.83,-4735.843507,-894.5398591,96159.38325
coarse_075,Coarse 0.75x,2400,80,-3829.02,-19.5892,-4180.89,-4666.55273,-773.9229605,96203.40975
coarse_075,Coarse 0.75x,2400,81,-3777.15,-24.8629,-4139.96,-4596.551698,-651.9217675,96253.549
coarse_075,Coarse 0.75x,2400,82,-3722.28,-30.6137,-4089.01,-4522.291218,-525.1670626,96315.96275
coarse_075,Coarse 0.75x,2400,83,-3663.22,-36.5936,-4027.1,-4442.61734,-393.0801305,96391.8025
coarse_075,Coarse 0.75x,2400,84,-3599.47,-42.5384,-3953.77,-4357.24121,-255.6557079,96481.63175
coarse_075,Coarse 0.75x,2400,85,-3529.9,-48.1381,-3868.88,-4265.158328,-111.8863979,96585.622
coarse_075,Coarse 0.75x,2400,86,-3453.23,-53.1191,-3773.74,-4165.135853,39.07274508,96702.1685
coarse_075,Coarse 0.75x,2400,87,-3374.17,-57.2404,-3674.68,-4063.23876,190.7889549,96823.517
coarse_075,Coarse 0.75x,2400,88,-3295.97,-60.4175,-3576.18,-3963.551812,339.4716044,96944.1795
coarse_075,Coarse 0.75x,2400,89,-3220.89,-62.5274,-3481.24,-3868.994185,482.0900387,97060.481
coarse_075,Coarse 0.75x,2400,90,-3150.9,-63.4411,-3393.09,-3782.137153,616.7964324,97168.46475
coarse_075,Coarse 0.75x,2400,91,-3086.17,-63.0083,-3310.96,-3703.373083,743.7755817,97269.074
coarse_075,Coarse 0.75x,2400,92,-3025.52,-61.1867,-3234.21,-3631.308292,865.3466622,97363.09275
coarse_075,Coarse 0.75x,2400,93,-2970.29,-58.0913,-3164.4,-3567.443408,981.7139644,97448.61
coarse_075,Coarse 0.75x,2400,94,-2923.92,-53.9457,-3105.66,-3515.718517,1090.36356,97520.5665
coarse_075,Coarse 0.75x,2400,95,-2889.35,-49.1765,-3060.65,-3479.212538,1189.686003,97575.70375
coarse_075,Coarse 0.75x,2400,96,-2866.1,-43.9007,-3028.52,-3457.194142,1280.957397,97615.063
coarse_075,Coarse 0.75x,2400,97,-2852.49,-38.4406,-3007.5,-3447.210515,1366.470088,97640.8125
coarse_075,Coarse 0.75x,2400,98,-2845.89,-33.0917,-2995.68,-3445.677918,1448.004469,97655.292
coarse_075,Coarse 0.75x,2400,99,-2844.96,-28.0693,-2992.92,-3450.691108,1525.511176,97658.673
coarse_075,Coarse 0.75x,2400,100,-2846.93,-23.4055,-2997.58,-3458.817513,1599.342881,97652.9645
coarse_075,Coarse 0.75x,2400,101,-2850.77,-19.1323,-3008.54,-3468.756182,1666.860427,97639.5385
coarse_075,Coarse 0.75x,2400,102,-2854.81,-15.135,-3023.83,-3478.601875,1725.028447,97620.80825
coarse_075,Coarse 0.75x,2400,103,-2856.73,-11.2518,-3040.36,-3485.710795,1772.047357,97600.559
coarse_075,Coarse 0.75x,2400,104,-2855.82,-7.57606,-3056.1,-3489.098827,1805.095734,97581.2775
coarse_075,Coarse 0.75x,2400,105,-2849.92,-4.13698,-3066.79,-3486.0842,1824.435445,97568.18225
coarse_075,Coarse 0.75x,2400,106,-2837.57,-0.934355,-3069.64,-3474.878665,1830.485686,97564.691
coarse_075,Coarse 0.75x,2400,107,-2820.18,2.05477,-3065.44,-3457.237593,1821.84413,97569.836
coarse_075,Coarse 0.75x,2400,108,-2800.74,4.73233,-3056.5,-3436.703604,1796.912713,97580.7875
coarse_075,Coarse 0.75x,2400,109,-2783.36,7.31144,-3046.11,-3418.572514,1752.688116,97593.51525
coarse_075,Coarse 0.75x,2400,110,-2770.63,9.7415,-3036.61,-3405.955088,1689.088797,97605.15275
coarse_075,Coarse 0.75x,2400,111,-2763.72,12.0339,-3029.38,-3400.298528,1608.033985,97614.0095
coarse_075,Coarse 0.75x,2400,112,-2763.79,14.0956,-3026.14,-3402.90986,1511.833287,97617.9785
coarse_075,Coarse 0.75x,2400,113,-2771.87,15.7423,-3028.5,-3414.825067,1403.366915,97615.0875
coarse_075,Coarse 0.75x,2400,114,-2786.11,16.7654,-3035.63,-3433.522365,1289.457697,97606.35325
coarse_075,Coarse 0.75x,2400,115,-2804.26,16.7908,-3046.35,-3455.78723,1177.989175,97593.22125
coarse_075,Coarse 0.75x,2400,116,-2823.34,15.5888,-3058.56,-3477.68778,1077.480243,97578.264
coarse_075,Coarse 0.75x,2400,117,-2842.95,12.9874,-3072.59,-3498.523315,992.3579247,97561.07725
coarse_075,Coarse 0.75x,2400,118,-2856.09,9.7223,-3080.86,-3510.620068,930.1457109,97550.9465
coarse_075,Coarse 0.75x,2400,119,-2862.36,5.96867,-3082.9,-3513.702621,889.7145788,97548.4475
coarse_075,Coarse 0.75x,2400,120,-2861.45,2.15741,-3078.41,-3507.919077,869.0105374,97553.94775
coarse_075,Coarse 0.75x,2400,121,-2853.39,-1.26216,-3067.48,-3493.856604,865.1581481,97567.337
coarse_075,Coarse 0.75x,2400,122,-2839.97,-3.93414,-3051.96,-3474.143929,873.8861862,97586.349
coarse_075,Coarse 0.75x,2400,123,-2823.9,-5.69644,-3034.52,-3452.299361,890.6034411,97607.713
coarse_075,Coarse 0.75x,2400,124,-2808.02,-6.61413,-3017.91,-3431.722191,911.1297905,97628.06025
coarse_075,Coarse 0.75x,2400,125,-2795.68,-6.74994,-3005.05,-3416.439323,930.6200185,97643.81375
coarse_075,Coarse 0.75x,2400,126,-2785.64,-6.56158,-2995.06,-3404.371065,950.4015149,97656.0515
coarse_075,Coarse 0.75x,2400,127,-2777.39,-6.1322,-2987.33,-3394.790805,970.340371,97665.52075
coarse_075,Coarse 0.75x,2400,128,-2770.32,-5.50491,-2981.09,-3386.898485,990.380553,97673.16475
coarse_075,Coarse 0.75x,2400,129,-2764.22,-4.70725,-2975.92,-3380.403119,1010.256468,97679.498
coarse_075,Coarse 0.75x,2400,130,-2759.09,-3.76232,-2971.56,-3375.276408,1029.076879,97684.839
coarse_075,Coarse 0.75x,2400,131,-2755.68,-2.52644,-2968.6,-3372.613111,1045.246881,97688.465
coarse_075,Coarse 0.75x,2400,132,-2753.27,-1.31984,-2966.25,-3371.138946,1059.654425,97691.34375
coarse_075,Coarse 0.75x,2400,133,-2751.17,-0.12472,-2963.84,-3370.030468,1072.493187,97694.296
coarse_075,Coarse 0.75x,2400,134,-2749.39,1.08707,-2961.39,-3369.334411,1082.877774,97697.29725
coarse_075,Coarse 0.75x,2400,135,-2748.07,2.31554,-2959.14,-3369.222287,1089.620536,97700.0535
coarse_075,Coarse 0.75x,2400,136,-2747.01,3.58253,-2957.04,-3369.475849,1091.681187,97702.626
coarse_075,Coarse 0.75x,2400,137,-2747.04,4.85443,-2956,-3371.070677,1086.752179,97703.9
coarse_075,Coarse 0.75x,2400,138,-2748.57,6.06094,-2956.5,-3374.422902,1072.970192,97703.2875
coarse_075,Coarse 0.75x,2400,139,-2751.5,7.1231,-2958.5,-3379.313297,1049.184831,97700.8375
coarse_075,Coarse 0.75x,2400,140,-2755.28,7.91555,-2961.45,-3384.914549,1015.102109,97697.22375
coarse_075,Coarse 0.75x,2400,141,-2759.28,8.3159,-2964.74,-3390.304978,971.2291094,97693.1935
coarse_075,Coarse 0.75x,2400,142,-2763.07,8.2426,-2967.93,-3394.857935,918.8728499,97689.28575
coarse_075,Coarse 0.75x,2400,143,-2765.99,7.68801,-2970.37,-3397.755562,861.1034847,97686.29675
coarse_075,Coarse 0.75x,2400,144,-2767.63,6.7433,-2971.67,-3398.607293,802.031884,97684.70425
coarse_075,Coarse 0.75x,2400,145,-2767.66,5.48741,-2971.45,-3397.105577,746.5904701,97684.97375
coarse_075,Coarse 0.75x,2400,146,-2766.42,4.22966,-2970.07,-3394.045834,698.0123369,97686.66425
coarse_075,Coarse 0.75x,2400,147,-2763.91,3.14882,-2967.54,-3389.647054,658.9278295,97689.7635
coarse_075,Coarse 0.75x,2400,148,-2760.39,2.35745,-2964.12,-3384.365626,630.130366,97693.953
coarse_075,Coarse 0.75x,2400,149,-2756.39,1.88291,-2960.38,-3378.884315,610.8157053,97698.5345
coarse_075,Coarse 0.75x,2400,150,-2752.03,1.705,-2956.43,-3373.325375,599.6708471,97703.37325
coarse_075,Coarse 0.75x,2400,151,-2748.89,1.83579,-2953.68,-3369.639093,593.0122721,97706.742
coarse_075,Coarse 0.75x,2400,152,-2747.4,1.9752,-2952.53,-3367.98462,589.179398,97708.15075
coarse_075,Coarse 0.75x,2400,153,-2746.88,2.05856,-2952.35,-3367.449736,587.6383767,97708.37125
coarse_075,Coarse 0.75x,2400,154,-2746.81,2.06309,-2952.63,-3367.369535,587.9746719,97708.02825
coarse_075,Coarse 0.75x,2400,155,-2746.79,1.9871,-2952.93,-3367.251947,589.9597574,97707.66075
coarse_075,Coarse 0.75x,2400,156,-2746.51,1.8407,-2952.97,-3366.729608,593.5678181,97707.61175
coarse_075,Coarse 0.75x,2400,157,-2745.85,1.64045,-2952.57,-3365.675801,598.7509323,97708.10175
coarse_075,Coarse 0.75x,2400,158,-2744.74,1.40042,-2951.69,-3364.022014,605.5122588,97709.17975
coarse_075,Coarse 0.75x,2400,159,-2743.32,1.13158,-2950.45,-3361.953186,613.6559947,97710.69875
coarse_075,Coarse 0.75x,2400,160,-2741.72,0.848171,-2948.98,-3359.646009,622.9834132,97712.4995
coarse_075,Coarse 0.75x,2400,161,-2740.14,0.553015,-2947.46,-3357.348943,633.223647,97714.3615
coarse_075,Coarse 0.75x,2400,162,-2738.72,0.267211,-2946.03,-3355.259333,644.1020639,97716.11325
coarse_075,Coarse 0.75x,2400,163,-2737.47,0.00234489,-2944.69,-3353.403622,655.5037485,97717.75475
coarse_075,Coarse 0.75x,2400,164,-2736.57,-0.239511,-2943.69,-3352.004849,667.1059716,97718.97975
coarse_075,Coarse 0.75x,2400,165,-2735.14,-0.436186,-2942.07,-3350.012172,679.80584,97720.96425
coarse_075,Coarse 0.75x,2400,166,-2733.48,-0.584173,-2940.21,-3347.797388,693.0994497,97723.24275
coarse_075,Coarse 0.75x,2400,167,-2731.6,-0.683371,-2938.1,-3345.372871,706.8317543,97725.8275
coarse_075,Coarse 0.75x,2400,168,-2729.58,-0.736904,-2935.82,-3342.832793,720.7771897,97728.6205
coarse_075,Coarse 0.75x,2400,169,-2727.5,-0.749645,-2933.47,-3340.269185,734.7344753,97731.49925
coarse_075,Coarse 0.75x,2400,170,-2725.44,-0.727359,-2931.13,-3337.772985,748.4716348,97734.36575
coarse_075,Coarse 0.75x,2400,171,-2723.46,-0.677179,-2928.88,-3335.408956,761.8697688,97737.122
coarse_075,Coarse 0.75x,2400,172,-2721.57,-0.605178,-2926.72,-3333.181907,774.8380809,97739.768
coarse_075,Coarse 0.75x,2400,173,-2719.71,-0.513286,-2924.6,-3331.015975,787.4099858,97742.365
coarse_075,Coarse 0.75x,2400,174,-2717.99,-0.416754,-2922.65,-3329.027226,799.4273345,97744.75375
coarse_075,Coarse 0.75x,2400,175,-2716.36,-0.318824,-2920.82,-3327.150441,810.9457535,97746.9955
coarse_075,Coarse 0.75x,2400,176,-2714.83,-0.224422,-2919.1,-3325.391833,821.9709983,97749.1025
coarse_075,Coarse 0.75x,2400,177,-2713.35,-0.135579,-2917.47,-3323.687666,832.5681077,97751.09925
coarse_075,Coarse 0.75x,2400,178,-2711.91,-0.0521239,-2915.89,-3322.025898,842.771823,97753.03475
coarse_075,Coarse 0.75x,2400,179,-2710.47,0.0292621,-2914.35,-3320.361596,852.6389974,97754.92125
coarse_075,Coarse 0.75x,2400,180,-2709.08,0.11339,-2912.88,-3318.761903,862.0929597,97756.722
coarse_075,Coarse 0.75x,2400,181,-2707.78,0.203303,-2911.52,-3317.279546,871.0820362,97758.388
coarse_075,Coarse 0.75x,2400,182,-2706.61,0.303131,-2910.31,-3315.968585,879.4998134,97759.87025
coarse_075,Coarse 0.75x,2400,183,-2705.59,0.41462,-2909.27,-3314.85566,887.2885747,97761.14425
coarse_075,Coarse 0.75x,2400,184,-2704.74,0.538941,-2908.42,-3313.966703,894.3273978,97762.1855
coarse_075,Coarse 0.75x,2400,185,-2704.06,0.676895,-2907.78,-3313.302696,900.5629263,97762.9695
coarse_075,Coarse 0.75x,2400,186,-2703.59,0.82908,-2907.36,-3312.913373,905.8080245,97763.484
coarse_075,Coarse 0.75x,2400,187,-2703.26,0.997937,-2907.09,-3312.715973,910.0719257,97763.81475
coarse_075,Coarse 0.75x,2400,188,-2703.06,1.1778,-2906.97,-3312.691305,913.2578209,97763.96175
coarse_075,Coarse 0.75x,2400,189,-2703.01,1.36375,-2907.02,-3312.857844,915.2843114,97763.9005
coarse_075,Coarse 0.75x,2400,190,-2703.11,1.54921,-2907.23,-3313.207532,916.0857839,97763.64325
coarse_075,Coarse 0.75x,2400,191,-2703.41,1.72583,-2907.63,-3313.791392,915.579792,97763.15325
coarse_075,Coarse 0.75x,2400,192,-2703.88,1.8848,-2908.2,-3314.56188,913.8352239,97762.455
coarse_075,Coarse 0.75x,2400,193,-2704.47,2.02243,-2908.89,-3315.453227,910.9388621,97761.60975
coarse_075,Coarse 0.75x,2400,194,-2705.14,2.13379,-2909.66,-3316.410393,907.0407645,97760.6665
coarse_075,Coarse 0.75x,2400,195,-2705.85,2.21524,-2910.47,-3317.379919,902.299821,97759.67425
coarse_075,Coarse 0.75x,2400,196,-2706.57,2.26491,-2911.27,-3318.322765,896.9029174,97758.69425
coarse_075,Coarse 0.75x,2400,197,-2707.26,2.28235,-2912.03,-3319.189379,891.0475345,97757.76325
coarse_075,Coarse 0.75x,2400,198,-2707.89,2.26828,-2912.73,-3319.943893,884.9708817,97756.90575
coarse_075,Coarse 0.75x,2400,199,-2708.47,2.22522,-2913.36,-3320.601644,878.8380823,97756.134
coarse_075,Coarse 0.75x,2400,200,-2708.97,2.15823,-2913.9,-3321.132082,872.8499315,97755.4725
coarse_075,Coarse 0.75x,2400,201,-2709.38,2.07238,-2914.33,-3321.529166,867.1938024,97754.94575
coarse_075,Coarse 0.75x,2400,202,-2709.68,1.97288,-2914.65,-3321.774778,862.0482547,97754.55375
coarse_075,Coarse 0.75x,2400,203,-2709.88,1.86376,-2914.84,-3321.886106,857.514193,97754.321
coarse_075,Coarse 0.75x,2400,204,-2709.95,1.74961,-2914.89,-3321.832022,853.7516976,97754.25975
coarse_075,Coarse 0.75x,2400,205,-2709.84,1.63369,-2914.77,-3321.55527,850.8937068,97754.40675
coarse_075,Coarse 0.75x,2400,206,-2709.63,1.51667,-2914.53,-3321.154671,848.89569,97754.70075
coarse_075,Coarse 0.75x,2400,207,-2709.28,1.40176,-2914.14,-3320.585156,847.8568953,97755.1785
coarse_075,Coarse 0.75x,2400,208,-2708.85,1.29133,-2913.65,-3319.923129,847.7015183,97755.77875
coarse_075,Coarse 0.75x,2400,209,-2708.32,1.18737,-2913.07,-3319.146528,848.4520088,97756.48925
coarse_075,Coarse 0.75x,2400,210,-2707.73,1.09078,-2912.43,-3318.305456,850.0263814,97757.27325
coarse_075,Coarse 0.75x,2400,211,-2707.11,1.00351,-2911.74,-3317.43905,852.353408,97758.1185
coarse_075,Coarse 0.75x,2400,212,-2706.46,0.927028,-2911.03,-3316.549109,855.356294,97758.98825
coarse_075,Coarse 0.75x,2400,213,-2705.78,0.862722,-2910.3,-3315.637334,858.9689002,97759.8825
coarse_075,Coarse 0.75x,2400,214,-2705.09,0.811896,-2909.55,-3314.729823,863.0899255,97760.80125
coarse_075,Coarse 0.75x,2400,215,-2704.38,0.775841,-2908.79,-3313.815905,867.622789,97761.73225
coarse_075,Coarse 0.75x,2400,216,-2703.68,0.755772,-2908.04,-3312.933821,872.4540489,97762.651
coarse_075,Coarse 0.75x,2400,217,-2702.99,0.752572,-2907.31,-3312.084651,877.4648185,97763.54525
coarse_075,Coarse 0.75x,2400,218,-2702.34,0.766555,-2906.62,-3311.30553,882.5109637,97764.3905
coarse_075,Coarse 0.75x,2400,219,-2701.74,0.797383,-2905.99,-3310.608294,887.4844587,97765.16225
coarse_075,Coarse 0.75x,2400,220,-2701.2,0.844087,-2905.42,-3310.004007,892.2675672,97765.8605
coarse_075,Coarse 0.75x,2400,221,-2700.73,0.90478,-2904.94,-3309.502606,896.7545059,97766.4485
coarse_075,Coarse 0.75x,2400,222,-2700.35,0.976844,-2904.55,-3309.125384,900.8389449,97766.92625
coarse_075,Coarse 0.75x,2400,223,-2700.08,1.0575,-2904.27,-3308.893437,904.4255229,97767.26925
coarse_075,Coarse 0.75x,2400,224,-2699.9,1.14463,-2904.09,-3308.779672,907.467176,97767.48975
coarse_075,Coarse 0.75x,2400,225,-2699.81,1.2351,-2904.01,-3308.780247,909.9255404,97767.58775
coarse_075,Coarse 0.75x,2400,226,-2699.81,1.32633,-2904.02,-3308.892004,911.7615913,97767.5755
coarse_075,Coarse 0.75x,2400,227,-2699.87,1.41496,-2904.1,-3309.074076,913.0058648,97767.4775
coarse_075,Coarse 0.75x,2400,228,-2699.99,1.49834,-2904.24,-3309.323216,913.6724656,97767.306
coarse_075,Coarse 0.75x,2400,229,-2700.16,1.57406,-2904.44,-3309.624223,913.7661426,97767.061
coarse_075,Coarse 0.75x,2400,230,-2700.39,1.64007,-2904.69,-3309.986836,913.3091131,97766.75475
coarse_075,Coarse 0.75x,2400,231,-2700.65,1.69502,-2904.98,-3310.37265,912.4035325,97766.3995
coarse_075,Coarse 0.75x,2400,232,-2700.93,1.73825,-2905.29,-3310.768606,911.0836728,97766.01975
coarse_075,Coarse 0.75x,2400,233,-2701.22,1.76961,-2905.61,-3311.162272,909.4468838,97765.62775
coarse_075,Coarse 0.75x,2400,234,-2701.51,1.78908,-2905.94,-3311.541373,907.5478588,97765.2235
coarse_075,Coarse 0.75x,2400,235,-2701.81,1.79692,-2906.26,-3311.918477,905.4483337,97764.8315
coarse_075,Coarse 0.75x,2400,236,-2702.1,1.79404,-2906.57,-3312.270199,903.2354077,97764.45175
coarse_075,Coarse 0.75x,2400,237,-2702.37,1.78223,-2906.87,-3312.586482,900.9828947,97764.08425
coarse_075,Coarse 0.75x,2400,238,-2702.63,1.76316,-2907.14,-3312.881621,898.7509407,97763.7535
coarse_075,Coarse 0.75x,2400,239,-2702.85,1.7382,-2907.38,-3313.120545,896.6065738,97763.4595
coarse_075,Coarse 0.75x,2400,240,-2703.03,1.70873,-2907.57,-3313.304944,894.6013629,97763.22675
coarse_075,Coarse 0.75x,2400,241,-2703.17,1.6758,-2907.72,-3313.436105,892.7766779,97763.043
coarse_075,Coarse 0.75x,2400,242,-2703.26,1.64055,-2907.81,-3313.503174,891.1860547,97762.93275
coarse_075,Coarse 0.75x,2400,243,-2703.3,1.60441,-2907.86,-3313.507902,889.8385078,97762.8715
coarse_075,Coarse 0.75x,2400,244,-2703.31,1.56731,-2907.86,-3313.474705,888.7416736,97762.8715
coarse_075,Coarse 0.75x,2400,245,-2703.28,1.53011,-2907.83,-3313.392385,887.9068596,97762.90825
coarse_075,Coarse 0.75x,2400,246,-2703.21,1.49377,-2907.76,-3313.262118,887.3542778,97762.994
coarse_075,Coarse 0.75x,2400,247,-2703.12,1.45882,-2907.66,-3313.109054,887.0588573,97763.1165
coarse_075,Coarse 0.75x,2400,248,-2703.01,1.42591,-2907.53,-3312.93399,886.9985617,97763.27575
coarse_075,Coarse 0.75x,2400,249,-2702.89,1.39567,-2907.4,-3312.749946,887.1710527,97763.435
coarse_075,Coarse 0.75x,2400,250,-2702.75,1.36876,-2907.24,-3312.545481,887.5664903,97763.631
coarse_075,Coarse 0.75x,2400,251,-2702.6,1.34557,-2907.07,-3312.333323,888.1508478,97763.83925
coarse_075,Coarse 0.75x,2400,252,-2702.43,1.3264,-2906.9,-3312.10159,888.9359881,97764.0475
coarse_075,Coarse 0.75x,2400,253,-2702.26,1.31143,-2906.71,-3311.875002,889.8545716,97764.28025
coarse_075,Coarse 0.75x,2400,254,-2702.09,1.30079,-2906.52,-3311.653718,890.8851086,97764.513
coarse_075,Coarse 0.75x,2400,255,-2701.91,1.29449,-2906.33,-3311.4255,892.0291483,97764.74575
coarse_075,Coarse 0.75x,2400,256,-2701.73,1.2926,-2906.14,-3311.202685,893.2423757,97764.9785
coarse_075,Coarse 0.75x,2400,257,-2701.56,1.29501,-2905.96,-3310.997387,894.4807022,97765.199
coarse_075,Coarse 0.75x,2400,258,-2701.4,1.30149,-2905.79,-3310.809325,895.7230878,97765.40725
coarse_075,Coarse 0.75x,2400,259,-2701.26,1.3118,-2905.63,-3310.650455,896.9362606,97765.60325
coarse_075,Coarse 0.75x,2400,260,-2701.13,1.32552,-2905.5,-3310.508012,898.0904021,97765.7625
coarse_075,Coarse 0.75x,2400,261,-2701.02,1.34217,-2905.39,-3310.393658,899.1738325,97765.89725
coarse_075,Coarse 0.75x,2400,262,-2700.93,1.3611,-2905.3,-3310.306597,900.1660604,97766.0075
coarse_075,Coarse 0.75x,2400,263,-2700.87,1.38155,-2905.23,-3310.258149,901.0238515,97766.09325
coarse_075,Coarse 0.75x,2400,264,-2700.83,1.40298,-2905.19,-3310.2354,901.7601171,97766.14225
coarse_075,Coarse 0.75x,2400,265,-2700.81,1.42486,-2905.18,-3310.237704,902.3542397,97766.1545
coarse_075,Coarse 0.75x,2400,266,-2700.82,1.44672,-2905.19,-3310.276732,902.7945495,97766.14225
coarse_075,Coarse 0.75x,2400,267,-2700.84,1.46793,-2905.22,-3310.327214,903.0956889,97766.1055
coarse_075,Coarse 0.75x,2400,268,-2700.88,1.48798,-2905.26,-3310.400776,903.2566692,97766.0565
coarse_075,Coarse 0.75x,2400,269,-2700.93,1.50642,-2905.32,-3310.484615,903.2796614,97765.983
coarse_075,Coarse 0.75x,2400,270,-2701,1.52281,-2905.39,-3310.590442,903.1635873,97765.89725
coarse_075,Coarse 0.75x,2400,271,-2701.07,1.53684,-2905.46,-3310.693379,902.9439585,97765.8115
coarse_075,Coarse 0.75x,2400,272,-2701.14,1.5483,-2905.55,-3310.793167,902.6316634,97765.70125
coarse_075,Coarse 0.75x,2400,273,-2701.22,1.55709,-2905.64,-3310.901935,902.2252072,97765.591
coarse_075,Coarse 0.75x,2400,274,-2701.3,1.5632,-2905.73,-3311.00742,901.7474843,97765.48075
coarse_075,Coarse 0.75x,2400,275,-2701.39,1.56668,-2905.82,-3311.121933,901.1968184,97765.3705
coarse_075,Coarse 0.75x,2400,276,-2701.47,1.56763,-2905.91,-3311.221097,900.6294919,97765.26025
coarse_075,Coarse 0.75x,2400,277,-2701.55,1.56621,-2905.99,-3311.317357,900.0330663,97765.16225
coarse_075,Coarse 0.75x,2400,278,-2701.62,1.56263,-2906.07,-3311.398722,899.4408131,97765.06425
coarse_075,Coarse 0.75x,2400,279,-2701.69,1.55712,-2906.14,-3311.477722,898.8402126,97764.9785
coarse_075,Coarse 0.75x,2400,280,-2701.75,1.54996,-2906.2,-3311.542451,898.2857298,97764.905
coarse_075,Coarse 0.75x,2400,281,-2701.8,1.54153,-2906.26,-3311.593374,897.7556443,97764.8315
coarse_075,Coarse 0.75x,2400,282,-2701.84,1.53202,-2906.3,-3311.630725,897.2816508,97764.7825
coarse_075,Coarse 0.75x,2400,283,-2701.87,1.52195,-2906.33,-3311.655139,896.8631307,97764.74575
coarse_075,Coarse 0.75x,2400,284,-2701.88,1.51168,-2906.34,-3311.654808,896.5225489,97764.7335
coarse_075,Coarse 0.75x,2400,285,-2701.89,1.50123,-2906.34,-3311.654257,896.2460358,97764.7335
coarse_075,Coarse 0.75x,2400,286,-2701.88,1.49087,-2906.33,-3311.629316,896.0364975,97764.74575
coarse_075,Coarse 0.75x,2400,287,-2701.86,1.48091,-2906.32,-3311.592615,895.9132337,97764.758
coarse_075,Coarse 0.75x,2400,288,-2701.84,1.4715,-2906.29,-3311.556588,895.8425419,97764.79475
coarse_075,Coarse 0.75x,2400,289,-2701.81,1.46279,-2906.25,-3311.509168,895.8471352,97764.84375
coarse_075,Coarse 0.75x,2400,290,-2701.77,1.45497,-2906.21,-3311.450588,895.9267847,97764.89275
coarse_075,Coarse 0.75x,2400,291,-2701.73,1.44818,-2906.17,-3311.393271,896.0477919,97764.94175
coarse_075,Coarse 0.75x,2400,292,-2701.69,1.44252,-2906.12,-3311.337337,896.2206724,97765.003
coarse_075,Coarse 0.75x,2400,293,-2701.64,1.43805,-2906.08,-3311.270611,896.4469604,97765.052
coarse_075,Coarse 0.75x,2400,294,-2701.6,1.43481,-2906.03,-3311.217642,896.6914633,97765.11325
coarse_075,Coarse 0.75x,2400,295,-2701.55,1.4328,-2905.98,-3311.15393,896.9786742,97765.1745
coarse_075,Coarse 0.75x,2400,296,-2701.51,1.43201,-2905.93,-3311.103962,897.2734597,97765.23575
coarse_075,Coarse 0.75x,2400,297,-2701.47,1.43238,-2905.89,-3311.055416,897.5881355,97765.28475
coarse_075,Coarse 0.75x,2400,298,-2701.43,1.43386,-2905.84,-3311.008229,897.9014786,97765.346
coarse_075,Coarse 0.75x,2400,299,-2701.39,1.43634,-2905.8,-3310.962267,898.2242538,97765.395
coarse_075,Coarse 0.75x,2400,300,-2701.36,1.43975,-2905.77,-3310.929694,898.523014,97765.43175
coarse_075,Coarse 0.75x,2400,301,-2701.33,1.44395,-2905.74,-3310.898089,898.7995372,97765.4685
coarse_075,Coarse 0.75x,2400,302,-2701.31,1.44876,-2905.71,-3310.879481,899.0630608,97765.50525
coarse_075,Coarse 0.75x,2400,303,-2701.29,1.45395,-2905.7,-3310.861339,899.2942011,97765.5175
coarse_075,Coarse 0.75x,2400,304,-2701.28,1.45936,-2905.68,-3310.855716,899.4808994,97765.542
coarse_075,Coarse 0.75x,2400,305,-2701.27,1.46486,-2905.68,-3310.850204,899.6461973,97765.542
coarse_075,Coarse 0.75x,2400,306,-2701.27,1.47037,-2905.68,-3310.856953,899.7673028,97765.542
coarse_075,Coarse 0.75x,2400,307,-2701.28,1.47572,-2905.69,-3310.875757,899.8550574,97765.52975
coarse_075,Coarse 0.75x,2400,308,-2701.29,1.48082,-2905.7,-3310.894255,899.9005471,97765.5175
coarse_075,Coarse 0.75x,2400,309,-2701.3,1.48556,-2905.72,-3310.912311,899.9145408,97765.493
coarse_075,Coarse 0.75x,2400,310,-2701.32,1.48984,-2905.74,-3310.942054,899.8849101,97765.4685
coarse_075,Coarse 0.75x,2400,311,-2701.34,1.49357,-2905.76,-3310.971123,899.8346494,97765.444
coarse_075,Coarse 0.75x,2400,312,-2701.36,1.49668,-2905.78,-3310.999433,899.7532097,97765.4195
coarse_075,Coarse 0.75x,2400,313,-2701.38,1.49916,-2905.8,-3311.026971,899.6512391,97765.395
coarse_075,Coarse 0.75x,2400,314,-2701.4,1.50097,-2905.83,-3311.053688,899.5287874,97765.35825
coarse_075,Coarse 0.75x,2400,315,-2701.42,1.50213,-2905.85,-3311.079609,899.3964683,97765.33375
coarse_075,Coarse 0.75x,2400,316,-2701.45,1.50264,-2905.87,-3311.116984,899.2313979,97765.30925
coarse_075,Coarse 0.75x,2400,317,-2701.47,1.50252,-2905.9,-3311.141337,899.0793262,97765.2725
coarse_075,Coarse 0.75x,2400,318,-2701.49,1.50181,-2905.92,-3311.164967,898.9173215,97765.248
coarse_075,Coarse 0.75x,2400,319,-2701.51,1.50057,-2905.94,-3311.187948,898.7665868,97765.2235
coarse_075,Coarse 0.75x,2400,320,-2701.52,1.49887,-2905.96,-3311.198116,898.6180169,97765.199
coarse_075,Coarse 0.75x,2400,321,-2701.54,1.49676,-2905.97,-3311.220031,898.4683274,97765.18675
coarse_075,Coarse 0.75x,2400,322,-2701.55,1.49436,-2905.98,-3311.229341,898.3418759,97765.1745
coarse_075,Coarse 0.75x,2400,323,-2701.56,1.49178,-2905.99,-3311.238431,898.226281,97765.16225
coarse_075,Coarse 0.75x,2400,324,-2701.56,1.48909,-2906,-3311.235135,898.1337108,97765.15
coarse_075,Coarse 0.75x,2400,325,-2701.57,1.48636,-2906,-3311.244041,898.039583,97765.15
coarse_075,Coarse 0.75x,2400,326,-2701.56,1.48361,-2906,-3311.228422,897.9912633,97765.15
coarse_075,Coarse 0.75x,2400,327,-2701.56,1.48094,-2905.99,-3311.225152,897.9518813,97765.16225
coarse_075,Coarse 0.75x,2400,328,-2701.55,1.47838,-2905.99,-3311.209766,897.9352652,97765.16225
coarse_075,Coarse 0.75x,2400,329,-2701.55,1.47599,-2905.98,-3311.206838,897.9168433,97765.1745
coarse_075,Coarse 0.75x,2400,330,-2701.54,1.47383,-2905.97,-3311.191942,897.9316805,97765.18675
coarse_075,Coarse 0.75x,2400,331,-2701.53,1.47192,-2905.96,-3311.177352,897.9568648,97765.199
coarse_075,Coarse 0.75x,2400,332,-2701.52,1.47032,-2905.95,-3311.163142,897.9923234,97765.21125
coarse_075,Coarse 0.75x,2400,333,-2701.51,1.46903,-2905.94,-3311.149312,898.0486929,97765.2235
coarse_075,Coarse 0.75x,2400,334,-2701.5,1.46807,-2905.92,-3311.135886,898.1046727,97765.248
coarse_075,Coarse 0.75x,2400,335,-2701.48,1.46744,-2905.91,-3311.110614,898.1937871,97765.26025
coarse_075,Coarse 0.75x,2400,336,-2701.47,1.46714,-2905.9,-3311.097997,898.2702597,97765.2725
coarse_075,Coarse 0.75x,2400,337,-2701.46,1.46716,-2905.89,-3311.085771,898.3463509,97765.28475
coarse_075,Coarse 0.75x,2400,338,-2701.45,1.46749,-2905.88,-3311.073925,898.4220711,97765.297
coarse_075,Coarse 0.75x,2400,339,-2701.44,1.46809,-2905.86,-3311.06241,898.5081046,97765.3215
coarse_075,Coarse 0.75x,2400,340,-2701.43,1.46893,-2905.86,-3311.051189,898.5832121,97765.3215
coarse_075,Coarse 0.75x,2400,341,-2701.43,1.46999,-2905.85,-3311.052488,898.6564398,97765.33375
coarse_075,Coarse 0.75x,2400,342,-2701.42,1.47119,-2905.84,-3311.041708,898.7204737,97765.346
coarse_075,Coarse 0.75x,2400,343,-2701.41,1.47251,-2905.84,-3311.031075,898.794997,97765.346
coarse_075,Coarse 0.75x,2400,344,-2701.41,1.47389,-2905.83,-3311.032765,898.8359208,97765.35825
coarse_075,Coarse 0.75x,2400,345,-2701.41,1.47529,-2905.83,-3311.03448,898.8768168,97765.35825
coarse_075,Coarse 0.75x,2400,346,-2701.41,1.47671,-2905.83,-3311.03622,898.9176829,97765.35825
coarse_075,Coarse 0.75x,2400,347,-2701.41,1.47811,-2905.83,-3311.037935,898.9372948,97765.35825
coarse_075,Coarse 0.75x,2400,348,-2701.41,1.47944,-2905.84,-3311.039564,898.9569854,97765.346
coarse_075,Coarse 0.75x,2400,349,-2701.42,1.48069,-2905.84,-3311.053345,898.9538797,97765.346
coarse_075,Coarse 0.75x,2400,350,-2701.42,1.48182,-2905.84,-3311.05473,898.9525267,97765.346
coarse_075,Coarse 0.75x,2400,351,-2701.43,1.48282,-2905.85,-3311.068205,898.9390745,97765.33375
coarse_075,Coarse 0.75x,2400,352,-2701.43,1.48366,-2905.86,-3311.069233,898.9274236,97765.3215
coarse_075,Coarse 0.75x,2400,353,-2701.44,1.48434,-2905.86,-3311.082317,898.8930738,97765.3215
coarse_075,Coarse 0.75x,2400,354,-2701.44,1.48486,-2905.87,-3311.082954,898.8711624,97765.30925
coarse_075,Coarse 0.75x,2400,355,-2701.45,1.4852,-2905.87,-3311.09562,898.8265778,97765.30925
coarse_075,Coarse 0.75x,2400,356,-2701.45,1.48538,-2905.88,-3311.095841,898.7944325,97765.297
coarse_075,Coarse 0.75x,2400,357,-2701.46,1.48539,-2905.89,-3311.108103,898.7502393,97765.28475
coarse_075,Coarse 0.75x,2400,358,-2701.47,1.48524,-2905.89,-3311.120169,898.7062376,97765.28475
coarse_075,Coarse 0.75x,2400,359,-2701.47,1.48495,-2905.9,-3311.119814,898.6640164,97765.2725
coarse_075,Coarse 0.75x,2400,360,-2701.47,1.48453,-2905.9,-3311.119299,898.6325881,97765.2725
coarse_075,Coarse 0.75x,2400,361,-2701.48,1.484,-2905.91,-3311.1309,898.5890424,97765.26025
coarse_075,Coarse 0.75x,2400,362,-2701.48,1.48339,-2905.91,-3311.130153,898.557844,97765.26025
coarse_075,Coarse 0.75x,2400,363,-2701.48,1.48273,-2905.91,-3311.129344,898.5267064,97765.26025
coarse_075,Coarse 0.75x,2400,364,-2701.49,1.48203,-2905.91,-3311.140737,898.4940055,97765.26025
coarse_075,Coarse 0.75x,2400,365,-2701.49,1.48132,-2905.92,-3311.139867,898.4735688,97765.248
coarse_075,Coarse 0.75x,2400,366,-2701.49,1.4806,-2905.91,-3311.138985,898.4531462,97765.26025
coarse_075,Coarse 0.75x,2400,367,-2701.49,1.47989,-2905.91,-3311.138115,898.4433513,97765.26025
coarse_075,Coarse 0.75x,2400,368,-2701.49,1.47921,-2905.91,-3311.137282,898.4335231,97765.26025
coarse_075,Coarse 0.75x,2400,369,-2701.48,1.47857,-2905.91,-3311.124248,898.4358996,97765.26025
coarse_075,Coarse 0.75x,2400,370,-2701.48,1.47799,-2905.91,-3311.123538,898.4365937,97765.26025
coarse_075,Coarse 0.75x,2400,371,-2701.48,1.47748,-2905.91,-3311.122913,898.4372064,97765.26025
coarse_075,Coarse 0.75x,2400,372,-2701.48,1.47704,-2905.9,-3311.122374,898.4483745,97765.2725
coarse_075,Coarse 0.75x,2400,373,-2701.47,1.47669,-2905.9,-3311.109695,898.4716863,97765.2725
coarse_075,Coarse 0.75x,2400,374,-2701.47,1.47642,-2905.9,-3311.109365,898.4826544,97765.2725
coarse_075,Coarse 0.75x,2400,375,-2701.47,1.47624,-2905.89,-3311.109144,898.4935157,97765.28475
coarse_075,Coarse 0.75x,2400,376,-2701.46,1.47614,-2905.89,-3311.096772,898.5271693,97765.28475
coarse_075,Coarse 0.75x,2400,377,-2701.46,1.47612,-2905.89,-3311.096747,898.5378412,97765.28475
coarse_075,Coarse 0.75x,2400,378,-2701.46,1.47618,-2905.88,-3311.096821,898.5590542,97765.297
coarse_075,Coarse 0.75x,2400,379,-2701.46,1.47632,-2905.88,-3311.096992,898.5801715,97765.297
coarse_075,Coarse 0.75x,2400,380,-2701.45,1.47653,-2905.88,-3311.084999,898.6028174,97765.297
coarse_075,Coarse 0.75x,2400,381,-2701.45,1.4768,-2905.88,-3311.08533,898.623778,97765.297
coarse_075,Coarse 0.75x,2400,382,-2701.45,1.4771,-2905.87,-3311.085698,898.6340652,97765.30925
coarse_075,Coarse 0.75x,2400,383,-2701.45,1.47743,-2905.87,-3311.086102,898.6549529,97765.30925
coarse_075,Coarse 0.75x,2400,384,-2701.45,1.47777,-2905.87,-3311.086518,898.6651908,97765.30925
coarse_075,Coarse 0.75x,2400,385,-2701.45,1.47812,-2905.87,-3311.086947,898.6754157,97765.30925
coarse_075,Coarse 0.75x,2400,386,-2701.45,1.47848,-2905.87,-3311.087388,898.6856272,97765.30925
coarse_075,Coarse 0.75x,2400,387,-2701.45,1.47883,-2905.87,-3311.087817,898.6958495,97765.30925
coarse_075,Coarse 0.75x,2400,388,-2701.45,1.47916,-2905.87,-3311.088221,898.695458,97765.30925
coarse_075,Coarse 0.75x,2400,389,-2701.45,1.47952,-2905.87,-3311.088662,898.7056645,97765.30925
coarse_075,Coarse 0.75x,2400,390,-2701.45,1.47985,-2905.88,-3311.089066,898.7052687,97765.297
coarse_075,Coarse 0.75x,2400,391,-2701.45,1.48013,-2905.88,-3311.089409,898.7049322,97765.297
coarse_075,Coarse 0.75x,2400,392,-2701.45,1.48036,-2905.88,-3311.089691,898.6940183,97765.297
coarse_075,Coarse 0.75x,2400,393,-2701.45,1.48055,-2905.88,-3311.089924,898.6937875,97765.297
coarse_075,Coarse 0.75x,2400,394,-2701.46,1.48069,-2905.88,-3311.102345,898.6707296,97765.297
coarse_075,Coarse 0.75x,2400,395,-2701.46,1.48079,-2905.88,-3311.102468,898.6706051,97765.297
coarse_075,Coarse 0.75x,2400,396,-2701.46,1.48081,-2905.88,-3311.102492,898.6599406,97765.297
coarse_075,Coarse 0.75x,2400,397,-2701.46,1.48079,-2905.89,-3311.102468,898.6493231,97765.28475
coarse_075,Coarse 0.75x,2400,398,-2701.46,1.48074,-2905.89,-3311.102407,898.6387414,97765.28475
coarse_075,Coarse 0.75x,2400,399,-2701.46,1.48067,-2905.89,-3311.102321,898.6388197,97765.28475
coarse_075,Coarse 0.75x,2400,400,-2701.46,1.48057,-2905.89,-3311.102198,898.6282972,97765.28475
coarse_075,Coarse 0.75x,2400,401,-2701.47,1.48045,-2905.89,-3311.114301,898.6055486,97765.28475
coarse_075,Coarse 0.75x,2400,402,-2701.47,1.48031,-2905.89,-3311.11413,898.5950742,97765.28475
coarse_075,Coarse 0.75x,2400,403,-2701.47,1.48015,-2905.89,-3311.113934,898.5846239,97765.28475
coarse_075,Coarse 0.75x,2400,404,-2701.47,1.47999,-2905.89,-3311.113738,898.5848107,97765.28475
coarse_075,Coarse 0.75x,2400,405,-2701.47,1.47982,-2905.89,-3311.113529,898.5743737,97765.28475
coarse_075,Coarse 0.75x,2400,406,-2701.47,1.47964,-2905.89,-3311.113309,898.574586,97765.28475
coarse_075,Coarse 0.75x,2400,407,-2701.47,1.47946,-2905.89,-3311.113089,898.5641621,97765.28475
coarse_075,Coarse 0.75x,2400,408,-2701.47,1.47929,-2905.89,-3311.11288,898.5643639,97765.28475
coarse_075,Coarse 0.75x,2400,409,-2701.47,1.47914,-2905.89,-3311.112696,898.5645421,97765.28475
coarse_075,Coarse 0.75x,2400,410,-2701.47,1.47899,-2905.89,-3311.112513,898.5647209,97765.28475
coarse_075,Coarse 0.75x,2400,411,-2701.47,1.47886,-2905.89,-3311.112354,898.5648769,97765.28475
coarse_075,Coarse 0.75x,2400,412,-2701.46,1.47875,-2905.89,-3311.099969,898.5772591,97765.28475
coarse_075,Coarse 0.75x,2400,413,-2701.46,1.47867,-2905.89,-3311.099871,898.5773557,97765.28475
coarse_075,Coarse 0.75x,2400,414,-2701.46,1.4786,-2905.89,-3311.099785,898.5774415,97765.28475
coarse_075,Coarse 0.75x,2400,415,-2701.46,1.47856,-2905.89,-3311.099736,898.588128,97765.28475
coarse_075,Coarse 0.75x,2400,416,-2701.46,1.47853,-2905.89,-3311.099699,898.5881664,97765.28475
coarse_075,Coarse 0.75x,2400,417,-2701.46,1.47848,-2905.89,-3311.099638,898.5882302,97765.28475
coarse_075,Coarse 0.75x,2400,418,-2701.46,1.47847,-2905.89,-3311.099626,898.5988826,97765.28475
coarse_075,Coarse 0.75x,2400,419,-2701.46,1.4785,-2905.88,-3311.099663,898.5988494,97765.297
coarse_075,Coarse 0.75x,2400,420,-2701.46,1.47855,-2905.88,-3311.099724,898.6094293,97765.297
coarse_075,Coarse 0.75x,2400,421,-2701.46,1.47862,-2905.88,-3311.099809,898.6093481,97765.297
coarse_075,Coarse 0.75x,2400,422,-2701.46,1.4787,-2905.88,-3311.099908,898.6198915,97765.297
coarse_075,Coarse 0.75x,2400,423,-2701.46,1.47879,-2905.88,-3311.100018,898.6197861,97765.297
coarse_075,Coarse 0.75x,2400,424,-2701.46,1.47888,-2905.88,-3311.100128,898.6196804,97765.297
coarse_075,Coarse 0.75x,2400,425,-2701.46,1.47897,-2905.88,-3311.100238,898.6302112,97765.297
coarse_075,Coarse 0.75x,2400,426,-2701.46,1.47907,-2905.88,-3311.100361,898.630093,97765.297
coarse_075,Coarse 0.75x,2400,427,-2701.46,1.47917,-2905.88,-3311.100483,898.6299744,97765.297
coarse_075,Coarse 0.75x,2400,428,-2701.46,1.47926,-2905.88,-3311.100594,898.6298674,97765.297
coarse_075,Coarse 0.75x,2400,429,-2701.46,1.47935,-2905.88,-3311.100704,898.6297601,97765.297
coarse_075,Coarse 0.75x,2400,430,-2701.46,1.47942,-2905.88,-3311.10079,898.6296766,97765.297
coarse_075,Coarse 0.75x,2400,431,-2701.46,1.47949,-2905.88,-3311.100875,898.6295928,97765.297
coarse_075,Coarse 0.75x,2400,432,-2701.46,1.47955,-2905.88,-3311.100949,898.6295206,97765.297
coarse_075,Coarse 0.75x,2400,433,-2701.46,1.4796,-2905.88,-3311.10101,898.62946,97765.297
coarse_075,Coarse 0.75x,2400,434,-2701.46,1.47963,-2905.88,-3311.101047,898.6294233,97765.297
coarse_075,Coarse 0.75x,2400,435,-2701.46,1.47966,-2905.89,-3311.101084,898.6293862,97765.28475
coarse_075,Coarse 0.75x,2400,436,-2701.46,1.47968,-2905.89,-3311.101108,898.629361,97765.28475
coarse_075,Coarse 0.75x,2400,437,-2701.46,1.47968,-2905.89,-3311.101108,898.6293597,97765.28475
coarse_075,Coarse 0.75x,2400,438,-2701.46,1.47968,-2905.89,-3311.101108,898.6187216,97765.28475
coarse_075,Coarse 0.75x,2400,439,-2701.46,1.47966,-2905.89,-3311.101084,898.6187442,97765.28475
coarse_075,Coarse 0.75x,2400,440,-2701.46,1.47964,-2905.89,-3311.101059,898.6187667,97765.28475
coarse_075,Coarse 0.75x,2400,441,-2701.46,1.47961,-2905.89,-3311.101022,898.6188012,97765.28475
coarse_075,Coarse 0.75x,2400,442,-2701.46,1.47958,-2905.89,-3311.100986,898.6081988,97765.28475
coarse_075,Coarse 0.75x,2400,443,-2701.46,1.47954,-2905.89,-3311.100936,898.6082452,97765.28475
coarse_075,Coarse 0.75x,2400,444,-2701.46,1.47949,-2905.89,-3311.100875,898.6083042,97765.28475
coarse_075,Coarse 0.75x,2400,445,-2701.46,1.47945,-2905.89,-3311.100826,898.6083509,97765.28475
coarse_075,Coarse 0.75x,2400,446,-2701.46,1.47939,-2905.89,-3311.100753,898.6084221,97765.28475
coarse_075,Coarse 0.75x,2400,447,-2701.46,1.47934,-2905.89,-3311.100692,898.6084814,97765.28475
coarse_075,Coarse 0.75x,2400,448,-2701.46,1.47929,-2905.89,-3311.10063,898.608541,97765.28475
coarse_075,Coarse 0.75x,2400,449,-2701.46,1.47925,-2905.89,-3311.100581,898.6085884,97765.28475
coarse_075,Coarse 0.75x,2400,450,-2701.46,1.47921,-2905.89,-3311.100532,898.6086361,97765.28475
coarse_075,Coarse 0.75x,2400,451,-2701.46,1.47918,-2905.89,-3311.100495,898.6086719,97765.28475
coarse_075,Coarse 0.75x,2400,452,-2701.46,1.47915,-2905.89,-3311.100459,898.608708,97765.28475
coarse_075,Coarse 0.75x,2400,453,-2701.46,1.47913,-2905.89,-3311.100434,898.6087321,97765.28475
coarse_075,Coarse 0.75x,2400,454,-2701.46,1.47911,-2905.89,-3311.10041,898.6087563,97765.28475
coarse_075,Coarse 0.75x,2400,455,-2701.46,1.4791,-2905.89,-3311.100398,898.6087689,97765.28475
coarse_075,Coarse 0.75x,2400,456,-2701.46,1.4791,-2905.89,-3311.100398,898.6087692,97765.28475
coarse_075,Coarse 0.75x,2400,457,-2701.46,1.4791,-2905.89,-3311.100398,898.6087695,97765.28475
coarse_075,Coarse 0.75x,2400,458,-2701.46,1.4791,-2905.89,-3311.100398,898.6087705,97765.28475
coarse_075,Coarse 0.75x,2400,459,-2701.46,1.47911,-2905.89,-3311.10041,898.6087593,97765.28475
coarse_075,Coarse 0.75x,2400,460,-2701.46,1.47912,-2905.89,-3311.100422,898.608748,97765.28475
coarse_075,Coarse 0.75x,2400,461,-2701.46,1.47913,-2905.89,-3311.100434,898.608737,97765.28475
coarse_075,Coarse 0.75x,2400,462,-2701.46,1.47915,-2905.89,-3311.100459,898.6087135,97765.28475
coarse_075,Coarse 0.75x,2400,463,-2701.46,1.47916,-2905.89,-3311.100471,898.6193394,97765.28475
coarse_075,Coarse 0.75x,2400,464,-2701.46,1.47919,-2905.89,-3311.100508,898.6193039,97765.28475
coarse_075,Coarse 0.75x,2400,465,-2701.46,1.47921,-2905.89,-3311.100532,898.6192807,97765.28475
coarse_075,Coarse 0.75x,2400,466,-2701.46,1.47923,-2905.89,-3311.100557,898.6192572,97765.28475
coarse_075,Coarse 0.75x,2400,467,-2701.46,1.47926,-2905.89,-3311.100594,898.6192215,97765.28475
coarse_075,Coarse 0.75x,2400,468,-2701.46,1.47928,-2905.89,-3311.100618,898.6191979,97765.28475
coarse_075,Coarse 0.75x,2400,469,-2701.46,1.47931,-2905.89,-3311.100655,898.6191622,97765.28475
coarse_075,Coarse 0.75x,2400,470,-2701.46,1.47933,-2905.89,-3311.100679,898.6191383,97765.28475
coarse_075,Coarse 0.75x,2400,471,-2701.46,1.47934,-2905.89,-3311.100692,898.6191264,97765.28475
coarse_075,Coarse 0.75x,2400,472,-2701.46,1.47936,-2905.89,-3311.100716,898.6191025,97765.28475
coarse_075,Coarse 0.75x,2400,473,-2701.46,1.47937,-2905.89,-3311.100728,898.6190903,97765.28475
coarse_075,Coarse 0.75x,2400,474,-2701.46,1.47937,-2905.89,-3311.100728,898.6190906,97765.28475
coarse_075,Coarse 0.75x,2400,475,-2701.46,1.47938,-2905.89,-3311.100741,898.619078,97765.28475
coarse_075,Coarse 0.75x,2400,476,-2701.46,1.47939,-2905.89,-3311.100753,898.6190658,97765.28475
coarse_075,Coarse 0.75x,2400,477,-2701.46,1.4794,-2905.89,-3311.100765,898.6190532,97765.28475
coarse_075,Coarse 0.75x,2400,478,-2701.46,1.4794,-2905.89,-3311.100765,898.6190529,97765.28475
coarse_075,Coarse 0.75x,2400,479,-2701.46,1.4794,-2905.89,-3311.100765,898.6190526,97765.28475
coarse_075,Coarse 0.75x,2400,480,-2701.46,1.47939,-2905.89,-3311.100753,898.6190642,97765.28475
coarse_075,Coarse 0.75x,2400,481,-2701.46,1.47937,-2905.89,-3311.100728,898.6190883,97765.28475
coarse_075,Coarse 0.75x,2400,482,-2701.46,1.47936,-2905.89,-3311.100716,898.6190999,97765.28475
coarse_075,Coarse 0.75x,2400,483,-2701.46,1.47935,-2905.89,-3311.100704,898.6084747,97765.28475
coarse_075,Coarse 0.75x,2400,484,-2701.46,1.47933,-2905.89,-3311.100679,898.6084989,97765.28475
coarse_075,Coarse 0.75x,2400,485,-2701.46,1.47932,-2905.89,-3311.100667,898.6085105,97765.28475
coarse_075,Coarse 0.75x,2400,486,-2701.46,1.47931,-2905.89,-3311.100655,898.6085221,97765.28475
coarse_075,Coarse 0.75x,2400,487,-2701.46,1.4793,-2905.89,-3311.100643,898.608534,97765.28475
coarse_075,Coarse 0.75x,2400,488,-2701.46,1.47929,-2905.89,-3311.10063,898.6085456,97765.28475
coarse_075,Coarse 0.75x,2400,489,-2701.46,1.47927,-2905.89,-3311.100606,898.6085698,97765.28475
coarse_075,Coarse 0.75x,2400,490,-2701.46,1.47926,-2905.89,-3311.100594,898.6085817,97765.28475
coarse_075,Coarse 0.75x,2400,491,-2701.46,1.47924,-2905.89,-3311.100569,898.6086059,97765.28475
coarse_075,Coarse 0.75x,2400,492,-2701.46,1.47923,-2905.89,-3311.100557,898.6086178,97765.28475
coarse_075,Coarse 0.75x,2400,493,-2701.46,1.47922,-2905.89,-3311.100545,898.6086297,97765.28475
coarse_075,Coarse 0.75x,2400,494,-2701.46,1.47922,-2905.89,-3311.100545,898.6086297,97765.28475
coarse_075,Coarse 0.75x,2400,495,-2701.46,1.47921,-2905.89,-3311.100532,898.6086416,97765.28475
coarse_075,Coarse 0.75x,2400,496,-2701.46,1.47921,-2905.89,-3311.100532,898.6086416,97765.28475
coarse_075,Coarse 0.75x,2400,497,-2701.46,1.47921,-2905.89,-3311.100532,898.6086416,97765.28475
coarse_075,Coarse 0.75x,2400,498,-2701.46,1.47921,-2905.89,-3311.100532,898.608642,97765.28475
coarse_075,Coarse 0.75x,2400,499,-2701.46,1.47921,-2905.89,-3311.100532,898.608642,97765.28475
coarse_075,Coarse 0.75x,2400,500,-2701.46,1.47921,-2905.89,-3311.100532,898.608642,97765.28475
coarse_075,Coarse 0.75x,2400,501,-2701.46,1.47921,-2905.89,-3311.100532,898.6086423,97765.28475
coarse_075,Coarse 0.75x,2400,502,-2701.46,1.47921,-2905.89,-3311.100532,898.6086426,97765.28475
coarse_075,Coarse 0.75x,2400,503,-2701.46,1.47921,-2905.89,-3311.100532,898.608643,97765.28475
coarse_075,Coarse 0.75x,2400,504,-2701.46,1.47922,-2905.89,-3311.100545,898.6086307,97765.28475
coarse_075,Coarse 0.75x,2400,505,-2701.46,1.47922,-2905.89,-3311.100545,898.608631,97765.28475
coarse_075,Coarse 0.75x,2400,506,-2701.46,1.47922,-2905.89,-3311.100545,898.6192682,97765.28475
coarse_075,Coarse 0.75x,2400,507,-2701.46,1.47923,-2905.89,-3311.100557,898.6192562,97765.28475
coarse_075,Coarse 0.75x,2400,508,-2701.46,1.47924,-2905.89,-3311.100569,898.6192443,97765.28475
coarse_075,Coarse 0.75x,2400,509,-2701.46,1.47925,-2905.89,-3311.100581,898.6192324,97765.28475
coarse_075,Coarse 0.75x,2400,510,-2701.46,1.47925,-2905.89,-3311.100581,898.6192324,97765.28475
coarse_075,Coarse 0.75x,2400,511,-2701.46,1.47926,-2905.89,-3311.100594,898.6192205,97765.28475
coarse_075,Coarse 0.75x,2400,512,-2701.46,1.47927,-2905.89,-3311.100606,898.6192086,97765.28475
coarse_075,Coarse 0.75x,2400,513,-2701.46,1.47927,-2905.89,-3311.100606,898.6192086,97765.28475
coarse_075,Coarse 0.75x,2400,514,-2701.46,1.47928,-2905.89,-3311.100618,898.6191966,97765.28475
coarse_075,Coarse 0.75x,2400,515,-2701.46,1.47928,-2905.89,-3311.100618,898.6191966,97765.28475
coarse_075,Coarse 0.75x,2400,516,-2701.46,1.47929,-2905.89,-3311.10063,898.6191844,97765.28475
coarse_075,Coarse 0.75x,2400,517,-2701.46,1.47929,-2905.89,-3311.10063,898.6191844,97765.28475
coarse_075,Coarse 0.75x,2400,518,-2701.46,1.4793,-2905.89,-3311.100643,898.6191721,97765.28475
coarse_075,Coarse 0.75x,2400,519,-2701.46,1.4793,-2905.89,-3311.100643,898.6191721,97765.28475
coarse_075,Coarse 0.75x,2400,520,-2701.46,1.4793,-2905.89,-3311.100643,898.6191721,97765.28475
coarse_075,Coarse 0.75x,2400,521,-2701.46,1.4793,-2905.89,-3311.100643,898.6191721,97765.28475
coarse_075,Coarse 0.75x,2400,522,-2701.46,1.4793,-2905.89,-3311.100643,898.6191721,97765.28475
coarse_075,Coarse 0.75x,2400,523,-2701.46,1.47929,-2905.89,-3311.10063,898.6191844,97765.28475
coarse_075,Coarse 0.75x,2400,524,-2701.46,1.47929,-2905.89,-3311.10063,898.6191841,97765.28475
coarse_075,Coarse 0.75x,2400,525,-2701.46,1.47929,-2905.89,-3311.10063,898.6191841,97765.28475
coarse_075,Coarse 0.75x,2400,526,-2701.46,1.47929,-2905.89,-3311.10063,898.6085469,97765.28475
coarse_075,Coarse 0.75x,2400,527,-2701.46,1.47928,-2905.89,-3311.100618,898.6085592,97765.28475
coarse_075,Coarse 0.75x,2400,528,-2701.46,1.47928,-2905.89,-3311.100618,898.6085592,97765.28475
coarse_075,Coarse 0.75x,2400,529,-2701.46,1.47928,-2905.89,-3311.100618,898.6085588,97765.28475
coarse_075,Coarse 0.75x,2400,530,-2701.46,1.47928,-2905.89,-3311.100618,898.6085588,97765.28475
coarse_075,Coarse 0.75x,2400,531,-2701.46,1.47928,-2905.89,-3311.100618,898.6085585,97765.28475
coarse_075,Coarse 0.75x,2400,532,-2701.46,1.47928,-2905.89,-3311.100618,898.6085585,97765.28475
coarse_075,Coarse 0.75x,2400,533,-2701.46,1.47928,-2905.89,-3311.100618,898.6085585,97765.28475
coarse_075,Coarse 0.75x,2400,534,-2701.46,1.47928,-2905.89,-3311.100618,898.6085585,97765.28475
coarse_075,Coarse 0.75x,2400,535,-2701.46,1.47928,-2905.89,-3311.100618,898.6085585,97765.28475
coarse_075,Coarse 0.75x,2400,536,-2701.46,1.47928,-2905.89,-3311.100618,898.6085585,97765.28475
coarse_075,Coarse 0.75x,2400,537,-2701.46,1.47928,-2905.89,-3311.100618,898.6085585,97765.28475
coarse_075,Coarse 0.75x,2400,538,-2701.46,1.47928,-2905.89,-3311.100618,898.6085585,97765.28475
coarse_075,Coarse 0.75x,2400,539,-2701.46,1.47928,-2905.89,-3311.100618,898.6085585,97765.28475
coarse_075,Coarse 0.75x,2400,540,-2701.46,1.47928,-2905.89,-3311.100618,898.6085585,97765.28475
coarse_075,Coarse 0.75x,2400,541,-2701.46,1.47928,-2905.89,-3311.100618,898.6085585,97765.28475
coarse_075,Coarse 0.75x,2400,542,-2701.46,1.47928,-2905.89,-3311.100618,898.6085585,97765.28475
coarse_075,Coarse 0.75x,2400,543,-2701.46,1.47928,-2905.89,-3311.100618,898.6085585,97765.28475
coarse_075,Coarse 0.75x,2400,544,-2701.46,1.47926,-2905.89,-3311.100594,898.608583,97765.28475
coarse_075,Coarse 0.75x,2400,545,-2701.46,1.47926,-2905.89,-3311.100594,898.608583,97765.28475
coarse_075,Coarse 0.75x,2400,546,-2701.46,1.47926,-2905.89,-3311.100594,898.6085827,97765.28475
coarse_075,Coarse 0.75x,2400,547,-2701.46,1.47926,-2905.89,-3311.100594,898.6085827,97765.28475
coarse_075,Coarse 0.75x,2400,548,-2701.46,1.47926,-2905.89,-3311.100594,898.6085827,97765.28475
coarse_075,Coarse 0.75x,2400,549,-2701.46,1.47926,-2905.89,-3311.100594,898.6085827,97765.28475
coarse_075,Coarse 0.75x,2400,550,-2701.46,1.47926,-2905.89,-3311.100594,898.6085827,97765.28475
coarse_075,Coarse 0.75x,2400,551,-2701.46,1.47926,-2905.89,-3311.100594,898.6085827,97765.28475
coarse_075,Coarse 0.75x,2400,552,-2701.46,1.47926,-2905.89,-3311.100594,898.6085827,97765.28475
coarse_075,Coarse 0.75x,2400,553,-2701.46,1.47925,-2905.89,-3311.100581,898.6085949,97765.28475
coarse_075,Coarse 0.75x,2400,554,-2701.46,1.47925,-2905.89,-3311.100581,898.6085949,97765.28475
coarse_075,Coarse 0.75x,2400,555,-2701.46,1.47925,-2905.89,-3311.100581,898.6085949,97765.28475
coarse_075,Coarse 0.75x,2400,556,-2701.46,1.47925,-2905.89,-3311.100581,898.6085949,97765.28475
coarse_075,Coarse 0.75x,2400,557,-2701.46,1.47925,-2905.89,-3311.100581,898.6085946,97765.28475
coarse_075,Coarse 0.75x,2400,558,-2701.46,1.47925,-2905.89,-3311.100581,898.6085946,97765.28475
coarse_075,Coarse 0.75x,2400,559,-2701.46,1.47924,-2905.89,-3311.100569,898.6086069,97765.28475
coarse_075,Coarse 0.75x,2400,560,-2701.46,1.47924,-2905.89,-3311.100569,898.6086069,97765.28475
coarse_075,Coarse 0.75x,2400,561,-2701.46,1.47924,-2905.89,-3311.100569,898.6086069,97765.28475
coarse_075,Coarse 0.75x,2400,562,-2701.46,1.47924,-2905.89,-3311.100569,898.6086069,97765.28475
coarse_075,Coarse 0.75x,2400,563,-2701.46,1.47924,-2905.89,-3311.100569,898.6086069,97765.28475
coarse_075,Coarse 0.75x,2400,564,-2701.46,1.47924,-2905.89,-3311.100569,898.6086069,97765.28475
coarse_075,Coarse 0.75x,2400,565,-2701.46,1.47924,-2905.89,-3311.100569,898.6086069,97765.28475
coarse_075,Coarse 0.75x,2400,566,-2701.46,1.47924,-2905.89,-3311.100569,898.6086069,97765.28475
coarse_075,Coarse 0.75x,2400,567,-2701.46,1.47924,-2905.89,-3311.100569,898.6086069,97765.28475
coarse_075,Coarse 0.75x,2400,568,-2701.46,1.47924,-2905.89,-3311.100569,898.6086069,97765.28475
coarse_075,Coarse 0.75x,2400,569,-2701.46,1.47924,-2905.89,-3311.100569,898.6086069,97765.28475
coarse_075,Coarse 0.75x,2400,570,-2701.46,1.47924,-2905.89,-3311.100569,898.6086069,97765.28475
coarse_075,Coarse 0.75x,2400,571,-2701.46,1.47924,-2905.89,-3311.100569,898.6086069,97765.28475
coarse_075,Coarse 0.75x,2400,572,-2701.46,1.47924,-2905.89,-3311.100569,898.6086069,97765.28475
coarse_075,Coarse 0.75x,2400,573,-2701.46,1.47925,-2905.89,-3311.100581,898.6085946,97765.28475
coarse_075,Coarse 0.75x,2400,574,-2701.46,1.47925,-2905.89,-3311.100581,898.6085946,97765.28475
baseline_100,Baseline 1.00x,4200,1,-39157.6,-1851.36,-12931.1,-45700.144,-43988.04939,85484.4025
baseline_100,Baseline 1.00x,4200,2,76622,-2146.21,257816,96491.05725,100594.6156,417149.6
baseline_100,Baseline 1.00x,4200,3,200470,-1731.19,231668,247696.4578,253364.1268,385118.3
baseline_100,Baseline 1.00x,4200,4,277371,-1050.13,91188.1,341065.8843,347515.5506,213030.4225
baseline_100,Baseline 1.00x,4200,5,268550,-251.507,-29351.2,329281.8461,335857.9255,65369.78
baseline_100,Baseline 1.00x,4200,6,188141,412.371,-109959,229967.5705,236184.5182,-33374.775
baseline_100,Baseline 1.00x,4200,7,65298.5,787.657,-184632,79025.78268,84606.11264,-124849.2
baseline_100,Baseline 1.00x,4200,8,-39835.1,836.455,-209826,-49822.65488,-44951.24635,-155711.85
baseline_100,Baseline 1.00x,4200,9,-124390,642.512,-211622,-153164.8272,-148876.4369,-157911.95
baseline_100,Baseline 1.00x,4200,10,-174824,339.315,-189571,-214575.0609,-210570.9787,-130899.475
baseline_100,Baseline 1.00x,4200,11,-189434,9.19347,-151954,-232067.912,-228045.051,-84818.65
baseline_100,Baseline 1.00x,4200,12,-160706,-257.201,-112632,-196549.7788,-192293.3761,-36649.2
baseline_100,Baseline 1.00x,4200,13,-101080,-340.217,-75703.3,-123406.2342,-118819.6074,8588.4575
baseline_100,Baseline 1.00x,4200,14,-40162.6,-295.62,-48682.5,-48837.0505,-43970.82523,41688.9375
baseline_100,Baseline 1.00x,4200,15,20742.2,-174.779,-26790.2,25623.29928,30671.87006,68507.005
baseline_100,Baseline 1.00x,4200,16,57619.7,-2.43254,-9405.38,70587.11236,75661.52387,89803.4095
baseline_100,Baseline 1.00x,4200,17,66677.1,84.1795,-3189.6,81576.32761,86618.04924,97417.74
baseline_100,Baseline 1.00x,4200,18,55325.5,163.938,-3259.62,67572.91345,72499.30805,97331.9655
baseline_100,Baseline 1.00x,4200,19,33544.3,183.298,-7199.89,40867.22745,45647.66714,92505.13475
baseline_100,Baseline 1.00x,4200,20,13251.7,144.866,-12268.7,16055.87165,20711.24268,86295.8425
baseline_100,Baseline 1.00x,4200,21,-140.872,85.1717,-16289.9,-276.9035325,4292.553895,81369.8725
baseline_100,Baseline 1.00x,4200,22,-4693.18,24.8983,-17544.5,-5779.645918,-1241.938708,79832.9875
baseline_100,Baseline 1.00x,4200,23,-4188.13,-28.1619,-16126.9,-5095.960923,-534.3476916,81569.5475
baseline_100,Baseline 1.00x,4200,24,-1068.49,-61.8816,-12240.2,-1233.09529,3383.983497,86330.755
baseline_100,Baseline 1.00x,4200,25,2474.28,-69.902,-6941.25,3116.62295,7796.829198,92821.96875
baseline_100,Baseline 1.00x,4200,26,5338.04,-61.5528,-1386.53,6614.50118,11350.80402,99626.50075
baseline_100,Baseline 1.00x,4200,27,5613.88,-40.4011,2073.98,6926.494348,11699.4784,103865.6255
baseline_100,Baseline 1.00x,4200,28,5294.14,-12.02,4639.95,6500.046,11281.85453,107008.9388
baseline_100,Baseline 1.00x,4200,29,3361.18,24.5841,5318.88,4087.329978,8841.767526,107840.628
baseline_100,Baseline 1.00x,4200,30,745.276,43.4756,4366.96,859.70549,5568.392973,106674.526
baseline_100,Baseline 1.00x,4200,31,-2161,44.1946,2299.63,-2701.363385,1959.278787,104142.0467
baseline_100,Baseline 1.00x,4200,32,-5048.07,33.6756,-262.012,-6225.13836,-1603.788749,101004.0353
baseline_100,Baseline 1.00x,4200,33,-7574.96,14.571,-2692.35,-9297.175475,-4697.481131,98026.87125
baseline_100,Baseline 1.00x,4200,34,-9235.23,-10.7758,-4404.02,-11299.9564,-6696.959979,95930.0755
baseline_100,Baseline 1.00x,4200,35,-9727.26,-23.941,-5125.15,-11886.56578,-7268.463831,95046.69125
baseline_100,Baseline 1.00x,4200,36,-9359.35,-19.8036,-5075.17,-11440.94434,-6810.309511,95107.91675
baseline_100,Baseline 1.00x,4200,37,-8719.39,-12.668,-4771,-10665.73445,-6025.71725,95480.525
baseline_100,Baseline 1.00x,4200,38,-7966.5,-5.40355,-4377.18,-9752.343151,-5104.809052,95962.9545
baseline_100,Baseline 1.00x,4200,39,-7216.48,1.7462,-3994.44,-8842.327095,-4189.436398,96431.811
baseline_100,Baseline 1.00x,4200,40,-6612.65,7.28892,-3757.65,-8109.425177,-3452.480231,96721.87875
baseline_100,Baseline 1.00x,4200,41,-6212.3,9.57077,-3730.4,-7621.791693,-2960.344725,96755.26
baseline_100,Baseline 1.00x,4200,42,-5977.66,10.6946,-3834.28,-7335.734385,-2669.888788,96628.007
baseline_100,Baseline 1.00x,4200,43,-5990.38,11.4664,-4095.95,-7352.26184,-2682.764046,96307.46125
baseline_100,Baseline 1.00x,4200,44,-6266.17,11.0424,-4501.77,-7689.58519,-3017.590387,95810.33175
baseline_100,Baseline 1.00x,4200,45,-6705.09,9.22877,-4977.14,-8225.040493,-3551.827507,95228.0035
baseline_100,Baseline 1.00x,4200,46,-7147.78,7.34323,-5392.32,-8765.025957,-4092.680931,94719.408
baseline_100,Baseline 1.00x,4200,47,-7551.33,6.32346,-5719.74,-9258.125488,-4590.90257,94318.3185
baseline_100,Baseline 1.00x,4200,48,-7906.63,4.0131,-5975.71,-9690.537798,-5032.508283,94004.75525
baseline_100,Baseline 1.00x,4200,49,-8124.58,-1.56156,-6101.45,-9950.697589,-5304.117139,93850.72375
baseline_100,Baseline 1.00x,4200,50,-8114.29,-9.52657,-6029.72,-9928.335202,-5295.165382,93938.593
baseline_100,Baseline 1.00x,4200,51,-7862.78,-16.1732,-5738.65,-9612.09333,-4996.650894,94295.15375
baseline_100,Baseline 1.00x,4200,52,-7423.58,-19.0254,-5271.49,-9070.579385,-4481.009531,94867.42475
baseline_100,Baseline 1.00x,4200,53,-6914.63,-18.8731,-4740.26,-8447.302203,-3894.05902,95518.1815
baseline_100,Baseline 1.00x,4200,54,-6470.71,-18.3413,-4276.27,-7904.151658,-3397.828967,96086.56925
baseline_100,Baseline 1.00x,4200,55,-6088.45,-19.1601,-3902.03,-7434.880128,-2983.916677,96545.01325
baseline_100,Baseline 1.00x,4200,56,-5766.04,-21.5204,-3624.78,-7037.03651,-2647.830329,96884.6445
baseline_100,Baseline 1.00x,4200,57,-5485.79,-24.8621,-3431.42,-6689.636677,-2366.438384,97121.5105
baseline_100,Baseline 1.00x,4200,58,-5262.08,-28.5856,-3335.92,-6411.03064,-2156.72309,97238.498
baseline_100,Baseline 1.00x,4200,59,-5103.75,-32.0536,-3340.87,-6212.82809,-2029.136543,97232.43425
baseline_100,Baseline 1.00x,4200,60,-5026.05,-34.8271,-3463.32,-6114.248053,-2001.996282,97082.433
baseline_100,Baseline 1.00x,4200,61,-5019.8,-36.8032,-3681.59,-6104.17108,-2063.619583,96815.05225
baseline_100,Baseline 1.00x,4200,62,-5056.82,-38.734,-3969.86,-6147.15535,-2177.836201,96461.9215
baseline_100,Baseline 1.00x,4200,63,-5097.95,-40.8952,-4296.62,-6194.89213,-2295.333073,96061.6405
baseline_100,Baseline 1.00x,4200,64,-5131.42,-42.5402,-4685.79,-6233.877755,-2402.554943,95584.90725
baseline_100,Baseline 1.00x,4200,65,-5152.47,-43.2741,-5124.27,-6258.764978,-2494.469787,95047.76925
baseline_100,Baseline 1.00x,4200,66,-5130.16,-43.3719,-5558.79,-6231.315422,-2532.848518,94515.48225
baseline_100,Baseline 1.00x,4200,67,-5089.63,-43.0379,-5983.05,-6182.075322,-2548.409587,93995.76375
baseline_100,Baseline 1.00x,4200,68,-4999.79,-42.7234,-6271.13,-6072.406585,-2502.030942,93642.86575
baseline_100,Baseline 1.00x,4200,69,-4963.3,-42.4901,-6557.22,-6027.992128,-2518.77621,93292.4055
baseline_100,Baseline 1.00x,4200,70,-4966.86,-42.4452,-6813,-6032.40813,-2581.524243,92979.075
baseline_100,Baseline 1.00x,4200,71,-4980.43,-42.7098,-6953.89,-6048.707245,-2653.252898,92806.48475
baseline_100,Baseline 1.00x,4200,72,-4970.68,-43.1349,-6936.87,-6036.242748,-2692.600802,92827.33425
baseline_100,Baseline 1.00x,4200,73,-4963.44,-43.765,-6814.77,-6026.601875,-2730.196087,92976.90675
baseline_100,Baseline 1.00x,4200,74,-4933.04,-44.7541,-6592.46,-5988.150228,-2733.801497,93249.2365
baseline_100,Baseline 1.00x,4200,75,-4886.07,-46.1198,-6305.73,-5928.938995,-2710.58213,93600.48075
baseline_100,Baseline 1.00x,4200,76,-4840.42,-47.8959,-6011.24,-5870.842022,-2681.857883,93961.231
baseline_100,Baseline 1.00x,4200,77,-4817,-50.2627,-5757.58,-5839.253193,-2672.169112,94271.9645
baseline_100,Baseline 1.00x,4200,78,-4829.6,-53.2708,-5575.84,-5851.00327,-2697.93774,94494.596
baseline_100,Baseline 1.00x,4200,79,-4891.4,-56.7323,-5476.69,-5922.467933,-2775.425191,94616.05475
baseline_100,Baseline 1.00x,4200,80,-4987.44,-60.6965,-5431.92,-6035.260788,-2886.097017,94670.898
baseline_100,Baseline 1.00x,4200,81,-5098.58,-65.4249,-5428.42,-6165.614998,-3006.414978,94675.1855
baseline_100,Baseline 1.00x,4200,82,-5202.01,-71.0345,-5447.98,-6285.444988,-3108.35425,94651.2245
baseline_100,Baseline 1.00x,4200,83,-5269,-77.7412,-5457.74,-6359.29203,-3156.640197,94639.2685
baseline_100,Baseline 1.00x,4200,84,-5285.51,-85.5274,-5429.81,-6369.978685,-3134.822267,94673.48275
baseline_100,Baseline 1.00x,4200,85,-5251.67,-93.989,-5355,-6318.159225,-3044.628757,94765.125
baseline_100,Baseline 1.00x,4200,86,-5154.98,-102.828,-5217.03,-6188.8862,-2871.966918,94934.13825
baseline_100,Baseline 1.00x,4200,87,-5011.87,-112.207,-5034.06,-6002.087175,-2638.086451,95158.2765
baseline_100,Baseline 1.00x,4200,88,-4838.17,-122.25,-4823.44,-5777.002,-2362.837412,95416.286
baseline_100,Baseline 1.00x,4200,89,-4666.44,-132.665,-4619.36,-5553.874375,-2087.615144,95666.284
baseline_100,Baseline 1.00x,4200,90,-4519.38,-142.965,-4448.48,-5361.108375,-1841.515602,95875.612
baseline_100,Baseline 1.00x,4200,91,-4394.3,-152.724,-4311.73,-5195.9306,-1621.891314,96043.13075
baseline_100,Baseline 1.00x,4200,92,-4291.27,-161.849,-4217.05,-5058.540725,-1428.932193,96159.11375
baseline_100,Baseline 1.00x,4200,93,-4210.99,-170.17,-4177.51,-4950.0045,-1263.033782,96207.55025
baseline_100,Baseline 1.00x,4200,94,-4144.92,-177.377,-4185.87,-4860.240175,-1112.210484,96197.30925
baseline_100,Baseline 1.00x,4200,95,-4077.43,-183.164,-4221.14,-4770.47585,-955.2030213,96154.1035
baseline_100,Baseline 1.00x,4200,96,-4010.42,-187.116,-4294.38,-4683.5474,-791.1282542,96064.3845
baseline_100,Baseline 1.00x,4200,97,-3941.43,-188.745,-4395.09,-4597.039125,-612.2820638,95941.01475
baseline_100,Baseline 1.00x,4200,98,-3862.18,-187.621,-4500.16,-4501.334775,-402.8770765,95812.304
baseline_100,Baseline 1.00x,4200,99,-3753.83,-183.712,-4555,-4373.39455,-133.2109516,95745.125
baseline_100,Baseline 1.00x,4200,100,-3641.78,-177.507,-4603.86,-4243.734425,171.1744336,95685.2715
baseline_100,Baseline 1.00x,4200,101,-3556.91,-169.67,-4668.19,-4149.369,474.611841,95606.46725
baseline_100,Baseline 1.00x,4200,102,-3478.27,-159.448,-4704.97,-4065.55695,795.072148,95561.41175
baseline_100,Baseline 1.00x,4200,103,-3398.31,-146.357,-4694.59,-3983.642425,1125.95367,95574.12725
baseline_100,Baseline 1.00x,4200,104,-3322.28,-130.734,-4635.79,-3909.64385,1449.068509,95646.15725
baseline_100,Baseline 1.00x,4200,105,-3263.49,-113.403,-4539.24,-3858.856575,1737.6977,95764.431
baseline_100,Baseline 1.00x,4200,106,-3219.23,-95.957,-4409.23,-3826.009425,1979.359117,95923.69325
baseline_100,Baseline 1.00x,4200,107,-3191.92,-79.6687,-4268.12,-3812.507843,2157.771953,96096.553
baseline_100,Baseline 1.00x,4200,108,-3181.64,-65.514,-4141.8,-3817.25435,2266.212738,96251.295
baseline_100,Baseline 1.00x,4200,109,-3180.44,-54.3918,-4027.59,-3829.409045,2313.603071,96391.20225
baseline_100,Baseline 1.00x,4200,110,-3194.93,-46.9525,-3950.84,-3856.272438,2293.202635,96485.221
baseline_100,Baseline 1.00x,4200,111,-3209.51,-43.2115,-3882.48,-3878.715663,2226.550553,96568.962
baseline_100,Baseline 1.00x,4200,112,-3229.64,-42.3445,-3835.55,-3904.436987,2112.137912,96626.45125
baseline_100,Baseline 1.00x,4200,113,-3244.43,-42.9483,-3776.6,-3921.815083,1971.533802,96698.665
baseline_100,Baseline 1.00x,4200,114,-3257.89,-43.4116,-3719.24,-3937.73604,1810.398338,96768.931
baseline_100,Baseline 1.00x,4200,115,-3259.72,-42.4689,-3656.93,-3941.132598,1653.133833,96845.26075
baseline_100,Baseline 1.00x,4200,116,-3249.8,-39.438,-3589.31,-3932.69345,1509.556558,96928.09525
baseline_100,Baseline 1.00x,4200,117,-3231.61,-34.3646,-3521.7,-3916.625615,1382.279893,97010.9175
baseline_100,Baseline 1.00x,4200,118,-3211.84,-27.6253,-3459.32,-3900.663008,1267.488566,97087.333
baseline_100,Baseline 1.00x,4200,119,-3188.05,-19.8384,-3397.78,-3881.05921,1169.984923,97162.7195
baseline_100,Baseline 1.00x,4200,120,-3172.39,-11.6607,-3351.18,-3871.893393,1075.2709,97219.8045
baseline_100,Baseline 1.00x,4200,121,-3161.12,-3.75685,-3317.15,-3867.769859,987.8892382,97261.49125
baseline_100,Baseline 1.00x,4200,122,-3152.08,3.07116,-3295.29,-3865.060171,910.9938236,97288.26975
baseline_100,Baseline 1.00x,4200,123,-3142.91,8.37089,-3289.33,-3860.31909,848.280625,97295.57075
baseline_100,Baseline 1.00x,4200,124,-3142.07,12.7554,-3302.75,-3864.661115,787.8823267,97279.13125
baseline_100,Baseline 1.00x,4200,125,-3138.27,15.1525,-3332.99,-3862.942563,744.5715311,97242.08725
baseline_100,Baseline 1.00x,4200,126,-3106.52,14.6626,-3380.79,-3823.448685,749.981967,97183.53225
baseline_100,Baseline 1.00x,4200,127,-3078.62,13.1642,-3447.81,-3787.435645,761.4286977,97101.43275
baseline_100,Baseline 1.00x,4200,128,-3049.47,11.0144,-3517.62,-3749.09339,783.2113026,97015.9155
baseline_100,Baseline 1.00x,4200,129,-3024.22,8.57415,-3592.92,-3715.172834,806.752809,96923.673
baseline_100,Baseline 1.00x,4200,130,-3003.12,6.05284,-3664.2,-3686.236729,829.9467662,96836.355
baseline_100,Baseline 1.00x,4200,131,-2985.08,3.52312,-3732.01,-3661.038822,852.1233903,96753.28775
baseline_100,Baseline 1.00x,4200,132,-2960.91,1.12492,-3779.73,-3628.492777,883.2775273,96694.83075
baseline_100,Baseline 1.00x,4200,133,-2933.96,-1.10837,-3807.13,-3592.743247,917.971718,96661.26575
baseline_100,Baseline 1.00x,4200,134,-2905.02,-3.12472,-3812.41,-3554.821718,954.7240775,96654.79775
baseline_100,Baseline 1.00x,4200,135,-2864.49,-4.81977,-3780.99,-3503.096032,1004.379961,96693.28725
baseline_100,Baseline 1.00x,4200,136,-2836.5,-6.227,-3734.4,-3467.084425,1037.414967,96750.36
baseline_100,Baseline 1.00x,4200,137,-2809.01,-7.25689,-3660.18,-3432.14756,1067.988455,96841.2795
baseline_100,Baseline 1.00x,4200,138,-2796.78,-7.88139,-3585.22,-3416.400797,1078.221466,96933.1055
baseline_100,Baseline 1.00x,4200,139,-2793.17,-8.03657,-3515.93,-3411.788452,1076.242707,97017.98575
baseline_100,Baseline 1.00x,4200,140,-2798.33,-7.77532,-3457.64,-3418.429483,1061.874775,97089.391
baseline_100,Baseline 1.00x,4200,141,-2809.64,-7.07794,-3416,-3433.138523,1038.943842,97140.4
baseline_100,Baseline 1.00x,4200,142,-2826.31,-6.06913,-3387.56,-3454.795066,1009.161536,97175.239
baseline_100,Baseline 1.00x,4200,143,-2850.41,-4.65896,-3370.63,-3486.045024,970.2256409,97195.97825
baseline_100,Baseline 1.00x,4200,144,-2889.07,-3.03659,-3360.99,-3535.390927,914.3987509,97207.78725
baseline_100,Baseline 1.00x,4200,145,-2936.48,-1.39339,-3359.84,-3595.481097,849.9883374,97209.196
baseline_100,Baseline 1.00x,4200,146,-2982.15,0.124525,-3362.86,-3653.286293,790.8692462,97205.4965
baseline_100,Baseline 1.00x,4200,147,-3009.53,1.50939,-3356.43,-3688.523253,757.3451417,97213.37325
baseline_100,Baseline 1.00x,4200,148,-3024.63,2.69008,-3346.85,-3708.467098,742.2835072,97225.10875
baseline_100,Baseline 1.00x,4200,149,-3014.62,3.65535,-3318.84,-3697.387304,760.5573064,97259.421
baseline_100,Baseline 1.00x,4200,150,-2998.89,4.38643,-3289.79,-3679.013627,787.1604564,97295.00725
baseline_100,Baseline 1.00x,4200,151,-2983.02,4.90492,-3262.21,-3660.208027,813.7405387,97328.79275
baseline_100,Baseline 1.00x,4200,152,-2974.91,5.05946,-3242.71,-3650.462589,829.5877905,97352.68025
baseline_100,Baseline 1.00x,4200,153,-2969.31,4.78269,-3232.21,-3643.263545,839.7203804,97365.54275
baseline_100,Baseline 1.00x,4200,154,-2959.66,4.12177,-3228.94,-3630.632668,851.1080248,97369.5485
baseline_100,Baseline 1.00x,4200,155,-2943.9,3.22776,-3232.46,-3610.231506,865.5972778,97365.2365
baseline_100,Baseline 1.00x,4200,156,-2928.04,2.1675,-3247.31,-3589.504188,875.7436756,97347.04525
baseline_100,Baseline 1.00x,4200,157,-2913.67,0.989921,-3274.53,-3570.458403,880.5466276,97313.70075
baseline_100,Baseline 1.00x,4200,158,-2896.42,-0.22322,-3307.86,-3547.841056,886.1420761,97272.8715
baseline_100,Baseline 1.00x,4200,159,-2876.38,-1.38679,-3345.68,-3521.866682,893.9974367,97226.542
baseline_100,Baseline 1.00x,4200,160,-2856.16,-2.43085,-3384.73,-3495.818209,902.077029,97178.70575
baseline_100,Baseline 1.00x,4200,161,-2837.08,-3.31016,-3421.67,-3471.368054,909.7916865,97133.45425
baseline_100,Baseline 1.00x,4200,162,-2817.05,-3.96368,-3449.3,-3446.030742,920.9344143,97099.6075
baseline_100,Baseline 1.00x,4200,163,-2793.94,-4.37361,-3461.15,-3417.218828,938.5684888,97085.09125
baseline_100,Baseline 1.00x,4200,164,-2770.65,-4.59942,-3458.06,-3388.411961,960.0896879,97088.8765
baseline_100,Baseline 1.00x,4200,165,-2741.81,-4.64086,-3433.15,-3353.032197,992.220075,97119.39125
baseline_100,Baseline 1.00x,4200,166,-2718.09,-4.51895,-3396.05,-3324.124536,1022.457106,97164.83875
baseline_100,Baseline 1.00x,4200,167,-2702.34,-4.21943,-3350.84,-3305.197698,1047.044935,97220.221
baseline_100,Baseline 1.00x,4200,168,-2689.03,-3.71245,-3296.24,-3289.513999,1072.811502,97287.106
baseline_100,Baseline 1.00x,4200,169,-2692.24,-3.02321,-3254.45,-3294.290568,1081.819821,97338.29875
baseline_100,Baseline 1.00x,4200,170,-2695.77,-2.08265,-3213.95,-3299.767004,1092.858284,97387.91125
baseline_100,Baseline 1.00x,4200,171,-2703.92,-0.909951,-3184.12,-3311.18731,1099.471361,97424.453
baseline_100,Baseline 1.00x,4200,172,-2713.85,0.393566,-3163.85,-3324.948368,1103.473838,97449.28375
baseline_100,Baseline 1.00x,4200,173,-2725.08,1.76622,-3150.74,-3340.38662,1103.670423,97465.3435
baseline_100,Baseline 1.00x,4200,174,-2740,3.13533,-3144.58,-3360.340779,1095.418477,97472.8895
baseline_100,Baseline 1.00x,4200,175,-2769.82,4.35449,-3150.01,-3398.36375,1063.489112,97466.23775
baseline_100,Baseline 1.00x,4200,176,-2825.27,5.31423,-3177.4,-3467.465682,993.9912231,97432.685
baseline_100,Baseline 1.00x,4200,177,-2881.48,5.95235,-3209.56,-3537.104629,917.2457774,97393.289
baseline_100,Baseline 1.00x,4200,178,-2931.9,6.232,-3244.51,-3599.2117,841.3065956,97350.47525
baseline_100,Baseline 1.00x,4200,179,-2971.41,6.1501,-3278.31,-3647.511123,773.7874067,97309.07025
baseline_100,Baseline 1.00x,4200,180,-2988.72,5.71187,-3297.56,-3668.179041,729.8674387,97285.489
baseline_100,Baseline 1.00x,4200,181,-2988.89,4.96689,-3304.05,-3667.47469,705.5198889,97277.53875
baseline_100,Baseline 1.00x,4200,182,-2973.39,3.96618,-3294.63,-3647.26132,700.6405065,97289.07825
baseline_100,Baseline 1.00x,4200,183,-2957.97,2.742,-3281.68,-3626.8722,697.9049556,97304.942
baseline_100,Baseline 1.00x,4200,184,-2951.37,1.40903,-3276.51,-3617.154312,688.4795787,97311.27525
baseline_100,Baseline 1.00x,4200,185,-2941.34,0.173649,-3270.31,-3603.35422,688.3370598,97318.87025
baseline_100,Baseline 1.00x,4200,186,-2922,-0.813374,-3261.67,-3578.453617,705.4369067,97329.45425
baseline_100,Baseline 1.00x,4200,187,-2903.17,-1.5268,-3260.64,-3554.51292,728.1164271,97330.716
baseline_100,Baseline 1.00x,4200,188,-2874.72,-1.8046,-3256.28,-3519.321365,768.897162,97336.057
baseline_100,Baseline 1.00x,4200,189,-2842.75,-1.68588,-3252.14,-3480.303547,819.7845375,97341.1285
baseline_100,Baseline 1.00x,4200,190,-2815.46,-1.26787,-3252.94,-3447.385359,869.9602441,97340.1485
baseline_100,Baseline 1.00x,4200,191,-2793.91,-0.635262,-3256.32,-3421.761554,916.7387338,97336.008
baseline_100,Baseline 1.00x,4200,192,-2779.26,0.157294,-3260.92,-3404.786185,957.3262835,97330.373
baseline_100,Baseline 1.00x,4200,193,-2767.5,1.10329,-3263.27,-3391.53903,994.2614554,97327.49425
baseline_100,Baseline 1.00x,4200,194,-2755.4,2.12831,-3260.5,-3377.97218,1029.753291,97330.8875
baseline_100,Baseline 1.00x,4200,195,-2740.06,3.09623,-3248.06,-3360.366382,1065.448164,97346.1265
baseline_100,Baseline 1.00x,4200,196,-2722.43,3.96016,-3224.95,-3339.827946,1098.700649,97374.43625
baseline_100,Baseline 1.00x,4200,197,-2709.97,4.68773,-3198.64,-3325.455719,1119.155455,97406.666
baseline_100,Baseline 1.00x,4200,198,-2698.91,5.2567,-3165.1,-3312.604208,1131.027039,97447.7525
baseline_100,Baseline 1.00x,4200,199,-2693.14,5.65849,-3130.17,-3306.02815,1129.011783,97490.54175
baseline_100,Baseline 1.00x,4200,200,-2694.99,5.87355,-3099.57,-3308.557849,1110.831692,97528.02675
baseline_100,Baseline 1.00x,4200,201,-2698.4,5.83862,-3072.83,-3312.69231,1084.71557,97560.78325
baseline_100,Baseline 1.00x,4200,202,-2700.01,5.5519,-3047.24,-3314.313328,1056.12335,97592.131
baseline_100,Baseline 1.00x,4200,203,-2702.2,5.06273,-3028.28,-3316.396844,1023.915955,97615.357
baseline_100,Baseline 1.00x,4200,204,-2700.33,4.41252,-3007.82,-3313.309587,995.2731369,97640.4205
baseline_100,Baseline 1.00x,4200,205,-2699.37,3.67664,-2993.25,-3311.232134,965.9875843,97658.26875
baseline_100,Baseline 1.00x,4200,206,-2700.72,2.94846,-2982.86,-3311.993863,935.5324146,97670.9965
baseline_100,Baseline 1.00x,4200,207,-2710.45,2.28454,-2980.87,-3323.099812,897.457453,97673.43425
baseline_100,Baseline 1.00x,4200,208,-2743.34,1.73322,-2999.84,-3362.714695,834.7023352,97650.196
baseline_100,Baseline 1.00x,4200,209,-2784.88,1.19262,-3030.93,-3412.93896,765.9792407,97612.11075
baseline_100,Baseline 1.00x,4200,210,-2830.31,0.618,-3074.25,-3467.8868,697.8984818,97559.04375
baseline_100,Baseline 1.00x,4200,211,-2864.12,0.0287184,-3114.04,-3508.58218,649.4579395,97510.301
baseline_100,Baseline 1.00x,4200,212,-2888.36,-0.516485,-3149.35,-3537.608306,618.4512531,97467.04625
baseline_100,Baseline 1.00x,4200,213,-2904.35,-0.975528,-3179.63,-3556.633728,602.8061579,97429.95325
baseline_100,Baseline 1.00x,4200,214,-2914.34,-1.30888,-3204.29,-3568.463122,599.5944496,97399.74475
baseline_100,Baseline 1.00x,4200,215,-2919.89,-1.49299,-3224.08,-3575.036337,606.613796,97375.502
baseline_100,Baseline 1.00x,4200,216,-2924.06,-1.5192,-3243.08,-3580.11248,619.3495282,97352.227
baseline_100,Baseline 1.00x,4200,217,-2925.15,-1.429,-3259.1,-3581.558225,639.5389892,97332.6025
baseline_100,Baseline 1.00x,4200,218,-2928.45,-1.2014,-3273.65,-3585.879535,659.8977792,97314.77875
baseline_100,Baseline 1.00x,4200,219,-2936.62,-0.796848,-3287.88,-3596.383361,676.6033249,97297.347
baseline_100,Baseline 1.00x,4200,220,-2942.52,-0.13316,-3298.71,-3604.423879,697.0267108,97284.08025
baseline_100,Baseline 1.00x,4200,221,-2917.8,0.731579,-3285.93,-3575.201184,755.1596589,97299.73575
baseline_100,Baseline 1.00x,4200,222,-2876.27,1.56361,-3255.62,-3525.346172,833.3095883,97336.8655
baseline_100,Baseline 1.00x,4200,223,-2830.83,2.44304,-3216.53,-3470.759474,914.0730627,97384.75075
baseline_100,Baseline 1.00x,4200,224,-2785.26,3.39289,-3171.23,-3416.09979,991.8731935,97440.24325
baseline_100,Baseline 1.00x,4200,225,-2743.83,4.37094,-3123.69,-3366.546151,1060.508654,97498.47975
baseline_100,Baseline 1.00x,4200,226,-2717.13,5.31318,-3082.7,-3334.992896,1105.972331,97548.6925
baseline_100,Baseline 1.00x,4200,227,-2707.91,6.17248,-3053.02,-3324.751038,1124.391936,97585.0505
baseline_100,Baseline 1.00x,4200,228,-2704.89,6.89335,-3028.25,-3321.934604,1128.667725,97615.39375
baseline_100,Baseline 1.00x,4200,229,-2703.55,7.38734,-3007.48,-3320.898242,1124.348753,97640.837
baseline_100,Baseline 1.00x,4200,230,-2701.43,7.60065,-2989.48,-3318.562546,1114.337065,97662.887
baseline_100,Baseline 1.00x,4200,231,-2698.48,7.51073,-2973.63,-3314.838644,1098.990236,97682.30325
baseline_100,Baseline 1.00x,4200,232,-2694.48,7.13187,-2958.4,-3309.474541,1079.694943,97700.96
baseline_100,Baseline 1.00x,4200,233,-2689.45,6.52122,-2942.34,-3302.564744,1057.489721,97720.6335
baseline_100,Baseline 1.00x,4200,234,-2682.83,5.7746,-2923.16,-3293.540635,1034.458456,97744.129
baseline_100,Baseline 1.00x,4200,235,-2675.16,4.99061,-2901.09,-3283.184497,1011.526858,97771.16475
baseline_100,Baseline 1.00x,4200,236,-2667.35,4.21906,-2878.21,-3272.672099,989.1711169,97799.19275
baseline_100,Baseline 1.00x,4200,237,-2659.91,3.46927,-2857.7,-3262.639606,968.1775426,97824.3175
baseline_100,Baseline 1.00x,4200,238,-2654.68,2.81803,-2843.06,-3255.435087,947.265656,97842.2515
baseline_100,Baseline 1.00x,4200,239,-2658.78,2.32423,-2840.12,-3259.852682,918.4832586,97845.853
baseline_100,Baseline 1.00x,4200,240,-2672.75,1.95241,-2847.56,-3276.510452,881.8117722,97836.739
baseline_100,Baseline 1.00x,4200,241,-2690.74,1.54098,-2860.3,-3298.044201,845.2536934,97821.1325
baseline_100,Baseline 1.00x,4200,242,-2706.58,1.04927,-2873.19,-3316.845856,816.4389215,97805.34225
baseline_100,Baseline 1.00x,4200,243,-2717.6,0.491083,-2884.49,-3329.661577,798.8312282,97791.49975
baseline_100,Baseline 1.00x,4200,244,-2724.11,-0.0798001,-2894.67,-3336.936995,791.8576456,97779.02925
baseline_100,Baseline 1.00x,4200,245,-2728.33,-0.60055,-2905.3,-3341.468576,792.4254471,97766.0075
baseline_100,Baseline 1.00x,4200,246,-2731.97,-1.02094,-2917.01,-3345.412599,797.9781982,97751.66275
baseline_100,Baseline 1.00x,4200,247,-2735.78,-1.32092,-2929.67,-3349.712373,807.1124473,97736.15425
baseline_100,Baseline 1.00x,4200,248,-2739.3,-1.46965,-2942.06,-3353.842179,819.8776766,97720.9765
baseline_100,Baseline 1.00x,4200,249,-2742.36,-1.45801,-2953.47,-3357.604938,835.9691019,97706.99925
baseline_100,Baseline 1.00x,4200,250,-2744.64,-1.27604,-2963.06,-3360.620851,855.2195135,97695.2515
baseline_100,Baseline 1.00x,4200,251,-2745.74,-0.931043,-2970.23,-3362.390972,877.55962,97686.46825
baseline_100,Baseline 1.00x,4200,252,-2745.21,-0.429376,-2974.42,-3362.356264,902.8987792,97681.3355
baseline_100,Baseline 1.00x,4200,253,-2743.35,0.232578,-2975.58,-3360.888658,930.1068209,97679.9145
baseline_100,Baseline 1.00x,4200,254,-2740.78,1.03591,-2974.41,-3358.72449,957.5853419,97681.34775
baseline_100,Baseline 1.00x,4200,255,-2738.25,1.94094,-2972.14,-3356.733902,983.5227507,97684.1285
baseline_100,Baseline 1.00x,4200,256,-2736.75,2.9016,-2970.22,-3356.07321,1005.784589,97686.4805
baseline_100,Baseline 1.00x,4200,257,-2737.06,3.86863,-2969.87,-3357.637572,1022.635534,97686.90925
baseline_100,Baseline 1.00x,4200,258,-2739.79,4.79589,-2972,-3362.117715,1032.530632,97684.3
baseline_100,Baseline 1.00x,4200,259,-2745.05,5.64623,-2976.88,-3369.602882,1034.569198,97678.322
baseline_100,Baseline 1.00x,4200,260,-2752.5,6.37704,-2984.23,-3379.624374,1028.34936,97669.31825
baseline_100,Baseline 1.00x,4200,261,-2761.17,6.9485,-2993.06,-3390.945163,1014.842858,97658.5015
baseline_100,Baseline 1.00x,4200,262,-2770.01,7.31545,-3002.27,-3402.223676,994.9685456,97647.21925
baseline_100,Baseline 1.00x,4200,263,-2778.22,7.44326,-3010.92,-3412.437494,969.8179941,97636.623
baseline_100,Baseline 1.00x,4200,264,-2785.07,7.32403,-3018.25,-3420.682687,940.7446344,97627.64375
baseline_100,Baseline 1.00x,4200,265,-2790.49,6.97492,-3024.15,-3426.894527,908.8521411,97620.41625
baseline_100,Baseline 1.00x,4200,266,-2795,6.43188,-3029.11,-3431.754053,874.3873509,97614.34025
baseline_100,Baseline 1.00x,4200,267,-2798.73,5.75743,-3033.24,-3435.497102,838.7415274,97609.281
baseline_100,Baseline 1.00x,4200,268,-2801.8,5.02743,-3036.63,-3438.363602,803.2415149,97605.12825
baseline_100,Baseline 1.00x,4200,269,-2804.19,4.32128,-3039.24,-3440.426318,769.267933,97601.931
baseline_100,Baseline 1.00x,4200,270,-2805.87,3.70118,-3041.08,-3441.724696,737.9887336,97599.677
baseline_100,Baseline 1.00x,4200,271,-2806.88,3.19892,-3042.27,-3442.346677,710.2053363,97598.21925
baseline_100,Baseline 1.00x,4200,272,-2807.46,2.81304,-3043.04,-3442.584474,686.2209665,97597.276
baseline_100,Baseline 1.00x,4200,273,-2807.79,2.51856,-3043.56,-3442.627986,666.2379542,97596.639
baseline_100,Baseline 1.00x,4200,274,-2808.05,2.28026,-3043.92,-3442.654569,650.3075375,97596.198
baseline_100,Baseline 1.00x,4200,275,-2808.17,2.0608,-3043.96,-3442.53273,638.6564624,97596.149
baseline_100,Baseline 1.00x,4200,276,-2807.89,1.82841,-3043.33,-3441.905052,631.5923113,97596.92075
baseline_100,Baseline 1.00x,4200,277,-2806.66,1.55709,-3041.42,-3440.065935,629.7011199,97599.2605
baseline_100,Baseline 1.00x,4200,278,-2804.04,1.22784,-3037.85,-3436.453104,633.3780884,97603.63375
baseline_100,Baseline 1.00x,4200,279,-2800.02,0.837687,-3032.71,-3431.050667,642.3714542,97609.93025
baseline_100,Baseline 1.00x,4200,280,-2795.06,0.387565,-3026.56,-3424.423267,655.8356918,97617.464
baseline_100,Baseline 1.00x,4200,281,-2789.54,-0.0923482,-3019.84,-3417.073373,672.9535214,97625.696
baseline_100,Baseline 1.00x,4200,282,-2784.27,-0.570089,-3013.34,-3410.032391,692.33467,97633.6585
baseline_100,Baseline 1.00x,4200,283,-2779.46,-1.00297,-3007.24,-3403.609862,713.3208037,97641.131
baseline_100,Baseline 1.00x,4200,284,-2775.26,-1.36043,-3001.64,-3398.026973,735.3410812,97647.991
baseline_100,Baseline 1.00x,4200,285,-2771.66,-1.61061,-2996.61,-3393.310503,758.0286255,97654.15275
baseline_100,Baseline 1.00x,4200,286,-2768.59,-1.72063,-2992.16,-3389.414978,781.0980701,97659.604
baseline_100,Baseline 1.00x,4200,287,-2765.89,-1.66331,-2988.22,-3386.177695,804.3692932,97664.4305
baseline_100,Baseline 1.00x,4200,288,-2763.32,-1.41886,-2984.6,-3383.328897,827.7899914,97668.865
baseline_100,Baseline 1.00x,4200,289,-2760.89,-0.985276,-2981.3,-3380.883287,850.9710739,97672.9075
baseline_100,Baseline 1.00x,4200,290,-2758.55,-0.370572,-2978.25,-3378.769799,873.5699898,97676.64375
baseline_100,Baseline 1.00x,4200,291,-2756.3,0.405014,-2975.46,-3376.963642,895.1189677,97680.0615
baseline_100,Baseline 1.00x,4200,292,-2754.18,1.30843,-2972.95,-3375.473327,915.0615947,97683.13625
baseline_100,Baseline 1.00x,4200,293,-2752.07,2.29864,-2970.59,-3374.101584,932.9720169,97686.02725
baseline_100,Baseline 1.00x,4200,294,-2750.24,3.31822,-2968.63,-3373.10882,947.9646168,97688.42825
baseline_100,Baseline 1.00x,4200,295,-2749.53,4.26132,-2967.11,-3373.394367,958.6252057,97690.29025
baseline_100,Baseline 1.00x,4200,296,-2748.78,5.19255,-2966.17,-3373.616374,965.7191041,97691.44175
baseline_100,Baseline 1.00x,4200,297,-2748.21,6.04084,-2965.9,-3373.957279,968.526881,97691.7725
baseline_100,Baseline 1.00x,4200,298,-2748.02,6.7485,-2966.24,-3374.591413,966.4772688,97691.356
baseline_100,Baseline 1.00x,4200,299,-2748.34,7.2692,-2967.13,-3375.62127,959.2072207,97690.26575
baseline_100,Baseline 1.00x,4200,300,-2749.23,7.56889,-2968.49,-3377.07864,946.695296,97688.59975
baseline_100,Baseline 1.00x,4200,301,-2750.39,7.57204,-2970.29,-3378.503499,929.7262164,97686.39475
baseline_100,Baseline 1.00x,4200,302,-2751.95,7.36799,-2972.17,-3380.164538,908.5807023,97684.09175
baseline_100,Baseline 1.00x,4200,303,-2753.73,6.98168,-2974.01,-3381.871808,884.2929265,97681.83775
baseline_100,Baseline 1.00x,4200,304,-2755.74,6.45714,-2975.9,-3383.691497,857.8277275,97679.5225
baseline_100,Baseline 1.00x,4200,305,-2757.59,5.84404,-2977.59,-3385.206699,830.6986295,97677.45225
baseline_100,Baseline 1.00x,4200,306,-2759.12,5.19631,-2978.99,-3386.28748,804.1149793,97675.73725
baseline_100,Baseline 1.00x,4200,307,-2760.22,4.56424,-2980.06,-3386.860694,779.0081615,97674.4265
baseline_100,Baseline 1.00x,4200,308,-2760.87,3.99095,-2980.79,-3386.954664,756.0033813,97673.53225
baseline_100,Baseline 1.00x,4200,309,-2761.1,3.50675,-2981.21,-3386.643269,735.3957665,97673.01775
baseline_100,Baseline 1.00x,4200,310,-2761.02,3.1241,-2981.38,-3386.076523,717.1904242,97672.8095
baseline_100,Baseline 1.00x,4200,311,-2760.55,2.84383,-2981.19,-3385.157442,701.4013188,97673.04225
baseline_100,Baseline 1.00x,4200,312,-2759.96,2.64756,-2980.83,-3384.194261,687.5805688,97673.48325
baseline_100,Baseline 1.00x,4200,313,-2759.39,2.51558,-2980.43,-3383.334335,675.3522098,97673.97325
baseline_100,Baseline 1.00x,4200,314,-2758.95,2.42951,-2980.07,-3382.6899,664.3404835,97674.41425
baseline_100,Baseline 1.00x,4200,315,-2758.67,2.37399,-2979.82,-3382.278888,654.3159864,97674.7205
baseline_100,Baseline 1.00x,4200,316,-2758.79,2.33302,-2979.9,-3382.3757,644.7696967,97674.6225
baseline_100,Baseline 1.00x,4200,317,-2759.16,2.30368,-2980.19,-3382.793008,635.7181411,97674.26725
baseline_100,Baseline 1.00x,4200,318,-2759.51,2.28345,-2980.43,-3383.196976,627.3452199,97673.97325
baseline_100,Baseline 1.00x,4200,319,-2759.94,2.26812,-2980.72,-3383.704947,619.4264574,97673.618
baseline_100,Baseline 1.00x,4200,320,-2760.35,2.25582,-2980.99,-3384.192129,612.0225534,97673.28725
baseline_100,Baseline 1.00x,4200,321,-2760.69,2.2442,-2981.16,-3384.594395,605.1658963,97673.079
baseline_100,Baseline 1.00x,4200,322,-2761.01,2.22796,-2981.3,-3384.966501,598.8024637,97672.9075
baseline_100,Baseline 1.00x,4200,323,-2761.07,2.20304,-2981.18,-3385.009474,593.2536436,97673.0545
baseline_100,Baseline 1.00x,4200,324,-2760.93,2.15982,-2980.83,-3384.785029,588.4909621,97673.48325
baseline_100,Baseline 1.00x,4200,325,-2760.4,2.09945,-2980.1,-3384.061826,584.8116545,97674.3775
baseline_100,Baseline 1.00x,4200,326,-2759.46,2.01997,-2978.95,-3382.812963,582.2866561,97675.78625
baseline_100,Baseline 1.00x,4200,327,-2758.17,1.92319,-2977.4,-3381.114158,580.916927,97677.685
baseline_100,Baseline 1.00x,4200,328,-2756.65,1.81057,-2975.64,-3379.114198,580.5865987,97679.841
baseline_100,Baseline 1.00x,4200,329,-2755.14,1.67357,-2973.94,-3377.096623,581.07766,97681.9235
baseline_100,Baseline 1.00x,4200,330,-2753.75,1.50199,-2972.42,-3375.183688,582.3332448,97683.7855
baseline_100,Baseline 1.00x,4200,331,-2752.52,1.28945,-2971.1,-3373.416576,584.3774054,97685.4025
baseline_100,Baseline 1.00x,4200,332,-2751.39,1.03295,-2969.91,-3371.718114,587.3414745,97686.86025
baseline_100,Baseline 1.00x,4200,333,-2750.26,0.732392,-2968.71,-3369.96568,591.3802402,97688.33025
baseline_100,Baseline 1.00x,4200,334,-2748.96,0.390421,-2967.33,-3367.954266,596.7525917,97690.02075
baseline_100,Baseline 1.00x,4200,335,-2747.3,0.0104987,-2965.61,-3365.455361,603.7080694,97692.12775
baseline_100,Baseline 1.00x,4200,336,-2745.07,-0.41134,-2963.3,-3362.206859,612.518854,97694.9575
baseline_100,Baseline 1.00x,4200,337,-2742.41,-0.867497,-2960.6,-3358.389566,623.0033158,97698.265
baseline_100,Baseline 1.00x,4200,338,-2739.42,-1.36077,-2957.56,-3354.122557,635.0415937,97701.989
baseline_100,Baseline 1.00x,4200,339,-2736.06,-1.89468,-2954.14,-3349.352517,648.6753637,97706.1785
baseline_100,Baseline 1.00x,4200,340,-2732.51,-2.45911,-2950.53,-3344.31234,663.649256,97710.60075
baseline_100,Baseline 1.00x,4200,341,-2728.85,-3.042,-2946.82,-3339.1148,679.817173,97715.1455
baseline_100,Baseline 1.00x,4200,342,-2725.12,-3.62636,-2943.05,-3333.829709,697.0650703,97719.76375
baseline_100,Baseline 1.00x,4200,343,-2721.3,-4.18701,-2939.22,-3328.463413,715.3314141,97724.4555
baseline_100,Baseline 1.00x,4200,344,-2717.41,-4.69225,-2935.34,-3323.079244,734.4758275,97729.2085
baseline_100,Baseline 1.00x,4200,345,-2713.56,-5.12975,-2931.53,-3317.827056,754.2927239,97733.87575
baseline_100,Baseline 1.00x,4200,346,-2709.76,-5.49573,-2927.78,-3312.723731,774.6765571,97738.4695
baseline_100,Baseline 1.00x,4200,347,-2705.99,-5.79176,-2924.04,-3307.742844,795.6075532,97743.051
baseline_100,Baseline 1.00x,4200,348,-2702.25,-5.9973,-2920.35,-3302.909558,816.9382425,97747.57125
baseline_100,Baseline 1.00x,4200,349,-2698.57,-6.08383,-2916.74,-3298.295558,838.4849146,97751.9935
baseline_100,Baseline 1.00x,4200,350,-2694.99,-6.02859,-2913.25,-3293.977727,860.0262472,97756.26875
baseline_100,Baseline 1.00x,4200,351,-2691.58,-5.81705,-2909.94,-3290.059614,881.3036412,97760.3235
baseline_100,Baseline 1.00x,4200,352,-2688.41,-5.44307,-2906.87,-3286.634489,902.0373053,97764.08425
baseline_100,Baseline 1.00x,4200,353,-2685.56,-4.90851,-2904.1,-3283.798075,921.9461525,97767.4775
baseline_100,Baseline 1.00x,4200,354,-2683.09,-4.22322,-2901.7,-3281.611806,940.7531252,97770.4175
baseline_100,Baseline 1.00x,4200,355,-2681.07,-3.40539,-2899.72,-3280.139147,958.1495688,97772.843
baseline_100,Baseline 1.00x,4200,356,-2679.57,-2.48241,-2898.25,-3279.432298,973.8408142,97774.64375
baseline_100,Baseline 1.00x,4200,357,-2678.66,-1.48741,-2897.37,-3279.536423,987.5419886,97775.72175
baseline_100,Baseline 1.00x,4200,358,-2678.75,-0.522521,-2897.42,-3280.828662,998.6598732,97775.6605
baseline_100,Baseline 1.00x,4200,359,-2679.25,0.520285,-2897.89,-3282.718599,1007.465411,97775.08475
baseline_100,Baseline 1.00x,4200,360,-2680.03,1.57827,-2898.68,-3284.970131,1013.982164,97774.117
baseline_100,Baseline 1.00x,4200,361,-2681.15,2.59898,-2899.82,-3287.592501,1017.97804,97772.7205
baseline_100,Baseline 1.00x,4200,362,-2682.64,3.54181,-2901.3,-3290.572717,1019.316061,97770.9075
baseline_100,Baseline 1.00x,4200,363,-2684.48,4.3754,-2903.14,-3293.847865,1017.980953,97768.6535
baseline_100,Baseline 1.00x,4200,364,-2686.63,5.07836,-2905.28,-3297.342741,1013.977732,97766.032
baseline_100,Baseline 1.00x,4200,365,-2688.93,5.63635,-2907.58,-3300.843779,1007.562627,97763.2145
baseline_100,Baseline 1.00x,4200,366,-2691.32,6.03728,-2909.96,-3304.262668,998.8953764,97760.299
baseline_100,Baseline 1.00x,4200,367,-2693.68,6.27425,-2912.3,-3307.443956,988.3057062,97757.4325
baseline_100,Baseline 1.00x,4200,368,-2695.95,6.34561,-2914.56,-3310.312122,976.1472265,97754.664
baseline_100,Baseline 1.00x,4200,369,-2698.09,6.22735,-2916.66,-3312.788754,962.8394011,97752.0915
baseline_100,Baseline 1.00x,4200,370,-2700.03,5.978,-2918.58,-3314.8598,948.7804797,97749.7395
baseline_100,Baseline 1.00x,4200,371,-2701.73,5.61126,-2920.25,-3316.493044,934.4523079,97747.69375
baseline_100,Baseline 1.00x,4200,372,-2703.11,5.14978,-2921.6,-3317.618231,920.3458225,97746.04
baseline_100,Baseline 1.00x,4200,373,-2704.04,4.63394,-2922.48,-3318.125577,906.9943934,97744.962
baseline_100,Baseline 1.00x,4200,374,-2704.57,4.06959,-2923.01,-3318.083498,894.7028329,97744.31275
baseline_100,Baseline 1.00x,4200,375,-2704.87,3.48737,-2923.31,-3317.737778,883.5049915,97743.94525
baseline_100,Baseline 1.00x,4200,376,-2704.99,2.90774,-2923.42,-3317.174732,873.5741843,97743.8105
baseline_100,Baseline 1.00x,4200,377,-2704.97,2.34784,-2923.38,-3316.464354,865.0261881,97743.8595
baseline_100,Baseline 1.00x,4200,378,-2704.77,1.82204,-2923.15,-3315.575249,858.0142679,97744.14125
baseline_100,Baseline 1.00x,4200,379,-2704.4,1.33999,-2922.73,-3314.531488,852.5718056,97744.65575
baseline_100,Baseline 1.00x,4200,380,-2703.82,0.905566,-2922.12,-3313.288818,848.7571177,97745.403
baseline_100,Baseline 1.00x,4200,381,-2702.92,0.519779,-2921.22,-3311.713729,846.6742564,97746.5055
baseline_100,Baseline 1.00x,4200,382,-2701.68,0.192073,-2920.01,-3309.793289,846.2845204,97747.98775
baseline_100,Baseline 1.00x,4200,383,-2700.29,-0.0775093,-2918.63,-3307.760301,847.2492848,97749.67825
baseline_100,Baseline 1.00x,4200,384,-2698.89,-0.305786,-2917.23,-3305.765662,849.3219174,97751.39325
baseline_100,Baseline 1.00x,4200,385,-2697.54,-0.504802,-2915.85,-3303.868118,852.3688627,97753.08375
baseline_100,Baseline 1.00x,4200,386,-2696.21,-0.6769,-2914.47,-3302.028048,856.3224951,97754.77425
baseline_100,Baseline 1.00x,4200,387,-2694.87,-0.821287,-2913.1,-3300.209673,861.1111083,97756.4525
baseline_100,Baseline 1.00x,4200,388,-2693.5,-0.937698,-2911.73,-3298.38882,866.6619342,97758.13075
baseline_100,Baseline 1.00x,4200,389,-2692.1,-1.02488,-2910.34,-3296.567022,872.8764075,97759.8335
baseline_100,Baseline 1.00x,4200,390,-2690.69,-1.08087,-2908.95,-3294.771184,879.6305666,97761.53625
baseline_100,Baseline 1.00x,4200,391,-2689.29,-1.10369,-2907.57,-3293.02823,886.8004595,97763.22675
baseline_100,Baseline 1.00x,4200,392,-2687.94,-1.09167,-2906.24,-3291.389204,894.2380857,97764.856
baseline_100,Baseline 1.00x,4200,393,-2686.64,-1.03015,-2904.97,-3289.872066,901.8179989,97766.41175
baseline_100,Baseline 1.00x,4200,394,-2685.45,-0.939848,-2903.78,-3288.524936,909.4167271,97767.8695
baseline_100,Baseline 1.00x,4200,395,-2684.35,-0.8187,-2902.69,-3287.325843,916.9703861,97769.20475
baseline_100,Baseline 1.00x,4200,396,-2683.38,-0.665582,-2901.72,-3286.325162,924.3216851,97770.393
baseline_100,Baseline 1.00x,4200,397,-2682.53,-0.480729,-2900.87,-3285.510357,931.3871675,97771.43425
baseline_100,Baseline 1.00x,4200,398,-2681.81,-0.265989,-2900.16,-3284.891413,938.0823681,97772.304
baseline_100,Baseline 1.00x,4200,399,-2681.26,-0.02558,-2899.62,-3284.512165,944.257375,97772.9655
baseline_100,Baseline 1.00x,4200,400,-2680.95,0.217443,-2899.32,-3284.430118,949.8019273,97773.333
baseline_100,Baseline 1.00x,4200,401,-2680.8,0.479809,-2899.18,-3284.567766,954.7091541,97773.5045
baseline_100,Baseline 1.00x,4200,402,-2680.73,0.751744,-2899.13,-3284.815136,959.0154516,97773.56575
baseline_100,Baseline 1.00x,4200,403,-2680.74,1.02737,-2899.14,-3285.165028,962.6757646,97773.5535
baseline_100,Baseline 1.00x,4200,404,-2680.82,1.30004,-2899.22,-3285.597049,965.6688758,97773.4555
baseline_100,Baseline 1.00x,4200,405,-2681,1.56236,-2899.4,-3286.138891,967.925485,97773.235
baseline_100,Baseline 1.00x,4200,406,-2681.29,1.80662,-2899.7,-3286.793359,969.4117147,97772.8675
baseline_100,Baseline 1.00x,4200,407,-2681.71,2.02594,-2900.11,-3287.576527,970.1226362,97772.36525
baseline_100,Baseline 1.00x,4200,408,-2682.24,2.21536,-2900.65,-3288.457816,970.0786688,97771.70375
baseline_100,Baseline 1.00x,4200,409,-2682.86,2.37351,-2901.27,-3289.41105,969.3379915,97770.94425
baseline_100,Baseline 1.00x,4200,410,-2683.53,2.49956,-2901.93,-3290.386211,967.9824691,97770.13575
baseline_100,Baseline 1.00x,4200,411,-2684.2,2.59315,-2902.6,-3291.321609,966.1055083,97769.315
baseline_100,Baseline 1.00x,4200,412,-2684.86,2.65439,-2903.26,-3292.205128,963.793149,97768.5065
baseline_100,Baseline 1.00x,4200,413,-2685.49,2.68376,-2903.89,-3293.012856,961.1220142,97767.73475
baseline_100,Baseline 1.00x,4200,414,-2686.09,2.68231,-2904.49,-3293.74608,958.1752551,97766.99975
baseline_100,Baseline 1.00x,4200,415,-2686.65,2.64625,-2905.04,-3294.387906,955.0330657,97766.326
baseline_100,Baseline 1.00x,4200,416,-2687.16,2.58746,-2905.55,-3294.940639,951.7776701,97765.70125
baseline_100,Baseline 1.00x,4200,417,-2687.63,2.50812,-2906.01,-3295.419197,948.4681761,97765.13775
baseline_100,Baseline 1.00x,4200,418,-2688.03,2.41128,-2906.42,-3295.790568,945.2223189,97764.6355
baseline_100,Baseline 1.00x,4200,419,-2688.37,2.30078,-2906.75,-3296.071706,942.0761792,97764.23125
baseline_100,Baseline 1.00x,4200,420,-2688.62,2.18199,-2906.99,-3296.232438,939.144847,97763.93725
baseline_100,Baseline 1.00x,4200,421,-2688.79,2.05694,-2907.16,-3296.287501,936.4561822,97763.729
baseline_100,Baseline 1.00x,4200,422,-2688.9,1.92921,-2907.27,-3296.265782,934.0345489,97763.59425
baseline_100,Baseline 1.00x,4200,423,-2688.96,1.8014,-2907.33,-3296.182715,931.8859684,97763.52075
baseline_100,Baseline 1.00x,4200,424,-2688.98,1.67629,-2907.34,-3296.053955,930.0480852,97763.5085
baseline_100,Baseline 1.00x,4200,425,-2688.95,1.55615,-2907.31,-3295.870034,928.5412195,97763.54525
baseline_100,Baseline 1.00x,4200,426,-2688.88,1.44306,-2907.22,-3295.645749,927.3720147,97763.6555
baseline_100,Baseline 1.00x,4200,427,-2688.74,1.3387,-2907.09,-3295.346407,926.5647206,97763.81475
baseline_100,Baseline 1.00x,4200,428,-2688.55,1.24489,-2906.89,-3294.99874,926.1033615,97764.05975
baseline_100,Baseline 1.00x,4200,429,-2688.31,1.16354,-2906.65,-3294.605087,925.9750744,97764.35375
baseline_100,Baseline 1.00x,4200,430,-2688.02,1.09515,-2906.36,-3294.166059,926.1686818,97764.709
baseline_100,Baseline 1.00x,4200,431,-2687.72,1.03878,-2906.06,-3293.729505,926.6151142,97765.0765
baseline_100,Baseline 1.00x,4200,432,-2687.4,0.993587,-2905.74,-3293.282144,927.3064009,97765.4685
baseline_100,Baseline 1.00x,4200,433,-2687.09,0.959036,-2905.44,-3292.860069,928.1957892,97765.836
baseline_100,Baseline 1.00x,4200,434,-2686.8,0.934912,-2905.14,-3292.475267,929.2393751,97766.2035
baseline_100,Baseline 1.00x,4200,435,-2686.51,0.921087,-2904.86,-3292.103082,930.4405066,97766.5465
baseline_100,Baseline 1.00x,4200,436,-2686.24,0.91736,-2904.59,-3291.767766,931.7429959,97766.87725
baseline_100,Baseline 1.00x,4200,437,-2685.98,0.923353,-2904.33,-3291.456607,933.1276252,97767.19575
baseline_100,Baseline 1.00x,4200,438,-2685.73,0.940825,-2904.08,-3291.171761,934.5815457,97767.502
baseline_100,Baseline 1.00x,4200,439,-2685.5,0.965204,-2903.85,-3290.919875,936.0555768,97767.78375
baseline_100,Baseline 1.00x,4200,440,-2685.28,0.995957,-2903.63,-3290.688047,937.5519455,97768.05325
baseline_100,Baseline 1.00x,4200,441,-2685.08,1.03243,-2903.43,-3290.487727,939.0167022,97768.29825
baseline_100,Baseline 1.00x,4200,442,-2684.91,1.0739,-2903.26,-3290.330277,940.4278329,97768.5065
baseline_100,Baseline 1.00x,4200,443,-2684.77,1.11952,-2903.12,-3290.214662,941.7651285,97768.678
baseline_100,Baseline 1.00x,4200,444,-2684.67,1.16798,-2903.02,-3290.151526,942.9861045,97768.8005
baseline_100,Baseline 1.00x,4200,445,-2684.6,1.21714,-2902.96,-3290.125997,944.1056265,97768.874
baseline_100,Baseline 1.00x,4200,446,-2684.56,1.26816,-2902.93,-3290.139496,945.1010626,97768.91075
baseline_100,Baseline 1.00x,4200,447,-2684.55,1.3195,-2902.91,-3290.190138,945.9531023,97768.93525
baseline_100,Baseline 1.00x,4200,448,-2684.55,1.3702,-2902.91,-3290.252245,946.6874353,97768.93525
baseline_100,Baseline 1.00x,4200,449,-2684.57,1.41931,-2902.93,-3290.336905,947.2823893,97768.91075
baseline_100,Baseline 1.00x,4200,450,-2684.6,1.46584,-2902.97,-3290.430654,947.7408446,97768.86175
baseline_100,Baseline 1.00x,4200,451,-2684.66,1.50884,-2903.03,-3290.556829,948.0500822,97768.78825
baseline_100,Baseline 1.00x,4200,452,-2684.74,1.54729,-2903.11,-3290.70193,948.2130173,97768.69025
baseline_100,Baseline 1.00x,4200,453,-2684.84,1.58045,-2903.21,-3290.865051,948.2411705,97768.56775
baseline_100,Baseline 1.00x,4200,454,-2684.96,1.60821,-2903.33,-3291.046057,948.1346873,97768.42075
baseline_100,Baseline 1.00x,4200,455,-2685.08,1.63071,-2903.45,-3291.22062,947.928505,97768.27375
baseline_100,Baseline 1.00x,4200,456,-2685.21,1.64808,-2903.58,-3291.401148,947.6208207,97768.1145
baseline_100,Baseline 1.00x,4200,457,-2685.33,1.66039,-2903.7,-3291.563228,947.2360549,97767.9675
baseline_100,Baseline 1.00x,4200,458,-2685.45,1.66773,-2903.82,-3291.719219,946.7724524,97767.8205
baseline_100,Baseline 1.00x,4200,459,-2685.56,1.67023,-2903.93,-3291.857032,946.2739087,97767.68575
baseline_100,Baseline 1.00x,4200,460,-2685.67,1.66685,-2904.04,-3291.987641,945.7188554,97767.551
baseline_100,Baseline 1.00x,4200,461,-2685.78,1.6599,-2904.14,-3292.113878,945.1256704,97767.4285
baseline_100,Baseline 1.00x,4200,462,-2685.87,1.64957,-2904.23,-3292.211473,944.5292315,97767.31825
baseline_100,Baseline 1.00x,4200,463,-2685.96,1.63617,-2904.32,-3292.305308,943.9258741,97767.208
baseline_100,Baseline 1.00x,4200,464,-2686.03,1.62013,-2904.4,-3292.371409,943.3395846,97767.11
baseline_100,Baseline 1.00x,4200,465,-2686.1,1.60194,-2904.46,-3292.434876,942.7664834,97767.0365
baseline_100,Baseline 1.00x,4200,466,-2686.15,1.58216,-2904.51,-3292.471896,942.2303999,97766.97525
baseline_100,Baseline 1.00x,4200,467,-2686.18,1.56172,-2904.55,-3292.483607,941.7408149,97766.92625
baseline_100,Baseline 1.00x,4200,468,-2686.21,1.5405,-2904.57,-3292.494363,941.2946015,97766.90175
baseline_100,Baseline 1.00x,4200,469,-2686.22,1.51901,-2904.58,-3292.480287,940.9050465,97766.8895
baseline_100,Baseline 1.00x,4200,470,-2686.22,1.49761,-2904.58,-3292.454072,940.5700788,97766.8895
baseline_100,Baseline 1.00x,4200,471,-2686.22,1.47669,-2904.58,-3292.428445,940.2769848,97766.8895
baseline_100,Baseline 1.00x,4200,472,-2686.21,1.45662,-2904.56,-3292.39161,940.0481787,97766.914
baseline_100,Baseline 1.00x,4200,473,-2686.19,1.43775,-2904.54,-3292.343994,939.8832422,97766.9385
baseline_100,Baseline 1.00x,4200,474,-2686.15,1.42045,-2904.51,-3292.273801,939.7939797,97766.97525
baseline_100,Baseline 1.00x,4200,475,-2686.11,1.40508,-2904.47,-3292.205973,939.7448478,97767.02425
baseline_100,Baseline 1.00x,4200,476,-2686.07,1.39186,-2904.42,-3292.140779,939.7461869,97767.0855
baseline_100,Baseline 1.00x,4200,477,-2686.01,1.38077,-2904.37,-3292.053693,939.8225219,97767.14675
baseline_100,Baseline 1.00x,4200,478,-2685.96,1.3717,-2904.31,-3291.981333,939.9266285,97767.22025
baseline_100,Baseline 1.00x,4200,479,-2685.9,1.3646,-2904.26,-3291.899135,940.0830641,97767.2815
baseline_100,Baseline 1.00x,4200,480,-2685.85,1.35946,-2904.21,-3291.831589,940.2567293,97767.34275
baseline_100,Baseline 1.00x,4200,481,-2685.8,1.35626,-2904.15,-3291.766419,940.4598918,97767.41625
baseline_100,Baseline 1.00x,4200,482,-2685.75,1.355,-2904.11,-3291.703625,940.6925447,97767.46525
baseline_100,Baseline 1.00x,4200,483,-2685.7,1.35615,-2904.06,-3291.643784,940.9328912,97767.5265
baseline_100,Baseline 1.00x,4200,484,-2685.66,1.35875,-2904.01,-3291.597969,941.1910629,97767.58775
baseline_100,Baseline 1.00x,4200,485,-2685.61,1.36276,-2903.97,-3291.541631,941.459781,97767.63675
baseline_100,Baseline 1.00x,4200,486,-2685.58,1.36807,-2903.93,-3291.511386,941.7236357,97767.68575
baseline_100,Baseline 1.00x,4200,487,-2685.54,1.37454,-2903.9,-3291.470311,941.9877228,97767.7225
baseline_100,Baseline 1.00x,4200,488,-2685.51,1.382,-2903.87,-3291.4427,942.2383504,97767.75925
baseline_100,Baseline 1.00x,4200,489,-2685.49,1.39025,-2903.84,-3291.428306,942.475757,97767.796
baseline_100,Baseline 1.00x,4200,490,-2685.47,1.39899,-2903.83,-3291.414513,942.7019494,97767.80825
baseline_100,Baseline 1.00x,4200,491,-2685.46,1.40789,-2903.82,-3291.413165,942.9050775,97767.8205
baseline_100,Baseline 1.00x,4200,492,-2685.45,1.41726,-2903.81,-3291.412394,943.086403,97767.83275
baseline_100,Baseline 1.00x,4200,493,-2685.45,1.42667,-2903.81,-3291.423921,943.234199,97767.83275
baseline_100,Baseline 1.00x,4200,494,-2685.45,1.43594,-2903.81,-3291.435276,943.3715384,97767.83275
baseline_100,Baseline 1.00x,4200,495,-2685.45,1.4449,-2903.81,-3291.446252,943.4774188,97767.83275
baseline_100,Baseline 1.00x,4200,496,-2685.46,1.45339,-2903.82,-3291.468903,943.5609927,97767.8205
baseline_100,Baseline 1.00x,4200,497,-2685.47,1.46125,-2903.83,-3291.490781,943.6134976,97767.80825
baseline_100,Baseline 1.00x,4200,498,-2685.48,1.46829,-2903.85,-3291.511655,943.6563734,97767.78375
baseline_100,Baseline 1.00x,4200,499,-2685.5,1.47438,-2903.87,-3291.543616,943.6563217,97767.75925
baseline_100,Baseline 1.00x,4200,500,-2685.52,1.4795,-2903.89,-3291.574388,943.6362217,97767.73475
baseline_100,Baseline 1.00x,4200,501,-2685.55,1.48369,-2903.91,-3291.61627,943.5837746,97767.71025
baseline_100,Baseline 1.00x,4200,502,-2685.57,1.48699,-2903.93,-3291.644813,943.5340367,97767.68575
baseline_100,Baseline 1.00x,4200,503,-2685.59,1.48941,-2903.96,-3291.672277,943.4641436,97767.649
baseline_100,Baseline 1.00x,4200,504,-2685.62,1.49096,-2903.98,-3291.710926,943.3724386,97767.6245
baseline_100,Baseline 1.00x,4200,505,-2685.64,1.49163,-2904,-3291.736247,943.2728318,97767.6
baseline_100,Baseline 1.00x,4200,506,-2685.66,1.49123,-2904.02,-3291.760257,943.1745168,97767.5755
baseline_100,Baseline 1.00x,4200,507,-2685.68,1.49017,-2904.04,-3291.783458,943.0663895,97767.551
baseline_100,Baseline 1.00x,4200,508,-2685.7,1.48848,-2904.06,-3291.805888,942.9484155,97767.5265
baseline_100,Baseline 1.00x,4200,509,-2685.71,1.4862,-2904.08,-3291.815345,942.8434034,97767.502
baseline_100,Baseline 1.00x,4200,510,-2685.73,1.48339,-2904.09,-3291.836403,942.726782,97767.48975
baseline_100,Baseline 1.00x,4200,511,-2685.74,1.48014,-2904.1,-3291.844672,942.6229445,97767.4775
baseline_100,Baseline 1.00x,4200,512,-2685.75,1.47653,-2904.11,-3291.852499,942.5195451,97767.46525
baseline_100,Baseline 1.00x,4200,513,-2685.76,1.47272,-2904.12,-3291.860082,942.4163909,97767.453
baseline_100,Baseline 1.00x,4200,514,-2685.76,1.46876,-2904.12,-3291.855231,942.3362778,97767.453
baseline_100,Baseline 1.00x,4200,515,-2685.77,1.4647,-2904.13,-3291.862507,942.2546466,97767.44075
baseline_100,Baseline 1.00x,4200,516,-2685.77,1.46061,-2904.13,-3291.857497,942.1853095,97767.44075
baseline_100,Baseline 1.00x,4200,517,-2685.77,1.45656,-2904.13,-3291.852536,942.1265369,97767.44075
baseline_100,Baseline 1.00x,4200,518,-2685.77,1.45265,-2904.13,-3291.847746,942.0782083,97767.44075
baseline_100,Baseline 1.00x,4200,519,-2685.76,1.44894,-2904.12,-3291.830952,942.052501,97767.453
baseline_100,Baseline 1.00x,4200,520,-2685.76,1.44551,-2904.12,-3291.82675,942.0248186,97767.453
baseline_100,Baseline 1.00x,4200,521,-2685.75,1.44244,-2904.11,-3291.810739,942.0195632,97767.46525
baseline_100,Baseline 1.00x,4200,522,-2685.74,1.4398,-2904.1,-3291.795255,942.0243994,97767.4775
baseline_100,Baseline 1.00x,4200,523,-2685.73,1.43758,-2904.09,-3291.780285,942.0287341,97767.48975
baseline_100,Baseline 1.00x,4200,524,-2685.72,1.43576,-2904.08,-3291.765806,942.0538022,97767.502
baseline_100,Baseline 1.00x,4200,525,-2685.71,1.43432,-2904.07,-3291.751792,942.0784168,97767.51425
baseline_100,Baseline 1.00x,4200,526,-2685.7,1.43327,-2904.06,-3291.738256,942.1025654,97767.5265
baseline_100,Baseline 1.00x,4200,527,-2685.69,1.4326,-2904.05,-3291.725185,942.1474692,97767.53875
baseline_100,Baseline 1.00x,4200,528,-2685.68,1.43231,-2904.04,-3291.71258,942.1919165,97767.551
baseline_100,Baseline 1.00x,4200,529,-2685.67,1.4325,-2904.03,-3291.700563,942.2357842,97767.56325
baseline_100,Baseline 1.00x,4200,530,-2685.66,1.43297,-2904.02,-3291.688888,942.289921,97767.5755
baseline_100,Baseline 1.00x,4200,531,-2685.66,1.43372,-2904.02,-3291.689807,942.3208654,97767.5755
baseline_100,Baseline 1.00x,4200,532,-2685.65,1.43472,-2904.01,-3291.678782,942.3743624,97767.58775
baseline_100,Baseline 1.00x,4200,533,-2685.64,1.43596,-2904,-3291.668051,942.4381732,97767.6
baseline_100,Baseline 1.00x,4200,534,-2685.64,1.43739,-2904,-3291.669803,942.478898,97767.6
baseline_100,Baseline 1.00x,4200,535,-2685.63,1.43898,-2903.99,-3291.659501,942.5316769,97767.61225
baseline_100,Baseline 1.00x,4200,536,-2685.63,1.44066,-2903.99,-3291.661559,942.5614903,97767.61225
baseline_100,Baseline 1.00x,4200,537,-2685.63,1.44236,-2903.99,-3291.663641,942.601882,97767.61225
baseline_100,Baseline 1.00x,4200,538,-2685.63,1.4441,-2903.99,-3291.665773,942.6316175,97767.61225
baseline_100,Baseline 1.00x,4200,539,-2685.62,1.44584,-2903.99,-3291.655654,942.6735991,97767.61225
baseline_100,Baseline 1.00x,4200,540,-2685.62,1.44757,-2903.99,-3291.657773,942.7033387,97767.61225
baseline_100,Baseline 1.00x,4200,541,-2685.63,1.44925,-2903.99,-3291.672081,942.7102805,97767.61225
baseline_100,Baseline 1.00x,4200,542,-2685.63,1.45086,-2903.99,-3291.674054,942.7295525,97767.61225
baseline_100,Baseline 1.00x,4200,543,-2685.63,1.45235,-2903.99,-3291.675879,942.7383619,97767.61225
baseline_100,Baseline 1.00x,4200,544,-2685.63,1.45382,-2903.99,-3291.67768,942.7471896,97767.61225
baseline_100,Baseline 1.00x,4200,545,-2685.64,1.45495,-2904,-3291.691314,942.7441785,97767.6
baseline_100,Baseline 1.00x,4200,546,-2685.64,1.45591,-2904,-3291.69249,942.7430153,97767.6
baseline_100,Baseline 1.00x,4200,547,-2685.64,1.4567,-2904.01,-3291.693458,942.742055,97767.58775
baseline_100,Baseline 1.00x,4200,548,-2685.65,1.45734,-2904.01,-3291.706492,942.7184184,97767.58775
baseline_100,Baseline 1.00x,4200,549,-2685.65,1.45781,-2904.01,-3291.707067,942.707235,97767.58775
baseline_100,Baseline 1.00x,4200,550,-2685.66,1.45813,-2904.02,-3291.719709,942.683981,97767.5755
baseline_100,Baseline 1.00x,4200,551,-2685.66,1.45828,-2904.02,-3291.719893,942.6731812,97767.5755
baseline_100,Baseline 1.00x,4200,552,-2685.66,1.45837,-2904.03,-3291.720003,942.6624512,97767.56325
baseline_100,Baseline 1.00x,4200,553,-2685.67,1.45824,-2904.03,-3291.732094,942.6291329,97767.56325
baseline_100,Baseline 1.00x,4200,554,-2685.67,1.4579,-2904.03,-3291.731678,942.6189242,97767.56325
baseline_100,Baseline 1.00x,4200,555,-2685.68,1.45741,-2904.04,-3291.743327,942.5860429,97767.551
baseline_100,Baseline 1.00x,4200,556,-2685.68,1.45681,-2904.04,-3291.742592,942.5655449,97767.551
baseline_100,Baseline 1.00x,4200,557,-2685.68,1.45612,-2904.04,-3291.741747,942.545156,97767.551
baseline_100,Baseline 1.00x,4200,558,-2685.68,1.45539,-2904.04,-3291.740853,942.5354206,97767.551
baseline_100,Baseline 1.00x,4200,559,-2685.69,1.45463,-2904.05,-3291.752172,942.5028678,97767.53875
baseline_100,Baseline 1.00x,4200,560,-2685.69,1.45384,-2904.05,-3291.751204,942.482602,97767.53875
baseline_100,Baseline 1.00x,4200,561,-2685.69,1.45306,-2904.05,-3291.750248,942.47293,97767.53875
baseline_100,Baseline 1.00x,4200,562,-2685.69,1.4523,-2904.05,-3291.749318,942.4632349,97767.53875
baseline_100,Baseline 1.00x,4200,563,-2685.69,1.45156,-2904.05,-3291.748411,942.4535173,97767.53875
baseline_100,Baseline 1.00x,4200,564,-2685.69,1.45086,-2904.05,-3291.747554,942.4437524,97767.53875
baseline_100,Baseline 1.00x,4200,565,-2685.68,1.45018,-2904.04,-3291.73447,942.4462157,97767.551
baseline_100,Baseline 1.00x,4200,566,-2685.68,1.44956,-2904.04,-3291.733711,942.4363575,97767.551
baseline_100,Baseline 1.00x,4200,567,-2685.68,1.44898,-2904.04,-3291.733001,942.4370575,97767.551
baseline_100,Baseline 1.00x,4200,568,-2685.68,1.44847,-2904.04,-3291.732376,942.4376745,97767.551
baseline_100,Baseline 1.00x,4200,569,-2685.68,1.44804,-2904.04,-3291.731849,942.4381958,97767.551
baseline_100,Baseline 1.00x,4200,570,-2685.68,1.44769,-2904.04,-3291.73142,942.4386212,97767.551
baseline_100,Baseline 1.00x,4200,571,-2685.68,1.44743,-2904.04,-3291.731102,942.438939,97767.551
baseline_100,Baseline 1.00x,4200,572,-2685.67,1.44725,-2904.03,-3291.718631,942.4514105,97767.56325
baseline_100,Baseline 1.00x,4200,573,-2685.67,1.44714,-2904.03,-3291.718497,942.4621535,97767.56325
baseline_100,Baseline 1.00x,4200,574,-2685.67,1.4471,-2904.03,-3291.718448,942.4622076,97767.56325
baseline_100,Baseline 1.00x,4200,575,-2685.67,1.44711,-2904.03,-3291.71846,942.4728066,97767.56325
baseline_100,Baseline 1.00x,4200,576,-2685.67,1.44719,-2904.03,-3291.718558,942.4833213,97767.56325
baseline_100,Baseline 1.00x,4200,577,-2685.66,1.44733,-2904.02,-3291.706479,942.4954085,97767.5755
baseline_100,Baseline 1.00x,4200,578,-2685.66,1.44752,-2904.02,-3291.706712,942.5057904,97767.5755
baseline_100,Baseline 1.00x,4200,579,-2685.66,1.44774,-2904.02,-3291.706981,942.5161359,97767.5755
baseline_100,Baseline 1.00x,4200,580,-2685.66,1.44801,-2904.02,-3291.707312,942.5158156,97767.5755
baseline_100,Baseline 1.00x,4200,581,-2685.66,1.4483,-2904.02,-3291.707668,942.526076,97767.5755
baseline_100,Baseline 1.00x,4200,582,-2685.66,1.44861,-2904.02,-3291.708047,942.5363115,97767.5755
baseline_100,Baseline 1.00x,4200,583,-2685.66,1.44894,-2904.02,-3291.708452,942.5465225,97767.5755
baseline_100,Baseline 1.00x,4200,584,-2685.66,1.44927,-2904.02,-3291.708856,942.546128,97767.5755
baseline_100,Baseline 1.00x,4200,585,-2685.66,1.4496,-2904.02,-3291.70926,942.556338,97767.5755
baseline_100,Baseline 1.00x,4200,586,-2685.66,1.44992,-2904.02,-3291.709652,942.5559545,97767.5755
baseline_100,Baseline 1.00x,4200,587,-2685.66,1.45023,-2904.02,-3291.710032,942.5661872,97767.5755
baseline_100,Baseline 1.00x,4200,588,-2685.66,1.45051,-2904.02,-3291.710375,942.5658506,97767.5755
baseline_100,Baseline 1.00x,4200,589,-2685.66,1.45078,-2904.02,-3291.710706,942.5655256,97767.5755
baseline_100,Baseline 1.00x,4200,590,-2685.66,1.45102,-2904.02,-3291.711,942.5652364,97767.5755
baseline_100,Baseline 1.00x,4200,591,-2685.66,1.45124,-2904.02,-3291.711269,942.575575,97767.5755
baseline_100,Baseline 1.00x,4200,592,-2685.66,1.45144,-2904.02,-3291.711514,942.5753327,97767.5755
baseline_100,Baseline 1.00x,4200,593,-2685.66,1.45161,-2904.02,-3291.711722,942.5751258,97767.5755
baseline_100,Baseline 1.00x,4200,594,-2685.66,1.45174,-2904.02,-3291.711881,942.5643621,97767.5755
baseline_100,Baseline 1.00x,4200,595,-2685.66,1.45184,-2904.03,-3291.712004,942.564239,97767.56325
baseline_100,Baseline 1.00x,4200,596,-2685.67,1.45191,-2904.03,-3291.72434,942.5519019,97767.56325
baseline_100,Baseline 1.00x,4200,597,-2685.67,1.45194,-2904.03,-3291.724377,942.5518631,97767.56325
baseline_100,Baseline 1.00x,4200,598,-2685.67,1.45194,-2904.03,-3291.724377,942.55186,97767.56325
baseline_100,Baseline 1.00x,4200,599,-2685.67,1.45191,-2904.03,-3291.72434,942.5412887,97767.56325
baseline_100,Baseline 1.00x,4200,600,-2685.67,1.45185,-2904.03,-3291.724266,942.5413584,97767.56325
baseline_100,Baseline 1.00x,4200,601,-2685.67,1.45177,-2904.03,-3291.724168,942.5414521,97767.56325
baseline_100,Baseline 1.00x,4200,602,-2685.67,1.45167,-2904.03,-3291.724046,942.5309654,97767.56325
baseline_100,Baseline 1.00x,4200,603,-2685.67,1.45156,-2904.03,-3291.723911,942.5310954,97767.56325
baseline_100,Baseline 1.00x,4200,604,-2685.67,1.45143,-2904.03,-3291.723752,942.5312499,97767.56325
baseline_100,Baseline 1.00x,4200,605,-2685.67,1.45129,-2904.03,-3291.72358,942.5208119,97767.56325
baseline_100,Baseline 1.00x,4200,606,-2685.67,1.45115,-2904.03,-3291.723409,942.520979,97767.56325
baseline_100,Baseline 1.00x,4200,607,-2685.67,1.451,-2904.03,-3291.723225,942.5211584,97767.56325
baseline_100,Baseline 1.00x,4200,608,-2685.67,1.45085,-2904.03,-3291.723041,942.5213381,97767.56325
baseline_100,Baseline 1.00x,4200,609,-2685.67,1.45071,-2904.03,-3291.72287,942.5109011,97767.56325
baseline_100,Baseline 1.00x,4200,610,-2685.67,1.45057,-2904.03,-3291.722698,942.5110692,97767.56325
baseline_100,Baseline 1.00x,4200,611,-2685.67,1.45044,-2904.03,-3291.722539,942.5112258,97767.56325
baseline_100,Baseline 1.00x,4200,612,-2685.67,1.45033,-2904.03,-3291.722404,942.5113578,97767.56325
baseline_100,Baseline 1.00x,4200,613,-2685.67,1.45022,-2904.03,-3291.72227,942.5114905,97767.56325
baseline_100,Baseline 1.00x,4200,614,-2685.67,1.45013,-2904.03,-3291.722159,942.5115994,97767.56325
baseline_100,Baseline 1.00x,4200,615,-2685.67,1.45005,-2904.03,-3291.722061,942.5116964,97767.56325
baseline_100,Baseline 1.00x,4200,616,-2685.67,1.44998,-2904.03,-3291.721976,942.5117815,97767.56325
baseline_100,Baseline 1.00x,4200,617,-2685.67,1.44992,-2904.03,-3291.721902,942.5118547,97767.56325
baseline_100,Baseline 1.00x,4200,618,-2685.67,1.44989,-2904.03,-3291.721865,942.5118917,97767.56325
baseline_100,Baseline 1.00x,4200,619,-2685.67,1.44986,-2904.03,-3291.721829,942.5119292,97767.56325
baseline_100,Baseline 1.00x,4200,620,-2685.67,1.44982,-2904.03,-3291.72178,942.5119792,97767.56325
baseline_100,Baseline 1.00x,4200,621,-2685.67,1.44984,-2904.03,-3291.721804,942.5119557,97767.56325
baseline_100,Baseline 1.00x,4200,622,-2685.67,1.44988,-2904.03,-3291.721853,942.5119084,97767.56325
baseline_100,Baseline 1.00x,4200,623,-2685.67,1.44987,-2904.03,-3291.721841,942.5225271,97767.56325
baseline_100,Baseline 1.00x,4200,624,-2685.67,1.44989,-2904.03,-3291.721865,942.5225043,97767.56325
baseline_100,Baseline 1.00x,4200,625,-2685.67,1.44995,-2904.03,-3291.721939,942.5224328,97767.56325
baseline_100,Baseline 1.00x,4200,626,-2685.67,1.45002,-2904.03,-3291.722025,942.5223491,97767.56325
baseline_100,Baseline 1.00x,4200,627,-2685.67,1.4501,-2904.03,-3291.722123,942.5222531,97767.56325
baseline_100,Baseline 1.00x,4200,628,-2685.67,1.45017,-2904.03,-3291.722208,942.5221694,97767.56325
baseline_100,Baseline 1.00x,4200,629,-2685.67,1.45023,-2904.03,-3291.722282,942.5220976,97767.56325
baseline_100,Baseline 1.00x,4200,630,-2685.67,1.45029,-2904.03,-3291.722355,942.5220261,97767.56325
baseline_100,Baseline 1.00x,4200,631,-2685.67,1.45035,-2904.03,-3291.722429,942.5325591,97767.56325
baseline_100,Baseline 1.00x,4200,632,-2685.67,1.4504,-2904.03,-3291.72249,942.5324992,97767.56325
baseline_100,Baseline 1.00x,4200,633,-2685.67,1.45047,-2904.03,-3291.722576,942.5324151,97767.56325
baseline_100,Baseline 1.00x,4200,634,-2685.67,1.45053,-2904.03,-3291.722649,942.5323426,97767.56325
baseline_100,Baseline 1.00x,4200,635,-2685.67,1.45057,-2904.03,-3291.722698,942.5322947,97767.56325
baseline_100,Baseline 1.00x,4200,636,-2685.67,1.4506,-2904.03,-3291.722735,942.5322589,97767.56325
baseline_100,Baseline 1.00x,4200,637,-2685.67,1.45064,-2904.03,-3291.722784,942.5322106,97767.56325
baseline_100,Baseline 1.00x,4200,638,-2685.67,1.45067,-2904.03,-3291.722821,942.5321742,97767.56325
baseline_100,Baseline 1.00x,4200,639,-2685.67,1.45069,-2904.03,-3291.722845,942.53215,97767.56325
baseline_100,Baseline 1.00x,4200,640,-2685.67,1.45072,-2904.03,-3291.722882,942.5321133,97767.56325
baseline_100,Baseline 1.00x,4200,641,-2685.67,1.45074,-2904.03,-3291.722907,942.5320888,97767.56325
baseline_100,Baseline 1.00x,4200,642,-2685.67,1.45075,-2904.03,-3291.722919,942.5320765,97767.56325
baseline_100,Baseline 1.00x,4200,643,-2685.67,1.45076,-2904.03,-3291.722931,942.5320639,97767.56325
baseline_100,Baseline 1.00x,4200,644,-2685.67,1.45077,-2904.03,-3291.722943,942.5320513,97767.56325
baseline_100,Baseline 1.00x,4200,645,-2685.67,1.45077,-2904.03,-3291.722943,942.532051,97767.56325
baseline_100,Baseline 1.00x,4200,646,-2685.67,1.45076,-2904.03,-3291.722931,942.5320626,97767.56325
baseline_100,Baseline 1.00x,4200,647,-2685.67,1.45075,-2904.03,-3291.722919,942.5320742,97767.56325
baseline_100,Baseline 1.00x,4200,648,-2685.67,1.45073,-2904.03,-3291.722894,942.532098,97767.56325
baseline_100,Baseline 1.00x,4200,649,-2685.67,1.45072,-2904.03,-3291.722882,942.5321096,97767.56325
baseline_100,Baseline 1.00x,4200,650,-2685.67,1.4507,-2904.03,-3291.722858,942.5215286,97767.56325
baseline_100,Baseline 1.00x,4200,651,-2685.67,1.45068,-2904.03,-3291.722833,942.5215521,97767.56325
baseline_100,Baseline 1.00x,4200,652,-2685.67,1.45066,-2904.03,-3291.722809,942.5215759,97767.56325
baseline_100,Baseline 1.00x,4200,653,-2685.67,1.45063,-2904.03,-3291.722772,942.521612,97767.56325
baseline_100,Baseline 1.00x,4200,654,-2685.67,1.45061,-2904.03,-3291.722747,942.5216358,97767.56325
baseline_100,Baseline 1.00x,4200,655,-2685.67,1.45058,-2904.03,-3291.722711,942.5216719,97767.56325
baseline_100,Baseline 1.00x,4200,656,-2685.67,1.45055,-2904.03,-3291.722674,942.521708,97767.56325
baseline_100,Baseline 1.00x,4200,657,-2685.67,1.45052,-2904.03,-3291.722637,942.521744,97767.56325
baseline_100,Baseline 1.00x,4200,658,-2685.67,1.45049,-2904.03,-3291.7226,942.5217801,97767.56325
baseline_100,Baseline 1.00x,4200,659,-2685.67,1.45047,-2904.03,-3291.722576,942.5218043,97767.56325
baseline_100,Baseline 1.00x,4200,660,-2685.67,1.45045,-2904.03,-3291.722551,942.5218284,97767.56325
baseline_100,Baseline 1.00x,4200,661,-2685.67,1.45045,-2904.03,-3291.722551,942.5218281,97767.56325
baseline_100,Baseline 1.00x,4200,662,-2685.67,1.45042,-2904.03,-3291.722515,942.5218645,97767.56325
baseline_100,Baseline 1.00x,4200,663,-2685.67,1.45039,-2904.03,-3291.722478,942.5219009,97767.56325
baseline_100,Baseline 1.00x,4200,664,-2685.67,1.45038,-2904.03,-3291.722466,942.5219132,97767.56325
baseline_100,Baseline 1.00x,4200,665,-2685.67,1.45038,-2904.03,-3291.722466,942.5219128,97767.56325
baseline_100,Baseline 1.00x,4200,666,-2685.67,1.45037,-2904.03,-3291.722453,942.5219251,97767.56325
baseline_100,Baseline 1.00x,4200,667,-2685.67,1.45036,-2904.03,-3291.722441,942.5219373,97767.56325
baseline_100,Baseline 1.00x,4200,668,-2685.67,1.45036,-2904.03,-3291.722441,942.5219377,97767.56325
baseline_100,Baseline 1.00x,4200,669,-2685.67,1.45037,-2904.03,-3291.722453,942.5219254,97767.56325
baseline_100,Baseline 1.00x,4200,670,-2685.67,1.45037,-2904.03,-3291.722453,942.5219258,97767.56325
baseline_100,Baseline 1.00x,4200,671,-2685.67,1.45037,-2904.03,-3291.722453,942.5219258,97767.56325
baseline_100,Baseline 1.00x,4200,672,-2685.67,1.45037,-2904.03,-3291.722453,942.5219261,97767.56325
baseline_100,Baseline 1.00x,4200,673,-2685.67,1.45037,-2904.03,-3291.722453,942.5219264,97767.56325
baseline_100,Baseline 1.00x,4200,674,-2685.67,1.45037,-2904.03,-3291.722453,942.5219268,97767.56325
baseline_100,Baseline 1.00x,4200,675,-2685.67,1.45038,-2904.03,-3291.722466,942.5219149,97767.56325
baseline_100,Baseline 1.00x,4200,676,-2685.67,1.45038,-2904.03,-3291.722466,942.5219152,97767.56325
baseline_100,Baseline 1.00x,4200,677,-2685.67,1.45041,-2904.03,-3291.722502,942.5218788,97767.56325
baseline_100,Baseline 1.00x,4200,678,-2685.67,1.45041,-2904.03,-3291.722502,942.5218788,97767.56325
baseline_100,Baseline 1.00x,4200,679,-2685.67,1.45041,-2904.03,-3291.722502,942.5218791,97767.56325
baseline_100,Baseline 1.00x,4200,680,-2685.67,1.45044,-2904.03,-3291.722539,942.5218427,97767.56325
baseline_100,Baseline 1.00x,4200,681,-2685.67,1.45044,-2904.03,-3291.722539,942.5218431,97767.56325
baseline_100,Baseline 1.00x,4200,682,-2685.67,1.45044,-2904.03,-3291.722539,942.5218434,97767.56325
baseline_100,Baseline 1.00x,4200,683,-2685.67,1.45048,-2904.03,-3291.722588,942.5217947,97767.56325
baseline_100,Baseline 1.00x,4200,684,-2685.67,1.45048,-2904.03,-3291.722588,942.5217947,97767.56325
baseline_100,Baseline 1.00x,4200,685,-2685.67,1.45048,-2904.03,-3291.722588,942.5217951,97767.56325
baseline_100,Baseline 1.00x,4200,686,-2685.67,1.45052,-2904.03,-3291.722637,942.5217461,97767.56325
baseline_100,Baseline 1.00x,4200,687,-2685.67,1.45052,-2904.03,-3291.722637,942.5217464,97767.56325
baseline_100,Baseline 1.00x,4200,688,-2685.67,1.45052,-2904.03,-3291.722637,942.5217464,97767.56325
baseline_100,Baseline 1.00x,4200,689,-2685.67,1.45052,-2904.03,-3291.722637,942.5217464,97767.56325
baseline_100,Baseline 1.00x,4200,690,-2685.67,1.45053,-2904.03,-3291.722649,942.5217345,97767.56325
baseline_100,Baseline 1.00x,4200,691,-2685.67,1.45053,-2904.03,-3291.722649,942.5217345,97767.56325
baseline_100,Baseline 1.00x,4200,692,-2685.67,1.45053,-2904.03,-3291.722649,942.5217345,97767.56325
baseline_100,Baseline 1.00x,4200,693,-2685.67,1.45053,-2904.03,-3291.722649,942.5217345,97767.56325
baseline_100,Baseline 1.00x,4200,694,-2685.67,1.45053,-2904.03,-3291.722649,942.5217345,97767.56325
baseline_100,Baseline 1.00x,4200,695,-2685.67,1.45053,-2904.03,-3291.722649,942.5217345,97767.56325
baseline_100,Baseline 1.00x,4200,696,-2685.67,1.45053,-2904.03,-3291.722649,942.5217345,97767.56325
baseline_100,Baseline 1.00x,4200,697,-2685.67,1.45053,-2904.03,-3291.722649,942.5217345,97767.56325
baseline_100,Baseline 1.00x,4200,698,-2685.67,1.45053,-2904.03,-3291.722649,942.5217342,97767.56325
baseline_100,Baseline 1.00x,4200,699,-2685.67,1.45053,-2904.03,-3291.722649,942.5217342,97767.56325
baseline_100,Baseline 1.00x,4200,700,-2685.67,1.45053,-2904.03,-3291.722649,942.5217342,97767.56325
baseline_100,Baseline 1.00x,4200,701,-2685.67,1.45052,-2904.03,-3291.722637,942.5217464,97767.56325
baseline_100,Baseline 1.00x,4200,702,-2685.67,1.45052,-2904.03,-3291.722637,942.5217464,97767.56325
baseline_100,Baseline 1.00x,4200,703,-2685.67,1.45052,-2904.03,-3291.722637,942.5217464,97767.56325
baseline_100,Baseline 1.00x,4200,704,-2685.67,1.45052,-2904.03,-3291.722637,942.5217464,97767.56325
baseline_100,Baseline 1.00x,4200,705,-2685.67,1.45052,-2904.03,-3291.722637,942.5217464,97767.56325
baseline_100,Baseline 1.00x,4200,706,-2685.67,1.45052,-2904.03,-3291.722637,942.5217464,97767.56325
baseline_100,Baseline 1.00x,4200,707,-2685.67,1.45052,-2904.03,-3291.722637,942.5217464,97767.56325
baseline_100,Baseline 1.00x,4200,708,-2685.67,1.45052,-2904.03,-3291.722637,942.5217464,97767.56325
baseline_100,Baseline 1.00x,4200,709,-2685.67,1.45052,-2904.03,-3291.722637,942.5217464,97767.56325
baseline_100,Baseline 1.00x,4200,710,-2685.67,1.4505,-2904.03,-3291.722613,942.5217709,97767.56325
baseline_100,Baseline 1.00x,4200,711,-2685.67,1.4505,-2904.03,-3291.722613,942.5217709,97767.56325
baseline_100,Baseline 1.00x,4200,712,-2685.67,1.4505,-2904.03,-3291.722613,942.5217709,97767.56325
baseline_100,Baseline 1.00x,4200,713,-2685.67,1.4505,-2904.03,-3291.722613,942.5217706,97767.56325
baseline_100,Baseline 1.00x,4200,714,-2685.67,1.4505,-2904.03,-3291.722613,942.5217706,97767.56325
baseline_100,Baseline 1.00x,4200,715,-2685.67,1.4505,-2904.03,-3291.722613,942.5217706,97767.56325
baseline_100,Baseline 1.00x,4200,716,-2685.67,1.4505,-2904.03,-3291.722613,942.5217706,97767.56325
baseline_100,Baseline 1.00x,4200,717,-2685.67,1.4505,-2904.03,-3291.722613,942.5217706,97767.56325
baseline_100,Baseline 1.00x,4200,718,-2685.67,1.4505,-2904.03,-3291.722613,942.5217706,97767.56325
baseline_100,Baseline 1.00x,4200,719,-2685.67,1.4505,-2904.03,-3291.722613,942.5217702,97767.56325
baseline_100,Baseline 1.00x,4200,720,-2685.67,1.45051,-2904.03,-3291.722625,942.521758,97767.56325
baseline_100,Baseline 1.00x,4200,721,-2685.67,1.45051,-2904.03,-3291.722625,942.521758,97767.56325
baseline_100,Baseline 1.00x,4200,722,-2685.67,1.45051,-2904.03,-3291.722625,942.521758,97767.56325
baseline_100,Baseline 1.00x,4200,723,-2685.67,1.45051,-2904.03,-3291.722625,942.5217576,97767.56325
baseline_100,Baseline 1.00x,4200,724,-2685.67,1.45051,-2904.03,-3291.722625,942.5217576,97767.56325
baseline_100,Baseline 1.00x,4200,725,-2685.67,1.45051,-2904.03,-3291.722625,942.5217576,97767.56325
baseline_100,Baseline 1.00x,4200,726,-2685.67,1.45051,-2904.03,-3291.722625,942.5217576,97767.56325
baseline_100,Baseline 1.00x,4200,727,-2685.67,1.45051,-2904.03,-3291.722625,942.5217573,97767.56325
baseline_100,Baseline 1.00x,4200,728,-2685.67,1.45051,-2904.03,-3291.722625,942.5217573,97767.56325
baseline_100,Baseline 1.00x,4200,729,-2685.67,1.45051,-2904.03,-3291.722625,942.5217573,97767.56325
baseline_100,Baseline 1.00x,4200,730,-2685.67,1.45051,-2904.03,-3291.722625,942.5217573,97767.56325
fine_150,Fine 1.50x,9450,1,-95695.3,-2555.25,-67452.8,-114096.5613,-112473.7972,18695.32
fine_150,Fine 1.50x,9450,2,-58377.8,-3111.6,103612,-67701.095,-63768.03808,228249.7
fine_150,Fine 1.50x,9450,3,6283.16,-2611.12,84739.7,10895.493,16411.58902,205131.1325
fine_150,Fine 1.50x,9450,4,76786.1,-1446.56,1588.73,95835.0085,102095.2016,103271.1943
fine_150,Fine 1.50x,9450,5,112719,-230.552,-58787.8,138363.2012,144733.2982,29309.945
fine_150,Fine 1.50x,9450,6,105001,706.959,-74605.5,127760.2002,133779.5879,9933.2625
fine_150,Fine 1.50x,9450,7,64997.4,1128.72,-94405.5,78239.133,83664.13985,-14321.7375
fine_150,Fine 1.50x,9450,8,21999,1132.22,-97967.6,25561.8055,30395.53708,-18685.31
fine_150,Fine 1.50x,9450,9,-31121,822.237,-116002,-39130.46533,-34809.78241,-40777.45
fine_150,Fine 1.50x,9450,10,-71102.7,301.832,-137189,-87470.5517,-83380.54233,-66731.525
fine_150,Fine 1.50x,9450,11,-86585.1,-117.714,-142168,-105922.5479,-101789.5125,-72830.8
fine_150,Fine 1.50x,9450,12,-75378.8,-405.869,-126220,-91841.84048,-87474.32096,-53294.5
fine_150,Fine 1.50x,9450,13,-48663.2,-469.14,-98363.6,-59037.7235,-54397.86803,-19170.41
fine_150,Fine 1.50x,9450,14,-15687.5,-405.334,-66341.8,-18720.65335,-13845.91773,20056.295
fine_150,Fine 1.50x,9450,15,14775.1,-242.851,-40316.9,18396.98998,23404.83626,51936.7975
fine_150,Fine 1.50x,9450,16,36448.3,-60.4999,-23038,44723.27988,49758.80043,73103.45
fine_150,Fine 1.50x,9450,17,45441.1,95.8948,-15494.8,55547.87637,60520.23871,82343.87
fine_150,Fine 1.50x,9450,18,43124.2,169.901,-14712.3,52619.01628,57491.19886,83302.4325
fine_150,Fine 1.50x,9450,19,33421.5,174.407,-16823.7,40727.68893,45497.82353,80715.9675
fine_150,Fine 1.50x,9450,20,21100.2,133.623,-18573.5,25684.05683,30375.49724,78572.4625
fine_150,Fine 1.50x,9450,21,9896.13,87.4315,-18364.8,12015.65566,16657.00854,78828.12
fine_150,Fine 1.50x,9450,22,1626.69,19.0316,-15612.5,1969.38154,6605.997302,82199.6875
fine_150,Fine 1.50x,9450,23,-2651.71,-40.5119,-10795.2,-3198.717673,1466.569009,88100.88
fine_150,Fine 1.50x,9450,24,-3658.93,-59.9341,-3806.03,-4408.769978,294.4749664,96662.61325
fine_150,Fine 1.50x,9450,25,-3216.22,-56.5851,3333.86,-3870.552753,866.2094608,105408.9785
fine_150,Fine 1.50x,9450,26,-2442.73,-44.0508,9481.29,-2938.38202,1823.597648,112939.5802
fine_150,Fine 1.50x,9450,27,-1382.36,-28.8035,13840.2,-1658.106712,3121.010444,118279.245
fine_150,Fine 1.50x,9450,28,-434.155,-2.119,16197.9,-529.2441,4249.659381,121167.4275
fine_150,Fine 1.50x,9450,29,-9.54009,18.584,15800.4,-34.45201025,4732.342749,120680.49
fine_150,Fine 1.50x,9450,30,-216.83,30.8283,13091.3,-303.3814175,4444.084535,117361.8425
fine_150,Fine 1.50x,9450,31,-904.819,33.477,8986.21,-1149.4126,3577.797591,112333.1073
fine_150,Fine 1.50x,9450,32,-1650.24,31.0002,4652.44,-2059.519245,2649.432074,107024.239
fine_150,Fine 1.50x,9450,33,-2526.65,25.2513,543.813,-3126.079093,1567.333317,101991.1709
fine_150,Fine 1.50x,9450,34,-3460.49,17.7581,-2744.56,-4260.853923,421.2783389,97962.914
fine_150,Fine 1.50x,9450,35,-4461.92,8.85452,-4993.71,-5476.698787,-800.3434881,95207.70525
fine_150,Fine 1.50x,9450,36,-5238.62,0.836912,-6258.89,-6418.334717,-1742.062696,93657.85975
fine_150,Fine 1.50x,9450,37,-5586.54,-4.14107,-6537.21,-6838.438689,-2159.059022,93316.91775
fine_150,Fine 1.50x,9450,38,-5632.17,-6.16469,-6289.09,-6891.856505,-2208.642259,93620.86475
fine_150,Fine 1.50x,9450,39,-5535.28,-6.18898,-5881.11,-6773.1365,-2086.712103,94120.64025
fine_150,Fine 1.50x,9450,40,-5349.77,-4.79734,-5446.17,-6547.591509,-1858.75811,94653.44175
fine_150,Fine 1.50x,9450,41,-5034.5,-1.81364,-4979.17,-6165.040791,-1475.484546,95225.51675
fine_150,Fine 1.50x,9450,42,-4686.32,1.8539,-4579.88,-5743.013028,-1054.878647,95714.647
fine_150,Fine 1.50x,9450,43,-4395.27,5.09568,-4337.94,-5390.447958,-705.4116282,96011.0235
fine_150,Fine 1.50x,9450,44,-4142.11,7.88067,-4213.55,-5083.738571,-403.2062962,96163.40125
fine_150,Fine 1.50x,9450,45,-3957,9.99404,-4192.8,-4859.567699,-184.5949951,96188.82
fine_150,Fine 1.50x,9450,46,-3851.09,11.2708,-4256.88,-4731.39198,-62.73974669,96110.322
fine_150,Fine 1.50x,9450,47,-3819.58,11.9847,-4375.08,-4693.666758,-31.5509719,95965.527
fine_150,Fine 1.50x,9450,48,-3958.84,11.8588,-4593.73,-4864.10603,-209.0444716,95697.68075
fine_150,Fine 1.50x,9450,49,-4297.85,10.1809,-4962.83,-5277.337853,-628.4359138,95245.53325
fine_150,Fine 1.50x,9450,50,-4650.64,7.77125,-5327.09,-5706.553781,-1062.428911,94799.31475
fine_150,Fine 1.50x,9450,51,-4941.99,5.42894,-5621.5,-6060.588201,-1419.916253,94438.6625
fine_150,Fine 1.50x,9450,52,-5133.38,3.65212,-5820.17,-6292.864347,-1654.496663,94195.29175
fine_150,Fine 1.50x,9450,53,-5208.15,2.89989,-5898.43,-6383.536115,-1747.215145,94099.42325
fine_150,Fine 1.50x,9450,54,-5247.57,2.62669,-5938.84,-6431.490945,-1797.065177,94049.921
fine_150,Fine 1.50x,9450,55,-5278.32,2.74129,-5961.78,-6469.30008,-1836.780122,94021.8195
fine_150,Fine 1.50x,9450,56,-5306.26,3.12208,-5970.52,-6503.993048,-1873.541648,94011.113
fine_150,Fine 1.50x,9450,57,-5312.07,3.62975,-5947.91,-6511.732194,-1883.699902,94038.81025
fine_150,Fine 1.50x,9450,58,-5269.9,4.142,-5880.25,-6460.70145,-1835.322418,94121.69375
fine_150,Fine 1.50x,9450,59,-5140.24,4.63554,-5756.1,-6302.472537,-1679.950777,94273.7775
fine_150,Fine 1.50x,9450,60,-4993.5,5.08064,-5624.84,-6123.261284,-1503.613481,94434.571
fine_150,Fine 1.50x,9450,61,-4888.36,5.35993,-5524.92,-5994.806914,-1378.2833,94556.973
fine_150,Fine 1.50x,9450,62,-4795.63,5.62294,-5442.46,-5881.534852,-1268.071624,94657.9865
fine_150,Fine 1.50x,9450,63,-4722.72,5.78999,-5377.9,-5792.424738,-1182.014193,94737.0725
fine_150,Fine 1.50x,9450,64,-4673.25,5.87229,-5331.29,-5731.924805,-1124.458154,94794.16975
fine_150,Fine 1.50x,9450,65,-4649.09,5.81705,-5302.42,-5702.261136,-1097.498093,94829.5355
fine_150,Fine 1.50x,9450,66,-4646.09,5.69001,-5287.2,-5698.430512,-1095.989263,94848.18
fine_150,Fine 1.50x,9450,67,-4657.68,5.34898,-5280.09,-5712.210501,-1111.329309,94856.88975
fine_150,Fine 1.50x,9450,68,-4671.37,4.85233,-5271.59,-5728.372354,-1128.391771,94867.30225
fine_150,Fine 1.50x,9450,69,-4669.1,4.251,-5246.19,-5724.854975,-1124.767048,94898.41725
fine_150,Fine 1.50x,9450,70,-4606.37,3.44324,-5170.32,-5647.021219,-1045.744123,94991.358
fine_150,Fine 1.50x,9450,71,-4539.77,3.01953,-5090.46,-5564.917174,-961.190673,95089.1865
fine_150,Fine 1.50x,9450,72,-4482.64,2.93667,-5019.73,-5494.831421,-887.6586363,95175.83075
fine_150,Fine 1.50x,9450,73,-4451.09,3.06701,-4972.9,-5456.342337,-844.7820162,95233.1975
fine_150,Fine 1.50x,9450,74,-4443.3,3.22436,-4949.23,-5446.992341,-830.1284997,95262.19325
fine_150,Fine 1.50x,9450,75,-4448.09,3.27092,-4938.69,-5452.917127,-829.7980887,95275.10475
fine_150,Fine 1.50x,9450,76,-4459.3,3.13391,-4935.59,-5466.48154,-836.1907358,95278.90225
fine_150,Fine 1.50x,9450,77,-4474.62,2.816,-4938.41,-5484.8591,-846.5548311,95275.44775
fine_150,Fine 1.50x,9450,78,-4493.24,2.34114,-4945.83,-5507.086897,-860.1022753,95266.35825
fine_150,Fine 1.50x,9450,79,-4508.77,1.67924,-4950.63,-5525.300319,-869.2018424,95260.47825
fine_150,Fine 1.50x,9450,80,-4519.87,0.881748,-4951.16,-5537.920891,-872.4799798,95259.829
fine_150,Fine 1.50x,9450,81,-4529.64,-0.0837759,-4950.41,-5548.706375,-874.3272825,95260.74775
fine_150,Fine 1.50x,9450,82,-4538.34,-1.13365,-4948.27,-5558.077779,-875.4843124,95263.36925
fine_150,Fine 1.50x,9450,83,-4556.97,-2.29027,-4954.78,-5579.482669,-889.811864,95255.3945
fine_150,Fine 1.50x,9450,84,-4597.71,-3.50553,-4981.55,-5627.900476,-932.5738523,95222.60125
fine_150,Fine 1.50x,9450,85,-4660.11,-4.60789,-5029.28,-5702.990085,-1004.184186,95164.132
fine_150,Fine 1.50x,9450,86,-4735.02,-5.61087,-5090.44,-5793.526184,-1093.611442,95089.211
fine_150,Fine 1.50x,9450,87,-4814.05,-6.5639,-5156.17,-5889.170473,-1190.74999,95008.69175
fine_150,Fine 1.50x,9450,88,-4885.01,-7.53014,-5214.2,-5974.912829,-1280.715224,94937.605
fine_150,Fine 1.50x,9450,89,-4941.21,-8.52185,-5258.63,-6042.542984,-1355.275618,94883.17825
fine_150,Fine 1.50x,9450,90,-4982.33,-9.55566,-5289.4,-6091.648567,-1413.900952,94845.485
fine_150,Fine 1.50x,9450,91,-5014.54,-10.6498,-5311.95,-6129.765495,-1463.931774,94817.86125
fine_150,Fine 1.50x,9450,92,-5040.63,-11.8546,-5328.38,-6160.249865,-1508.419996,94797.7345
fine_150,Fine 1.50x,9450,93,-5057.22,-13.1377,-5335.24,-6179.000818,-1542.961252,94789.331
fine_150,Fine 1.50x,9450,94,-5061.43,-14.4335,-5330,-6182.570713,-1563.794002,94795.75
fine_150,Fine 1.50x,9450,95,-5056.21,-15.6873,-5316.1,-6174.640308,-1574.30417,94812.7775
fine_150,Fine 1.50x,9450,96,-5044.63,-16.906,-5296.86,-6158.9619,-1578.104881,94836.3465
fine_150,Fine 1.50x,9450,97,-5027.36,-18.0078,-5272.6,-6136.456445,-1575.595801,94866.065
fine_150,Fine 1.50x,9450,98,-5009.16,-18.9977,-5247.26,-6112.948818,-1572.509496,94897.1065
fine_150,Fine 1.50x,9450,99,-4991.93,-19.877,-5222.41,-6090.764925,-1570.961044,94927.54775
fine_150,Fine 1.50x,9450,100,-4975.6,-20.6725,-5198.04,-6069.786188,-1570.649869,94957.401
fine_150,Fine 1.50x,9450,101,-4961,-21.4228,-5175.33,-6050.98207,-1572.35145,94985.22075
fine_150,Fine 1.50x,9450,102,-4947.67,-22.1124,-5154.24,-6033.80806,-1575.356373,95011.056
fine_150,Fine 1.50x,9450,103,-4934.88,-22.7502,-5134.39,-6017.359005,-1578.624695,95035.37225
fine_150,Fine 1.50x,9450,104,-4920.46,-23.325,-5114.26,-5998.990375,-1579.407677,95060.0315
fine_150,Fine 1.50x,9450,105,-4909.67,-23.7764,-5100.55,-5985.21966,-1584.191457,95076.82625
fine_150,Fine 1.50x,9450,106,-4909.72,-24.0885,-5099.59,-5984.898588,-1601.806776,95078.00225
fine_150,Fine 1.50x,9450,107,-4916.05,-24.3564,-5104.24,-5992.32466,-1626.519477,95072.306
fine_150,Fine 1.50x,9450,108,-4924.77,-24.6193,-5109.79,-6002.684608,-1653.515939,95065.50725
fine_150,Fine 1.50x,9450,109,-4934.13,-24.849,-5115.09,-6013.869225,-1680.624111,95059.01475
fine_150,Fine 1.50x,9450,110,-4938.92,-25.0273,-5115.52,-6019.518558,-1701.504231,95058.488
fine_150,Fine 1.50x,9450,111,-4938.33,-25.1337,-5111.11,-6018.665467,-1715.282588,95063.89025
fine_150,Fine 1.50x,9450,112,-4931.13,-25.1529,-5101.19,-6009.821948,-1720.577013,95076.04225
fine_150,Fine 1.50x,9450,113,-4916.31,-25.0514,-5084.98,-5991.791785,-1716.30786,95095.8995
fine_150,Fine 1.50x,9450,114,-4896.54,-24.8829,-5065.13,-5967.779948,-1705.754244,95120.21575
fine_150,Fine 1.50x,9450,115,-4874.01,-24.6664,-5043.61,-5940.44591,-1691.650127,95146.57775
fine_150,Fine 1.50x,9450,116,-4850.29,-24.4249,-5021.8,-5911.684748,-1675.954624,95173.295
fine_150,Fine 1.50x,9450,117,-4828.41,-24.1935,-5002.64,-5885.165213,-1662.368653,95196.766
fine_150,Fine 1.50x,9450,118,-4810.98,-23.9905,-4988.47,-5864.062138,-1654.10956,95214.12425
fine_150,Fine 1.50x,9450,119,-4798.66,-23.8205,-4979.81,-5849.178388,-1652.022665,95224.73275
fine_150,Fine 1.50x,9450,120,-4790.35,-23.6699,-4975.28,-5839.183123,-1654.776893,95230.282
fine_150,Fine 1.50x,9450,121,-4785.46,-23.5866,-4973.71,-5833.294915,-1661.622373,95232.20525
fine_150,Fine 1.50x,9450,122,-4780.47,-23.6039,-4971.21,-5827.160973,-1668.173766,95235.26775
fine_150,Fine 1.50x,9450,123,-4773.23,-23.7868,-4965.63,-5818.06792,-1671.684901,95242.10325
fine_150,Fine 1.50x,9450,124,-4762.09,-24.1417,-4955.64,-5803.986668,-1670.07229,95254.341
fine_150,Fine 1.50x,9450,125,-4746.18,-24.6577,-4940.7,-5783.864818,-1662.228812,95272.6425
fine_150,Fine 1.50x,9450,126,-4725.9,-25.295,-4921.73,-5758.241125,-1648.659825,95295.88075
fine_150,Fine 1.50x,9450,127,-4703.7,-26.0591,-4901.47,-5730.110102,-1632.315604,95320.69925
fine_150,Fine 1.50x,9450,128,-4679.24,-26.8841,-4879.58,-5699.135978,-1612.83756,95347.5145
fine_150,Fine 1.50x,9450,129,-4653.59,-27.7801,-4856.91,-5666.617128,-1591.50115,95375.28525
fine_150,Fine 1.50x,9450,130,-4627.94,-28.745,-4834.25,-5634.013875,-1569.733022,95403.04375
fine_150,Fine 1.50x,9450,131,-4603.04,-29.719,-4811.93,-5602.318225,-1548.556195,95430.38575
fine_150,Fine 1.50x,9450,132,-4583.51,-30.7128,-4793.92,-5577.17657,-1533.604813,95452.448
fine_150,Fine 1.50x,9450,133,-4573.61,-31.8232,-4784.01,-5563.68883,-1529.944786,95464.58775
fine_150,Fine 1.50x,9450,134,-4570.62,-33.2148,-4780.3,-5558.32137,-1533.964633,95469.1325
fine_150,Fine 1.50x,9450,135,-4567.63,-34.845,-4777.42,-5552.661625,-1537.162519,95472.6605
fine_150,Fine 1.50x,9450,136,-4562.07,-36.6115,-4772.76,-5543.686663,-1536.479838,95478.369
fine_150,Fine 1.50x,9450,137,-4552.49,-38.4775,-4764.1,-5529.665313,-1530.137946,95488.9775
fine_150,Fine 1.50x,9450,138,-4538.12,-40.3744,-4750.36,-5509.73836,-1517.250914,95505.809
fine_150,Fine 1.50x,9450,139,-4520.02,-42.1857,-4732.74,-5485.347018,-1499.209819,95527.3935
fine_150,Fine 1.50x,9450,140,-4497.95,-43.894,-4711.52,-5456.2186,-1475.689866,95553.388
fine_150,Fine 1.50x,9450,141,-4474.7,-45.5885,-4689.36,-5425.661588,-1449.759609,95580.534
fine_150,Fine 1.50x,9450,142,-4453.81,-47.225,-4669.45,-5398.066625,-1425.523321,95604.92375
fine_150,Fine 1.50x,9450,143,-4437.39,-48.7267,-4653.56,-5376.112543,-1405.239509,95624.389
fine_150,Fine 1.50x,9450,144,-4423.25,-49.9167,-4639.46,-5357.333293,-1385.943183,95641.6615
fine_150,Fine 1.50x,9450,145,-4402.49,-50.6493,-4618.37,-5331.004858,-1356.181519,95667.49675
fine_150,Fine 1.50x,9450,146,-4365.15,-51.7764,-4582.07,-5283.88266,-1301.514667,95711.96425
fine_150,Fine 1.50x,9450,147,-4318.42,-53.1121,-4536.57,-5225.002178,-1229.411876,95767.70175
fine_150,Fine 1.50x,9450,148,-4269.88,-54.8611,-4489.46,-5163.398153,-1146.809323,95825.4115
fine_150,Fine 1.50x,9450,149,-4221.91,-56.6841,-4443.11,-5102.401727,-1054.787556,95882.19025
fine_150,Fine 1.50x,9450,150,-4188.75,-58.9226,-4409.38,-5059.038565,-967.4941883,95923.5095
fine_150,Fine 1.50x,9450,151,-4164.62,-60.8489,-4384.95,-5027.119598,-875.4605642,95953.43625
fine_150,Fine 1.50x,9450,152,-4144.46,-61.9421,-4365.19,-5001.084427,-769.2684243,95977.64225
fine_150,Fine 1.50x,9450,153,-4124.32,-61.9971,-4345.98,-4976.345552,-640.8424487,96001.1745
fine_150,Fine 1.50x,9450,154,-4101.45,-60.9082,-4324.25,-4949.663705,-484.5535533,96027.79375
fine_150,Fine 1.50x,9450,155,-4073.8,-58.629,-4297.7,-4918.584475,-298.5894855,96060.3175
fine_150,Fine 1.50x,9450,156,-4041.81,-55.1359,-4266.55,-4883.675772,-88.66718303,96098.47625
fine_150,Fine 1.50x,9450,157,-4008.02,-50.3094,-4232.96,-4848.195485,132.5012237,96139.624
fine_150,Fine 1.50x,9450,158,-3974.08,-43.9148,-4198.38,-4814.45237,352.2841861,96181.9845
fine_150,Fine 1.50x,9450,159,-3940.16,-35.9943,-4163.48,-4782.602983,560.8962323,96224.737
fine_150,Fine 1.50x,9450,160,-3907.08,-27.1154,-4129.89,-4752.956635,750.419001,96265.88475
fine_150,Fine 1.50x,9450,161,-3876.01,-17.7785,-4099.18,-4726.333588,915.0532733,96303.5045
fine_150,Fine 1.50x,9450,162,-3848.03,-8.41124,-4072.34,-4703.532981,1051.676081,96336.3835
fine_150,Fine 1.50x,9450,163,-3823.99,0.693943,-4049.78,-4685.23783,1159.424767,96364.0195
fine_150,Fine 1.50x,9450,164,-3803.85,9.22589,-4030.99,-4671.017965,1240.035412,96387.03725
fine_150,Fine 1.50x,9450,165,-3787.3,17.0109,-4015.33,-4660.280853,1296.23451,96406.22075
fine_150,Fine 1.50x,9450,166,-3773.79,23.9368,-4002.1,-4652.21533,1331.362775,96422.4275
fine_150,Fine 1.50x,9450,167,-3762.05,29.9027,-3990.11,-4645.142058,1349.709659,96437.11525
fine_150,Fine 1.50x,9450,168,-3750.93,34.8114,-3978.47,-4637.533215,1355.147271,96451.37425
fine_150,Fine 1.50x,9450,169,-3740.41,38.6131,-3967.45,-4629.303298,1350.006002,96464.87375
fine_150,Fine 1.50x,9450,170,-3729.59,41.3998,-3956.35,-4619.462505,1337.450045,96478.47125
fine_150,Fine 1.50x,9450,171,-3718.45,43.3481,-3945.21,-4608.202673,1318.871141,96492.11775
fine_150,Fine 1.50x,9450,172,-3706.95,44.5904,-3933.99,-4595.63699,1295.278142,96505.86225
fine_150,Fine 1.50x,9450,173,-3695.53,45.1702,-3923.06,-4582.357745,1268.033256,96519.2515
fine_150,Fine 1.50x,9450,174,-3684.84,45.0882,-3912.92,-4569.162045,1237.806882,96531.673
fine_150,Fine 1.50x,9450,175,-3675.66,44.5642,-3904.13,-4557.274645,1204.356071,96542.44075
fine_150,Fine 1.50x,9450,176,-3668.02,43.8577,-3896.65,-4547.050183,1167.909317,96551.60375
fine_150,Fine 1.50x,9450,177,-3662.39,43.1338,-3890.96,-4539.266655,1128.069835,96558.574
fine_150,Fine 1.50x,9450,178,-3658.45,42.4328,-3886.75,-4533.58143,1085.541069,96563.73125
fine_150,Fine 1.50x,9450,179,-3655.06,41.7465,-3882.98,-4528.587963,1041.9867,96568.3495
fine_150,Fine 1.50x,9450,180,-3651.1,41.0434,-3878.58,-4522.875665,999.0221463,96573.7395
fine_150,Fine 1.50x,9450,181,-3645.98,40.2585,-3873.05,-4515.642163,957.7342567,96580.51375
fine_150,Fine 1.50x,9450,182,-3639.67,39.3255,-3866.43,-4506.769488,918.4889177,96588.62325
fine_150,Fine 1.50x,9450,183,-3632.31,38.1857,-3858.85,-4496.357233,881.0672515,96597.90875
fine_150,Fine 1.50x,9450,184,-3624.24,36.8336,-3850.65,-4484.81516,845.0370003,96607.95375
fine_150,Fine 1.50x,9450,185,-3615.94,35.3446,-3842.22,-4472.823635,809.8063432,96618.2805
fine_150,Fine 1.50x,9450,186,-3607.3,33.5217,-3833.46,-4460.006583,775.851425,96629.0115
fine_150,Fine 1.50x,9450,187,-3598.62,31.9655,-3824.58,-4447.467238,742.1241433,96639.8895
fine_150,Fine 1.50x,9450,188,-3590.11,30.5525,-3815.82,-4435.311563,708.5725915,96650.6205
fine_150,Fine 1.50x,9450,189,-3582.48,29.1114,-3807.92,-4424.199465,674.6577153,96660.298
fine_150,Fine 1.50x,9450,190,-3576.24,27.5272,-3801.45,-4414.61482,640.0478733,96668.22375
fine_150,Fine 1.50x,9450,191,-3569.23,25.7561,-3794.25,-4403.857973,607.5787321,96677.04375
fine_150,Fine 1.50x,9450,192,-3556.75,24.1136,-3781.6,-4386.55791,582.7215362,96692.54
fine_150,Fine 1.50x,9450,193,-3541.02,22.7502,-3765.57,-4365.618495,562.6540693,96712.17675
fine_150,Fine 1.50x,9450,194,-3524.07,21.4498,-3748.24,-4343.261755,545.3628399,96733.406
fine_150,Fine 1.50x,9450,195,-3508.24,20.1582,-3732,-4322.287795,528.2671674,96753.3
fine_150,Fine 1.50x,9450,196,-3493.43,18.9086,-3716.81,-4302.614785,511.6497912,96771.90775
fine_150,Fine 1.50x,9450,197,-3479.07,17.7694,-3702.11,-4283.628265,496.2277181,96789.91525
fine_150,Fine 1.50x,9450,198,-3464.74,16.7982,-3687.49,-4264.884295,482.4473819,96807.82475
fine_150,Fine 1.50x,9450,199,-3450.5,15.9865,-3672.98,-4246.445962,470.1763491,96825.5995
fine_150,Fine 1.50x,9450,200,-3436.48,15.288,-3658.73,-4228.4158,459.1497769,96843.05575
fine_150,Fine 1.50x,9450,201,-3422.8,14.6701,-3644.82,-4210.900873,449.0242823,96860.0955
fine_150,Fine 1.50x,9450,202,-3409.59,14.1455,-3631.39,-4194.075988,439.3142452,96876.54725
fine_150,Fine 1.50x,9450,203,-3397.09,13.7486,-3618.65,-4178.277285,429.2573304,96892.15375
fine_150,Fine 1.50x,9450,204,-3385.17,13.503,-3606.5,-4163.374425,418.5437698,96907.0375
fine_150,Fine 1.50x,9450,205,-3373.22,13.4348,-3594.31,-4148.65213,407.3949614,96921.97025
fine_150,Fine 1.50x,9450,206,-3360.86,13.5567,-3581.76,-4133.660458,395.8366132,96937.344
fine_150,Fine 1.50x,9450,207,-3348.32,13.8822,-3569.11,-4118.697695,383.206992,96952.84025
fine_150,Fine 1.50x,9450,208,-3339.75,14.1682,-3560.28,-4108.549795,364.5625372,96963.657
fine_150,Fine 1.50x,9450,209,-3332.46,14.6223,-3552.75,-4100.175818,342.9537939,96972.88125
fine_150,Fine 1.50x,9450,210,-3324.53,15.1869,-3544.65,-4091.153203,321.0950103,96982.80375
fine_150,Fine 1.50x,9450,211,-3314.91,15.7544,-3534.91,-4080.06389,301.032502,96994.73525
fine_150,Fine 1.50x,9450,212,-3301.65,16.0638,-3521.63,-4064.199405,286.5361929,97011.00325
fine_150,Fine 1.50x,9450,213,-3288.56,16.0733,-3508.5,-4048.175793,274.3825585,97027.0875
fine_150,Fine 1.50x,9450,214,-3275.82,15.7141,-3495.73,-4032.129273,266.2101168,97042.73075
fine_150,Fine 1.50x,9450,215,-3263.66,15.2628,-3483.51,-4016.68043,263.3711521,97057.70025
fine_150,Fine 1.50x,9450,216,-3251.44,14.1166,-3471.26,-4000.306835,269.6636605,97072.7065
fine_150,Fine 1.50x,9450,217,-3239.08,11.9407,-3458.88,-3982.500358,287.705193,97087.872
fine_150,Fine 1.50x,9450,218,-3227.2,9.30852,-3446.97,-3964.722937,317.5797193,97102.46175
fine_150,Fine 1.50x,9450,219,-3215.62,6.29321,-3435.36,-3946.843682,360.0990825,97116.684
fine_150,Fine 1.50x,9450,220,-3203.74,2.98042,-3423.45,-3928.232514,415.398781,97131.27375
fine_150,Fine 1.50x,9450,221,-3190.93,-0.544457,-3410.63,-3908.22229,482.3898869,97146.97825
fine_150,Fine 1.50x,9450,222,-3176.64,-4.1903,-3396.35,-3886.250882,559.3258911,97164.47125
fine_150,Fine 1.50x,9450,223,-3160.26,-7.71253,-3380.01,-3861.870651,643.8170992,97184.48775
fine_150,Fine 1.50x,9450,224,-3145.65,-11.3593,-3365.39,-3839.506108,728.5184233,97202.39725
fine_150,Fine 1.50x,9450,225,-3129.46,-14.7426,-3349.2,-3815.528815,814.1421203,97222.23
fine_150,Fine 1.50x,9450,226,-3111.52,-17.7884,-3331.26,-3789.82121,898.2634704,97244.2065
fine_150,Fine 1.50x,9450,227,-3092.05,-20.4854,-3311.81,-3762.666635,978.6337499,97268.03275
fine_150,Fine 1.50x,9450,228,-3071.54,-22.8285,-3291.33,-3734.671587,1053.329517,97293.12075
fine_150,Fine 1.50x,9450,229,-3047.35,-24.5254,-3267.24,-3702.960135,1124.410539,97322.631
fine_150,Fine 1.50x,9450,230,-3025.14,-25.9885,-3245.1,-3673.960588,1185.334996,97349.7525
fine_150,Fine 1.50x,9450,231,-3005,-27.2227,-3225.02,-3647.777193,1236.310312,97374.3505
fine_150,Fine 1.50x,9450,232,-2989.56,-28.5933,-3209.59,-3627.184208,1275.230719,97393.25225
fine_150,Fine 1.50x,9450,233,-2971.08,-29.098,-3191.15,-3603.92795,1310.88041,97415.84125
fine_150,Fine 1.50x,9450,234,-2953.18,-29.2582,-3173.29,-3581.804205,1340.231313,97437.71975
fine_150,Fine 1.50x,9450,235,-2935.72,-29.0927,-3155.87,-3560.618442,1364.298352,97459.05925
fine_150,Fine 1.50x,9450,236,-2918.74,-28.645,-3138.92,-3540.366375,1383.84881,97479.823
fine_150,Fine 1.50x,9450,237,-2902.49,-27.9732,-3122.69,-3521.28308,1399.407579,97499.70475
fine_150,Fine 1.50x,9450,238,-2886.99,-27.1298,-3107.21,-3503.328745,1411.764907,97518.66775
fine_150,Fine 1.50x,9450,239,-2872.26,-26.1666,-3092.49,-3486.464415,1421.663693,97536.69975
fine_150,Fine 1.50x,9450,240,-2858.3,-25.1325,-3078.55,-3470.630188,1429.890485,97553.77625
fine_150,Fine 1.50x,9450,241,-2845.15,-24.1077,-3065.42,-3455.776818,1437.214704,97569.8605
fine_150,Fine 1.50x,9450,242,-2832.79,-23.1573,-3053.08,-3441.800058,1444.502701,97584.977
fine_150,Fine 1.50x,9450,243,-2821.27,-22.3583,-3041.59,-3428.666833,1452.560966,97599.05225
fine_150,Fine 1.50x,9450,244,-2810.54,-21.7601,-3030.9,-3416.255378,1462.304111,97612.1475
fine_150,Fine 1.50x,9450,245,-2800.52,-21.3899,-3020.92,-3404.434372,1474.673506,97624.373
fine_150,Fine 1.50x,9450,246,-2791.02,-21.2677,-3011.45,-3392.946568,1490.711244,97635.97375
fine_150,Fine 1.50x,9450,247,-2782.01,-21.3739,-3002.47,-3381.779223,1511.137224,97646.97425
fine_150,Fine 1.50x,9450,248,-2773.25,-21.6931,-2993.73,-3370.657203,1536.823351,97657.68075
fine_150,Fine 1.50x,9450,249,-2764.57,-22.092,-2985.07,-3359.53555,1568.259355,97668.28925
fine_150,Fine 1.50x,9450,250,-2756.13,-22.4322,-2976.64,-3348.779805,1605.245226,97678.616
fine_150,Fine 1.50x,9450,251,-2747.96,-22.6855,-2968.46,-3338.461263,1647.648006,97688.6365
fine_150,Fine 1.50x,9450,252,-2739.85,-22.8179,-2960.32,-3328.364323,1695.29394,97698.608
fine_150,Fine 1.50x,9450,253,-2731.49,-22.7948,-2951.92,-3318.15162,1747.843087,97708.898
fine_150,Fine 1.50x,9450,254,-2722.72,-22.6028,-2943.12,-3307.64357,1804.757371,97719.678
fine_150,Fine 1.50x,9450,255,-2713.46,-22.2549,-2933.83,-3296.726248,1865.469633,97731.05825
fine_150,Fine 1.50x,9450,256,-2703.69,-21.7818,-2924.05,-3285.337545,1929.294002,97743.03875
fine_150,Fine 1.50x,9450,257,-2693.58,-21.2354,-2913.94,-3273.622135,1995.227838,97755.4235
fine_150,Fine 1.50x,9450,258,-2683.44,-20.6544,-2903.8,-3261.91236,2062.07365,97767.845
fine_150,Fine 1.50x,9450,259,-2673.61,-19.9788,-2893.97,-3250.69822,2128.310823,97779.88675
fine_150,Fine 1.50x,9450,260,-2664.33,-19.008,-2884.71,-3240.51945,2190.893658,97791.23025
fine_150,Fine 1.50x,9450,261,-2655.21,-17.5667,-2875.59,-3231.113043,2247.682354,97802.40225
fine_150,Fine 1.50x,9450,262,-2647.47,-15.5239,-2867.84,-3224.133972,2295.364033,97811.896
fine_150,Fine 1.50x,9450,263,-2640.69,-12.9137,-2861.05,-3219.025968,2333.854928,97820.21375
fine_150,Fine 1.50x,9450,264,-2634.96,-9.90264,-2855.31,-3215.695266,2363.092909,97827.24525
fine_150,Fine 1.50x,9450,265,-2630.28,-6.68718,-2850.61,-3213.901205,2383.647536,97833.00275
fine_150,Fine 1.50x,9450,266,-2626.53,-3.42435,-2846.83,-3213.304421,2395.729369,97837.63325
fine_150,Fine 1.50x,9450,267,-2623.49,-0.243649,-2843.76,-3213.47678,2399.883006,97841.394
fine_150,Fine 1.50x,9450,268,-2620.95,2.78671,-2841.19,-3214.07747,2396.604333,97844.54225
fine_150,Fine 1.50x,9450,269,-2618.82,5.62977,-2839.04,-3214.950968,2386.286936,97847.176
fine_150,Fine 1.50x,9450,270,-2616.96,8.2716,-2837.16,-3215.90871,2369.413122,97849.479
fine_150,Fine 1.50x,9450,271,-2615.35,10.9829,-2835.53,-3217.257803,2346.022381,97851.47575
fine_150,Fine 1.50x,9450,272,-2614.58,13.4571,-2834.76,-3219.345448,2316.151684,97852.419
fine_150,Fine 1.50x,9450,273,-2615.07,15.7821,-2835.26,-3222.793823,2279.560823,97851.8065
fine_150,Fine 1.50x,9450,274,-2616.96,18.0727,-2837.16,-3227.915058,2236.279447,97849.479
fine_150,Fine 1.50x,9450,275,-2620.23,20.4293,-2840.45,-3234.807642,2186.478271,97845.44875
fine_150,Fine 1.50x,9450,276,-2624.79,22.9335,-2845.02,-3243.461288,2130.365501,97839.8505
fine_150,Fine 1.50x,9450,277,-2630.45,25.6586,-2850.68,-3253.733035,2068.191894,97832.917
fine_150,Fine 1.50x,9450,278,-2636.9,28.7005,-2857.12,-3265.360613,2000.206664,97825.028
fine_150,Fine 1.50x,9450,279,-2643.89,32.1351,-2864.09,-3278.130747,1926.548377,97816.48975
fine_150,Fine 1.50x,9450,280,-2651.38,36.0193,-2871.55,-3292.064143,1847.053351,97807.35125
fine_150,Fine 1.50x,9450,281,-2659.42,40.3916,-2879.57,-3307.26921,1761.448357,97797.52675
fine_150,Fine 1.50x,9450,282,-2668.14,45.24,-2888.26,-3323.8905,1669.391306,97786.8815
fine_150,Fine 1.50x,9450,283,-2677.58,50.4569,-2897.68,-3341.845203,1570.828267,97775.342
fine_150,Fine 1.50x,9450,284,-2687.84,55.8121,-2907.93,-3360.973823,1465.881564,97762.78575
fine_150,Fine 1.50x,9450,285,-2699.04,60.9765,-2919.12,-3381.020213,1355.107261,97749.078
fine_150,Fine 1.50x,9450,286,-2711.13,65.4792,-2931.22,-3401.34627,1240.149625,97734.2555
fine_150,Fine 1.50x,9450,287,-2724.47,68.3967,-2944.58,-3421.261707,1123.65794,97717.8895
fine_150,Fine 1.50x,9450,288,-2737.95,68.5182,-2958.07,-3437.923545,1010.77749,97701.36425
fine_150,Fine 1.50x,9450,289,-2751.21,64.4344,-2971.34,-3449.16439,905.9450336,97685.1085
fine_150,Fine 1.50x,9450,290,-2763.57,55.9275,-2983.69,-3453.884438,811.9878523,97669.97975
fine_150,Fine 1.50x,9450,291,-2774.23,44.1274,-2994.35,-3452.487815,730.0255254,97656.92125
fine_150,Fine 1.50x,9450,292,-2782.51,30.9335,-3002.62,-3446.468288,660.7868338,97646.7905
fine_150,Fine 1.50x,9450,293,-2788.52,17.9974,-3008.63,-3437.983815,605.549917,97639.42825
fine_150,Fine 1.50x,9450,294,-2789.55,6.88016,-3009.69,-3425.626946,568.9395231,97638.12975
fine_150,Fine 1.50x,9450,295,-2789.71,-1.67895,-3009.85,-3415.338036,545.8155787,97637.93375
fine_150,Fine 1.50x,9450,296,-2787.6,-7.41614,-3007.76,-3405.725229,535.0795319,97640.494
fine_150,Fine 1.50x,9450,297,-2782.2,-10.6165,-3002.37,-3395.189787,534.1285065,97647.09675
fine_150,Fine 1.50x,9450,298,-2776.72,-12.0654,-2996.9,-3386.701885,536.2297959,97653.7975
fine_150,Fine 1.50x,9450,299,-2772.52,-12.509,-2992.69,-3381.013475,538.2966744,97658.95475
fine_150,Fine 1.50x,9450,300,-2768.51,-12.4754,-2988.68,-3376.142385,541.2311701,97663.867
fine_150,Fine 1.50x,9450,301,-2764.55,-12.2897,-2984.72,-3371.518868,545.2220588,97668.718
fine_150,Fine 1.50x,9450,302,-2759.57,-12.0811,-2979.74,-3365.673903,551.5840444,97674.8185
fine_150,Fine 1.50x,9450,303,-2754.78,-11.9089,-2974.96,-3360.017098,558.7762715,97680.674
fine_150,Fine 1.50x,9450,304,-2750.18,-11.7759,-2970.36,-3354.545022,566.6966816,97686.309
fine_150,Fine 1.50x,9450,305,-2745.71,-11.6767,-2965.9,-3349.190793,575.2535983,97691.7725
fine_150,Fine 1.50x,9450,306,-2741.36,-11.6052,-2961.55,-3343.94963,584.3473682,97697.10125
fine_150,Fine 1.50x,9450,307,-2737.08,-11.5561,-2957.28,-3338.766778,593.9595905,97702.332
fine_150,Fine 1.50x,9450,308,-2732.85,-11.5226,-2953.06,-3333.626065,604.053535,97707.5015
fine_150,Fine 1.50x,9450,309,-2728.67,-11.4957,-2948.88,-3328.538518,614.586229,97712.622
fine_150,Fine 1.50x,9450,310,-2724.53,-11.4653,-2944.74,-3323.504258,625.5248573,97717.6935
fine_150,Fine 1.50x,9450,311,-2720.45,-11.4209,-2940.67,-3318.560647,636.8099226,97722.67925
fine_150,Fine 1.50x,9450,312,-2716.45,-11.3522,-2936.67,-3313.744805,648.3817317,97727.57925
fine_150,Fine 1.50x,9450,313,-2712.55,-11.2493,-2932.77,-3309.093358,660.1589445,97732.35675
fine_150,Fine 1.50x,9450,314,-2708.75,-11.103,-2928.97,-3304.617575,672.1070559,97737.01175
fine_150,Fine 1.50x,9450,315,-2705.04,-10.9051,-2925.26,-3300.315253,684.2047235,97741.5565
fine_150,Fine 1.50x,9450,316,-2701.98,-10.6773,-2922.21,-3296.845808,695.7470125,97745.29275
fine_150,Fine 1.50x,9450,317,-2698.78,-10.3693,-2919.01,-3293.303108,707.6161481,97749.21275
fine_150,Fine 1.50x,9450,318,-2695.47,-9.97927,-2915.71,-3289.726144,719.7166019,97753.25525
fine_150,Fine 1.50x,9450,319,-2692.22,-9.51147,-2912.46,-3286.317949,731.7781164,97757.2365
fine_150,Fine 1.50x,9450,320,-2689.16,-8.97296,-2909.4,-3283.229124,743.626511,97760.985
fine_150,Fine 1.50x,9450,321,-2686.39,-8.37015,-2906.63,-3280.574316,755.091283,97764.37825
fine_150,Fine 1.50x,9450,322,-2683.96,-7.70739,-2904.2,-3278.409447,766.0718861,97767.355
fine_150,Fine 1.50x,9450,323,-2681.87,-6.98831,-2902.12,-3276.73007,776.5285719,97769.903
fine_150,Fine 1.50x,9450,324,-2680.11,-6.21663,-2900.36,-3275.519378,786.4128097,97772.059
fine_150,Fine 1.50x,9450,325,-2678.64,-5.39597,-2898.89,-3274.723937,795.7348518,97773.85975
fine_150,Fine 1.50x,9450,326,-2677.33,-4.4943,-2897.58,-3274.223733,804.5288557,97775.4645
fine_150,Fine 1.50x,9450,327,-2676.36,-3.57574,-2896.61,-3274.160719,812.5999826,97776.65275
fine_150,Fine 1.50x,9450,328,-2675.68,-2.6365,-2895.93,-3274.478288,819.9523903,97777.48575
fine_150,Fine 1.50x,9450,329,-2675.27,-1.68092,-2895.52,-3275.146623,826.542309,97777.988
fine_150,Fine 1.50x,9450,330,-2675.13,-0.718021,-2895.39,-3276.154674,832.3183271,97778.14725
fine_150,Fine 1.50x,9450,331,-2675.26,0.242545,-2895.51,-3277.490618,837.2300484,97778.00025
fine_150,Fine 1.50x,9450,332,-2675.63,1.19087,-2895.88,-3279.105566,841.2750186,97777.547
fine_150,Fine 1.50x,9450,333,-2676.21,2.11736,-2896.46,-3280.951016,844.4396751,97776.8365
fine_150,Fine 1.50x,9450,334,-2676.97,3.01338,-2897.22,-3282.97964,846.7306584,97775.9055
fine_150,Fine 1.50x,9450,335,-2677.92,3.86412,-2898.17,-3285.185547,848.102243,97774.74175
fine_150,Fine 1.50x,9450,336,-2679.02,4.65246,-2899.27,-3287.498763,848.6046774,97773.39425
fine_150,Fine 1.50x,9450,337,-2680.29,5.36598,-2900.54,-3289.928576,848.1871579,97771.8385
fine_150,Fine 1.50x,9450,338,-2681.68,6.00796,-2901.93,-3292.417751,846.9078673,97770.13575
fine_150,Fine 1.50x,9450,339,-2683.14,6.56933,-2903.38,-3294.893929,844.8074939,97768.3595
fine_150,Fine 1.50x,9450,340,-2684.62,7.03636,-2904.87,-3297.279041,841.9640915,97766.53425
fine_150,Fine 1.50x,9450,341,-2686.13,7.39524,-2906.38,-3299.568419,838.4032529,97764.6845
fine_150,Fine 1.50x,9450,342,-2687.63,7.63581,-2907.88,-3301.700617,834.1961844,97762.847
fine_150,Fine 1.50x,9450,343,-2689.13,7.75119,-2909.38,-3303.679458,829.3806197,97761.0095
fine_150,Fine 1.50x,9450,344,-2690.58,7.73785,-2910.83,-3305.439366,824.0634602,97759.23325
fine_150,Fine 1.50x,9450,345,-2691.97,7.59626,-2912.22,-3306.968668,818.3298206,97757.5305
fine_150,Fine 1.50x,9450,346,-2693.26,7.331,-2913.51,-3308.223975,812.2859162,97755.95025
fine_150,Fine 1.50x,9450,347,-2694.44,6.94809,-2914.69,-3309.20041,806.0426699,97754.50475
fine_150,Fine 1.50x,9450,348,-2695.48,6.4641,-2915.73,-3309.881523,799.7122661,97753.23075
fine_150,Fine 1.50x,9450,349,-2696.36,5.90124,-2916.6,-3310.270019,793.388191,97752.165
fine_150,Fine 1.50x,9450,350,-2697.09,5.26925,-2917.33,-3310.390081,787.175229,97751.27075
fine_150,Fine 1.50x,9450,351,-2697.63,4.58229,-2917.87,-3310.210055,781.2022245,97750.60925
fine_150,Fine 1.50x,9450,352,-2697.92,3.87152,-2918.17,-3309.694612,775.6344322,97750.24175
fine_150,Fine 1.50x,9450,353,-2697.99,3.15526,-2918.23,-3308.902943,770.5214294,97750.16825
fine_150,Fine 1.50x,9450,354,-2697.82,2.45232,-2918.07,-3307.833592,765.9629222,97750.36425
fine_150,Fine 1.50x,9450,355,-2697.49,1.77621,-2917.74,-3306.601107,761.9427703,97750.7685
fine_150,Fine 1.50x,9450,356,-2697.06,1.13969,-2917.31,-3305.29462,758.4487232,97751.29525
fine_150,Fine 1.50x,9450,357,-2696.57,0.553364,-2916.82,-3303.976121,755.4740185,97751.8955
fine_150,Fine 1.50x,9450,358,-2695.86,0.0251683,-2916.1,-3302.459331,753.2492285,97752.7775
fine_150,Fine 1.50x,9450,359,-2695.07,-0.439796,-2915.31,-3300.922,751.6299143,97753.74525
fine_150,Fine 1.50x,9450,360,-2694.2,-0.840477,-2914.44,-3299.365416,750.6154481,97754.811
fine_150,Fine 1.50x,9450,361,-2693.26,-1.17672,-2913.5,-3297.802018,750.2046475,97755.9625
fine_150,Fine 1.50x,9450,362,-2692.23,-1.45174,-2912.48,-3296.203369,750.4153704,97757.212
fine_150,Fine 1.50x,9450,363,-2691.16,-1.66705,-2911.4,-3294.628864,751.1449907,97758.535
fine_150,Fine 1.50x,9450,364,-2690.02,-1.82768,-2910.27,-3293.035592,752.4255048,97759.91925
fine_150,Fine 1.50x,9450,365,-2688.85,-1.93685,-2909.09,-3291.468609,754.168361,97761.36475
fine_150,Fine 1.50x,9450,366,-2687.67,-2.0018,-2907.92,-3289.943545,756.3143508,97762.798
fine_150,Fine 1.50x,9450,367,-2686.5,-2.02926,-2906.75,-3288.476657,758.8035955,97764.23125
fine_150,Fine 1.50x,9450,368,-2685.36,-2.02392,-2905.61,-3287.086698,761.5736998,97765.62775
fine_150,Fine 1.50x,9450,369,-2684.26,-1.98969,-2904.51,-3285.78113,764.5735653,97766.97525
fine_150,Fine 1.50x,9450,370,-2683.2,-1.93178,-2903.45,-3284.55357,767.765958,97768.27375
fine_150,Fine 1.50x,9450,371,-2682.22,-1.85582,-2902.47,-3283.44612,771.0760088,97769.47425
fine_150,Fine 1.50x,9450,372,-2681.24,-1.7636,-2901.48,-3282.35859,774.5603713,97770.687
fine_150,Fine 1.50x,9450,373,-2680.28,-1.65809,-2900.53,-3281.31184,778.1546979,97771.85075
fine_150,Fine 1.50x,9450,374,-2679.37,-1.54186,-2899.62,-3280.339472,781.8035683,97772.9655
fine_150,Fine 1.50x,9450,375,-2678.51,-1.41696,-2898.76,-3279.438974,785.4661092,97774.019
fine_150,Fine 1.50x,9450,376,-2677.71,-1.28509,-2897.96,-3278.620515,789.1104248,97774.999
fine_150,Fine 1.50x,9450,377,-2676.98,-1.14764,-2897.23,-3277.894641,792.6934838,97775.89325
fine_150,Fine 1.50x,9450,378,-2676.3,-1.00576,-2896.55,-3277.235444,796.2303395,97776.72625
fine_150,Fine 1.50x,9450,379,-2675.67,-0.860465,-2895.92,-3276.64168,799.6898259,97777.498
fine_150,Fine 1.50x,9450,380,-2675.1,-0.712667,-2895.36,-3276.124483,803.0500158,97778.184
fine_150,Fine 1.50x,9450,381,-2674.58,-0.563172,-2894.84,-3275.670614,806.3025889,97778.821
fine_150,Fine 1.50x,9450,382,-2674.11,-0.412698,-2894.36,-3275.279195,809.4376741,97779.409
fine_150,Fine 1.50x,9450,383,-2673.69,-0.261915,-2893.94,-3274.949404,812.445358,97779.9235
fine_150,Fine 1.50x,9450,384,-2673.31,-0.111471,-2893.57,-3274.668198,815.317191,97780.37675
fine_150,Fine 1.50x,9450,385,-2672.98,0.0380204,-2893.24,-3274.447075,818.041745,97780.781
fine_150,Fine 1.50x,9450,386,-2672.7,0.185986,-2892.96,-3274.285333,820.6090257,97781.124
fine_150,Fine 1.50x,9450,387,-2672.47,0.331912,-2892.72,-3274.182342,823.0089761,97781.418
fine_150,Fine 1.50x,9450,388,-2672.27,0.475311,-2892.53,-3274.113006,825.2560156,97781.65075
fine_150,Fine 1.50x,9450,389,-2672.13,0.61554,-2892.38,-3274.113286,827.3250321,97781.8345
fine_150,Fine 1.50x,9450,390,-2672.03,0.751629,-2892.29,-3274.157496,829.2095194,97781.94475
fine_150,Fine 1.50x,9450,391,-2671.97,0.885501,-2892.22,-3274.247989,830.9287293,97782.0305
fine_150,Fine 1.50x,9450,392,-2671.95,1.0139,-2892.21,-3274.380778,832.4759754,97782.04275
fine_150,Fine 1.50x,9450,393,-2671.98,1.13634,-2892.23,-3274.567517,833.8396841,97782.01825
fine_150,Fine 1.50x,9450,394,-2672.04,1.25198,-2892.29,-3274.782676,835.0347106,97781.94475
fine_150,Fine 1.50x,9450,395,-2672.13,1.36107,-2892.38,-3275.026561,836.0608237,97781.8345
fine_150,Fine 1.50x,9450,396,-2672.24,1.46423,-2892.5,-3275.287682,836.9403297,97781.6875
fine_150,Fine 1.50x,9450,397,-2672.39,1.55774,-2892.65,-3275.585982,837.642599,97781.50375
fine_150,Fine 1.50x,9450,398,-2672.55,1.64411,-2892.8,-3275.887785,838.2121089,97781.32
fine_150,Fine 1.50x,9450,399,-2672.7,1.72206,-2892.96,-3276.167024,838.6749741,97781.124
fine_150,Fine 1.50x,9450,400,-2672.85,1.79332,-2893.1,-3276.438067,839.0168676,97780.9525
fine_150,Fine 1.50x,9450,401,-2673.03,1.8554,-2893.29,-3276.734615,839.2041245,97780.71975
fine_150,Fine 1.50x,9450,402,-2673.24,1.90876,-2893.5,-3277.057231,839.2469549,97780.4625
fine_150,Fine 1.50x,9450,403,-2673.44,1.95353,-2893.7,-3277.357074,839.2049662,97780.2175
fine_150,Fine 1.50x,9450,404,-2673.67,1.9892,-2893.92,-3277.68252,839.0190582,97779.948
fine_150,Fine 1.50x,9450,405,-2673.9,2.01629,-2894.16,-3277.997455,838.7468441,97779.654
fine_150,Fine 1.50x,9450,406,-2674.14,2.03491,-2894.4,-3278.314265,838.3652073,97779.36
fine_150,Fine 1.50x,9450,407,-2674.38,2.04551,-2894.63,-3278.62125,837.9180821,97779.07825
fine_150,Fine 1.50x,9450,408,-2674.6,2.04858,-2894.86,-3278.894511,837.4186315,97778.7965
fine_150,Fine 1.50x,9450,409,-2674.82,2.04462,-2895.08,-3279.15916,836.8524902,97778.527
fine_150,Fine 1.50x,9450,410,-2675.02,2.03407,-2895.28,-3279.391236,836.2543656,97778.282
fine_150,Fine 1.50x,9450,411,-2675.22,2.01746,-2895.48,-3279.615888,835.5991114,97778.037
fine_150,Fine 1.50x,9450,412,-2675.41,1.9957,-2895.67,-3279.821983,834.9193547,97777.80425
fine_150,Fine 1.50x,9450,413,-2675.56,1.96983,-2895.82,-3279.974042,834.2505753,97777.6205
fine_150,Fine 1.50x,9450,414,-2675.74,1.93783,-2896,-3280.155342,833.5095016,97777.4
fine_150,Fine 1.50x,9450,415,-2675.91,1.90224,-2896.17,-3280.319994,832.7742659,97777.19175
fine_150,Fine 1.50x,9450,416,-2676.06,1.86387,-2896.32,-3280.456741,832.0346392,97777.008
fine_150,Fine 1.50x,9450,417,-2676.2,1.82342,-2896.46,-3280.57869,831.2990151,97776.8365
fine_150,Fine 1.50x,9450,418,-2676.32,1.78141,-2896.57,-3280.674227,830.5897631,97776.70175
fine_150,Fine 1.50x,9450,419,-2676.42,1.73828,-2896.67,-3280.743893,829.9063539,97776.57925
fine_150,Fine 1.50x,9450,420,-2676.5,1.69447,-2896.76,-3280.788226,829.2590082,97776.469
fine_150,Fine 1.50x,9450,421,-2676.58,1.65003,-2896.83,-3280.831787,828.6124238,97776.38325
fine_150,Fine 1.50x,9450,422,-2676.64,1.60596,-2896.89,-3280.851301,828.0221382,97776.30975
fine_150,Fine 1.50x,9450,423,-2676.68,1.56239,-2896.94,-3280.846928,827.4665007,97776.2485
fine_150,Fine 1.50x,9450,424,-2676.72,1.5196,-2896.97,-3280.84351,826.9421815,97776.21175
fine_150,Fine 1.50x,9450,425,-2676.73,1.4782,-2896.99,-3280.805045,826.4744405,97776.18725
fine_150,Fine 1.50x,9450,426,-2676.74,1.43858,-2897,-3280.768761,826.0368113,97776.175
fine_150,Fine 1.50x,9450,427,-2676.74,1.40087,-2896.99,-3280.722566,825.6413928,97776.18725
fine_150,Fine 1.50x,9450,428,-2676.72,1.36525,-2896.98,-3280.654431,825.3109769,97776.1995
fine_150,Fine 1.50x,9450,429,-2676.7,1.33189,-2896.96,-3280.589065,824.9993505,97776.224
fine_150,Fine 1.50x,9450,430,-2676.67,1.30079,-2896.93,-3280.514218,824.7510348,97776.26075
fine_150,Fine 1.50x,9450,431,-2676.63,1.27206,-2896.89,-3280.430024,824.5336323,97776.30975
fine_150,Fine 1.50x,9450,432,-2676.59,1.24597,-2896.84,-3280.349063,824.3668324,97776.371
fine_150,Fine 1.50x,9450,433,-2676.54,1.22235,-2896.79,-3280.258879,824.2308273,97776.43225
fine_150,Fine 1.50x,9450,434,-2676.49,1.20116,-2896.74,-3280.171671,824.1349283,97776.4935
fine_150,Fine 1.50x,9450,435,-2676.43,1.18239,-2896.69,-3280.075178,824.0806419,97776.55475
fine_150,Fine 1.50x,9450,436,-2676.37,1.16607,-2896.63,-3279.981686,824.0664369,97776.62825
fine_150,Fine 1.50x,9450,437,-2676.31,1.15209,-2896.56,-3279.89106,824.070932,97776.714
fine_150,Fine 1.50x,9450,438,-2676.24,1.14058,-2896.5,-3279.791211,824.1277298,97776.7875
fine_150,Fine 1.50x,9450,439,-2676.17,1.13128,-2896.43,-3279.694068,824.203382,97776.87325
fine_150,Fine 1.50x,9450,440,-2676.1,1.1242,-2896.36,-3279.599645,824.3086296,97776.959
fine_150,Fine 1.50x,9450,441,-2676.03,1.11924,-2896.28,-3279.507819,824.4328343,97777.057
fine_150,Fine 1.50x,9450,442,-2675.96,1.11623,-2896.21,-3279.418382,824.5762003,97777.14275
fine_150,Fine 1.50x,9450,443,-2675.89,1.11502,-2896.14,-3279.33115,824.7496644,97777.2285
fine_150,Fine 1.50x,9450,444,-2675.82,1.11547,-2896.07,-3279.245951,824.9318796,97777.31425
fine_150,Fine 1.50x,9450,445,-2675.75,1.11745,-2896.01,-3279.162626,825.133758,97777.38775
fine_150,Fine 1.50x,9450,446,-2675.69,1.12085,-2895.95,-3279.093291,825.3324229,97777.46125
fine_150,Fine 1.50x,9450,447,-2675.63,1.12551,-2895.89,-3279.0255,825.5403168,97777.53475
fine_150,Fine 1.50x,9450,448,-2675.58,1.13098,-2895.84,-3278.970951,825.7564933,97777.596
fine_150,Fine 1.50x,9450,449,-2675.52,1.13808,-2895.78,-3278.906148,825.9829309,97777.6695
fine_150,Fine 1.50x,9450,450,-2675.46,1.1461,-2895.72,-3278.842472,826.2190025,97777.743
fine_150,Fine 1.50x,9450,451,-2675.41,1.15487,-2895.67,-3278.791966,826.4526629,97777.80425
fine_150,Fine 1.50x,9450,452,-2675.36,1.16425,-2895.62,-3278.742206,826.6855746,97777.8655
fine_150,Fine 1.50x,9450,453,-2675.32,1.17414,-2895.58,-3278.705322,826.9056077,97777.9145
fine_150,Fine 1.50x,9450,454,-2675.28,1.18448,-2895.54,-3278.668988,827.1250831,97777.9635
fine_150,Fine 1.50x,9450,455,-2675.25,1.19517,-2895.51,-3278.645333,827.3318714,97778.00025
fine_150,Fine 1.50x,9450,456,-2675.22,1.20615,-2895.48,-3278.622034,827.5382939,97778.037
fine_150,Fine 1.50x,9450,457,-2675.19,1.21731,-2895.45,-3278.598955,827.7444834,97778.07375
fine_150,Fine 1.50x,9450,458,-2675.17,1.22855,-2895.43,-3278.588224,827.9275572,97778.09825
fine_150,Fine 1.50x,9450,459,-2675.15,1.23977,-2895.41,-3278.577468,828.1106404,97778.12275
fine_150,Fine 1.50x,9450,460,-2675.13,1.25087,-2895.39,-3278.566566,828.2831005,97778.14725
fine_150,Fine 1.50x,9450,461,-2675.12,1.26176,-2895.37,-3278.567656,828.4435514,97778.17175
fine_150,Fine 1.50x,9450,462,-2675.1,1.27247,-2895.36,-3278.556276,828.6057016,97778.184
fine_150,Fine 1.50x,9450,463,-2675.1,1.28282,-2895.36,-3278.568955,828.7330216,97778.184
fine_150,Fine 1.50x,9450,464,-2675.09,1.29274,-2895.35,-3278.568857,828.8623469,97778.19625
fine_150,Fine 1.50x,9450,465,-2675.09,1.3022,-2895.35,-3278.580445,828.9692146,97778.19625
fine_150,Fine 1.50x,9450,466,-2675.1,1.31117,-2895.35,-3278.603683,829.0644146,97778.19625
fine_150,Fine 1.50x,9450,467,-2675.1,1.31959,-2895.36,-3278.613998,829.1510144,97778.184
fine_150,Fine 1.50x,9450,468,-2675.11,1.32748,-2895.37,-3278.635913,829.2259961,97778.17175
fine_150,Fine 1.50x,9450,469,-2675.12,1.33477,-2895.37,-3278.657093,829.2801899,97778.17175
fine_150,Fine 1.50x,9450,470,-2675.13,1.34147,-2895.39,-3278.677551,829.3350899,97778.14725
fine_150,Fine 1.50x,9450,471,-2675.14,1.34759,-2895.4,-3278.697298,829.3799319,97778.135
fine_150,Fine 1.50x,9450,472,-2675.15,1.35311,-2895.41,-3278.71631,829.4147404,97778.12275
fine_150,Fine 1.50x,9450,473,-2675.16,1.35796,-2895.42,-3278.734501,829.4396029,97778.1105
fine_150,Fine 1.50x,9450,474,-2675.17,1.36219,-2895.43,-3278.751933,829.4544582,97778.09825
fine_150,Fine 1.50x,9450,475,-2675.19,1.3659,-2895.45,-3278.780978,829.4576873,97778.07375
fine_150,Fine 1.50x,9450,476,-2675.2,1.36899,-2895.46,-3278.797013,829.463161,97778.0615
fine_150,Fine 1.50x,9450,477,-2675.22,1.37144,-2895.48,-3278.824514,829.4464049,97778.037
fine_150,Fine 1.50x,9450,478,-2675.24,1.37331,-2895.5,-3278.851305,829.4195962,97778.0125
fine_150,Fine 1.50x,9450,479,-2675.26,1.37462,-2895.51,-3278.87741,829.393464,97778.00025
fine_150,Fine 1.50x,9450,480,-2675.27,1.3754,-2895.53,-3278.890615,829.3694695,97777.97575
fine_150,Fine 1.50x,9450,481,-2675.29,1.37569,-2895.55,-3278.91547,829.323065,97777.95125
fine_150,Fine 1.50x,9450,482,-2675.31,1.37554,-2895.56,-3278.939787,829.2771926,97777.939
fine_150,Fine 1.50x,9450,483,-2675.32,1.37497,-2895.58,-3278.951338,829.2440784,97777.9145
fine_150,Fine 1.50x,9450,484,-2675.33,1.37407,-2895.59,-3278.962486,829.2006109,97777.90225
fine_150,Fine 1.50x,9450,485,-2675.35,1.37279,-2895.6,-3278.985418,829.1453543,97777.89
fine_150,Fine 1.50x,9450,486,-2675.36,1.37115,-2895.62,-3278.995659,829.1027851,97777.8655
fine_150,Fine 1.50x,9450,487,-2675.37,1.36914,-2895.63,-3279.005446,829.0499142,97777.85325
fine_150,Fine 1.50x,9450,488,-2675.39,1.36691,-2895.64,-3279.027215,828.9958129,97777.841
fine_150,Fine 1.50x,9450,489,-2675.4,1.36452,-2895.66,-3279.036537,828.943404,97777.8165
fine_150,Fine 1.50x,9450,490,-2675.41,1.362,-2895.67,-3279.0457,828.8911538,97777.80425
fine_150,Fine 1.50x,9450,491,-2675.42,1.35938,-2895.68,-3279.054741,828.8390262,97777.792
fine_150,Fine 1.50x,9450,492,-2675.43,1.35666,-2895.69,-3279.063658,828.7870218,97777.77975
fine_150,Fine 1.50x,9450,493,-2675.44,1.35385,-2895.69,-3279.072466,828.735129,97777.77975
fine_150,Fine 1.50x,9450,494,-2675.44,1.35098,-2895.7,-3279.068951,828.6955615,97777.7675
fine_150,Fine 1.50x,9450,495,-2675.45,1.34807,-2895.71,-3279.077636,828.643795,97777.75525
fine_150,Fine 1.50x,9450,496,-2675.45,1.34514,-2895.71,-3279.074046,828.6043058,97777.75525
fine_150,Fine 1.50x,9450,497,-2675.46,1.34219,-2895.71,-3279.082683,828.5525944,97777.75525
fine_150,Fine 1.50x,9450,498,-2675.46,1.33929,-2895.72,-3279.07913,828.523828,97777.743
fine_150,Fine 1.50x,9450,499,-2675.46,1.33648,-2895.72,-3279.075688,828.4949552,97777.743
fine_150,Fine 1.50x,9450,500,-2675.46,1.33376,-2895.72,-3279.072356,828.465976,97777.743
fine_150,Fine 1.50x,9450,501,-2675.46,1.33118,-2895.72,-3279.069196,828.4368291,97777.743
fine_150,Fine 1.50x,9450,502,-2675.46,1.32875,-2895.72,-3279.066219,828.407503,97777.743
fine_150,Fine 1.50x,9450,503,-2675.46,1.32648,-2895.72,-3279.063438,828.3779847,97777.743
fine_150,Fine 1.50x,9450,504,-2675.46,1.32434,-2895.72,-3279.060817,828.359065,97777.743
fine_150,Fine 1.50x,9450,505,-2675.45,1.32237,-2895.71,-3279.046153,828.3521914,97777.75525
fine_150,Fine 1.50x,9450,506,-2675.45,1.32059,-2895.71,-3279.043973,828.3328392,97777.75525
fine_150,Fine 1.50x,9450,507,-2675.45,1.31883,-2895.71,-3279.041817,828.3242199,97777.75525
fine_150,Fine 1.50x,9450,508,-2675.45,1.31726,-2895.71,-3279.039893,828.3153721,97777.75525
fine_150,Fine 1.50x,9450,509,-2675.45,1.31586,-2895.7,-3279.038179,828.3063198,97777.7675
fine_150,Fine 1.50x,9450,510,-2675.44,1.31476,-2895.7,-3279.024581,828.3091539,97777.7675
fine_150,Fine 1.50x,9450,511,-2675.44,1.31372,-2895.69,-3279.023307,828.2996681,97777.77975
fine_150,Fine 1.50x,9450,512,-2675.43,1.31285,-2895.69,-3279.009991,828.3129809,97777.77975
fine_150,Fine 1.50x,9450,513,-2675.43,1.31213,-2895.68,-3279.009109,828.3031095,97777.792
fine_150,Fine 1.50x,9450,514,-2675.42,1.31155,-2895.68,-3278.996149,828.3160733,97777.792
fine_150,Fine 1.50x,9450,515,-2675.42,1.3111,-2895.67,-3278.995598,828.3166305,97777.80425
fine_150,Fine 1.50x,9450,516,-2675.41,1.31079,-2895.67,-3278.982968,828.340022,97777.80425
fine_150,Fine 1.50x,9450,517,-2675.41,1.31062,-2895.67,-3278.98276,828.3402409,97777.80425
fine_150,Fine 1.50x,9450,518,-2675.4,1.31062,-2895.66,-3278.97051,828.3525039,97777.8165
fine_150,Fine 1.50x,9450,519,-2675.4,1.31071,-2895.66,-3278.97062,828.3631614,97777.8165
fine_150,Fine 1.50x,9450,520,-2675.4,1.31091,-2895.65,-3278.970865,828.3736858,97777.82875
fine_150,Fine 1.50x,9450,521,-2675.39,1.31113,-2895.65,-3278.958884,828.396437,97777.82875
fine_150,Fine 1.50x,9450,522,-2675.39,1.31154,-2895.65,-3278.959387,828.4067067,97777.82875
fine_150,Fine 1.50x,9450,523,-2675.38,1.31209,-2895.64,-3278.94781,828.4290556,97777.841
fine_150,Fine 1.50x,9450,524,-2675.38,1.31264,-2895.64,-3278.948484,828.4391548,97777.841
fine_150,Fine 1.50x,9450,525,-2675.38,1.31325,-2895.64,-3278.949231,828.4491812,97777.841
fine_150,Fine 1.50x,9450,526,-2675.37,1.31389,-2895.63,-3278.937765,828.4714211,97777.85325
fine_150,Fine 1.50x,9450,527,-2675.37,1.31455,-2895.63,-3278.938574,828.4813866,97777.85325
fine_150,Fine 1.50x,9450,528,-2675.37,1.31523,-2895.63,-3278.939407,828.4913275,97777.85325
fine_150,Fine 1.50x,9450,529,-2675.37,1.31594,-2895.62,-3278.940276,828.5012309,97777.8655
fine_150,Fine 1.50x,9450,530,-2675.36,1.31667,-2895.62,-3278.928921,828.5233599,97777.8655
fine_150,Fine 1.50x,9450,531,-2675.36,1.31742,-2895.62,-3278.92984,828.5332133,97777.8655
fine_150,Fine 1.50x,9450,532,-2675.36,1.31819,-2895.62,-3278.930783,828.5537952,97777.8655
fine_150,Fine 1.50x,9450,533,-2675.36,1.31897,-2895.62,-3278.931738,828.5636105,97777.8655
fine_150,Fine 1.50x,9450,534,-2675.36,1.31975,-2895.62,-3278.932694,828.5734251,97777.8655
fine_150,Fine 1.50x,9450,535,-2675.36,1.32052,-2895.62,-3278.933637,828.583251,97777.8655
fine_150,Fine 1.50x,9450,536,-2675.36,1.32129,-2895.61,-3278.93458,828.5823227,97777.87775
fine_150,Fine 1.50x,9450,537,-2675.36,1.32204,-2895.61,-3278.935499,828.5921707,97777.87775
fine_150,Fine 1.50x,9450,538,-2675.36,1.32275,-2895.61,-3278.936369,828.6020671,97777.87775
fine_150,Fine 1.50x,9450,539,-2675.36,1.32343,-2895.61,-3278.937202,828.6119985,97777.87775
fine_150,Fine 1.50x,9450,540,-2675.36,1.32405,-2895.61,-3278.937961,828.6220028,97777.87775
fine_150,Fine 1.50x,9450,541,-2675.36,1.32461,-2895.62,-3278.938647,828.6213261,97777.8655
fine_150,Fine 1.50x,9450,542,-2675.36,1.32511,-2895.62,-3278.93926,828.6314747,97777.8655
fine_150,Fine 1.50x,9450,543,-2675.36,1.32556,-2895.62,-3278.939811,828.6309304,97777.8655
fine_150,Fine 1.50x,9450,544,-2675.36,1.32598,-2895.62,-3278.940326,828.641175,97777.8655
fine_150,Fine 1.50x,9450,545,-2675.36,1.32638,-2895.62,-3278.940816,828.6406896,97777.8655
fine_150,Fine 1.50x,9450,546,-2675.36,1.32673,-2895.62,-3278.941244,828.6402648,97777.8655
fine_150,Fine 1.50x,9450,547,-2675.36,1.32706,-2895.62,-3278.941649,828.6506163,97777.8655
fine_150,Fine 1.50x,9450,548,-2675.36,1.32738,-2895.62,-3278.942041,828.6502263,97777.8655
fine_150,Fine 1.50x,9450,549,-2675.36,1.32766,-2895.62,-3278.942384,828.6498843,97777.8655
fine_150,Fine 1.50x,9450,550,-2675.36,1.32787,-2895.62,-3278.942641,828.6496271,97777.8655
fine_150,Fine 1.50x,9450,551,-2675.37,1.32803,-2895.62,-3278.955087,828.6371804,97777.8655
fine_150,Fine 1.50x,9450,552,-2675.37,1.32814,-2895.63,-3278.955222,828.6370443,97777.85325
fine_150,Fine 1.50x,9450,553,-2675.37,1.32822,-2895.63,-3278.955319,828.6369444,97777.85325
fine_150,Fine 1.50x,9450,554,-2675.37,1.32826,-2895.63,-3278.955368,828.6368927,97777.85325
fine_150,Fine 1.50x,9450,555,-2675.37,1.32829,-2895.63,-3278.955405,828.636853,97777.85325
fine_150,Fine 1.50x,9450,556,-2675.37,1.3283,-2895.63,-3278.955418,828.6368371,97777.85325
fine_150,Fine 1.50x,9450,557,-2675.37,1.32828,-2895.63,-3278.955393,828.6261042,97777.85325
fine_150,Fine 1.50x,9450,558,-2675.37,1.32824,-2895.63,-3278.955344,828.6261488,97777.85325
fine_150,Fine 1.50x,9450,559,-2675.38,1.32816,-2895.63,-3278.967496,828.6139919,97777.85325
fine_150,Fine 1.50x,9450,560,-2675.38,1.32802,-2895.63,-3278.967325,828.6141584,97777.85325
fine_150,Fine 1.50x,9450,561,-2675.38,1.32785,-2895.64,-3278.967116,828.6036085,97777.841
fine_150,Fine 1.50x,9450,562,-2675.38,1.32766,-2895.64,-3278.966884,828.6038357,97777.841
fine_150,Fine 1.50x,9450,563,-2675.38,1.32747,-2895.64,-3278.966651,828.6040631,97777.841
fine_150,Fine 1.50x,9450,564,-2675.38,1.32727,-2895.64,-3278.966406,828.6043028,97777.841
fine_150,Fine 1.50x,9450,565,-2675.38,1.32709,-2895.64,-3278.966185,828.5937649,97777.841
fine_150,Fine 1.50x,9450,566,-2675.38,1.32691,-2895.64,-3278.965965,828.5939801,97777.841
fine_150,Fine 1.50x,9450,567,-2675.38,1.32673,-2895.64,-3278.965744,828.5941952,97777.841
fine_150,Fine 1.50x,9450,568,-2675.38,1.32654,-2895.64,-3278.965512,828.5836699,97777.841
fine_150,Fine 1.50x,9450,569,-2675.38,1.32635,-2895.64,-3278.965279,828.5838976,97777.841
fine_150,Fine 1.50x,9450,570,-2675.38,1.32615,-2895.64,-3278.965034,828.584138,97777.841
fine_150,Fine 1.50x,9450,571,-2675.38,1.32594,-2895.64,-3278.964777,828.5843909,97777.841
fine_150,Fine 1.50x,9450,572,-2675.38,1.32574,-2895.64,-3278.964532,828.5738785,97777.841
fine_150,Fine 1.50x,9450,573,-2675.38,1.32553,-2895.64,-3278.964274,828.5741317,97777.841
fine_150,Fine 1.50x,9450,574,-2675.38,1.32533,-2895.64,-3278.964029,828.5743731,97777.841
fine_150,Fine 1.50x,9450,575,-2675.38,1.32513,-2895.64,-3278.963784,828.5746148,97777.841
fine_150,Fine 1.50x,9450,576,-2675.38,1.32494,-2895.64,-3278.963552,828.5748445,97777.841
fine_150,Fine 1.50x,9450,577,-2675.38,1.3248,-2895.64,-3278.96338,828.5642602,97777.841
fine_150,Fine 1.50x,9450,578,-2675.38,1.32463,-2895.64,-3278.963172,828.5644658,97777.841
fine_150,Fine 1.50x,9450,579,-2675.38,1.32449,-2895.64,-3278.963,828.5646353,97777.841
fine_150,Fine 1.50x,9450,580,-2675.38,1.32434,-2895.64,-3278.962817,828.5648174,97777.841
fine_150,Fine 1.50x,9450,581,-2675.38,1.32426,-2895.64,-3278.962719,828.5649137,97777.841
fine_150,Fine 1.50x,9450,582,-2675.38,1.32412,-2895.64,-3278.962547,828.5650842,97777.841
fine_150,Fine 1.50x,9450,583,-2675.38,1.32399,-2895.64,-3278.962388,828.5652425,97777.841
fine_150,Fine 1.50x,9450,584,-2675.38,1.3239,-2895.64,-3278.962278,828.5653521,97777.841
fine_150,Fine 1.50x,9450,585,-2675.38,1.32386,-2895.64,-3278.962229,828.5654007,97777.841
fine_150,Fine 1.50x,9450,586,-2675.38,1.32385,-2895.64,-3278.962216,828.5546595,97777.841
fine_150,Fine 1.50x,9450,587,-2675.38,1.32384,-2895.64,-3278.962204,828.5546717,97777.841
fine_150,Fine 1.50x,9450,588,-2675.38,1.32381,-2895.64,-3278.962167,828.5547085,97777.841
fine_150,Fine 1.50x,9450,589,-2675.38,1.32377,-2895.64,-3278.962118,828.5547578,97777.841
fine_150,Fine 1.50x,9450,590,-2675.38,1.32373,-2895.64,-3278.962069,828.5548075,97777.841
fine_150,Fine 1.50x,9450,591,-2675.38,1.32369,-2895.64,-3278.96202,828.5548571,97777.841
fine_150,Fine 1.50x,9450,592,-2675.38,1.32367,-2895.64,-3278.961996,828.5656355,97777.841
fine_150,Fine 1.50x,9450,593,-2675.38,1.32367,-2895.64,-3278.961996,828.5656362,97777.841
fine_150,Fine 1.50x,9450,594,-2675.38,1.32369,-2895.64,-3278.96202,828.5656126,97777.841
fine_150,Fine 1.50x,9450,595,-2675.38,1.32372,-2895.64,-3278.962057,828.5655769,97777.841
fine_150,Fine 1.50x,9450,596,-2675.38,1.32374,-2895.64,-3278.962082,828.5655534,97777.841
fine_150,Fine 1.50x,9450,597,-2675.38,1.32374,-2895.64,-3278.962082,828.5655544,97777.841
fine_150,Fine 1.50x,9450,598,-2675.38,1.32377,-2895.64,-3278.962118,828.565519,97777.841
fine_150,Fine 1.50x,9450,599,-2675.38,1.3238,-2895.64,-3278.962155,828.5654832,97777.841
fine_150,Fine 1.50x,9450,600,-2675.38,1.32384,-2895.64,-3278.962204,828.5654355,97777.841
fine_150,Fine 1.50x,9450,601,-2675.38,1.32389,-2895.64,-3278.962265,828.5653756,97777.841
fine_150,Fine 1.50x,9450,602,-2675.38,1.32389,-2895.64,-3278.962265,828.5653766,97777.841
fine_150,Fine 1.50x,9450,603,-2675.38,1.32395,-2895.64,-3278.962339,828.5653044,97777.841
fine_150,Fine 1.50x,9450,604,-2675.38,1.32402,-2895.64,-3278.962425,828.56522,97777.841
fine_150,Fine 1.50x,9450,605,-2675.38,1.32402,-2895.64,-3278.962425,828.565221,97777.841
fine_150,Fine 1.50x,9450,606,-2675.38,1.3241,-2895.64,-3278.962522,828.5651243,97777.841
fine_150,Fine 1.50x,9450,607,-2675.38,1.32417,-2895.64,-3278.962608,828.5650396,97777.841
fine_150,Fine 1.50x,9450,608,-2675.38,1.32417,-2895.64,-3278.962608,828.5650409,97777.841
fine_150,Fine 1.50x,9450,609,-2675.38,1.32425,-2895.64,-3278.962706,828.5649439,97777.841
fine_150,Fine 1.50x,9450,610,-2675.38,1.32432,-2895.64,-3278.962792,828.5756123,97777.841
fine_150,Fine 1.50x,9450,611,-2675.38,1.32432,-2895.64,-3278.962792,828.5756133,97777.841
fine_150,Fine 1.50x,9450,612,-2675.38,1.32438,-2895.64,-3278.962866,828.5755405,97777.841
fine_150,Fine 1.50x,9450,613,-2675.38,1.32438,-2895.64,-3278.962866,828.5755415,97777.841
fine_150,Fine 1.50x,9450,614,-2675.38,1.32446,-2895.64,-3278.962964,828.5754441,97777.841
fine_150,Fine 1.50x,9450,615,-2675.38,1.32446,-2895.64,-3278.962964,828.5754448,97777.841
fine_150,Fine 1.50x,9450,616,-2675.38,1.32455,-2895.64,-3278.963074,828.5753355,97777.841
fine_150,Fine 1.50x,9450,617,-2675.38,1.32463,-2895.64,-3278.963172,828.5752379,97777.841
fine_150,Fine 1.50x,9450,618,-2675.38,1.32463,-2895.64,-3278.963172,828.5752385,97777.841
fine_150,Fine 1.50x,9450,619,-2675.38,1.32463,-2895.64,-3278.963172,828.5752389,97777.841
fine_150,Fine 1.50x,9450,620,-2675.38,1.32471,-2895.64,-3278.96327,828.5751415,97777.841
fine_150,Fine 1.50x,9450,621,-2675.38,1.32471,-2895.64,-3278.96327,828.5751419,97777.841
fine_150,Fine 1.50x,9450,622,-2675.38,1.32478,-2895.64,-3278.963356,828.5750564,97777.841
fine_150,Fine 1.50x,9450,623,-2675.38,1.32478,-2895.64,-3278.963356,828.5750568,97777.841
fine_150,Fine 1.50x,9450,624,-2675.38,1.32478,-2895.64,-3278.963356,828.5750568,97777.841
fine_150,Fine 1.50x,9450,625,-2675.38,1.32481,-2895.64,-3278.963392,828.5750204,97777.841
fine_150,Fine 1.50x,9450,626,-2675.38,1.32481,-2895.64,-3278.963392,828.5750204,97777.841
fine_150,Fine 1.50x,9450,627,-2675.38,1.32481,-2895.64,-3278.963392,828.5750204,97777.841
fine_150,Fine 1.50x,9450,628,-2675.38,1.32481,-2895.64,-3278.963392,828.5750204,97777.841
fine_150,Fine 1.50x,9450,629,-2675.38,1.32481,-2895.64,-3278.963392,828.5750204,97777.841
fine_150,Fine 1.50x,9450,630,-2675.38,1.32481,-2895.64,-3278.963392,828.5750204,97777.841
fine_150,Fine 1.50x,9450,631,-2675.38,1.32481,-2895.64,-3278.963392,828.57502,97777.841
fine_150,Fine 1.50x,9450,632,-2675.38,1.32484,-2895.64,-3278.963429,828.5749833,97777.841
fine_150,Fine 1.50x,9450,633,-2675.38,1.32484,-2895.64,-3278.963429,828.5749833,97777.841
fine_150,Fine 1.50x,9450,634,-2675.38,1.32484,-2895.64,-3278.963429,828.5749829,97777.841
fine_150,Fine 1.50x,9450,635,-2675.38,1.32484,-2895.64,-3278.963429,828.5749826,97777.841
fine_150,Fine 1.50x,9450,636,-2675.38,1.32484,-2895.64,-3278.963429,828.5749826,97777.841
fine_150,Fine 1.50x,9450,637,-2675.38,1.32484,-2895.64,-3278.963429,828.5749823,97777.841
fine_150,Fine 1.50x,9450,638,-2675.38,1.32484,-2895.64,-3278.963429,828.5749823,97777.841
fine_150,Fine 1.50x,9450,639,-2675.38,1.32484,-2895.64,-3278.963429,828.574982,97777.841
fine_150,Fine 1.50x,9450,640,-2675.38,1.32484,-2895.64,-3278.963429,828.574982,97777.841
fine_150,Fine 1.50x,9450,641,-2675.38,1.32484,-2895.64,-3278.963429,828.5749816,97777.841
fine_150,Fine 1.50x,9450,642,-2675.38,1.32481,-2895.64,-3278.963392,828.5750184,97777.841
fine_150,Fine 1.50x,9450,643,-2675.38,1.32481,-2895.64,-3278.963392,828.575018,97777.841
fine_150,Fine 1.50x,9450,644,-2675.38,1.32481,-2895.64,-3278.963392,828.575018,97777.841
fine_150,Fine 1.50x,9450,645,-2675.38,1.32481,-2895.64,-3278.963392,828.575018,97777.841
fine_150,Fine 1.50x,9450,646,-2675.38,1.32481,-2895.64,-3278.963392,828.5750177,97777.841
fine_150,Fine 1.50x,9450,647,-2675.38,1.32481,-2895.64,-3278.963392,828.5750177,97777.841
fine_150,Fine 1.50x,9450,648,-2675.38,1.32481,-2895.64,-3278.963392,828.5750177,97777.841
fine_150,Fine 1.50x,9450,649,-2675.38,1.32481,-2895.64,-3278.963392,828.5750177,97777.841
fine_150,Fine 1.50x,9450,650,-2675.38,1.32481,-2895.64,-3278.963392,828.5750177,97777.841
fine_150,Fine 1.50x,9450,651,-2675.38,1.32481,-2895.64,-3278.963392,828.5750174,97777.841
fine_150,Fine 1.50x,9450,652,-2675.38,1.32481,-2895.64,-3278.963392,828.5750174,97777.841
fine_150,Fine 1.50x,9450,653,-2675.38,1.32473,-2895.64,-3278.963294,828.5751154,97777.841
fine_150,Fine 1.50x,9450,654,-2675.38,1.32473,-2895.64,-3278.963294,828.5751154,97777.841
fine_150,Fine 1.50x,9450,655,-2675.38,1.32473,-2895.64,-3278.963294,828.575115,97777.841
fine_150,Fine 1.50x,9450,656,-2675.38,1.32473,-2895.64,-3278.963294,828.575115,97777.841
fine_150,Fine 1.50x,9450,657,-2675.38,1.32473,-2895.64,-3278.963294,828.575115,97777.841
fine_150,Fine 1.50x,9450,658,-2675.38,1.32473,-2895.64,-3278.963294,828.5751147,97777.841
fine_150,Fine 1.50x,9450,659,-2675.38,1.32473,-2895.64,-3278.963294,828.5751147,97777.841
fine_150,Fine 1.50x,9450,660,-2675.38,1.32473,-2895.64,-3278.963294,828.5751147,97777.841
fine_150,Fine 1.50x,9450,661,-2675.38,1.32473,-2895.64,-3278.963294,828.5751147,97777.841
fine_150,Fine 1.50x,9450,662,-2675.38,1.32473,-2895.64,-3278.963294,828.5751144,97777.841
fine_150,Fine 1.50x,9450,663,-2675.38,1.32469,-2895.64,-3278.963245,828.5751634,97777.841
fine_150,Fine 1.50x,9450,664,-2675.38,1.32469,-2895.64,-3278.963245,828.5751631,97777.841
fine_150,Fine 1.50x,9450,665,-2675.38,1.32469,-2895.64,-3278.963245,828.5751631,97777.841
fine_150,Fine 1.50x,9450,666,-2675.38,1.32469,-2895.64,-3278.963245,828.5751631,97777.841
fine_150,Fine 1.50x,9450,667,-2675.38,1.32469,-2895.64,-3278.963245,828.5751627,97777.841
fine_150,Fine 1.50x,9450,668,-2675.38,1.32469,-2895.64,-3278.963245,828.5751627,97777.841
fine_150,Fine 1.50x,9450,669,-2675.38,1.32469,-2895.64,-3278.963245,828.5751624,97777.841
fine_150,Fine 1.50x,9450,670,-2675.38,1.32469,-2895.64,-3278.963245,828.5751624,97777.841
fine_150,Fine 1.50x,9450,671,-2675.38,1.32469,-2895.64,-3278.963245,828.5751624,97777.841
fine_150,Fine 1.50x,9450,672,-2675.38,1.32469,-2895.64,-3278.963245,828.5751621,97777.841
fine_150,Fine 1.50x,9450,673,-2675.38,1.32466,-2895.64,-3278.963209,828.5751988,97777.841
fine_200,Fine 2.00x,16800,1,-158201,-3459.35,-130488,-189558.5213,-187945.1899,-58522.8
fine_200,Fine 2.00x,16800,2,-159510,-4233.34,-33079.3,-190213.9085,-186351.9564,60802.8575
fine_200,Fine 2.00x,16800,3,-104678,-3614.5,-30522.9,-123802.7875,-118368.0406,63934.4475
fine_200,Fine 2.00x,16800,4,-21486.7,-2147.02,-52772.9,-23691.108,-17467.41872,36678.1975
fine_200,Fine 2.00x,16800,5,47623.3,-509.744,-58515,58962.9789,65343.12623,29644.125
fine_200,Fine 2.00x,16800,6,80846.4,793.097,-42034.1,98065.29618,104145.7031,49833.2275
fine_200,Fine 2.00x,16800,7,77082.5,1437.51,-41808.1,92665.11275,98182.78817,50110.0775
fine_200,Fine 2.00x,16800,8,50414.1,1499.83,-51907.2,59919.98075,64806.76554,37738.68
fine_200,Fine 2.00x,16800,9,9935.69,1162.54,-71672.5,10747.10875,15118.2035,13526.1875
fine_200,Fine 2.00x,16800,10,-27088.8,594.604,-97485.4,-33912.1699,-29810.9787,-18094.615
fine_200,Fine 2.00x,16800,11,-49797.2,-21.6952,-122264,-60974.99338,-56853.84486,-48448.4
fine_200,Fine 2.00x,16800,12,-54150.6,-448.483,-128317,-65785.09333,-61454.35036,-55863.325
fine_200,Fine 2.00x,16800,13,-42297.8,-615.701,-114935,-51060.57128,-46450.28996,-39470.375
fine_200,Fine 2.00x,16800,14,-20772.8,-552.758,-85342.8,-24769.55145,-19915.40889,-3219.93
fine_200,Fine 2.00x,16800,15,341.348,-366.267,-52629.9,866.828375,5878.847986,36853.3725
fine_200,Fine 2.00x,16800,16,18484.5,-111.25,-21064.7,22779.79375,27839.41269,75520.7425
fine_200,Fine 2.00x,16800,17,28138.3,108.768,2101.55,34336.1767,39350.00718,103899.3987
fine_200,Fine 2.00x,16800,18,28308.9,222.024,15231.6,34406.4231,39324.94659,119983.71
fine_200,Fine 2.00x,16800,19,21133.9,243.989,19901.7,25590.14098,30402.76858,125704.5825
fine_200,Fine 2.00x,16800,20,11602.9,204.54,20091.3,13962.991,18685.93763,125936.8425
fine_200,Fine 2.00x,16800,21,1996.92,126.682,18049,2291.04155,6956.426834,123435.025
fine_200,Fine 2.00x,16800,22,-5828.41,32.7082,15354.5,-7179.869795,-2530.880121,120134.2625
fine_200,Fine 2.00x,16800,23,-10535.8,-50.5058,12957.2,-12844.48539,-8172.680135,117197.57
fine_200,Fine 2.00x,16800,24,-12118.7,-86.3697,11107.8,-14739.60462,-10027.76398,114932.055
fine_200,Fine 2.00x,16800,25,-11001.2,-88.8534,9614.22,-13367.62459,-8615.248548,113102.4195
fine_200,Fine 2.00x,16800,26,-8904.16,-70.8794,7748.93,-10820.76874,-6038.542002,110817.4392
fine_200,Fine 2.00x,16800,27,-5936.47,-36.7844,5923.2,-7227.11486,-2427.948749,108580.92
fine_200,Fine 2.00x,16800,28,-3265.15,-1.99085,3870.68,-3997.369959,803.0160818,106066.583
fine_200,Fine 2.00x,16800,29,-1709.34,21.9778,1568.18,-2120.864305,2669.332319,103246.0205
fine_200,Fine 2.00x,16800,30,-1001.56,37.194,-242.827,-1272.47365,3500.514339,101027.5369
fine_200,Fine 2.00x,16800,31,-1090.82,35.7525,-1593.01,-1380.051312,3377.834639,99373.56275
fine_200,Fine 2.00x,16800,32,-1352.14,32.7651,-2285.04,-1696.508748,3047.308177,98525.826
fine_200,Fine 2.00x,16800,33,-1696.51,29.3937,-2461.68,-2114.232033,2616.548505,98309.442
fine_200,Fine 2.00x,16800,34,-2429.23,20.1986,-2859.81,-3000.550035,1721.255861,97821.73275
fine_200,Fine 2.00x,16800,35,-3105.34,9.55866,-3319.23,-3815.750859,901.8481748,97258.94325
fine_200,Fine 2.00x,16800,36,-3490.45,0.87859,-3612.03,-4276.877523,440.4370668,96900.26325
fine_200,Fine 2.00x,16800,37,-3377.35,-1.46313,-3582.8,-4135.461416,581.8870866,96936.07
fine_200,Fine 2.00x,16800,38,-3081.66,-1.45908,-3490.34,-3773.246127,944.3234523,97049.3335
fine_200,Fine 2.00x,16800,39,-2702.91,-0.888032,-3410.92,-3309.976911,1407.917183,97146.623
fine_200,Fine 2.00x,16800,40,-2322.62,-0.702097,-3371.36,-2844.349431,1874.123132,97195.084
fine_200,Fine 2.00x,16800,41,-2074.46,-0.0228692,-3365.47,-2541.185485,2177.701586,97202.29925
fine_200,Fine 2.00x,16800,42,-1919.18,1.48769,-3326.88,-2352.81792,2365.654378,97249.572
fine_200,Fine 2.00x,16800,43,-1828.97,3.64413,-3260.55,-2244.952309,2471.994813,97330.82625
fine_200,Fine 2.00x,16800,44,-1815.09,6.23998,-3236.21,-2231.129226,2483.128076,97360.64275
fine_200,Fine 2.00x,16800,45,-1815.42,8.15123,-3225.83,-2233.874757,2476.691204,97373.35825
fine_200,Fine 2.00x,16800,46,-1839.78,9.05033,-3255.66,-2264.817154,2441.654052,97336.8165
fine_200,Fine 2.00x,16800,47,-1945.88,9.71136,-3353.46,-2395.599416,2306.483626,97217.0115
fine_200,Fine 2.00x,16800,48,-2109.46,9.75903,-3490.94,-2596.043312,2101.786385,97048.5985
fine_200,Fine 2.00x,16800,49,-2288.44,8.89077,-3628.02,-2814.230193,1879.569233,96880.6755
fine_200,Fine 2.00x,16800,50,-2437.25,7.38408,-3724.61,-2994.676748,1695.90205,96762.35275
fine_200,Fine 2.00x,16800,51,-2543.9,5.86792,-3770.02,-3123.465702,1564.525621,96706.7255
fine_200,Fine 2.00x,16800,52,-2629.07,4.65028,-3790.75,-3226.307343,1459.472407,96681.33125
fine_200,Fine 2.00x,16800,53,-2707.09,3.76879,-3807.59,-3320.802018,1363.275376,96660.70225
fine_200,Fine 2.00x,16800,54,-2786.06,3.22486,-3832.17,-3416.873953,1265.732484,96630.59175
fine_200,Fine 2.00x,16800,55,-2866.41,3.05745,-3866.19,-3515.097626,1166.128292,96588.91725
fine_200,Fine 2.00x,16800,56,-2940.8,3.27982,-3900.43,-3606.49778,1073.256675,96546.97325
fine_200,Fine 2.00x,16800,57,-3003.16,3.79892,-3926.51,-3683.524677,994.5463449,96515.02525
fine_200,Fine 2.00x,16800,58,-3053.57,4.50837,-3941.55,-3746.146003,929.9689849,96496.60125
fine_200,Fine 2.00x,16800,59,-3088.3,5.35504,-3938.78,-3789.727424,884.0679579,96499.9945
fine_200,Fine 2.00x,16800,60,-3111.66,6.1439,-3922.7,-3819.309778,851.8323913,96519.6925
fine_200,Fine 2.00x,16800,61,-3134.6,6.70778,-3904.86,-3848.102031,820.2908951,96541.5465
fine_200,Fine 2.00x,16800,62,-3165.9,6.97664,-3895.85,-3886.773884,778.5904745,96552.58375
fine_200,Fine 2.00x,16800,63,-3210.73,6.93251,-3902.89,-3941.636575,720.6981145,96543.95975
fine_200,Fine 2.00x,16800,64,-3265.77,6.59314,-3921.82,-4008.644847,650.9475875,96520.7705
fine_200,Fine 2.00x,16800,65,-3327.02,6.06614,-3948.85,-4083.030522,573.8838592,96487.65875
fine_200,Fine 2.00x,16800,66,-3390.85,5.48251,-3981.63,-4160.507325,493.9809067,96447.50325
fine_200,Fine 2.00x,16800,67,-3453.17,4.96297,-4016.68,-4236.212888,416.0709792,96404.567
fine_200,Fine 2.00x,16800,68,-3513.85,4.63027,-4054.15,-4310.138331,340.0923255,96358.66625
fine_200,Fine 2.00x,16800,69,-3573.56,4.45069,-4092.42,-4383.063095,265.3418459,96311.7855
fine_200,Fine 2.00x,16800,70,-3630.48,4.45492,-4127.62,-4452.795277,193.6566669,96268.6655
fine_200,Fine 2.00x,16800,71,-3685.01,4.5735,-4159.48,-4519.739788,124.708089,96229.637
fine_200,Fine 2.00x,16800,72,-3734.54,4.75518,-4185.68,-4580.636596,61.74598204,96197.542
fine_200,Fine 2.00x,16800,73,-3779.23,4.93562,-4206.97,-4635.602885,4.642989606,96171.46175
fine_200,Fine 2.00x,16800,74,-3819.17,5.08274,-4220.93,-4684.709607,-46.66176406,96154.36075
fine_200,Fine 2.00x,16800,75,-3855.08,5.21893,-4227.39,-4728.866189,-93.08788787,96146.44725
fine_200,Fine 2.00x,16800,76,-3890.31,5.29294,-4230.42,-4772.113602,-138.6358641,96142.7355
fine_200,Fine 2.00x,16800,77,-3925.93,5.30946,-4232.21,-4815.768339,-184.6120746,96140.54275
fine_200,Fine 2.00x,16800,78,-3961.08,5.28481,-4234,-4858.796892,-230.0996605,96138.35
fine_200,Fine 2.00x,16800,79,-3997.58,5.24073,-4237.62,-4903.455394,-277.0707759,96133.9155
fine_200,Fine 2.00x,16800,80,-4036.69,5.18889,-4244.4,-4951.30164,-327.2099802,96125.61
fine_200,Fine 2.00x,16800,81,-4077.35,5.14032,-4253.84,-5001.050642,-379.2424197,96114.046
fine_200,Fine 2.00x,16800,82,-4119.93,5.08253,-4266.64,-5053.140349,-433.5958848,96098.366
fine_200,Fine 2.00x,16800,83,-4163.24,5.03362,-4281.54,-5106.135184,-488.8246292,96080.1135
fine_200,Fine 2.00x,16800,84,-4211.7,4.96938,-4302.46,-5165.41999,-550.3134749,96054.4865
fine_200,Fine 2.00x,16800,85,-4264.8,4.96939,-4328.58,-5230.467503,-617.5656212,96022.4895
fine_200,Fine 2.00x,16800,86,-4323.22,4.93767,-4360.32,-5301.993146,-691.2761737,95983.608
fine_200,Fine 2.00x,16800,87,-4382.41,4.8788,-4392.68,-5374.42878,-765.8566563,95943.967
fine_200,Fine 2.00x,16800,88,-4434.5,4.78228,-4417.93,-5438.120793,-831.8004971,95913.03575
fine_200,Fine 2.00x,16800,89,-4470.8,4.65186,-4428.23,-5482.428529,-878.1424071,95900.41825
fine_200,Fine 2.00x,16800,90,-4486.04,4.45731,-4419.18,-5500.859205,-898.5061197,95911.5045
fine_200,Fine 2.00x,16800,91,-4485.5,4.40604,-4395.13,-5500.134899,-899.6747375,95940.96575
fine_200,Fine 2.00x,16800,92,-4483.99,4.43175,-4370.19,-5498.316644,-899.7398572,95971.51725
fine_200,Fine 2.00x,16800,93,-4488.17,4.52465,-4351.72,-5503.550946,-906.8582382,95994.143
fine_200,Fine 2.00x,16800,94,-4501.47,4.66734,-4344.04,-5520.018242,-925.2104211,96003.551
fine_200,Fine 2.00x,16800,95,-4521.75,4.82825,-4345.85,-5545.058356,-952.1465575,96001.33375
fine_200,Fine 2.00x,16800,96,-4545.56,4.96129,-4353.59,-5574.38858,-983.3433798,95991.85225
fine_200,Fine 2.00x,16800,97,-4569.74,5.02479,-4363.11,-5604.086868,-1014.817925,95980.19025
fine_200,Fine 2.00x,16800,98,-4592.92,4.99578,-4372.32,-5632.446831,-1044.802902,95968.908
fine_200,Fine 2.00x,16800,99,-4616.94,4.83537,-4382.79,-5661.674828,-1075.392843,95956.08225
fine_200,Fine 2.00x,16800,100,-4639,4.70754,-4392.69,-5688.541737,-1103.338575,95943.95475
fine_200,Fine 2.00x,16800,101,-4657.73,4.51619,-4401.35,-5711.251583,-1126.773218,95933.34625
fine_200,Fine 2.00x,16800,102,-4672.69,4.34663,-4408.54,-5729.369872,-1145.222079,95924.5385
fine_200,Fine 2.00x,16800,103,-4683.96,4.27485,-4414.07,-5743.087691,-1158.856596,95917.76425
fine_200,Fine 2.00x,16800,104,-4691.79,4.20767,-4418.45,-5752.597146,-1167.798421,95912.39875
fine_200,Fine 2.00x,16800,105,-4696.24,4.13606,-4421.6,-5757.960673,-1172.07032,95908.54
fine_200,Fine 2.00x,16800,106,-4700.9,4.02849,-4426.61,-5763.5374,-1175.930797,95902.40275
fine_200,Fine 2.00x,16800,107,-4702.84,3.98999,-4430.55,-5765.866738,-1175.910611,95897.57625
fine_200,Fine 2.00x,16800,108,-4703.1,3.89557,-4434.31,-5766.069573,-1173.03052,95892.97025
fine_200,Fine 2.00x,16800,109,-4700.42,3.75854,-4436.76,-5762.618712,-1165.851293,95889.969
fine_200,Fine 2.00x,16800,110,-4692.78,3.55894,-4436.76,-5753.015202,-1151.521046,95889.969
fine_200,Fine 2.00x,16800,111,-4679.97,3.32874,-4435.95,-5737.040957,-1129.920373,95890.96125
fine_200,Fine 2.00x,16800,112,-4670.38,2.95152,-4443.57,-5724.831112,-1111.105821,95881.62675
fine_200,Fine 2.00x,16800,113,-4670.93,2.44678,-4465.69,-5724.886556,-1103.530513,95854.52975
fine_200,Fine 2.00x,16800,114,-4687.3,1.87114,-4505.66,-5744.234647,-1114.225035,95805.5665
fine_200,Fine 2.00x,16800,115,-4717.08,1.34022,-4557.7,-5780.06477,-1140.452948,95741.8175
fine_200,Fine 2.00x,16800,116,-4749.84,0.917441,-4610.42,-5819.677865,-1169.492535,95677.2355
fine_200,Fine 2.00x,16800,117,-4781.07,0.565831,-4661.06,-5857.503893,-1196.19154,95615.2015
fine_200,Fine 2.00x,16800,118,-4807.23,0.254913,-4707.18,-5889.169018,-1216.329142,95558.7045
fine_200,Fine 2.00x,16800,119,-4827.88,-0.0652223,-4748.99,-5914.073103,-1229.162979,95507.48725
fine_200,Fine 2.00x,16800,120,-4844.63,-0.452074,-4788.65,-5934.117959,-1236.902556,95458.90375
fine_200,Fine 2.00x,16800,121,-4857.11,-0.902083,-4825.4,-5948.854698,-1239.2684,95413.885
fine_200,Fine 2.00x,16800,122,-4864.74,-1.42577,-4858.64,-5957.559932,-1235.735173,95373.166
fine_200,Fine 2.00x,16800,123,-4864.1,-2.015,-4885.52,-5956.054125,-1222.319963,95340.238
fine_200,Fine 2.00x,16800,124,-4854.03,-2.63785,-4903.88,-5942.955384,-1197.83629,95317.747
fine_200,Fine 2.00x,16800,125,-4833.62,-3.25668,-4911.47,-5917.195067,-1161.429683,95308.44925
fine_200,Fine 2.00x,16800,126,-4803.69,-3.81224,-4907.55,-5879.850256,-1114.410562,95313.25125
fine_200,Fine 2.00x,16800,127,-4774.65,-4.26983,-4899.52,-5843.715708,-1069.766455,95323.088
fine_200,Fine 2.00x,16800,128,-4750.43,-4.64469,-4891.23,-5813.587005,-1032.445914,95333.24325
fine_200,Fine 2.00x,16800,129,-4729.94,-4.97799,-4883.68,-5788.078462,-1001.176906,95342.492
fine_200,Fine 2.00x,16800,130,-4716.05,-5.32463,-4880.23,-5770.638578,-979.4428538,95346.71825
fine_200,Fine 2.00x,16800,131,-4706.2,-5.72771,-4878.66,-5758.078555,-964.0415182,95348.6415
fine_200,Fine 2.00x,16800,132,-4698,-6.19924,-4876.7,-5747.455931,-951.9885224,95351.0425
fine_200,Fine 2.00x,16800,133,-4688.95,-6.72148,-4871.41,-5735.729937,-940.152747,95357.52275
fine_200,Fine 2.00x,16800,134,-4674.48,-7.25732,-4857.84,-5717.347783,-922.902078,95374.146
fine_200,Fine 2.00x,16800,135,-4654.62,-7.78544,-4835.54,-5692.372336,-900.2210709,95401.4635
fine_200,Fine 2.00x,16800,136,-4625.27,-8.30526,-4800.67,-5655.781807,-866.8233935,95444.17925
fine_200,Fine 2.00x,16800,137,-4590.89,-8.88115,-4758.54,-5612.960841,-828.2411252,95495.7885
fine_200,Fine 2.00x,16800,138,-4553.89,-9.38969,-4711.99,-5567.01288,-787.3536614,95552.81225
fine_200,Fine 2.00x,16800,139,-4520.74,-9.82921,-4666.95,-5525.865718,-752.0021413,95607.98625
fine_200,Fine 2.00x,16800,140,-4492.85,-10.1852,-4624.77,-5491.26438,-723.844869,95659.65675
fine_200,Fine 2.00x,16800,141,-4469.19,-10.4649,-4584.79,-5461.938248,-701.534446,95708.63225
fine_200,Fine 2.00x,16800,142,-4447.75,-10.6901,-4544.74,-5435.398378,-682.4949851,95757.6935
fine_200,Fine 2.00x,16800,143,-4425.64,-10.8832,-4502.26,-5408.07708,-663.0916481,95809.7315
fine_200,Fine 2.00x,16800,144,-4400.99,-11.0646,-4456.34,-5377.658615,-640.9012253,95865.9835
fine_200,Fine 2.00x,16800,145,-4372.87,-11.2595,-4407.03,-5342.972862,-614.6958465,95926.38825
fine_200,Fine 2.00x,16800,146,-4342.65,-11.4804,-4356.37,-5305.68276,-586.0602726,95988.44675
fine_200,Fine 2.00x,16800,147,-4314.02,-11.7373,-4308.67,-5270.296308,-559.2669287,96046.87925
fine_200,Fine 2.00x,16800,148,-4287.94,-12.0232,-4265.8,-5237.99808,-535.7557367,96099.395
fine_200,Fine 2.00x,16800,149,-4265.49,-12.3089,-4229.48,-5210.146848,-516.6792775,96143.887
fine_200,Fine 2.00x,16800,150,-4246.25,-12.5651,-4199.68,-5186.264003,-501.5497651,96180.392
fine_200,Fine 2.00x,16800,151,-4227.55,-12.7691,-4174.04,-5163.106603,-487.1049563,96211.801
fine_200,Fine 2.00x,16800,152,-4209.92,-12.91,-4152.85,-5141.33725,-474.0181778,96237.75875
fine_200,Fine 2.00x,16800,153,-4194.19,-13.0061,-4136.6,-5121.950278,-463.2742216,96257.665
fine_200,Fine 2.00x,16800,154,-4179.66,-13.0593,-4124.44,-5104.085858,-454.0137404,96272.561
fine_200,Fine 2.00x,16800,155,-4163.25,-13.013,-4113.02,-5084.040325,-442.5637713,96286.5505
fine_200,Fine 2.00x,16800,156,-4144.89,-12.8732,-4101.98,-5061.72058,-428.8618322,96300.0745
fine_200,Fine 2.00x,16800,157,-4123.44,-12.6536,-4089.86,-5035.71334,-411.5151909,96314.9215
fine_200,Fine 2.00x,16800,158,-4097.74,-12.3987,-4074.78,-5004.543093,-389.1854214,96333.3945
fine_200,Fine 2.00x,16800,159,-4065.67,-12.1589,-4055.72,-4965.551098,-358.9098517,96356.743
fine_200,Fine 2.00x,16800,160,-4031.59,-11.9957,-4037.3,-4924.003018,-326.0811975,96379.3075
fine_200,Fine 2.00x,16800,161,-3999.33,-11.9135,-4022.37,-4884.585213,-295.3760142,96397.59675
fine_200,Fine 2.00x,16800,162,-3972.48,-11.8967,-4013.33,-4851.714543,-271.1909474,96408.67075
fine_200,Fine 2.00x,16800,163,-3951.52,-11.9047,-4009.52,-4826.028743,-254.1842155,96413.338
fine_200,Fine 2.00x,16800,164,-3933.67,-11.9027,-4007.38,-4804.164943,-240.9417406,96415.9595
fine_200,Fine 2.00x,16800,165,-3915.88,-11.8741,-4003.25,-4782.407228,-227.7471319,96421.01875
fine_200,Fine 2.00x,16800,166,-3897.03,-11.828,-3995.61,-4759.37245,-213.2170174,96430.37775
fine_200,Fine 2.00x,16800,167,-3875.29,-11.7511,-3982.43,-4732.835153,-195.1358268,96446.52325
fine_200,Fine 2.00x,16800,168,-3848.45,-11.6637,-3961.69,-4700.063218,-170.8016699,96471.92975
fine_200,Fine 2.00x,16800,169,-3815.27,-11.5441,-3932.3,-4659.564228,-138.7321123,96507.9325
fine_200,Fine 2.00x,16800,170,-3784.46,-11.3817,-3902.99,-4622.020918,-109.6404645,96543.83725
fine_200,Fine 2.00x,16800,171,-3760.64,-11.2024,-3878.82,-4593.06106,-89.15433965,96573.4455
fine_200,Fine 2.00x,16800,172,-3741.7,-11.0429,-3858.16,-4570.054947,-74.63354716,96598.754
fine_200,Fine 2.00x,16800,173,-3725.43,-10.9537,-3839.18,-4550.233468,-63.28817169,96622.0045
fine_200,Fine 2.00x,16800,174,-3710.64,-10.9218,-3821.09,-4532.154795,-53.64512662,96644.16475
fine_200,Fine 2.00x,16800,175,-3698.16,-10.9616,-3805,-4516.81804,-46.68250114,96663.875
fine_200,Fine 2.00x,16800,176,-3686.86,-11.0403,-3790.12,-4502.879133,-41.04541012,96682.103
fine_200,Fine 2.00x,16800,177,-3676.06,-11.1593,-3776.09,-4489.503358,-35.86763461,96699.28975
fine_200,Fine 2.00x,16800,178,-3662.64,-11.2772,-3760.05,-4472.91943,-27.36693536,96718.93875
fine_200,Fine 2.00x,16800,179,-3645.32,-11.3774,-3741.03,-4451.579685,-13.99505715,96742.23825
fine_200,Fine 2.00x,16800,180,-3623.87,-11.4269,-3719.12,-4425.242798,4.479554018,96769.078
fine_200,Fine 2.00x,16800,181,-3599.56,-11.4147,-3695.67,-4395.477993,26.49863933,96797.80425
fine_200,Fine 2.00x,16800,182,-3573.67,-11.34,-3672.04,-4363.85425,50.46260658,96826.751
fine_200,Fine 2.00x,16800,183,-3547.61,-11.2228,-3649.6,-4332.07432,74.70044892,96854.24
fine_200,Fine 2.00x,16800,184,-3523.42,-11.0984,-3630.26,-4302.59396,96.75703448,96877.9315
fine_200,Fine 2.00x,16800,185,-3501.38,-10.9802,-3614.06,-4275.739755,116.3272009,96897.7765
fine_200,Fine 2.00x,16800,186,-3482.5,-10.8907,-3601.67,-4252.721393,132.2227506,96912.95425
fine_200,Fine 2.00x,16800,187,-3466.53,-10.8339,-3592.5,-4233.227723,144.8077321,96924.1875
fine_200,Fine 2.00x,16800,188,-3452.99,-10.8128,-3585.86,-4216.66707,154.6850672,96932.3215
fine_200,Fine 2.00x,16800,189,-3441.07,-10.8222,-3580.83,-4202.053555,162.8936678,96938.48325
fine_200,Fine 2.00x,16800,190,-3430.12,-10.8464,-3576.65,-4188.61016,170.2323531,96943.60375
fine_200,Fine 2.00x,16800,191,-3419.49,-10.8658,-3572.54,-4175.564645,177.4951711,96948.6385
fine_200,Fine 2.00x,16800,192,-3408.6,-10.864,-3567.82,-4162.2266,185.4152841,96954.4205
fine_200,Fine 2.00x,16800,193,-3396.73,-10.8302,-3561.64,-4147.727255,194.8728178,96961.991
fine_200,Fine 2.00x,16800,194,-3382.87,-10.7531,-3552.86,-4130.843203,207.1234219,96972.7465
fine_200,Fine 2.00x,16800,195,-3366.98,-10.6427,-3541.34,-4111.513193,222.2500718,96986.8585
fine_200,Fine 2.00x,16800,196,-3349.04,-10.4987,-3526.98,-4089.713093,240.3195517,97004.4495
fine_200,Fine 2.00x,16800,197,-3329.49,-10.325,-3510.18,-4065.977125,260.8192056,97025.0295
fine_200,Fine 2.00x,16800,198,-3309.09,-10.1325,-3491.7,-4041.222938,282.8843821,97047.6675
fine_200,Fine 2.00x,16800,199,-3289.73,-9.94635,-3473.53,-4017.734971,304.2729739,97069.92575
fine_200,Fine 2.00x,16800,200,-3271.69,-9.77729,-3456.11,-3995.84307,324.7183535,97091.26525
fine_200,Fine 2.00x,16800,201,-3255.21,-9.61201,-3439.89,-3975.857538,343.9417242,97111.13475
fine_200,Fine 2.00x,16800,202,-3240.12,-9.41904,-3424.88,-3957.608676,362.1755914,97129.522
fine_200,Fine 2.00x,16800,203,-3227.35,-9.24154,-3412.12,-3942.182864,378.3646002,97145.153
fine_200,Fine 2.00x,16800,204,-3216.3,-9.07243,-3401.06,-3928.853773,393.29733,97158.7015
fine_200,Fine 2.00x,16800,205,-3206.29,-8.9096,-3391.09,-3916.79099,407.845101,97170.91475
fine_200,Fine 2.00x,16800,206,-3196.23,-8.74323,-3381.18,-3904.671293,423.3821775,97183.0545
fine_200,Fine 2.00x,16800,207,-3185.76,-8.55483,-3371.02,-3892.076333,440.3355727,97195.5005
fine_200,Fine 2.00x,16800,208,-3174.58,-8.337,-3360.4,-3878.647675,459.1139789,97208.51
fine_200,Fine 2.00x,16800,209,-3162.98,-8.08421,-3349.63,-3864.747343,479.3632451,97221.70325
fine_200,Fine 2.00x,16800,210,-3150.77,-7.78786,-3338.56,-3850.153122,501.3130899,97235.264
fine_200,Fine 2.00x,16800,211,-3138.32,-7.44419,-3327.55,-3835.322867,524.5127937,97248.75125
fine_200,Fine 2.00x,16800,212,-3125.99,-7.05483,-3316.95,-3820.695583,548.4987821,97261.73625
fine_200,Fine 2.00x,16800,213,-3114.02,-6.62099,-3306.95,-3806.563787,572.9850776,97273.98625
fine_200,Fine 2.00x,16800,214,-3102.68,-6.14913,-3297.77,-3793.250316,597.5925196,97285.23175
fine_200,Fine 2.00x,16800,215,-3092.15,-5.64441,-3289.48,-3780.969348,622.0818793,97295.387
fine_200,Fine 2.00x,16800,216,-3082.38,-5.11134,-3281.93,-3769.654109,646.4636292,97304.63575
fine_200,Fine 2.00x,16800,217,-3073.27,-4.55295,-3274.95,-3759.178386,670.7974402,97313.18625
fine_200,Fine 2.00x,16800,218,-3064.67,-3.97107,-3268.37,-3749.356189,695.2340686,97321.24675
fine_200,Fine 2.00x,16800,219,-3056.42,-3.3658,-3262.02,-3739.991395,719.9137636,97329.0255
fine_200,Fine 2.00x,16800,220,-3048.57,-2.74102,-3255.96,-3731.140501,744.7243738,97336.449
fine_200,Fine 2.00x,16800,221,-3040.75,-2.0766,-3249.86,-3722.374915,770.0184826,97343.9215
fine_200,Fine 2.00x,16800,222,-3033.67,-1.38984,-3244.39,-3714.543196,794.8822589,97350.62225
fine_200,Fine 2.00x,16800,223,-3026.4,-0.663596,-3238.63,-3706.527095,820.3485703,97357.67825
fine_200,Fine 2.00x,16800,224,-3018.84,0.0999158,-3232.43,-3698.201397,846.4476416,97365.27325
fine_200,Fine 2.00x,16800,225,-3011.01,0.899495,-3225.77,-3689.589131,873.0622198,97373.43175
fine_200,Fine 2.00x,16800,226,-3002.97,1.73459,-3218.72,-3680.763123,900.026059,97382.068
fine_200,Fine 2.00x,16800,227,-2994.85,2.60384,-3211.39,-3671.880954,927.0585022,97391.04725
fine_200,Fine 2.00x,16800,228,-2986.75,3.50696,-3203.99,-3663.064776,953.9357112,97400.11225
fine_200,Fine 2.00x,16800,229,-2978.95,4.444,-3196.85,-3654.65765,980.2038779,97408.85875
fine_200,Fine 2.00x,16800,230,-2971.6,5.41419,-3190.22,-3646.842383,1005.550287,97416.9805
fine_200,Fine 2.00x,16800,231,-2964.82,6.41924,-3184.29,-3639.768069,1029.717447,97424.24475
fine_200,Fine 2.00x,16800,232,-2958.67,7.45858,-3179.17,-3633.507511,1052.515165,97430.51675
fine_200,Fine 2.00x,16800,233,-2953.33,8.51992,-3175.06,-3628.266152,1073.631724,97435.5515
fine_200,Fine 2.00x,16800,234,-2947.9,9.63395,-3171.01,-3622.979089,1093.996663,97440.51275
fine_200,Fine 2.00x,16800,235,-2942.72,10.7821,-3167.33,-3618.040072,1113.122014,97445.02075
fine_200,Fine 2.00x,16800,236,-2938.33,11.9404,-3164.46,-3614.08124,1130.272215,97448.5365
fine_200,Fine 2.00x,16800,237,-2934.16,13.1239,-3161.78,-3610.422777,1146.024291,97451.8195
fine_200,Fine 2.00x,16800,238,-2930.7,14.313,-3159.7,-3607.640925,1159.709815,97454.3675
fine_200,Fine 2.00x,16800,239,-2927.58,15.5029,-3157.8,-3605.276552,1171.705976,97456.695
fine_200,Fine 2.00x,16800,240,-2925.05,16.6762,-3156.33,-3603.614595,1181.665932,97458.49575
fine_200,Fine 2.00x,16800,241,-2922.46,17.8334,-3154.67,-3601.859415,1190.293419,97460.52925
fine_200,Fine 2.00x,16800,242,-2919.71,18.9594,-3152.73,-3599.870015,1197.6968,97462.90575
fine_200,Fine 2.00x,16800,243,-2916.78,20.035,-3150.54,-3597.598375,1203.880899,97465.5885
fine_200,Fine 2.00x,16800,244,-2913.36,21.0468,-3147.74,-3594.64833,1209.217571,97469.0185
fine_200,Fine 2.00x,16800,245,-2910.51,21.9422,-3145.49,-3592.253945,1212.457122,97471.77475
fine_200,Fine 2.00x,16800,246,-2907.84,22.7109,-3143.37,-3589.924853,1214.112593,97474.37175
fine_200,Fine 2.00x,16800,247,-2905.7,23.3179,-3141.77,-3588.046928,1213.80944,97476.33175
fine_200,Fine 2.00x,16800,248,-2904.06,23.7476,-3140.66,-3586.56431,1211.662783,97477.6915
fine_200,Fine 2.00x,16800,249,-2902.7,23.9906,-3139.81,-3585.195985,1207.991551,97478.73275
fine_200,Fine 2.00x,16800,250,-2901.46,24.044,-3139.06,-3583.7424,1203.081275,97479.6515
fine_200,Fine 2.00x,16800,251,-2900.2,23.9092,-3138.24,-3582.03377,1197.166459,97480.656
fine_200,Fine 2.00x,16800,252,-2898.81,23.5865,-3137.26,-3579.935713,1190.494683,97481.8565
fine_200,Fine 2.00x,16800,253,-2897.29,23.0758,-3136.12,-3577.448105,1183.188532,97483.253
fine_200,Fine 2.00x,16800,254,-2895.6,22.3814,-3134.78,-3574.527215,1175.413753,97484.8945
fine_200,Fine 2.00x,16800,255,-2893.69,21.5096,-3133.21,-3571.11951,1167.405612,97486.81775
fine_200,Fine 2.00x,16800,256,-2891.42,20.4708,-3131.18,-3567.06623,1159.504868,97489.3045
fine_200,Fine 2.00x,16800,257,-2888.85,19.2762,-3128.84,-3562.454595,1151.847179,97492.171
fine_200,Fine 2.00x,16800,258,-2885.96,17.9307,-3126.19,-3557.266108,1144.725317,97495.41725
fine_200,Fine 2.00x,16800,259,-2882.72,16.4358,-3123.21,-3551.465855,1138.500166,97499.06775
fine_200,Fine 2.00x,16800,260,-2879.14,14.8126,-3119.88,-3545.091935,1133.92913,97503.147
fine_200,Fine 2.00x,16800,261,-2872.59,13.1388,-3113.67,-3535.01778,1134.621575,97510.75425
fine_200,Fine 2.00x,16800,262,-2867.36,11.3847,-3108.65,-3526.462258,1135.627051,97516.90375
fine_200,Fine 2.00x,16800,263,-2863.13,9.57276,-3104.5,-3519.060881,1137.619915,97521.9875
fine_200,Fine 2.00x,16800,264,-2859.47,7.72179,-3100.82,-3512.309943,1141.415511,97526.4955
fine_200,Fine 2.00x,16800,265,-2855.79,5.85304,-3097.05,-3505.512724,1147.941993,97531.11375
fine_200,Fine 2.00x,16800,266,-2851.6,3.99126,-3092.76,-3498.099293,1157.919548,97536.369
fine_200,Fine 2.00x,16800,267,-2846.62,2.16407,-3087.68,-3489.760486,1171.675589,97542.592
fine_200,Fine 2.00x,16800,268,-2841.82,0.505325,-3082.46,-3481.848523,1187.734235,97548.9865
fine_200,Fine 2.00x,16800,269,-2835.63,-1.11932,-3076.07,-3472.275583,1207.96858,97556.81425
fine_200,Fine 2.00x,16800,270,-2828.42,-2.68588,-3068.86,-3461.524297,1231.631143,97565.6465
fine_200,Fine 2.00x,16800,271,-2820.75,-4.16692,-3061.32,-3450.314273,1257.61777,97574.883
fine_200,Fine 2.00x,16800,272,-2813.05,-5.53198,-3053.76,-3439.209575,1284.951869,97584.144
fine_200,Fine 2.00x,16800,273,-2805.61,-6.7565,-3046.39,-3428.595538,1312.798222,97593.17225
fine_200,Fine 2.00x,16800,274,-2798.55,-7.83227,-3039.28,-3418.629219,1340.543101,97601.882
fine_200,Fine 2.00x,16800,275,-2791.89,-8.76193,-3032.44,-3409.331886,1367.7416,97610.261
fine_200,Fine 2.00x,16800,276,-2785.33,-9.55301,-3025.59,-3400.326813,1394.359423,97618.65225
fine_200,Fine 2.00x,16800,277,-2779.04,-10.2281,-3018.98,-3391.794578,1419.916232,97626.7495
fine_200,Fine 2.00x,16800,278,-2772.92,-10.8059,-3012.5,-3383.589773,1444.307948,97634.6875
fine_200,Fine 2.00x,16800,279,-2766.87,-11.3046,-3006.11,-3375.567615,1467.508902,97642.51525
fine_200,Fine 2.00x,16800,280,-2760.85,-11.7406,-2999.77,-3367.659015,1489.50578,97650.28175
fine_200,Fine 2.00x,16800,281,-2754.84,-12.1315,-2993.46,-3359.817913,1510.329646,97658.0115
fine_200,Fine 2.00x,16800,282,-2749.04,-12.4999,-2987.35,-3352.261623,1529.815397,97665.49625
fine_200,Fine 2.00x,16800,283,-2743.1,-12.8538,-2981.1,-3344.551595,1548.520689,97673.1525
fine_200,Fine 2.00x,16800,284,-2736.91,-13.2036,-2974.57,-3336.54034,1566.720179,97681.15175
fine_200,Fine 2.00x,16800,285,-2730.39,-13.5581,-2967.7,-3328.119078,1584.687751,97689.5675
fine_200,Fine 2.00x,16800,286,-2723.3,-13.9172,-2960.23,-3318.99393,1602.881217,97698.71825
fine_200,Fine 2.00x,16800,287,-2716.05,-14.2877,-2952.6,-3309.658818,1620.999244,97708.065
fine_200,Fine 2.00x,16800,288,-2708.87,-14.6631,-2945.03,-3300.403452,1638.905004,97717.33825
fine_200,Fine 2.00x,16800,289,-2701.93,-15.0309,-2937.69,-3291.451397,1656.527664,97726.32975
fine_200,Fine 2.00x,16800,290,-2695.42,-15.3792,-2930.77,-3283.04998,1673.752914,97734.80675
fine_200,Fine 2.00x,16800,291,-2689.06,-15.6795,-2923.99,-3274.891112,1690.992658,97743.11225
fine_200,Fine 2.00x,16800,292,-2682.88,-15.9109,-2917.39,-3267.037148,1708.278616,97751.19725
fine_200,Fine 2.00x,16800,293,-2676.89,-16.0558,-2910.99,-3259.521895,1725.651662,97759.03725
fine_200,Fine 2.00x,16800,294,-2671.08,-16.1037,-2904.78,-3252.345967,1743.147045,97766.6445
fine_200,Fine 2.00x,16800,295,-2665.43,-16.0508,-2898.72,-3245.48952,1760.820536,97774.068
fine_200,Fine 2.00x,16800,296,-2659.85,-15.8978,-2892.74,-3238.841445,1778.809461,97781.3935
fine_200,Fine 2.00x,16800,297,-2654.27,-15.6466,-2886.76,-3232.313665,1797.218389,97788.719
fine_200,Fine 2.00x,16800,298,-2648.43,-15.2952,-2880.52,-3225.59013,1816.350871,97796.363
fine_200,Fine 2.00x,16800,299,-2642.57,-14.8599,-2874.26,-3218.944873,1835.920404,97804.0315
fine_200,Fine 2.00x,16800,300,-2636.55,-14.3451,-2867.86,-3212.201003,1856.101006,97811.8715
fine_200,Fine 2.00x,16800,301,-2630.68,-13.765,-2861.61,-3205.720875,1876.508202,97819.52775
fine_200,Fine 2.00x,16800,302,-2624.91,-13.1244,-2855.49,-3199.43736,1897.167931,97827.02475
fine_200,Fine 2.00x,16800,303,-2619.29,-12.4339,-2849.52,-3193.398723,1918.019552,97834.338
fine_200,Fine 2.00x,16800,304,-2613.79,-11.7076,-2843.68,-3187.55094,1939.095135,97841.492
fine_200,Fine 2.00x,16800,305,-2608.43,-10.9586,-2838,-3181.902465,1960.383265,97848.45
fine_200,Fine 2.00x,16800,306,-2603.29,-10.1998,-2832.55,-3176.535495,1981.779652,97855.12625
fine_200,Fine 2.00x,16800,307,-2598.28,-9.36648,-2827.38,-3171.419062,2003.321655,97861.4595
fine_200,Fine 2.00x,16800,308,-2593.8,-8.5917,-2822.66,-3166.880168,2024.659976,97867.2415
fine_200,Fine 2.00x,16800,309,-2589.78,-7.87475,-2818.33,-3162.833931,2045.885425,97872.54575
fine_200,Fine 2.00x,16800,310,-2586.17,-7.20659,-2814.38,-3159.230177,2067.044392,97877.3845
fine_200,Fine 2.00x,16800,311,-2583.03,-6.63907,-2810.85,-3156.078889,2088.113272,97881.70875
fine_200,Fine 2.00x,16800,312,-2580.27,-6.08592,-2807.76,-3153.375498,2109.092282,97885.494
fine_200,Fine 2.00x,16800,313,-2577.77,-5.54773,-2804.99,-3150.972281,2130.114966,97888.88725
fine_200,Fine 2.00x,16800,314,-2575.51,-5.0522,-2802.51,-3148.810805,2151.234216,97891.92525
fine_200,Fine 2.00x,16800,315,-2573.46,-4.6375,-2800.26,-3146.807563,2172.508725,97894.6815
fine_200,Fine 2.00x,16800,316,-2571.57,-4.30613,-2798.2,-3144.898241,2193.95974,97897.205
fine_200,Fine 2.00x,16800,317,-2569.83,-4.02025,-2796.31,-3143.116944,2215.483677,97899.52025
fine_200,Fine 2.00x,16800,318,-2568.26,-3.71356,-2794.57,-3141.569389,2236.669759,97901.65175
fine_200,Fine 2.00x,16800,319,-2566.78,-3.33314,-2792.91,-3140.222404,2257.241176,97903.68525
fine_200,Fine 2.00x,16800,320,-2565.16,-2.83492,-2791.12,-3138.848223,2277.201957,97905.878
fine_200,Fine 2.00x,16800,321,-2563.52,-2.20511,-2789.32,-3137.61074,2296.176556,97908.083
fine_200,Fine 2.00x,16800,322,-2561.92,-1.4399,-2787.55,-3136.588123,2313.923233,97910.25125
fine_200,Fine 2.00x,16800,323,-2560.47,-0.555607,-2785.95,-3135.895131,2330.21073,97912.21125
fine_200,Fine 2.00x,16800,324,-2559.39,0.423999,-2784.74,-3135.772149,2344.737206,97913.6935
fine_200,Fine 2.00x,16800,325,-2558.68,1.49783,-2783.91,-3136.217842,2357.443914,97914.71025
fine_200,Fine 2.00x,16800,326,-2558.09,2.68803,-2783.25,-3136.953087,2368.443146,97915.51875
fine_200,Fine 2.00x,16800,327,-2558.03,3.96135,-2783.14,-3138.439404,2377.160157,97915.6535
fine_200,Fine 2.00x,16800,328,-2558.52,5.29812,-2783.59,-3140.677197,2383.544209,97915.10225
fine_200,Fine 2.00x,16800,329,-2559.44,6.69899,-2784.44,-3143.520263,2387.628806,97914.061
fine_200,Fine 2.00x,16800,330,-2560.64,8.18885,-2785.54,-3146.815341,2389.498485,97912.7135
fine_200,Fine 2.00x,16800,331,-2561.9,9.78698,-2786.7,-3150.316551,2389.301802,97911.2925
fine_200,Fine 2.00x,16800,332,-2563.3,11.4795,-2788.01,-3154.104888,2386.903975,97909.68775
fine_200,Fine 2.00x,16800,333,-2564.76,13.2533,-2789.4,-3158.066293,2382.354669,97907.985
fine_200,Fine 2.00x,16800,334,-2566.33,15.1146,-2790.92,-3162.269635,2375.518198,97906.123
fine_200,Fine 2.00x,16800,335,-2567.96,17.0649,-2792.51,-3166.655503,2366.411575,97904.17525
fine_200,Fine 2.00x,16800,336,-2569.66,19.1215,-2794.2,-3171.257338,2354.947364,97902.105
fine_200,Fine 2.00x,16800,337,-2571.73,21.2901,-2796.27,-3176.449623,2340.70318,97899.56925
fine_200,Fine 2.00x,16800,338,-2574.28,23.5783,-2798.83,-3182.376418,2323.510665,97896.43325
fine_200,Fine 2.00x,16800,339,-2577.42,25.9947,-2801.97,-3189.183008,2303.179296,97892.58675
fine_200,Fine 2.00x,16800,340,-2581.07,28.5606,-2805.61,-3196.797485,2279.741414,97888.12775
fine_200,Fine 2.00x,16800,341,-2585.22,31.3006,-2809.74,-3205.237735,2253.126968,97883.0685
fine_200,Fine 2.00x,16800,342,-2589.68,34.2242,-2814.16,-3214.282645,2223.528578,97877.654
fine_200,Fine 2.00x,16800,343,-2594.26,37.3622,-2818.69,-3223.737195,2191.091338,97872.10475
fine_200,Fine 2.00x,16800,344,-2599.11,40.7868,-2823.5,-3233.87358,2155.461979,97866.2125
fine_200,Fine 2.00x,16800,345,-2604.32,44.569,-2828.69,-3244.889025,2116.367543,97859.85475
fine_200,Fine 2.00x,16800,346,-2616.23,47.9584,-2840.57,-3263.63079,2066.955591,97845.30175
fine_200,Fine 2.00x,16800,347,-2619.91,53.0331,-2844.26,-3274.355298,2022.719765,97840.7815
fine_200,Fine 2.00x,16800,348,-2624.23,58.6386,-2848.6,-3286.514035,1974.120389,97835.465
fine_200,Fine 2.00x,16800,349,-2635.38,63.9966,-2859.76,-3306.736335,1914.436227,97821.794
fine_200,Fine 2.00x,16800,350,-2639.92,71.1962,-2864.33,-3321.117345,1857.32392,97816.19575
fine_200,Fine 2.00x,16800,351,-2645.97,79.0837,-2870.42,-3338.190783,1794.153111,97808.7355
fine_200,Fine 2.00x,16800,352,-2658.84,86.9085,-2883.26,-3363.541913,1719.412058,97793.0065
fine_200,Fine 2.00x,16800,353,-2666.21,96.4943,-2890.66,-3384.312768,1646.090482,97783.9415
fine_200,Fine 2.00x,16800,354,-2675.25,106.281,-2899.71,-3407.375475,1567.930695,97772.85525
fine_200,Fine 2.00x,16800,355,-2690.01,114.524,-2914.42,-3435.55415,1483.083472,97754.8355
fine_200,Fine 2.00x,16800,356,-2703.95,120.67,-2928.29,-3460.1595,1400.412143,97737.84475
fine_200,Fine 2.00x,16800,357,-2715.02,122.964,-2939.39,-3476.5304,1324.511893,97724.24725
fine_200,Fine 2.00x,16800,358,-2723.68,119.721,-2948.12,-3483.166225,1255.614581,97713.553
fine_200,Fine 2.00x,16800,359,-2732.79,110.745,-2957.29,-3483.330375,1186.128721,97702.31975
fine_200,Fine 2.00x,16800,360,-2743.16,97.2178,-2967.71,-3479.462805,1108.376258,97689.55525
fine_200,Fine 2.00x,16800,361,-2754.41,81.0354,-2978.98,-3473.420615,1018.131747,97675.7495
fine_200,Fine 2.00x,16800,362,-2766,64.3164,-2990.57,-3467.13759,918.3787416,97661.55175
fine_200,Fine 2.00x,16800,363,-2778.37,48.7595,-3002.89,-3463.233638,820.8869367,97646.45975
fine_200,Fine 2.00x,16800,364,-2789.58,34.9747,-3014.03,-3460.079508,743.0724256,97632.81325
fine_200,Fine 2.00x,16800,365,-2796.69,23.857,-3021.13,-3455.170075,693.5225957,97624.11575
fine_200,Fine 2.00x,16800,366,-2800.48,15.5423,-3024.93,-3449.627318,666.1898957,97619.46075
fine_200,Fine 2.00x,16800,367,-2801.92,9.73706,-3026.41,-3444.279899,650.7382057,97617.64775
fine_200,Fine 2.00x,16800,368,-2802.01,5.98541,-3026.52,-3439.794377,641.1838802,97617.513
fine_200,Fine 2.00x,16800,369,-2801.34,3.71972,-3025.89,-3436.198157,635.5705729,97618.28475
fine_200,Fine 2.00x,16800,370,-2800.3,2.36783,-3024.87,-3433.268092,632.3401987,97619.53425
fine_200,Fine 2.00x,16800,371,-2799.5,1.52637,-3024.08,-3431.257303,629.4726489,97620.502
fine_200,Fine 2.00x,16800,372,-2798.9,1.02838,-3023.48,-3429.912266,626.1938061,97621.237
fine_200,Fine 2.00x,16800,373,-2798.48,0.763693,-3023.05,-3429.073524,622.4946319,97621.76375
fine_200,Fine 2.00x,16800,374,-2798.16,0.66467,-3022.72,-3428.560221,618.7837087,97622.168
fine_200,Fine 2.00x,16800,375,-2797.85,0.675164,-3022.4,-3428.193326,615.4230645,97622.56
fine_200,Fine 2.00x,16800,376,-2797.47,0.749767,-3021.99,-3427.819215,612.5872335,97623.06225
fine_200,Fine 2.00x,16800,377,-2796.93,0.857828,-3021.44,-3427.290089,610.2940143,97623.736
fine_200,Fine 2.00x,16800,378,-2796.17,0.980182,-3020.68,-3426.508973,608.5107543,97624.667
fine_200,Fine 2.00x,16800,379,-2795.18,1.10343,-3019.68,-3425.447202,607.1473495,97625.892
fine_200,Fine 2.00x,16800,380,-2793.97,1.21609,-3018.47,-3424.10296,606.1842381,97627.37425
fine_200,Fine 2.00x,16800,381,-2792.6,1.30901,-3017.1,-3422.538537,605.5051054,97629.0525
fine_200,Fine 2.00x,16800,382,-2791.17,1.37604,-3015.68,-3420.868899,605.005919,97630.792
fine_200,Fine 2.00x,16800,383,-2789.8,1.41576,-3014.32,-3419.239306,604.5197972,97632.458
fine_200,Fine 2.00x,16800,384,-2788.64,1.43454,-3013.16,-3417.841312,603.8335507,97633.879
fine_200,Fine 2.00x,16800,385,-2787.69,1.43512,-3012.2,-3416.678272,602.9330224,97635.055
fine_200,Fine 2.00x,16800,386,-2786.93,1.42565,-3011.44,-3415.735671,601.843625,97635.986
fine_200,Fine 2.00x,16800,387,-2786.34,1.41343,-3010.84,-3414.997952,600.548388,97636.721
fine_200,Fine 2.00x,16800,388,-2785.83,1.4025,-3010.32,-3414.359813,599.163483,97637.358
fine_200,Fine 2.00x,16800,389,-2785.33,1.39344,-3009.81,-3413.736214,597.7739596,97637.98275
fine_200,Fine 2.00x,16800,390,-2784.75,1.38373,-3009.22,-3413.013819,596.4931575,97638.7055
fine_200,Fine 2.00x,16800,391,-2784.08,1.37115,-3008.54,-3412.177659,595.3143111,97639.5385
fine_200,Fine 2.00x,16800,392,-2783.29,1.34888,-3007.74,-3411.182628,594.3151086,97640.5185
fine_200,Fine 2.00x,16800,393,-2782.43,1.31647,-3006.86,-3410.089426,593.4239729,97641.5965
fine_200,Fine 2.00x,16800,394,-2781.53,1.27457,-3005.95,-3408.935598,592.6033419,97642.71125
fine_200,Fine 2.00x,16800,395,-2780.65,1.22646,-3005.06,-3407.798664,591.786554,97643.8015
fine_200,Fine 2.00x,16800,396,-2779.83,1.17306,-3004.22,-3406.728749,590.9234666,97644.8305
fine_200,Fine 2.00x,16800,397,-2779.03,1.11466,-3003.41,-3405.677209,590.0518291,97645.82275
fine_200,Fine 2.00x,16800,398,-2778.29,1.04969,-3002.65,-3404.69112,589.1571822,97646.75375
fine_200,Fine 2.00x,16800,399,-2777.52,0.978069,-3001.87,-3403.660135,588.3280981,97647.70925
fine_200,Fine 2.00x,16800,400,-2776.68,0.899795,-3001.02,-3402.535249,587.6353249,97648.7505
fine_200,Fine 2.00x,16800,401,-2775.76,0.815187,-3000.08,-3401.304604,587.0907065,97649.902
fine_200,Fine 2.00x,16800,402,-2774.75,0.72479,-2999.06,-3399.956618,586.7058063,97651.1515
fine_200,Fine 2.00x,16800,403,-2773.67,0.629244,-2997.98,-3398.516574,586.4662109,97652.4745
fine_200,Fine 2.00x,16800,404,-2772.55,0.529274,-2996.85,-3397.022111,586.3342663,97653.85875
fine_200,Fine 2.00x,16800,405,-2771.42,0.425382,-2995.7,-3395.510593,586.2834841,97655.2675
fine_200,Fine 2.00x,16800,406,-2770.28,0.317476,-2994.55,-3393.981908,586.29217,97656.67625
fine_200,Fine 2.00x,16800,407,-2769.14,0.204574,-2993.4,-3392.447103,586.3819479,97658.085
fine_200,Fine 2.00x,16800,408,-2768.01,0.0850736,-2992.26,-3390.916465,586.5316207,97659.4815
fine_200,Fine 2.00x,16800,409,-2766.86,-0.0430137,-2991.1,-3389.350808,586.802162,97660.9025
fine_200,Fine 2.00x,16800,410,-2765.71,-0.181495,-2989.93,-3387.772419,587.1494747,97662.33575
fine_200,Fine 2.00x,16800,411,-2764.54,-0.331183,-2988.75,-3386.155801,587.6317493,97663.78125
fine_200,Fine 2.00x,16800,412,-2763.36,-0.491805,-2987.56,-3384.513539,588.2254954,97665.239
fine_200,Fine 2.00x,16800,413,-2762.12,-0.659812,-2986.31,-3382.78873,588.9876102,97666.77025
fine_200,Fine 2.00x,16800,414,-2760.87,-0.83841,-2985.04,-3381.038698,589.8934867,97668.326
fine_200,Fine 2.00x,16800,415,-2759.57,-1.02692,-2983.72,-3379.215273,590.9694853,97669.943
fine_200,Fine 2.00x,16800,416,-2758.16,-1.22002,-2982.31,-3377.251475,592.2934998,97671.67025
fine_200,Fine 2.00x,16800,417,-2756.65,-1.41763,-2980.78,-3375.159653,593.8641046,97673.5445
fine_200,Fine 2.00x,16800,418,-2755.08,-1.622,-2979.2,-3372.98605,595.6350772,97675.48
fine_200,Fine 2.00x,16800,419,-2753.48,-1.83499,-2977.59,-3370.765137,597.5828821,97677.45225
fine_200,Fine 2.00x,16800,420,-2751.86,-2.05834,-2975.96,-3368.507034,599.6865221,97679.449
fine_200,Fine 2.00x,16800,421,-2750.24,-2.29311,-2974.34,-3366.23494,601.9446678,97681.4335
fine_200,Fine 2.00x,16800,422,-2748.6,-2.53976,-2972.69,-3363.923794,604.3715118,97683.45475
fine_200,Fine 2.00x,16800,423,-2746.93,-2.79768,-2971.01,-3361.562092,607.0113492,97685.51275
fine_200,Fine 2.00x,16800,424,-2745.2,-3.0668,-2969.28,-3359.11317,609.8790929,97687.632
fine_200,Fine 2.00x,16800,425,-2743.41,-3.34568,-2967.48,-3356.578792,612.9948798,97689.837
fine_200,Fine 2.00x,16800,426,-2741.55,-3.63341,-2965.61,-3353.947823,616.3590091,97692.12775
fine_200,Fine 2.00x,16800,427,-2739.58,-3.92934,-2963.63,-3351.172058,620.0416163,97694.55325
fine_200,Fine 2.00x,16800,428,-2737.52,-4.2343,-2961.55,-3348.274983,624.0084027,97697.10125
fine_200,Fine 2.00x,16800,429,-2735.38,-4.5507,-2959.41,-3345.265893,628.2502119,97699.72275
fine_200,Fine 2.00x,16800,430,-2733.23,-4.88128,-2957.24,-3342.227182,632.7065535,97702.381
fine_200,Fine 2.00x,16800,431,-2731.06,-5.22386,-2955.06,-3339.149271,637.3762635,97705.0515
fine_200,Fine 2.00x,16800,432,-2728.87,-5.57747,-2952.87,-3336.033349,642.2583034,97707.73425
fine_200,Fine 2.00x,16800,433,-2727.22,-5.99856,-2951.21,-3333.496264,646.7685956,97709.76775
fine_200,Fine 2.00x,16800,434,-2725.26,-6.3926,-2949.25,-3330.612565,651.8110036,97712.16875
fine_200,Fine 2.00x,16800,435,-2722.97,-6.76288,-2946.96,-3327.353722,657.3924592,97714.974
fine_200,Fine 2.00x,16800,436,-2719.76,-7.06512,-2943.75,-3323.051228,664.1817224,97718.90625
fine_200,Fine 2.00x,16800,437,-2717.3,-7.45487,-2941.29,-3319.560284,670.3345536,97721.91975
fine_200,Fine 2.00x,16800,438,-2714.77,-7.84877,-2938.76,-3315.978507,676.7535429,97725.019
fine_200,Fine 2.00x,16800,439,-2712.13,-8.24437,-2936.12,-3312.259897,683.4739785,97728.253
fine_200,Fine 2.00x,16800,440,-2708.96,-8.58606,-2932.95,-3307.958077,690.9424841,97732.13625
fine_200,Fine 2.00x,16800,441,-2706.44,-9.00645,-2930.42,-3304.356099,697.8760214,97735.2355
fine_200,Fine 2.00x,16800,442,-2703.48,-9.36811,-2927.46,-3300.287065,705.4200406,97738.8615
fine_200,Fine 2.00x,16800,443,-2701.02,-9.79194,-2924.99,-3296.754373,712.5928622,97741.88725
fine_200,Fine 2.00x,16800,444,-2698.44,-10.1961,-2922.4,-3293.098778,720.0321597,97745.06
fine_200,Fine 2.00x,16800,445,-2695.32,-10.5305,-2919.29,-3288.867138,728.1695183,97748.86975
fine_200,Fine 2.00x,16800,446,-2692.57,-10.9144,-2916.54,-3285.02811,736.0579852,97752.2385
fine_200,Fine 2.00x,16800,447,-2689.69,-11.2772,-2913.65,-3281.05568,744.191077,97755.77875
fine_200,Fine 2.00x,16800,448,-2686.68,-11.6179,-2910.64,-3276.951073,752.5675831,97759.466
fine_200,Fine 2.00x,16800,449,-2683.57,-11.9375,-2907.52,-3272.749813,761.1303193,97763.288
fine_200,Fine 2.00x,16800,450,-2680.34,-12.2366,-2904.3,-3268.426665,769.9153243,97767.2325
fine_200,Fine 2.00x,16800,451,-2677.09,-12.5158,-2901.05,-3264.103395,778.7790975,97771.21375
fine_200,Fine 2.00x,16800,452,-2673.86,-12.7741,-2897.82,-3259.830228,787.6604524,97775.1705
fine_200,Fine 2.00x,16800,453,-2670.65,-13.0092,-2894.61,-3255.60998,796.5564555,97779.10275
fine_200,Fine 2.00x,16800,454,-2667.47,-13.2181,-2891.43,-3251.458578,805.4293633,97782.99825
fine_200,Fine 2.00x,16800,455,-2664.33,-13.3978,-2888.29,-3247.391945,814.2738566,97786.84475
fine_200,Fine 2.00x,16800,456,-2661.21,-13.5463,-2885.17,-3243.388033,823.1009104,97790.66675
fine_200,Fine 2.00x,16800,457,-2658.14,-13.6635,-2882.1,-3239.483712,831.851799,97794.4275
fine_200,Fine 2.00x,16800,458,-2655.11,-13.7501,-2879.07,-3235.665878,840.5500836,97798.13925
fine_200,Fine 2.00x,16800,459,-2652.12,-13.8059,-2876.08,-3231.934773,849.1735869,97801.802
fine_200,Fine 2.00x,16800,460,-2649.17,-13.8297,-2873.13,-3228.291868,857.7420346,97805.41575
fine_200,Fine 2.00x,16800,461,-2646.27,-13.8196,-2870.24,-3224.75174,866.2188855,97808.956
fine_200,Fine 2.00x,16800,462,-2643.43,-13.7739,-2867.39,-3221.328722,874.5893699,97812.44725
fine_200,Fine 2.00x,16800,463,-2640.65,-13.6909,-2864.61,-3218.024898,882.8616867,97815.85275
fine_200,Fine 2.00x,16800,464,-2637.94,-13.5701,-2861.91,-3214.853128,891.0117372,97819.16025
fine_200,Fine 2.00x,16800,465,-2635.32,-13.4113,-2859.29,-3211.838158,899.0250405,97822.36975
fine_200,Fine 2.00x,16800,466,-2632.8,-13.2153,-2856.77,-3208.991258,906.8897853,97825.45675
fine_200,Fine 2.00x,16800,467,-2630.38,-12.983,-2854.35,-3206.311325,914.6065568,97828.42125
fine_200,Fine 2.00x,16800,468,-2628.07,-12.7154,-2852.04,-3203.809385,922.1638108,97831.251
fine_200,Fine 2.00x,16800,469,-2625.85,-12.4139,-2849.83,-3201.459223,929.5979593,97833.95825
fine_200,Fine 2.00x,16800,470,-2623.75,-12.0798,-2847.72,-3199.295995,936.8840311,97836.543
fine_200,Fine 2.00x,16800,471,-2621.74,-11.7146,-2845.72,-3197.281115,944.0600952,97838.993
fine_200,Fine 2.00x,16800,472,-2619.86,-11.3198,-2843.84,-3195.461745,951.0784863,97841.296
fine_200,Fine 2.00x,16800,473,-2618.08,-10.8968,-2842.06,-3193.79942,957.9985999,97843.4765
fine_200,Fine 2.00x,16800,474,-2616.4,-10.4468,-2840.38,-3192.29267,964.8107402,97845.5345
fine_200,Fine 2.00x,16800,475,-2614.84,-9.97162,-2838.81,-3190.963766,971.4922232,97847.45775
fine_200,Fine 2.00x,16800,476,-2613.41,-9.46688,-2837.39,-3189.830322,978.0463989,97849.19725
fine_200,Fine 2.00x,16800,477,-2612.14,-8.9413,-2836.12,-3188.918408,984.4255125,97850.753
fine_200,Fine 2.00x,16800,478,-2611.01,-8.39698,-2835,-3188.20095,990.6777143,97852.125
fine_200,Fine 2.00x,16800,479,-2610.05,-7.83735,-2834.03,-3187.710496,996.7595375,97853.31325
fine_200,Fine 2.00x,16800,480,-2609.25,-7.2629,-2833.23,-3187.434198,1002.694299,97854.29325
fine_200,Fine 2.00x,16800,481,-2608.62,-6.67407,-2832.61,-3187.383764,1008.448821,97855.05275
fine_200,Fine 2.00x,16800,482,-2608.16,-6.07188,-2832.15,-3187.557947,1014.024277,97855.61625
fine_200,Fine 2.00x,16800,483,-2607.83,-5.45689,-2831.82,-3187.90706,1019.45968,97856.0205
fine_200,Fine 2.00x,16800,484,-2607.62,-4.82971,-2831.61,-3188.418105,1024.768055,97856.27775
fine_200,Fine 2.00x,16800,485,-2607.51,-4.19136,-2831.5,-3189.065334,1029.943342,97856.4125
fine_200,Fine 2.00x,16800,486,-2607.55,-3.5443,-2831.54,-3189.906983,1034.938077,97856.3635
fine_200,Fine 2.00x,16800,487,-2607.76,-2.89062,-2831.75,-3190.964991,1039.698649,97856.10625
fine_200,Fine 2.00x,16800,488,-2608.29,-2.26234,-2832.29,-3192.383884,1044.070176,97855.44475
fine_200,Fine 2.00x,16800,489,-2608.88,-1.61568,-2832.88,-3193.898792,1048.286019,97854.722
fine_200,Fine 2.00x,16800,490,-2609.53,-0.957317,-2833.52,-3195.501537,1052.354708,97853.938
fine_200,Fine 2.00x,16800,491,-2610.23,-0.293249,-2834.23,-3197.17252,1056.275014,97853.06825
fine_200,Fine 2.00x,16800,492,-2611.02,0.37206,-2835.01,-3198.955274,1059.982615,97852.11275
fine_200,Fine 2.00x,16800,493,-2611.88,1.03992,-2835.88,-3200.826902,1063.479668,97851.047
fine_200,Fine 2.00x,16800,494,-2612.87,1.70011,-2836.87,-3202.848385,1066.684473,97849.83425
fine_200,Fine 2.00x,16800,495,-2613.99,2.35745,-2837.99,-3205.025626,1069.580999,97848.46225
fine_200,Fine 2.00x,16800,496,-2615.26,3.01662,-2839.26,-3207.38886,1072.10779,97846.9065
fine_200,Fine 2.00x,16800,497,-2616.66,3.68047,-2840.66,-3209.917076,1074.265234,97845.1915
fine_200,Fine 2.00x,16800,498,-2618.2,4.34993,-2842.2,-3212.623664,1076.019355,97843.305
fine_200,Fine 2.00x,16800,499,-2619.85,5.02548,-2843.85,-3215.472463,1077.38575,97841.28375
fine_200,Fine 2.00x,16800,500,-2621.62,5.70643,-2845.62,-3218.474877,1078.343011,97839.1155
fine_200,Fine 2.00x,16800,501,-2623.5,6.39277,-2847.5,-3221.618643,1078.851277,97836.8125
fine_200,Fine 2.00x,16800,502,-2625.48,7.08535,-2849.48,-3224.892554,1078.932857,97834.387
fine_200,Fine 2.00x,16800,503,-2627.56,7.78409,-2851.56,-3228.29651,1078.546303,97831.839
fine_200,Fine 2.00x,16800,504,-2629.73,8.48984,-2853.74,-3231.819304,1077.682357,97829.1685
fine_200,Fine 2.00x,16800,505,-2632.02,9.20391,-2856.02,-3235.49929,1076.292716,97826.3755
fine_200,Fine 2.00x,16800,506,-2634.4,9.92806,-2858.4,-3239.301874,1074.380989,97823.46
fine_200,Fine 2.00x,16800,507,-2636.89,10.6644,-2860.9,-3243.25414,1071.899631,97820.3975
fine_200,Fine 2.00x,16800,508,-2639.49,11.4156,-2863.5,-3247.35936,1068.814385,97817.2125
fine_200,Fine 2.00x,16800,509,-2642.19,12.1837,-2866.19,-3251.607783,1065.135549,97813.91725
fine_200,Fine 2.00x,16800,510,-2644.98,12.9694,-2868.98,-3255.988015,1060.83299,97810.4995
fine_200,Fine 2.00x,16800,511,-2647.85,13.7719,-2871.85,-3260.486828,1055.920437,97806.98375
fine_200,Fine 2.00x,16800,512,-2650.79,14.5901,-2874.8,-3265.090622,1050.380412,97803.37
fine_200,Fine 2.00x,16800,513,-2653.82,15.4237,-2877.82,-3269.823533,1044.189199,97799.6705
fine_200,Fine 2.00x,16800,514,-2656.92,16.2727,-2880.92,-3274.661058,1037.35062,97795.873
fine_200,Fine 2.00x,16800,515,-2660.1,17.1357,-2884.1,-3279.613732,1029.854411,97791.9775
fine_200,Fine 2.00x,16800,516,-2663.35,18.0088,-2887.36,-3284.66453,1021.728293,97787.984
fine_200,Fine 2.00x,16800,517,-2666.66,18.8855,-2890.67,-3289.793238,1012.992522,97783.92925
fine_200,Fine 2.00x,16800,518,-2670.01,19.7597,-2894.01,-3294.967883,1003.689456,97779.83775
fine_200,Fine 2.00x,16800,519,-2673.36,20.6511,-2897.37,-3300.163598,993.8751461,97775.72175
fine_200,Fine 2.00x,16800,520,-2676.74,21.4842,-2900.75,-3305.324645,983.6573642,97771.58125
fine_200,Fine 2.00x,16800,521,-2680.17,22.2571,-2904.18,-3310.473197,973.03392,97767.3795
fine_200,Fine 2.00x,16800,522,-2683.53,22.9334,-2907.54,-3315.417665,962.2580439,97763.2635
fine_200,Fine 2.00x,16800,523,-2686.86,23.4786,-2910.86,-3320.164785,951.384046,97759.1965
fine_200,Fine 2.00x,16800,524,-2690.16,23.8627,-2914.16,-3324.677808,940.487874,97755.154
fine_200,Fine 2.00x,16800,525,-2693.41,24.0506,-2917.41,-3328.889235,929.6754254,97751.17275
fine_200,Fine 2.00x,16800,526,-2696.56,24.0011,-2920.56,-3332.687348,919.0855667,97747.314
fine_200,Fine 2.00x,16800,527,-2699.56,23.6732,-2923.56,-3335.96067,908.8565935,97743.639
fine_200,Fine 2.00x,16800,528,-2702.38,23.0379,-2926.38,-3338.636928,899.0137447,97740.1845
fine_200,Fine 2.00x,16800,529,-2704.97,22.08,-2928.97,-3340.63625,889.4101213,97737.01175
fine_200,Fine 2.00x,16800,530,-2707.32,20.7929,-2931.32,-3341.938303,879.7979285,97734.133
fine_200,Fine 2.00x,16800,531,-2709.39,19.1821,-2933.39,-3342.500823,870.0167355,97731.59725
fine_200,Fine 2.00x,16800,532,-2711.16,17.278,-2935.16,-3342.33655,859.8844492,97729.429
fine_200,Fine 2.00x,16800,533,-2712.65,15.1022,-2936.65,-3341.496445,849.3197582,97727.60375
fine_200,Fine 2.00x,16800,534,-2713.78,12.755,-2937.78,-3340.005375,838.3527226,97726.2195
fine_200,Fine 2.00x,16800,535,-2714.61,10.2911,-2938.61,-3338.003848,827.1001299,97725.20275
fine_200,Fine 2.00x,16800,536,-2715.01,7.80074,-2939.01,-3335.443157,815.9642754,97724.71275
fine_200,Fine 2.00x,16800,537,-2715.13,5.35737,-2939.14,-3332.597028,805.1543416,97724.5535
fine_200,Fine 2.00x,16800,538,-2714.68,3.03533,-2938.68,-3329.201279,795.3761859,97725.117
fine_200,Fine 2.00x,16800,539,-2714.02,0.866499,-2938.02,-3325.735961,786.5070956,97725.9255
fine_200,Fine 2.00x,16800,540,-2713.19,-1.09176,-2937.19,-3322.320344,778.6680181,97726.94225
fine_200,Fine 2.00x,16800,541,-2712.24,-2.80943,-2936.24,-3319.052448,771.9048326,97728.106
fine_200,Fine 2.00x,16800,542,-2711.17,-4.26951,-2935.17,-3315.9531,766.081811,97729.41675
fine_200,Fine 2.00x,16800,543,-2709.9,-5.49081,-2933.9,-3312.901258,761.182016,97730.9725
fine_200,Fine 2.00x,16800,544,-2708.31,-6.45806,-2932.31,-3309.768627,757.2919058,97732.92025
fine_200,Fine 2.00x,16800,545,-2706.46,-7.19018,-2930.46,-3306.60553,754.4815453,97735.1865
fine_200,Fine 2.00x,16800,546,-2704.55,-7.70625,-2928.55,-3303.633594,752.5413365,97737.52625
fine_200,Fine 2.00x,16800,547,-2702.49,-8.03196,-2926.49,-3300.711099,751.6028045,97740.04975
fine_200,Fine 2.00x,16800,548,-2700.56,-8.1894,-2924.56,-3298.153985,751.2744147,97742.414
fine_200,Fine 2.00x,16800,549,-2698.45,-8.20128,-2922.45,-3295.554682,751.8877484,97744.99875
fine_200,Fine 2.00x,16800,550,-2696.46,-8.09603,-2920.46,-3293.245863,753.0230954,97747.4365
fine_200,Fine 2.00x,16800,551,-2694.61,-7.89636,-2918.61,-3291.224209,754.6074434,97749.70275
fine_200,Fine 2.00x,16800,552,-2692.79,-7.61914,-2916.79,-3289.334304,756.7090177,97751.93225
fine_200,Fine 2.00x,16800,553,-2691.02,-7.29182,-2915.02,-3287.567021,759.2606315,97754.1005
fine_200,Fine 2.00x,16800,554,-2689.31,-6.92521,-2913.31,-3285.921368,762.1761904,97756.19525
fine_200,Fine 2.00x,16800,555,-2687.66,-6.5383,-2911.66,-3284.374082,765.4027837,97758.2165
fine_200,Fine 2.00x,16800,556,-2686.18,-6.14358,-2910.18,-3283.044615,768.7665268,97760.0295
fine_200,Fine 2.00x,16800,557,-2684.67,-5.73918,-2908.67,-3281.690255,772.4341558,97761.87925
fine_200,Fine 2.00x,16800,558,-2683.17,-5.33948,-2907.17,-3280.342387,776.3200405,97763.71675
fine_200,Fine 2.00x,16800,559,-2681.74,-4.9518,-2905.74,-3279.065545,780.3162994,97765.4685
fine_200,Fine 2.00x,16800,560,-2680.45,-4.58157,-2904.45,-3277.938827,784.300552,97767.04875
fine_200,Fine 2.00x,16800,561,-2679.26,-4.22724,-2903.26,-3276.915131,788.2658814,97768.5065
fine_200,Fine 2.00x,16800,562,-2678.14,-3.89446,-2902.14,-3275.950787,792.2344065,97769.8785
fine_200,Fine 2.00x,16800,563,-2677.1,-3.58139,-2901.1,-3275.060297,796.1593061,97771.1525
fine_200,Fine 2.00x,16800,564,-2676.14,-3.28856,-2900.14,-3274.243014,800.019742,97772.3285
fine_200,Fine 2.00x,16800,565,-2675.25,-3.01639,-2899.25,-3273.486172,803.8070119,97773.41875
fine_200,Fine 2.00x,16800,566,-2674.36,-2.76444,-2898.37,-3272.704561,807.5848819,97774.49675
fine_200,Fine 2.00x,16800,567,-2673.56,-2.53046,-2897.56,-3272.011187,811.2296962,97775.489
fine_200,Fine 2.00x,16800,568,-2672.82,-2.31423,-2896.82,-3271.369568,814.7780655,97776.3955
fine_200,Fine 2.00x,16800,569,-2672.16,-2.11505,-2896.16,-3270.805064,818.1832061,97777.204
fine_200,Fine 2.00x,16800,570,-2671.55,-1.93155,-2895.55,-3270.282601,821.48032,97777.95125
fine_200,Fine 2.00x,16800,571,-2670.99,-1.7584,-2894.99,-3269.80871,824.652227,97778.63725
fine_200,Fine 2.00x,16800,572,-2670.43,-1.59209,-2894.43,-3269.32644,827.766758,97779.32325
fine_200,Fine 2.00x,16800,573,-2669.88,-1.43496,-2893.88,-3268.845174,830.8038686,97779.997
fine_200,Fine 2.00x,16800,574,-2669.36,-1.28669,-2893.36,-3268.389805,833.7495256,97780.634
fine_200,Fine 2.00x,16800,575,-2668.87,-1.14617,-2892.88,-3267.961692,836.5809408,97781.222
fine_200,Fine 2.00x,16800,576,-2668.43,-1.01219,-2892.43,-3267.586817,839.2829769,97781.77325
fine_200,Fine 2.00x,16800,577,-2668.03,-0.883535,-2892.04,-3267.25442,841.877225,97782.251
fine_200,Fine 2.00x,16800,578,-2667.67,-0.759103,-2891.68,-3266.965849,844.3516506,97782.692
fine_200,Fine 2.00x,16800,579,-2667.35,-0.637981,-2891.35,-3266.722223,846.7052035,97783.09625
fine_200,Fine 2.00x,16800,580,-2667.06,-0.518696,-2891.06,-3266.513097,848.9591347,97783.4515
fine_200,Fine 2.00x,16800,581,-2666.79,-0.402067,-2890.79,-3266.325218,851.1267498,97783.78225
fine_200,Fine 2.00x,16800,582,-2666.54,-0.287665,-2890.55,-3266.15911,853.1968342,97784.07625
fine_200,Fine 2.00x,16800,583,-2666.32,-0.175237,-2890.32,-3266.027335,855.1676167,97784.358
fine_200,Fine 2.00x,16800,584,-2666.11,-0.0646456,-2890.12,-3265.905559,857.063474,97784.603
fine_200,Fine 2.00x,16800,585,-2665.93,0.0441792,-2889.93,-3265.81837,858.8598613,97784.83575
fine_200,Fine 2.00x,16800,586,-2665.77,0.151276,-2889.77,-3265.753563,860.5690214,97785.03175
fine_200,Fine 2.00x,16800,587,-2665.63,0.256665,-2889.64,-3265.711165,862.1909675,97785.191
fine_200,Fine 2.00x,16800,588,-2665.52,0.360339,-2889.52,-3265.703415,863.7134951,97785.338
fine_200,Fine 2.00x,16800,589,-2665.42,0.462225,-2889.43,-3265.705726,865.1612287,97785.44825
fine_200,Fine 2.00x,16800,590,-2665.37,0.560339,-2889.37,-3265.764665,866.4876328,97785.52175
fine_200,Fine 2.00x,16800,591,-2665.33,0.656949,-2889.33,-3265.834013,867.738961,97785.57075
fine_200,Fine 2.00x,16800,592,-2665.31,0.751984,-2889.31,-3265.92593,868.9138027,97785.59525
fine_200,Fine 2.00x,16800,593,-2665.29,0.845123,-2889.3,-3266.015526,870.0263558,97785.6075
fine_200,Fine 2.00x,16800,594,-2665.3,0.935829,-2889.3,-3266.138891,871.0405571,97785.6075
fine_200,Fine 2.00x,16800,595,-2665.31,1.02358,-2889.32,-3266.258636,871.9938232,97785.583
fine_200,Fine 2.00x,16800,596,-2665.34,1.10731,-2889.35,-3266.397955,872.8629861,97785.54625
fine_200,Fine 2.00x,16800,597,-2665.4,1.18831,-2889.41,-3266.57068,873.6449541,97785.47275
fine_200,Fine 2.00x,16800,598,-2665.47,1.2661,-2889.48,-3266.751722,874.3541203,97785.387
fine_200,Fine 2.00x,16800,599,-2665.56,1.3409,-2889.56,-3266.953603,874.9779881,97785.289
fine_200,Fine 2.00x,16800,600,-2665.64,1.41155,-2889.65,-3267.138149,875.5654617,97785.17875
fine_200,Fine 2.00x,16800,601,-2665.75,1.47903,-2889.76,-3267.355562,876.0556451,97785.044
fine_200,Fine 2.00x,16800,602,-2665.87,1.54201,-2889.88,-3267.579712,876.4746855,97784.897
fine_200,Fine 2.00x,16800,603,-2666,1.60062,-2890.01,-3267.81076,876.8331512,97784.73775
fine_200,Fine 2.00x,16800,604,-2666.14,1.65527,-2890.15,-3268.049206,877.130553,97784.56625
fine_200,Fine 2.00x,16800,605,-2666.28,1.70617,-2890.29,-3268.283058,877.3681871,97784.39475
fine_200,Fine 2.00x,16800,606,-2666.43,1.75318,-2890.43,-3268.524396,877.5446964,97784.22325
fine_200,Fine 2.00x,16800,607,-2666.58,1.79606,-2890.58,-3268.760674,877.6726351,97784.0395
fine_200,Fine 2.00x,16800,608,-2666.73,1.83456,-2890.74,-3268.991586,877.763026,97783.8435
fine_200,Fine 2.00x,16800,609,-2666.89,1.86865,-2890.9,-3269.229346,877.7822484,97783.6475
fine_200,Fine 2.00x,16800,610,-2667.06,1.89883,-2891.06,-3269.474567,877.740405,97783.4515
fine_200,Fine 2.00x,16800,611,-2667.23,1.92417,-2891.24,-3269.713858,877.6615986,97783.231
fine_200,Fine 2.00x,16800,612,-2667.41,1.94505,-2891.42,-3269.959936,877.5331183,97783.0105
fine_200,Fine 2.00x,16800,613,-2667.59,1.96185,-2891.6,-3270.201016,877.3560462,97782.79
fine_200,Fine 2.00x,16800,614,-2667.76,1.97503,-2891.77,-3270.425412,877.1634866,97782.58175
fine_200,Fine 2.00x,16800,615,-2667.94,1.9847,-2891.94,-3270.657758,876.9093937,97782.3735
fine_200,Fine 2.00x,16800,616,-2668.11,1.99084,-2892.12,-3270.873529,876.6397085,97782.153
fine_200,Fine 2.00x,16800,617,-2668.28,1.99347,-2892.29,-3271.085001,876.3314514,97781.94475
fine_200,Fine 2.00x,16800,618,-2668.45,1.99268,-2892.46,-3271.292283,875.9952211,97781.7365
fine_200,Fine 2.00x,16800,619,-2668.62,1.9886,-2892.63,-3271.495535,875.6308596,97781.52825
fine_200,Fine 2.00x,16800,620,-2668.77,1.98325,-2892.77,-3271.672731,875.2603937,97781.35675
fine_200,Fine 2.00x,16800,621,-2668.93,1.97212,-2892.94,-3271.855097,874.8525992,97781.1485
fine_200,Fine 2.00x,16800,622,-2669.1,1.95848,-2893.1,-3272.046638,874.4141792,97780.9525
fine_200,Fine 2.00x,16800,623,-2669.26,1.94222,-2893.26,-3272.22272,873.9590612,97780.7565
fine_200,Fine 2.00x,16800,624,-2669.41,1.92413,-2893.41,-3272.384309,873.5076955,97780.57275
fine_200,Fine 2.00x,16800,625,-2669.55,1.90303,-2893.56,-3272.529962,873.0401114,97780.389
fine_200,Fine 2.00x,16800,626,-2669.68,1.87952,-2893.69,-3272.660412,872.5769926,97780.22975
fine_200,Fine 2.00x,16800,627,-2669.8,1.85431,-2893.81,-3272.77653,872.1067614,97780.08275
fine_200,Fine 2.00x,16800,628,-2669.92,1.82775,-2893.93,-3272.890994,871.6274504,97779.93575
fine_200,Fine 2.00x,16800,629,-2670.03,1.79997,-2894.04,-3272.991713,871.1618622,97779.801
fine_200,Fine 2.00x,16800,630,-2670.14,1.77103,-2894.15,-3273.091012,870.6762547,97779.66625
fine_200,Fine 2.00x,16800,631,-2670.24,1.74101,-2894.25,-3273.176737,870.1934914,97779.54375
fine_200,Fine 2.00x,16800,632,-2670.34,1.71002,-2894.35,-3273.261275,869.7119017,97779.42125
fine_200,Fine 2.00x,16800,633,-2670.43,1.67823,-2894.44,-3273.332582,869.2435296,97779.311
fine_200,Fine 2.00x,16800,634,-2670.51,1.64582,-2894.52,-3273.39088,868.7881572,97779.213
fine_200,Fine 2.00x,16800,635,-2670.59,1.613,-2894.59,-3273.448675,868.3225671,97779.12725
fine_200,Fine 2.00x,16800,636,-2670.65,1.57994,-2894.66,-3273.481677,867.8924791,97779.0415
fine_200,Fine 2.00x,16800,637,-2670.71,1.54682,-2894.72,-3273.514605,867.4624626,97778.968
fine_200,Fine 2.00x,16800,638,-2670.77,1.51379,-2894.77,-3273.547643,867.0430505,97778.90675
fine_200,Fine 2.00x,16800,639,-2670.81,1.48098,-2894.82,-3273.55645,866.6478716,97778.8455
fine_200,Fine 2.00x,16800,640,-2670.85,1.4488,-2894.86,-3273.56603,866.2626412,97778.7965
fine_200,Fine 2.00x,16800,641,-2670.88,1.41707,-2894.89,-3273.563911,865.8891163,97778.75975
fine_200,Fine 2.00x,16800,642,-2670.91,1.3859,-2894.92,-3273.562478,865.5363469,97778.723
fine_200,Fine 2.00x,16800,643,-2670.93,1.35535,-2894.94,-3273.549554,865.1950793,97778.6985
fine_200,Fine 2.00x,16800,644,-2670.94,1.32551,-2894.95,-3273.52525,864.8866389,97778.68625
fine_200,Fine 2.00x,16800,645,-2670.95,1.29646,-2894.96,-3273.501914,864.5879635,97778.674
fine_200,Fine 2.00x,16800,646,-2670.96,1.26826,-2894.97,-3273.479619,864.2989815,97778.66175
fine_200,Fine 2.00x,16800,647,-2670.96,1.241,-2894.96,-3273.446225,864.0318338,97778.674
fine_200,Fine 2.00x,16800,648,-2670.95,1.21479,-2894.96,-3273.401868,863.7971062,97778.674
fine_200,Fine 2.00x,16800,649,-2670.94,1.18979,-2894.95,-3273.358993,863.5716359,97778.68625
fine_200,Fine 2.00x,16800,650,-2670.93,1.16603,-2894.93,-3273.317637,863.3553867,97778.71075
fine_200,Fine 2.00x,16800,651,-2670.9,1.14339,-2894.91,-3273.253153,863.1837267,97778.73525
fine_200,Fine 2.00x,16800,652,-2670.88,1.12197,-2894.89,-3273.202413,863.0090642,97778.75975
fine_200,Fine 2.00x,16800,653,-2670.86,1.10173,-2894.86,-3273.153119,862.8544194,97778.7965
fine_200,Fine 2.00x,16800,654,-2670.83,1.08297,-2894.84,-3273.093388,862.7209546,97778.821
fine_200,Fine 2.00x,16800,655,-2670.79,1.06531,-2894.8,-3273.022755,862.6198569,97778.87
fine_200,Fine 2.00x,16800,656,-2670.76,1.04889,-2894.76,-3272.96589,862.5157343,97778.919
fine_200,Fine 2.00x,16800,657,-2670.71,1.03362,-2894.72,-3272.885935,862.4561673,97778.968
fine_200,Fine 2.00x,16800,658,-2670.67,1.01942,-2894.68,-3272.81954,862.393784,97779.017
fine_200,Fine 2.00x,16800,659,-2670.63,1.0063,-2894.64,-3272.754468,862.3408209,97779.066
fine_200,Fine 2.00x,16800,660,-2670.59,0.994306,-2894.59,-3272.690775,862.3079428,97779.12725
fine_200,Fine 2.00x,16800,661,-2670.54,0.983483,-2894.55,-3272.616267,862.2966228,97779.17625
fine_200,Fine 2.00x,16800,662,-2670.49,0.973843,-2894.5,-3272.543208,862.294596,97779.2375
fine_200,Fine 2.00x,16800,663,-2670.45,0.965373,-2894.45,-3272.483832,862.3003483,97779.29875
fine_200,Fine 2.00x,16800,664,-2670.4,0.958003,-2894.41,-3272.413554,862.3170223,97779.34775
fine_200,Fine 2.00x,16800,665,-2670.35,0.951731,-2894.35,-3272.34462,862.3538118,97779.42125
fine_200,Fine 2.00x,16800,666,-2670.29,0.946369,-2894.3,-3272.264552,862.4124757,97779.4825
fine_200,Fine 2.00x,16800,667,-2670.24,0.942112,-2894.25,-3272.198087,862.4789951,97779.54375
fine_200,Fine 2.00x,16800,668,-2670.19,0.938746,-2894.2,-3272.132714,862.5444377,97779.605
fine_200,Fine 2.00x,16800,669,-2670.14,0.936172,-2894.15,-3272.068311,862.6196459,97779.66625
fine_200,Fine 2.00x,16800,670,-2670.09,0.934359,-2894.1,-3272.00484,862.7046562,97779.7275
fine_200,Fine 2.00x,16800,671,-2670.04,0.932982,-2894.05,-3271.941903,862.7998659,97779.78875
fine_200,Fine 2.00x,16800,672,-2669.99,0.93244,-2894,-3271.879989,862.9047846,97779.85
fine_200,Fine 2.00x,16800,673,-2669.94,0.932669,-2893.95,-3271.81902,863.0087685,97779.91125
fine_200,Fine 2.00x,16800,674,-2669.89,0.933803,-2893.9,-3271.759159,863.122374,97779.9725
fine_200,Fine 2.00x,16800,675,-2669.84,0.935544,-2893.85,-3271.700041,863.2459645,97780.03375
fine_200,Fine 2.00x,16800,676,-2669.79,0.937926,-2893.8,-3271.641709,863.3794973,97780.095
fine_200,Fine 2.00x,16800,677,-2669.74,0.9409,-2893.75,-3271.584102,863.5123106,97780.15625
fine_200,Fine 2.00x,16800,678,-2669.7,0.944394,-2893.71,-3271.539383,863.6322412,97780.20525
fine_200,Fine 2.00x,16800,679,-2669.65,0.948191,-2893.66,-3271.482784,863.7747757,97780.2665
fine_200,Fine 2.00x,16800,680,-2669.61,0.952507,-2893.62,-3271.439071,863.9151473,97780.3155
fine_200,Fine 2.00x,16800,681,-2669.57,0.957301,-2893.58,-3271.395944,864.0549356,97780.3645
fine_200,Fine 2.00x,16800,682,-2669.53,0.962491,-2893.54,-3271.353301,864.1942396,97780.4135
fine_200,Fine 2.00x,16800,683,-2669.49,0.967966,-2893.5,-3271.311008,864.3331949,97780.4625
fine_200,Fine 2.00x,16800,684,-2669.46,0.973671,-2893.46,-3271.281247,864.4703382,97780.5115
fine_200,Fine 2.00x,16800,685,-2669.42,0.979591,-2893.43,-3271.239499,864.6194673,97780.54825
fine_200,Fine 2.00x,16800,686,-2669.39,0.985718,-2893.39,-3271.210255,864.7560909,97780.59725
fine_200,Fine 2.00x,16800,687,-2669.35,0.992042,-2893.36,-3271.169001,864.904721,97780.634
fine_200,Fine 2.00x,16800,688,-2669.32,0.998545,-2893.33,-3271.140218,865.0515983,97780.67075
fine_200,Fine 2.00x,16800,689,-2669.29,1.0052,-2893.3,-3271.11162,865.1875665,97780.7075
fine_200,Fine 2.00x,16800,690,-2669.26,1.01198,-2893.27,-3271.083176,865.323378,97780.74425
fine_200,Fine 2.00x,16800,691,-2669.24,1.01886,-2893.25,-3271.067104,865.4575318,97780.76875
fine_200,Fine 2.00x,16800,692,-2669.21,1.0258,-2893.22,-3271.038855,865.5931383,97780.8055
fine_200,Fine 2.00x,16800,693,-2669.19,1.03277,-2893.2,-3271.022893,865.7164527,97780.83
fine_200,Fine 2.00x,16800,694,-2669.17,1.03976,-2893.18,-3271.006956,865.8397377,97780.8545
fine_200,Fine 2.00x,16800,695,-2669.15,1.04673,-2893.16,-3270.990994,865.9630412,97780.879
fine_200,Fine 2.00x,16800,696,-2669.13,1.05367,-2893.14,-3270.974996,866.0863759,97780.9035
fine_200,Fine 2.00x,16800,697,-2669.11,1.06054,-2893.12,-3270.958912,866.2097901,97780.928
fine_200,Fine 2.00x,16800,698,-2669.1,1.06734,-2893.11,-3270.954992,866.3103156,97780.94025
fine_200,Fine 2.00x,16800,699,-2669.09,1.07405,-2893.09,-3270.950961,866.4109447,97780.96475
fine_200,Fine 2.00x,16800,700,-2669.07,1.08065,-2893.08,-3270.934546,866.5239522,97780.977
fine_200,Fine 2.00x,16800,701,-2669.06,1.08712,-2893.07,-3270.930222,866.6248627,97780.98925
fine_200,Fine 2.00x,16800,702,-2669.05,1.09345,-2893.06,-3270.925726,866.7259378,97781.0015
fine_200,Fine 2.00x,16800,703,-2669.04,1.09964,-2893.05,-3270.921059,866.8164597,97781.01375
fine_200,Fine 2.00x,16800,704,-2669.04,1.10566,-2893.04,-3270.928434,866.8949332,97781.026
fine_200,Fine 2.00x,16800,705,-2669.03,1.11151,-2893.04,-3270.92335,866.9751408,97781.026
fine_200,Fine 2.00x,16800,706,-2669.02,1.11718,-2893.03,-3270.918046,867.0662802,97781.03825
fine_200,Fine 2.00x,16800,707,-2669.02,1.12266,-2893.03,-3270.924759,867.1346777,97781.03825
fine_200,Fine 2.00x,16800,708,-2669.02,1.12793,-2893.03,-3270.931214,867.2033263,97781.03825
fine_200,Fine 2.00x,16800,709,-2669.02,1.13298,-2893.02,-3270.9374,867.2615205,97781.0505
fine_200,Fine 2.00x,16800,710,-2669.02,1.13778,-2893.02,-3270.943281,867.320015,97781.0505
fine_200,Fine 2.00x,16800,711,-2669.02,1.14237,-2893.02,-3270.948903,867.3787606,97781.0505
fine_200,Fine 2.00x,16800,712,-2669.02,1.14675,-2893.03,-3270.954269,867.4377572,97781.03825
fine_200,Fine 2.00x,16800,713,-2669.02,1.15092,-2893.03,-3270.959377,867.4862882,97781.03825
fine_200,Fine 2.00x,16800,714,-2669.02,1.15485,-2893.03,-3270.964191,867.5351072,97781.03825
fine_200,Fine 2.00x,16800,715,-2669.02,1.15855,-2893.03,-3270.968724,867.5734858,97781.03825
fine_200,Fine 2.00x,16800,716,-2669.03,1.16202,-2893.03,-3270.985225,867.5998905,97781.03825
fine_200,Fine 2.00x,16800,717,-2669.03,1.16521,-2893.04,-3270.989132,867.6388833,97781.026
fine_200,Fine 2.00x,16800,718,-2669.03,1.16818,-2893.04,-3270.992771,867.6781407,97781.026
fine_200,Fine 2.00x,16800,719,-2669.04,1.17095,-2893.05,-3271.008414,867.6946715,97781.01375
fine_200,Fine 2.00x,16800,720,-2669.05,1.17347,-2893.05,-3271.023751,867.7115038,97781.01375
fine_200,Fine 2.00x,16800,721,-2669.05,1.17577,-2893.06,-3271.026568,867.7408511,97781.0015
fine_200,Fine 2.00x,16800,722,-2669.06,1.17786,-2893.07,-3271.041379,867.7474846,97780.98925
fine_200,Fine 2.00x,16800,723,-2669.07,1.17974,-2893.07,-3271.055932,867.7650885,97780.98925
fine_200,Fine 2.00x,16800,724,-2669.07,1.18144,-2893.08,-3271.058014,867.7844422,97780.977
fine_200,Fine 2.00x,16800,725,-2669.08,1.18295,-2893.09,-3271.072114,867.7810579,97780.96475
fine_200,Fine 2.00x,16800,726,-2669.09,1.1843,-2893.09,-3271.086018,867.7885836,97780.96475
fine_200,Fine 2.00x,16800,727,-2669.09,1.18531,-2893.1,-3271.087255,867.7980557,97780.9525
fine_200,Fine 2.00x,16800,728,-2669.1,1.1861,-2893.11,-3271.100472,867.7955443,97780.94025
fine_200,Fine 2.00x,16800,729,-2669.11,1.18673,-2893.12,-3271.113494,867.7932261,97780.928
fine_200,Fine 2.00x,16800,730,-2669.12,1.18725,-2893.13,-3271.126381,867.7803236,97780.91575
fine_200,Fine 2.00x,16800,731,-2669.12,1.18763,-2893.13,-3271.126847,867.7905566,97780.91575
fine_200,Fine 2.00x,16800,732,-2669.13,1.18789,-2893.14,-3271.139415,867.7779679,97780.9035
fine_200,Fine 2.00x,16800,733,-2669.14,1.18826,-2893.15,-3271.152119,867.7652424,97780.89125
fine_200,Fine 2.00x,16800,734,-2669.14,1.18816,-2893.15,-3271.151996,867.765341,97780.89125
fine_200,Fine 2.00x,16800,735,-2669.15,1.18789,-2893.16,-3271.163915,867.7426794,97780.879
fine_200,Fine 2.00x,16800,736,-2669.16,1.18756,-2893.17,-3271.175761,867.7308067,97780.86675
fine_200,Fine 2.00x,16800,737,-2669.17,1.18701,-2893.18,-3271.187337,867.7084854,97780.8545
fine_200,Fine 2.00x,16800,738,-2669.17,1.18634,-2893.18,-3271.186517,867.7092768,97780.8545
fine_200,Fine 2.00x,16800,739,-2669.18,1.18561,-2893.19,-3271.197872,867.6871743,97780.84225
fine_200,Fine 2.00x,16800,740,-2669.19,1.18483,-2893.2,-3271.209167,867.665132,97780.83
fine_200,Fine 2.00x,16800,741,-2669.19,1.18399,-2893.2,-3271.208138,867.6554128,97780.83
fine_200,Fine 2.00x,16800,742,-2669.2,1.18308,-2893.21,-3271.219273,867.6335291,97780.81775
fine_200,Fine 2.00x,16800,743,-2669.2,1.18209,-2893.21,-3271.21806,867.6239926,97780.81775
fine_200,Fine 2.00x,16800,744,-2669.21,1.18104,-2893.22,-3271.229024,867.60228,97780.8055
fine_200,Fine 2.00x,16800,745,-2669.21,1.17993,-2893.22,-3271.227664,867.5821736,97780.8055
fine_200,Fine 2.00x,16800,746,-2669.22,1.17877,-2893.23,-3271.238493,867.5605957,97780.79325
fine_200,Fine 2.00x,16800,747,-2669.22,1.17756,-2893.23,-3271.237011,867.5513293,97780.79325
fine_200,Fine 2.00x,16800,748,-2669.23,1.17633,-2893.24,-3271.247754,867.5191205,97780.781
fine_200,Fine 2.00x,16800,749,-2669.23,1.17507,-2893.24,-3271.246211,867.509916,97780.781
fine_200,Fine 2.00x,16800,750,-2669.24,1.1738,-2893.24,-3271.256905,867.488474,97780.781
fine_200,Fine 2.00x,16800,751,-2669.24,1.1725,-2893.25,-3271.255312,867.4686029,97780.76875
fine_200,Fine 2.00x,16800,752,-2669.24,1.1712,-2893.25,-3271.25372,867.459449,97780.76875
fine_200,Fine 2.00x,16800,753,-2669.24,1.16989,-2893.25,-3271.252115,867.4395914,97780.76875
fine_200,Fine 2.00x,16800,754,-2669.25,1.16857,-2893.26,-3271.262748,867.4182136,97780.7565
fine_200,Fine 2.00x,16800,755,-2669.25,1.16727,-2893.26,-3271.261156,867.398345,97780.7565
fine_200,Fine 2.00x,16800,756,-2669.25,1.16597,-2893.26,-3271.259563,867.3891947,97780.7565
fine_200,Fine 2.00x,16800,757,-2669.25,1.16469,-2893.26,-3271.257995,867.3800206,97780.7565
fine_200,Fine 2.00x,16800,758,-2669.25,1.16343,-2893.26,-3271.256452,867.3601063,97780.7565
fine_200,Fine 2.00x,16800,759,-2669.26,1.1622,-2893.26,-3271.267195,867.3386229,97780.7565
fine_200,Fine 2.00x,16800,760,-2669.26,1.16099,-2893.27,-3271.265713,867.3293664,97780.74425
fine_200,Fine 2.00x,16800,761,-2669.26,1.15981,-2893.27,-3271.264267,867.3200744,97780.74425
fine_200,Fine 2.00x,16800,762,-2669.26,1.15866,-2893.27,-3271.262859,867.3000293,97780.74425
fine_200,Fine 2.00x,16800,763,-2669.26,1.15755,-2893.27,-3271.261499,867.2906536,97780.74425
fine_200,Fine 2.00x,16800,764,-2669.26,1.15647,-2893.27,-3271.260176,867.2812421,97780.74425
fine_200,Fine 2.00x,16800,765,-2669.26,1.15543,-2893.27,-3271.258902,867.271783,97780.74425
fine_200,Fine 2.00x,16800,766,-2669.26,1.15443,-2893.27,-3271.257677,867.2622759,97780.74425
fine_200,Fine 2.00x,16800,767,-2669.26,1.15349,-2893.27,-3271.256525,867.2526966,97780.74425
fine_200,Fine 2.00x,16800,768,-2669.26,1.1526,-2893.26,-3271.255435,867.2430568,97780.7565
fine_200,Fine 2.00x,16800,769,-2669.26,1.15176,-2893.26,-3271.254406,867.2440742,97780.7565
fine_200,Fine 2.00x,16800,770,-2669.25,1.15097,-2893.26,-3271.241188,867.2465646,97780.7565
fine_200,Fine 2.00x,16800,771,-2669.25,1.15022,-2893.26,-3271.24027,867.2367566,97780.7565
fine_200,Fine 2.00x,16800,772,-2669.25,1.14951,-2893.26,-3271.2394,867.2376182,97780.7565
fine_200,Fine 2.00x,16800,773,-2669.25,1.14885,-2893.26,-3271.238591,867.227702,97780.7565
fine_200,Fine 2.00x,16800,774,-2669.25,1.14822,-2893.26,-3271.23782,867.2177504,97780.7565
fine_200,Fine 2.00x,16800,775,-2669.25,1.14764,-2893.26,-3271.237109,867.2184555,97780.7565
fine_200,Fine 2.00x,16800,776,-2669.25,1.14711,-2893.26,-3271.23646,867.2083831,97780.7565
fine_200,Fine 2.00x,16800,777,-2669.24,1.14662,-2893.25,-3271.223609,867.2212299,97780.76875
fine_200,Fine 2.00x,16800,778,-2669.24,1.14617,-2893.25,-3271.223058,867.2217788,97780.76875
fine_200,Fine 2.00x,16800,779,-2669.24,1.14576,-2893.25,-3271.222556,867.2115621,97780.76875
fine_200,Fine 2.00x,16800,780,-2669.24,1.14537,-2893.25,-3271.222078,867.2120388,97780.76875
fine_200,Fine 2.00x,16800,781,-2669.24,1.14501,-2893.25,-3271.221637,867.2124795,97780.76875
fine_200,Fine 2.00x,16800,782,-2669.24,1.14471,-2893.24,-3271.22127,867.2128477,97780.781
fine_200,Fine 2.00x,16800,783,-2669.23,1.14451,-2893.24,-3271.208775,867.2253437,97780.781
fine_200,Fine 2.00x,16800,784,-2669.23,1.14436,-2893.24,-3271.208591,867.2255288,97780.781
fine_200,Fine 2.00x,16800,785,-2669.23,1.14423,-2893.24,-3271.208432,867.2256904,97780.781
fine_200,Fine 2.00x,16800,786,-2669.23,1.14413,-2893.24,-3271.208309,867.2258157,97780.781
fine_200,Fine 2.00x,16800,787,-2669.23,1.14405,-2893.23,-3271.208211,867.2259171,97780.79325
fine_200,Fine 2.00x,16800,788,-2669.22,1.14398,-2893.23,-3271.195875,867.2382569,97780.79325
fine_200,Fine 2.00x,16800,789,-2669.22,1.14393,-2893.23,-3271.195814,867.2383222,97780.79325
fine_200,Fine 2.00x,16800,790,-2669.22,1.1439,-2893.23,-3271.195778,867.2383638,97780.79325
fine_200,Fine 2.00x,16800,791,-2669.22,1.14391,-2893.23,-3271.19579,867.2383566,97780.79325
fine_200,Fine 2.00x,16800,792,-2669.22,1.14395,-2893.22,-3271.195839,867.2490303,97780.8055
fine_200,Fine 2.00x,16800,793,-2669.21,1.14401,-2893.22,-3271.183662,867.2612126,97780.8055
fine_200,Fine 2.00x,16800,794,-2669.21,1.1441,-2893.22,-3271.183773,867.2611081,97780.8055
fine_200,Fine 2.00x,16800,795,-2669.21,1.14422,-2893.22,-3271.18392,867.2609676,97780.8055
fine_200,Fine 2.00x,16800,796,-2669.21,1.14438,-2893.22,-3271.184116,867.2714953,97780.8055
fine_200,Fine 2.00x,16800,797,-2669.21,1.14456,-2893.22,-3271.184336,867.2712812,97780.8055
fine_200,Fine 2.00x,16800,798,-2669.21,1.14476,-2893.21,-3271.184581,867.2710427,97780.81775
fine_200,Fine 2.00x,16800,799,-2669.2,1.14497,-2893.21,-3271.172588,867.2937595,97780.81775
fine_200,Fine 2.00x,16800,800,-2669.2,1.14518,-2893.21,-3271.172845,867.293509,97780.81775
fine_200,Fine 2.00x,16800,801,-2669.2,1.1454,-2893.21,-3271.173115,867.2932463,97780.81775
fine_200,Fine 2.00x,16800,802,-2669.2,1.14564,-2893.21,-3271.173409,867.3036763,97780.81775
fine_200,Fine 2.00x,16800,803,-2669.2,1.14588,-2893.21,-3271.173703,867.3033895,97780.81775
fine_200,Fine 2.00x,16800,804,-2669.2,1.14614,-2893.21,-3271.174021,867.313795,97780.81775
fine_200,Fine 2.00x,16800,805,-2669.2,1.14641,-2893.2,-3271.174352,867.3134707,97780.83
fine_200,Fine 2.00x,16800,806,-2669.19,1.14669,-2893.2,-3271.162445,867.3253845,97780.83
fine_200,Fine 2.00x,16800,807,-2669.19,1.14697,-2893.2,-3271.162788,867.3357651,97780.83
fine_200,Fine 2.00x,16800,808,-2669.19,1.14725,-2893.2,-3271.163131,867.3354286,97780.83
fine_200,Fine 2.00x,16800,809,-2669.19,1.14752,-2893.2,-3271.163462,867.3458214,97780.83
fine_200,Fine 2.00x,16800,810,-2669.19,1.1478,-2893.2,-3271.163805,867.3454846,97780.83
fine_200,Fine 2.00x,16800,811,-2669.19,1.14807,-2893.2,-3271.164136,867.3451596,97780.83
fine_200,Fine 2.00x,16800,812,-2669.19,1.14834,-2893.2,-3271.164467,867.3555521,97780.83
fine_200,Fine 2.00x,16800,813,-2669.19,1.14861,-2893.2,-3271.164797,867.3552268,97780.83
fine_200,Fine 2.00x,16800,814,-2669.19,1.14888,-2893.2,-3271.165128,867.3656186,97780.83
fine_200,Fine 2.00x,16800,815,-2669.19,1.14915,-2893.2,-3271.165459,867.3652933,97780.83
fine_200,Fine 2.00x,16800,816,-2669.19,1.14942,-2893.2,-3271.16579,867.3649677,97780.83
fine_200,Fine 2.00x,16800,817,-2669.19,1.14968,-2893.19,-3271.166108,867.3753711,97780.84225
fine_200,Fine 2.00x,16800,818,-2669.19,1.14994,-2893.19,-3271.166426,867.3750573,97780.84225
fine_200,Fine 2.00x,16800,819,-2669.19,1.15019,-2893.19,-3271.166733,867.3747555,97780.84225
fine_200,Fine 2.00x,16800,820,-2669.18,1.15043,-2893.19,-3271.154777,867.3974327,97780.84225
fine_200,Fine 2.00x,16800,821,-2669.18,1.15065,-2893.19,-3271.155046,867.3971672,97780.84225
fine_200,Fine 2.00x,16800,822,-2669.18,1.1509,-2893.19,-3271.155352,867.3968647,97780.84225
fine_200,Fine 2.00x,16800,823,-2669.18,1.15115,-2893.19,-3271.155659,867.407279,97780.84225
fine_200,Fine 2.00x,16800,824,-2669.18,1.15138,-2893.19,-3271.15594,867.4070006,97780.84225
fine_200,Fine 2.00x,16800,825,-2669.18,1.15159,-2893.19,-3271.156198,867.4067464,97780.84225
fine_200,Fine 2.00x,16800,826,-2669.18,1.15177,-2893.19,-3271.156418,867.4065287,97780.84225
fine_200,Fine 2.00x,16800,827,-2669.18,1.15194,-2893.19,-3271.156627,867.4170402,97780.84225
fine_200,Fine 2.00x,16800,828,-2669.18,1.1521,-2893.19,-3271.156822,867.4168466,97780.84225
fine_200,Fine 2.00x,16800,829,-2669.18,1.15226,-2893.19,-3271.157019,867.4166526,97780.84225
fine_200,Fine 2.00x,16800,830,-2669.18,1.15242,-2893.19,-3271.157215,867.4164587,97780.84225
fine_200,Fine 2.00x,16800,831,-2669.18,1.15257,-2893.19,-3271.157398,867.416277,97780.84225
fine_200,Fine 2.00x,16800,832,-2669.18,1.15271,-2893.19,-3271.15757,867.4268239,97780.84225
fine_200,Fine 2.00x,16800,833,-2669.18,1.15284,-2893.19,-3271.157729,867.4266663,97780.84225
fine_200,Fine 2.00x,16800,834,-2669.19,1.15294,-2893.19,-3271.170102,867.4142949,97780.84225
fine_200,Fine 2.00x,16800,835,-2669.19,1.15303,-2893.19,-3271.170212,867.414186,97780.84225
fine_200,Fine 2.00x,16800,836,-2669.19,1.15307,-2893.19,-3271.170261,867.4141376,97780.84225
fine_200,Fine 2.00x,16800,837,-2669.19,1.1531,-2893.19,-3271.170298,867.4141016,97780.84225
fine_200,Fine 2.00x,16800,838,-2669.19,1.15315,-2893.19,-3271.170359,867.414041,97780.84225
fine_200,Fine 2.00x,16800,839,-2669.19,1.15323,-2893.19,-3271.170457,867.4139433,97780.84225
fine_200,Fine 2.00x,16800,840,-2669.19,1.15334,-2893.19,-3271.170592,867.424526,97780.84225
fine_200,Fine 2.00x,16800,841,-2669.19,1.15347,-2893.19,-3271.170751,867.4243667,97780.84225
fine_200,Fine 2.00x,16800,842,-2669.19,1.1536,-2893.19,-3271.17091,867.4242078,97780.84225
fine_200,Fine 2.00x,16800,843,-2669.19,1.15367,-2893.19,-3271.170996,867.4241217,97780.84225
fine_200,Fine 2.00x,16800,844,-2669.19,1.15367,-2893.2,-3271.170996,867.4241217,97780.83
fine_200,Fine 2.00x,16800,845,-2669.19,1.15367,-2893.2,-3271.170996,867.4241214,97780.83
fine_200,Fine 2.00x,16800,846,-2669.19,1.15367,-2893.2,-3271.170996,867.4241211,97780.83
fine_200,Fine 2.00x,16800,847,-2669.19,1.15369,-2893.2,-3271.17102,867.4240962,97780.83
fine_200,Fine 2.00x,16800,848,-2669.19,1.15369,-2893.2,-3271.17102,867.4240959,97780.83
fine_200,Fine 2.00x,16800,849,-2669.19,1.15375,-2893.2,-3271.171094,867.4240217,97780.83
fine_200,Fine 2.00x,16800,850,-2669.19,1.1538,-2893.2,-3271.171155,867.4239598,97780.83
fine_200,Fine 2.00x,16800,851,-2669.19,1.15384,-2893.2,-3271.171204,867.4239101,97780.83
fine_200,Fine 2.00x,16800,852,-2669.19,1.15383,-2893.2,-3271.171192,867.4239217,97780.83
fine_200,Fine 2.00x,16800,853,-2669.19,1.15383,-2893.2,-3271.171192,867.423921,97780.83
fine_200,Fine 2.00x,16800,854,-2669.19,1.15379,-2893.2,-3271.171143,867.4239693,97780.83
fine_200,Fine 2.00x,16800,855,-2669.19,1.15379,-2893.2,-3271.171143,867.4239683,97780.83
fine_200,Fine 2.00x,16800,856,-2669.19,1.15376,-2893.2,-3271.171106,867.4240044,97780.83
fine_200,Fine 2.00x,16800,857,-2669.19,1.15372,-2893.2,-3271.171057,867.4240523,97780.83
fine_200,Fine 2.00x,16800,858,-2669.19,1.15372,-2893.2,-3271.171057,867.4240513,97780.83
fine_200,Fine 2.00x,16800,859,-2669.19,1.1537,-2893.2,-3271.171032,867.4240748,97780.83
fine_200,Fine 2.00x,16800,860,-2669.19,1.1537,-2893.2,-3271.171032,867.4240738,97780.83
fine_200,Fine 2.00x,16800,861,-2669.19,1.15367,-2893.2,-3271.170996,867.4241095,97780.83
fine_200,Fine 2.00x,16800,862,-2669.19,1.15367,-2893.2,-3271.170996,867.4241088,97780.83
fine_200,Fine 2.00x,16800,863,-2669.19,1.15362,-2893.2,-3271.170935,867.4241691,97780.83
fine_200,Fine 2.00x,16800,864,-2669.19,1.15362,-2893.2,-3271.170935,867.4241681,97780.83
fine_200,Fine 2.00x,16800,865,-2669.19,1.15354,-2893.2,-3271.170836,867.424265,97780.83
fine_200,Fine 2.00x,16800,866,-2669.19,1.15354,-2893.2,-3271.170836,867.4135469,97780.83
fine_200,Fine 2.00x,16800,867,-2669.19,1.15345,-2893.2,-3271.170726,867.4136562,97780.83
fine_200,Fine 2.00x,16800,868,-2669.19,1.15345,-2893.2,-3271.170726,867.4136552,97780.83
fine_200,Fine 2.00x,16800,869,-2669.19,1.15345,-2893.2,-3271.170726,867.4136541,97780.83
fine_200,Fine 2.00x,16800,870,-2669.19,1.15333,-2893.2,-3271.170579,867.4138001,97780.83
fine_200,Fine 2.00x,16800,871,-2669.19,1.15333,-2893.2,-3271.170579,867.4137991,97780.83
fine_200,Fine 2.00x,16800,872,-2669.19,1.15322,-2893.2,-3271.170445,867.4139328,97780.83
fine_200,Fine 2.00x,16800,873,-2669.19,1.15322,-2893.2,-3271.170445,867.4139322,97780.83
fine_200,Fine 2.00x,16800,874,-2669.19,1.15322,-2893.2,-3271.170445,867.4139311,97780.83
fine_200,Fine 2.00x,16800,875,-2669.19,1.15311,-2893.2,-3271.17031,867.4140649,97780.83
fine_200,Fine 2.00x,16800,876,-2669.19,1.15311,-2893.2,-3271.17031,867.4140642,97780.83
fine_200,Fine 2.00x,16800,877,-2669.19,1.15302,-2893.2,-3271.1702,867.4141734,97780.83
