time,field,initial_residual,final_residual,linear_iterations
1,Ux,1,0.0375854,6
1,Uy,1,0.0510584,5
1,p,1,0.00750935,9
1,omega,0.126828,0.00661177,1
1,k,1,0.0146054,2
2,Ux,0.233463,0.00143139,2
2,Uy,0.292066,0.0183489,1
2,p,0.201025,0.00171402,8
2,omega,0.158952,0.0116662,1
2,k,0.476754,0.00873403,2
3,Ux,0.356869,0.0111704,2
3,Uy,0.317321,0.00929957,2
3,p,0.113464,0.000907577,7
3,omega,0.130365,0.0113418,1
3,k,0.422137,0.00695969,2
4,Ux,0.373835,0.00775944,2
4,Uy,0.257465,0.0071003,2
4,p,0.125418,0.000720491,12
4,omega,0.127659,0.0117996,1
4,k,0.316187,0.00544905,2
5,Ux,0.2309,0.00705595,2
5,Uy,0.187824,0.00526099,2
5,p,0.252642,0.00187278,10
5,omega,0.130765,0.0021561,2
5,k,0.284464,0.00596241,2
6,Ux,0.159591,0.00507119,2
6,Uy,0.151576,0.0050476,2
6,p,0.379665,0.00371759,8
6,omega,0.129048,0.0109138,1
6,k,0.282901,0.00359885,2
7,Ux,0.144111,0.00302481,2
7,Uy,0.163892,0.00455073,2
7,p,0.285317,0.00135095,8
7,omega,0.120149,0.00572737,1
7,k,0.291638,0.0235782,1
8,Ux,0.186012,0.0184753,1
8,Uy,0.206401,0.0034943,2
8,p,0.263999,0.00188639,6
8,omega,0.126696,0.00763079,1
8,k,0.252812,0.0217565,1
9,Ux,0.188316,0.00292463,2
9,Uy,0.205091,0.00391619,2
9,p,0.283442,0.00256155,6
9,omega,0.113613,0.00617227,1
9,k,0.204949,0.0156218,1
10,Ux,0.179086,0.00340594,2
10,Uy,0.211816,0.00421903,2
10,p,0.291537,0.00248605,7
10,omega,0.0947344,0.00591721,1
10,k,0.156786,0.0121247,1
11,Ux,0.17202,0.00351671,2
11,Uy,0.205475,0.00479151,2
11,p,0.356283,0.00295303,7
11,omega,0.0699641,0.00531594,1
11,k,0.128622,0.0108562,1
12,Ux,0.144415,0.00303252,2
12,Uy,0.195955,0.0055635,2
12,p,0.244294,0.001345,8
12,omega,0.0678985,0.00515992,1
12,k,0.121354,0.0110357,1
13,Ux,0.121818,0.00256246,2
13,Uy,0.164212,0.00441864,2
13,p,0.221193,0.00175294,8
13,omega,0.059863,0.00421503,1
13,k,0.116771,0.01088,1
14,Ux,0.108769,0.00223081,2
14,Uy,0.1321,0.00324311,2
14,p,0.211371,0.00129627,7
14,omega,0.0414607,0.00361198,1
14,k,0.0854176,0.00111866,2
15,Ux,0.0942235,0.00256221,2
15,Uy,0.109724,0.0029168,2
15,p,0.223573,0.00201667,6
15,omega,0.0376427,0.00362776,1
15,k,0.0711479,0.0010713,2
16,Ux,0.0791456,0.00245743,2
16,Uy,0.0918417,0.00264255,2
16,p,0.257067,0.0017609,8
16,omega,0.0364955,0.000619322,2
16,k,0.0588349,0.00100887,2
17,Ux,0.0683345,0.00232244,2
17,Uy,0.0826721,0.00247985,2
17,p,0.276239,0.00227344,7
17,omega,0.0348003,0.000690083,2
17,k,0.0571842,0.00110155,2
18,Ux,0.0638782,0.00218257,2
18,Uy,0.0792729,0.00244379,2
18,p,0.215928,0.000836796,8
18,omega,0.0340808,0.000726331,2
18,k,0.0598493,0.00123506,2
19,Ux,0.0656955,0.00223418,2
19,Uy,0.0761901,0.00249112,2
19,p,0.198277,0.00115292,6
19,omega,0.0328063,0.000724191,2
19,k,0.0610132,0.00131994,2
20,Ux,0.0644582,0.00223513,2
20,Uy,0.0725705,0.00258277,2
20,p,0.200087,0.00102677,6
20,omega,0.0325146,0.000701447,2
20,k,0.0603085,0.00135317,2
21,Ux,0.0610813,0.00213743,2
21,Uy,0.0717418,0.00269711,2
21,p,0.228219,0.00206429,6
21,omega,0.0296711,0.000665246,2
21,k,0.0594105,0.00135905,2
22,Ux,0.0590242,0.00202001,2
22,Uy,0.0727648,0.00276265,2
22,p,0.27627,0.00184281,7
22,omega,0.0268685,0.000632976,2
22,k,0.0584233,0.00139074,2
23,Ux,0.0571435,0.00192955,2
23,Uy,0.0728998,0.00281776,2
23,p,0.321296,0.00203914,7
23,omega,0.0270251,0.000639055,2
23,k,0.0576338,0.00141494,2
24,Ux,0.0576334,0.00191091,2
24,Uy,0.0731257,0.00285978,2
24,p,0.279681,0.00150213,7
24,omega,0.0277393,0.000659831,2
24,k,0.0558112,0.00141361,2
25,Ux,0.0593129,0.00194253,2
25,Uy,0.0744652,0.00298886,2
25,p,0.262244,0.00216886,5
25,omega,0.0277985,0.000680369,2
25,k,0.0540133,0.00141523,2
26,Ux,0.0596428,0.0019679,2
26,Uy,0.0768691,0.0031735,2
26,p,0.260888,0.00160953,5
26,omega,0.0280003,0.000702539,2
26,k,0.0530071,0.00142976,2
27,Ux,0.0593327,0.00200953,2
27,Uy,0.0799666,0.00342992,2
27,p,0.259543,0.00242094,5
27,omega,0.0287446,0.000722359,2
27,k,0.0523616,0.00145333,2
28,Ux,0.0587449,0.00202739,2
28,Uy,0.0840813,0.00360957,2
28,p,0.278868,0.00141144,6
28,omega,0.0293474,0.000743605,2
28,k,0.0511443,0.00145423,2
29,Ux,0.0578626,0.00205182,2
29,Uy,0.0870091,0.0037992,2
29,p,0.29692,0.00157294,6
29,omega,0.0293309,0.000758233,2
29,k,0.0494998,0.00143432,2
30,Ux,0.0574428,0.00207737,2
30,Uy,0.0896403,0.00395943,2
30,p,0.313767,0.00139841,6
30,omega,0.0296641,0.000778289,2
30,k,0.0483614,0.00142668,2
31,Ux,0.0575258,0.00210206,2
31,Uy,0.0912125,0.00409289,2
31,p,0.319644,0.00258081,5
31,omega,0.0298139,0.000797382,2
31,k,0.0472809,0.00144216,2
32,Ux,0.0575774,0.00211806,2
32,Uy,0.0926608,0.00420013,2
32,p,0.312005,0.00187018,5
32,omega,0.0301684,0.00082359,2
32,k,0.0466992,0.00150122,2
33,Ux,0.0573616,0.002116,2
33,Uy,0.0930509,0.00422309,2
33,p,0.299855,0.00207644,5
33,omega,0.0300778,0.000851805,2
33,k,0.0466163,0.00157279,2
34,Ux,0.0566111,0.00210754,2
34,Uy,0.0927333,0.00425192,2
34,p,0.292055,0.00242856,5
34,omega,0.0297541,0.000879494,2
34,k,0.0465468,0.00164097,2
35,Ux,0.0554539,0.00208636,2
35,Uy,0.0926254,0.00425519,2
35,p,0.295271,0.00238714,5
35,omega,0.02933,0.000902855,2
35,k,0.0461148,0.00171364,2
36,Ux,0.053552,0.00205389,2
36,Uy,0.0924316,0.00426684,2
36,p,0.291397,0.00263424,5
36,omega,0.0286843,0.0009282,2
36,k,0.0455747,0.00177543,2
37,Ux,0.051333,0.00201316,2
37,Uy,0.0917948,0.00426595,2
37,p,0.277017,0.00213577,5
37,omega,0.0279805,0.000951232,2
37,k,0.0449422,0.00183421,2
38,Ux,0.0489248,0.00194525,2
38,Uy,0.0909067,0.00426476,2
38,p,0.26171,0.00171704,5
38,omega,0.027462,0.000978219,2
38,k,0.0442965,0.00189568,2
39,Ux,0.0464714,0.00187345,2
39,Uy,0.0897402,0.0042627,2
39,p,0.246356,0.0014094,5
39,omega,0.0270134,0.000994615,2
39,k,0.0437555,0.00193898,2
40,Ux,0.0436339,0.00179068,2
40,Uy,0.0877931,0.00423876,2
40,p,0.234226,0.00112195,5
40,omega,0.0262102,0.0010056,2
40,k,0.0431042,0.00197581,2
41,Ux,0.0413209,0.00172234,2
41,Uy,0.0862341,0.00421946,2
41,p,0.227281,0.0011745,5
41,omega,0.0254607,0.00100653,2
41,k,0.042458,0.00199201,2
42,Ux,0.0391834,0.00166879,2
42,Uy,0.0839313,0.00419616,2
42,p,0.228247,0.00127462,5
42,omega,0.0246415,0.0010058,2
42,k,0.0416705,0.00199466,2
43,Ux,0.0373082,0.00162297,2
43,Uy,0.0822706,0.00416887,2
43,p,0.229936,0.00156226,5
43,omega,0.0239064,0.000997007,2
43,k,0.0408154,0.0019849,2
44,Ux,0.0356193,0.0015754,2
44,Uy,0.080453,0.00411818,2
44,p,0.230068,0.00170203,5
44,omega,0.0231688,0.000984399,2
44,k,0.0399034,0.00196574,2
45,Ux,0.0339322,0.00152893,2
45,Uy,0.0788682,0.00407366,2
45,p,0.227782,0.00156974,5
45,omega,0.0224465,0.00096633,2
45,k,0.039036,0.00193854,2
46,Ux,0.0323971,0.00148266,2
46,Uy,0.0769229,0.00401702,2
46,p,0.225961,0.00126725,5
46,omega,0.0217576,0.000944932,2
46,k,0.0381083,0.00190537,2
47,Ux,0.0310788,0.00143996,2
47,Uy,0.0749898,0.003957,2
47,p,0.223369,0.00115862,5
47,omega,0.0211639,0.000923264,2
47,k,0.0371974,0.00186873,2
48,Ux,0.0298531,0.00140171,2
48,Uy,0.0730767,0.00389349,2
48,p,0.220223,0.00145968,5
48,omega,0.0206039,0.00089948,2
48,k,0.0362776,0.00182955,2
49,Ux,0.0286476,0.00136668,2
49,Uy,0.0711987,0.00382939,2
49,p,0.212918,0.000863511,6
49,omega,0.0200958,0.000876074,2
49,k,0.0353976,0.00179277,2
50,Ux,0.0276189,0.00133458,2
50,Uy,0.0692124,0.00375336,2
50,p,0.205132,0.0008013,6
50,omega,0.0195789,0.000852892,2
50,k,0.0345513,0.00175558,2
51,Ux,0.0266998,0.00130572,2
51,Uy,0.0672951,0.00368397,2
51,p,0.20004,0.000857311,6
51,omega,0.019134,0.000829466,2
51,k,0.0337606,0.00171918,2
52,Ux,0.0258584,0.00128027,2
52,Uy,0.0654225,0.00360932,2
52,p,0.195411,0.000973436,6
52,omega,0.0186895,0.000805999,2
52,k,0.0329711,0.00168276,2
53,Ux,0.0250476,0.00125395,2
53,Uy,0.0636837,0.00353809,2
53,p,0.190019,0.00178689,5
53,omega,0.0183396,0.000784731,2
53,k,0.032205,0.00164645,2
54,Ux,0.0243703,0.00123187,2
54,Uy,0.061986,0.00347104,2
54,p,0.186057,0.00156185,5
54,omega,0.0178711,0.000763232,2
54,k,0.0315151,0.00161142,2
55,Ux,0.0238596,0.00121295,2
55,Uy,0.0604538,0.00340438,2
55,p,0.183662,0.00148748,5
55,omega,0.0174904,0.000743748,2
55,k,0.0308387,0.00157579,2
56,Ux,0.0233612,0.00119619,2
56,Uy,0.058924,0.00334198,2
56,p,0.179309,0.00144435,5
56,omega,0.0173218,0.000726384,2
56,k,0.0301964,0.00154323,2
57,Ux,0.0229447,0.00118138,2
57,Uy,0.0575666,0.00328131,2
57,p,0.175168,0.00151626,5
57,omega,0.017024,0.000710526,2
57,k,0.0295905,0.00151127,2
58,Ux,0.0226045,0.00116838,2
58,Uy,0.056234,0.00322677,2
58,p,0.173103,0.00169919,5
58,omega,0.0166511,0.000694739,2
58,k,0.0290558,0.0014806,2
59,Ux,0.0223112,0.00115592,2
59,Uy,0.0550589,0.00317507,2
59,p,0.170387,0.000865645,6
59,omega,0.016583,0.00068102,2
59,k,0.0285363,0.00145179,2
60,Ux,0.0220351,0.00114652,2
60,Uy,0.0540089,0.00313001,2
60,p,0.168117,0.000864022,6
60,omega,0.0163892,0.00066826,2
60,k,0.0280029,0.00142329,2
61,Ux,0.0218105,0.00113712,2
61,Uy,0.0531065,0.00309325,2
61,p,0.167621,0.00161217,5
61,omega,0.0160266,0.000654282,2
61,k,0.0275404,0.00139657,2
62,Ux,0.0216162,0.00112906,2
62,Uy,0.0522949,0.00305996,2
62,p,0.165504,0.00148799,5
62,omega,0.0160272,0.000642359,2
62,k,0.0270713,0.00137084,2
63,Ux,0.0214697,0.00112162,2
63,Uy,0.0516675,0.00303126,2
63,p,0.163147,0.00139992,5
63,omega,0.0158863,0.000631662,2
63,k,0.0266052,0.00134595,2
64,Ux,0.0213369,0.0011157,2
64,Uy,0.0511289,0.00300562,2
64,p,0.162564,0.00140424,5
64,omega,0.0155316,0.000619788,2
64,k,0.0261789,0.00132229,2
65,Ux,0.0212189,0.00110886,2
65,Uy,0.050758,0.00298605,2
65,p,0.160231,0.00141077,5
65,omega,0.015645,0.00061059,2
65,k,0.0257611,0.00129952,2
66,Ux,0.021152,0.00110399,2
66,Uy,0.0504997,0.00296805,2
66,p,0.159138,0.00137662,5
66,omega,0.0154762,0.000601064,2
66,k,0.0253256,0.00127751,2
67,Ux,0.0210667,0.00109823,2
67,Uy,0.0503381,0.00295601,2
67,p,0.157651,0.00135432,5
67,omega,0.0152863,0.000590902,2
67,k,0.0249511,0.00125736,2
68,Ux,0.0210344,0.00109409,2
68,Uy,0.0502704,0.00294909,2
68,p,0.154403,0.00136824,5
68,omega,0.0153432,0.000584219,2
68,k,0.024559,0.00123736,2
69,Ux,0.0210004,0.00108963,2
69,Uy,0.0502873,0.00294435,2
69,p,0.15371,0.00146598,5
69,omega,0.0150236,0.000574152,2
69,k,0.0241639,0.00121878,2
70,Ux,0.0209701,0.00108621,2
70,Uy,0.050381,0.00294569,2
70,p,0.151119,0.000916048,6
70,omega,0.0151183,0.000567489,2
70,k,0.0238198,0.00120166,2
71,Ux,0.0209856,0.00108365,2
71,Uy,0.0505156,0.00295229,2
71,p,0.15033,0.000934946,6
71,omega,0.0149661,0.000560171,2
71,k,0.0234502,0.00118428,2
72,Ux,0.0209633,0.00108113,2
72,Uy,0.0507707,0.0029604,2
72,p,0.150351,0.000968047,6
72,omega,0.0147691,0.00055265,2
72,k,0.0231139,0.00116905,2
73,Ux,0.0209975,0.00107986,2
73,Uy,0.050998,0.00297248,2
73,p,0.148356,0.00103903,6
73,omega,0.0148641,0.000546844,2
73,k,0.0227929,0.0011539,2
74,Ux,0.021017,0.00107978,2
74,Uy,0.0512793,0.00298397,2
74,p,0.149321,0.00117483,6
74,omega,0.0146235,0.000540146,2
74,k,0.0224534,0.00114022,2
75,Ux,0.0210501,0.00107971,2
75,Uy,0.0515733,0.00299864,2
75,p,0.148327,0.00117078,6
75,omega,0.0146062,0.000534622,2
75,k,0.0221577,0.00112741,2
76,Ux,0.0211037,0.00108088,2
76,Uy,0.051844,0.00301221,2
76,p,0.147177,0.00103891,6
76,omega,0.0146072,0.000529904,2
76,k,0.0219025,0.001116,2
77,Ux,0.0211553,0.00108253,2
77,Uy,0.0521221,0.00302629,2
77,p,0.147357,0.000929587,6
77,omega,0.0143413,0.000523824,2
77,k,0.0216185,0.00110683,2
78,Ux,0.0212134,0.00108443,2
78,Uy,0.0524248,0.00304185,2
78,p,0.146054,0.000857146,6
78,omega,0.0144049,0.000519318,2
78,k,0.0214246,0.00109898,2
79,Ux,0.0212868,0.00108698,2
79,Uy,0.0526548,0.00305374,2
79,p,0.144674,0.000828329,6
79,omega,0.0143557,0.000514797,2
79,k,0.0212169,0.00109373,2
80,Ux,0.0213384,0.00109006,2
80,Uy,0.0529536,0.00306915,2
80,p,0.144648,0.000826987,6
80,omega,0.0141202,0.000509929,2
80,k,0.0210426,0.00109052,2
81,Ux,0.0214197,0.00109274,2
81,Uy,0.053133,0.00308087,2
81,p,0.143376,0.000818637,6
81,omega,0.0140923,0.000505226,2
81,k,0.0209475,0.001088,2
82,Ux,0.0214894,0.00109615,2
82,Uy,0.0534206,0.00309277,2
82,p,0.141677,0.000810286,6
82,omega,0.0140899,0.000500969,2
82,k,0.0208479,0.00108756,2
83,Ux,0.021559,0.0011,2
83,Uy,0.053529,0.00310341,2
83,p,0.141121,0.000851863,6
83,omega,0.0139149,0.000497187,2
83,k,0.0208079,0.0010899,2
84,Ux,0.021629,0.00110449,2
84,Uy,0.0537548,0.00311344,2
84,p,0.140203,0.000920246,6
84,omega,0.0137047,0.000492336,2
84,k,0.0207568,0.00109171,2
85,Ux,0.021709,0.00110882,2
85,Uy,0.0538486,0.00312158,2
85,p,0.138213,0.000921456,6
85,omega,0.0136972,0.000488045,2
85,k,0.020799,0.00109574,2
86,Ux,0.021784,0.00111398,2
86,Uy,0.0539697,0.0031287,2
86,p,0.135761,0.00088772,6
86,omega,0.0136131,0.000483384,2
86,k,0.0208309,0.00110097,2
87,Ux,0.0218652,0.00111949,2
87,Uy,0.0540426,0.00313519,2
87,p,0.134179,0.000862639,6
87,omega,0.0134387,0.000478719,2
87,k,0.0208422,0.00110503,2
88,Ux,0.0219433,0.00112597,2
88,Uy,0.0540429,0.00313997,2
88,p,0.132417,0.000852253,6
88,omega,0.0132044,0.000473844,2
88,k,0.0209123,0.00111091,2
89,Ux,0.0220413,0.00113157,2
89,Uy,0.0540858,0.00314366,2
89,p,0.130149,0.000856896,6
89,omega,0.0131283,0.000468766,2
89,k,0.0209604,0.00111563,2
90,Ux,0.0221209,0.00113804,2
90,Uy,0.0540173,0.0031478,2
90,p,0.127743,0.000846769,6
90,omega,0.0130156,0.00046373,2
90,k,0.0210144,0.00112075,2
91,Ux,0.0222112,0.00114494,2
91,Uy,0.0540633,0.0031511,2
91,p,0.126707,0.000833394,6
91,omega,0.0128311,0.000459121,2
91,k,0.0210719,0.0011261,2
92,Ux,0.022288,0.00115185,2
92,Uy,0.0539558,0.00315313,2
92,p,0.125544,0.000816762,6
92,omega,0.0125905,0.000453849,2
92,k,0.0211138,0.00113085,2
93,Ux,0.0223781,0.00115872,2
93,Uy,0.0539433,0.00315862,2
93,p,0.124261,0.000743213,6
93,omega,0.012503,0.000449195,2
93,k,0.0211662,0.00113486,2
94,Ux,0.0224581,0.00116626,2
94,Uy,0.0538788,0.00315992,2
94,p,0.122838,0.000688991,6
94,omega,0.0123954,0.000444331,2
94,k,0.0212076,0.00113936,2
95,Ux,0.0225285,0.00117343,2
95,Uy,0.0538352,0.00316718,2
95,p,0.122583,0.000724278,6
95,omega,0.0122255,0.000440144,2
95,k,0.0212179,0.00114266,2
96,Ux,0.0226101,0.00118121,2
96,Uy,0.0538246,0.00317276,2
96,p,0.122532,0.000814548,6
96,omega,0.0120403,0.00043561,2
96,k,0.0212654,0.00114588,2
97,Ux,0.0226847,0.00118875,2
97,Uy,0.0537435,0.00317932,2
97,p,0.121615,0.000927618,6
97,omega,0.0119541,0.00043163,2
97,k,0.0212683,0.00114872,2
98,Ux,0.0227607,0.00119657,2
98,Uy,0.0537777,0.00319011,2
98,p,0.121227,0.00097066,6
98,omega,0.0118388,0.000427457,2
98,k,0.0212698,0.00115113,2
99,Ux,0.0228254,0.00120452,2
99,Uy,0.0537525,0.00319726,2
99,p,0.121591,0.000931104,6
99,omega,0.0116601,0.000423864,2
99,k,0.021282,0.00115318,2
100,Ux,0.0228988,0.00121203,2
100,Uy,0.0537665,0.00320897,2
100,p,0.121365,0.000883575,6
100,omega,0.0115284,0.000420184,2
100,k,0.0212586,0.00115523,2
101,Ux,0.0229566,0.00121975,2
101,Uy,0.0537593,0.00322179,2
101,p,0.120877,0.000850708,6
101,omega,0.0114297,0.000416696,2
101,k,0.0212489,0.00115653,2
102,Ux,0.0229988,0.00122693,2
102,Uy,0.0538009,0.00323195,2
102,p,0.120811,0.000814704,6
102,omega,0.0113323,0.000413894,2
102,k,0.0212245,0.00115835,2
103,Ux,0.023052,0.00123385,2
103,Uy,0.0538195,0.0032464,2
103,p,0.121049,0.000798073,6
103,omega,0.0111598,0.000410713,2
103,k,0.021187,0.00115966,2
104,Ux,0.0230829,0.00124037,2
104,Uy,0.0538703,0.00325815,2
104,p,0.120506,0.000799688,6
104,omega,0.0110953,0.000408229,2
104,k,0.0211607,0.00116077,2
105,Ux,0.0230988,0.00124569,2
105,Uy,0.0539007,0.00327192,2
105,p,0.12012,0.000898856,6
105,omega,0.0110167,0.000405828,2
105,k,0.0211292,0.00116218,2
106,Ux,0.0231134,0.00125073,2
106,Uy,0.053942,0.00328591,2
106,p,0.120533,0.000993433,6
106,omega,0.0108792,0.000403791,2
106,k,0.0210898,0.00116339,2
107,Ux,0.0231076,0.00125516,2
107,Uy,0.0539669,0.00329872,2
107,p,0.120185,0.000965668,6
107,omega,0.0108175,0.000402028,2
107,k,0.0210506,0.00116424,2
108,Ux,0.0230972,0.00125855,2
108,Uy,0.0540075,0.00331221,2
108,p,0.11941,0.000915286,6
108,omega,0.0107267,0.000400059,2
108,k,0.021017,0.00116516,2
109,Ux,0.0230862,0.00126253,2
109,Uy,0.0540483,0.00332487,2
109,p,0.119718,0.000912595,6
109,omega,0.0106435,0.000398648,2
109,k,0.0209883,0.0011664,2
110,Ux,0.0230614,0.00126557,2
110,Uy,0.0540752,0.00333705,2
110,p,0.11882,0.000894713,6
110,omega,0.0105599,0.000396657,2
110,k,0.0209411,0.00116749,2
111,Ux,0.0230264,0.00126775,2
111,Uy,0.0540905,0.00334773,2
111,p,0.118323,0.000834799,6
111,omega,0.0104832,0.000395103,2
111,k,0.0209287,0.00116844,2
112,Ux,0.0229863,0.00127006,2
112,Uy,0.0541091,0.0033593,2
112,p,0.118407,0.000782626,6
112,omega,0.0104299,0.000393872,2
112,k,0.0208915,0.00116954,2
113,Ux,0.0229398,0.00127142,2
113,Uy,0.0541114,0.0033692,2
113,p,0.117645,0.000768724,6
113,omega,0.0103208,0.000392074,2
113,k,0.0208635,0.00117077,2
114,Ux,0.0228851,0.00127219,2
114,Uy,0.0541299,0.00337946,2
114,p,0.117661,0.000763107,6
114,omega,0.0102674,0.000390729,2
114,k,0.0208548,0.00117214,2
115,Ux,0.0228294,0.00127266,2
115,Uy,0.0541423,0.00338799,2
115,p,0.117637,0.000763009,6
115,omega,0.0101949,0.000389098,2
115,k,0.0208384,0.00117341,2
116,Ux,0.0227603,0.00127255,2
116,Uy,0.054157,0.00339697,2
116,p,0.117405,0.000735744,6
116,omega,0.010119,0.000387272,2
116,k,0.0208329,0.00117507,2
117,Ux,0.0226918,0.00127194,2
117,Uy,0.0541763,0.00340445,2
117,p,0.117684,0.000682346,6
117,omega,0.0100619,0.000385673,2
117,k,0.0208458,0.00117708,2
118,Ux,0.0226249,0.00127136,2
118,Uy,0.0542105,0.0034126,2
118,p,0.117316,0.00067882,6
118,omega,0.00998647,0.000383614,2
118,k,0.0208579,0.00117891,2
119,Ux,0.0225501,0.0012703,2
119,Uy,0.054215,0.00341924,2
119,p,0.116898,0.000730505,6
119,omega,0.0099277,0.000382067,2
119,k,0.0208746,0.00118083,2
120,Ux,0.0224889,0.00126934,2
120,Uy,0.0542602,0.00342538,2
120,p,0.116734,0.000824212,6
120,omega,0.00986463,0.00038004,2
120,k,0.0209054,0.00118323,2
121,Ux,0.0224178,0.00126785,2
121,Uy,0.0542524,0.00343131,2
121,p,0.115938,0.000935951,6
121,omega,0.00980889,0.000378195,2
121,k,0.0209282,0.00118524,2
122,Ux,0.022347,0.00126637,2
122,Uy,0.0542955,0.0034371,2
122,p,0.115336,0.001025,6
122,omega,0.0097418,0.000376284,2
122,k,0.0209723,0.00118752,2
123,Ux,0.0222817,0.0012644,2
123,Uy,0.0543065,0.0034419,2
123,p,0.114955,0.0010341,6
123,omega,0.00969969,0.000374124,2
123,k,0.0210114,0.00118997,2
124,Ux,0.022202,0.00126218,2
124,Uy,0.0543348,0.00344656,2
124,p,0.114096,0.00103459,6
124,omega,0.00963396,0.0003723,2
124,k,0.0210611,0.00119235,2
125,Ux,0.0221345,0.00125985,2
125,Uy,0.0543488,0.00345207,2
125,p,0.113768,0.00103225,6
125,omega,0.0095848,0.000370404,2
125,k,0.0211111,0.00119456,2
126,Ux,0.0220521,0.00125739,2
126,Uy,0.0544005,0.0034552,2
126,p,0.11321,0.000988994,6
126,omega,0.00955351,0.000368431,2
126,k,0.02117,0.00119717,2
127,Ux,0.0219833,0.00125455,2
127,Uy,0.0544069,0.00345962,2
127,p,0.112649,0.000952801,6
127,omega,0.00948633,0.000366485,2
127,k,0.0212306,0.00119923,2
128,Ux,0.0219186,0.00125192,2
128,Uy,0.0544417,0.00346406,2
128,p,0.112415,0.000892678,6
128,omega,0.00944717,0.000364277,2
128,k,0.0212839,0.00120148,2
129,Ux,0.0218462,0.00124953,2
129,Uy,0.0544689,0.00346659,2
129,p,0.112025,0.000834665,6
129,omega,0.00939899,0.00036221,2
129,k,0.0213415,0.00120363,2
130,Ux,0.0217813,0.00124687,2
130,Uy,0.0544964,0.00346962,2
130,p,0.111485,0.000830263,6
130,omega,0.0093421,0.000360174,2
130,k,0.0213965,0.00120543,2
131,Ux,0.021725,0.00124461,2
131,Uy,0.0545071,0.00347271,2
131,p,0.111376,0.00085901,6
131,omega,0.0092993,0.000357664,2
131,k,0.0214503,0.00120722,2
132,Ux,0.0216633,0.00124213,2
132,Uy,0.0545346,0.00347473,2
132,p,0.110942,0.0009188,6
132,omega,0.00923524,0.000355338,2
132,k,0.021499,0.00120885,2
133,Ux,0.021611,0.00123961,2
133,Uy,0.0545685,0.00347563,2
133,p,0.110672,0.000984132,6
133,omega,0.0091881,0.000352888,2
133,k,0.021545,0.00121028,2
134,Ux,0.0215664,0.00123761,2
134,Uy,0.0545607,0.00347811,2
134,p,0.110465,0.00097145,6
134,omega,0.00913789,0.0003504,2
134,k,0.0215836,0.0012115,2
135,Ux,0.0215133,0.00123519,2
135,Uy,0.0545915,0.00347903,2
135,p,0.10989,0.000857762,6
135,omega,0.00906912,0.000347622,2
135,k,0.0216242,0.00121259,2
136,Ux,0.0214785,0.00123352,2
136,Uy,0.0545859,0.00347736,2
136,p,0.10951,0.000774562,6
136,omega,0.00901909,0.000344849,2
136,k,0.02166,0.00121345,2
137,Ux,0.0214481,0.00123219,2
137,Uy,0.054579,0.00347954,2
137,p,0.10936,0.00078254,6
137,omega,0.00895743,0.00034211,2
137,k,0.0216865,0.00121416,2
138,Ux,0.0214185,0.00123087,2
138,Uy,0.054587,0.0034781,2
138,p,0.109023,0.000866541,6
138,omega,0.00888531,0.000339065,2
138,k,0.0217162,0.00121432,2
139,Ux,0.0213978,0.00122938,2
139,Uy,0.0545608,0.00347608,2
139,p,0.108825,0.00099715,6
139,omega,0.0088309,0.000335893,2
139,k,0.0217367,0.00121465,2
140,Ux,0.0213732,0.00122872,2
140,Uy,0.0545624,0.00347719,2
140,p,0.108706,0.00103609,6
140,omega,0.00875875,0.000332904,2
140,k,0.0217515,0.00121475,2
141,Ux,0.0213554,0.00122762,2
141,Uy,0.0545445,0.00347417,2
141,p,0.108692,0.00100396,6
141,omega,0.00868431,0.000329683,2
141,k,0.0217665,0.00121425,2
142,Ux,0.0213413,0.00122597,2
142,Uy,0.054524,0.00347311,2
142,p,0.108529,0.000921933,6
142,omega,0.00862809,0.000326278,2
142,k,0.0217732,0.00121402,2
143,Ux,0.0213217,0.0012253,2
143,Uy,0.0545239,0.00347204,2
143,p,0.108171,0.00085946,6
143,omega,0.0085488,0.000322865,2
143,k,0.0217772,0.00121346,2
144,Ux,0.021309,0.00122375,2
144,Uy,0.0545083,0.00347027,2
144,p,0.108017,0.000865363,6
144,omega,0.00846859,0.000319398,2
144,k,0.0217754,0.00121247,2
145,Ux,0.0212929,0.00122213,2
145,Uy,0.0545011,0.00346843,2
145,p,0.10752,0.000961663,6
145,omega,0.00840511,0.000315728,2
145,k,0.0217721,0.00121138,2
146,Ux,0.0212752,0.00122058,2
146,Uy,0.0544735,0.0034643,2
146,p,0.106877,0.000399528,7
146,omega,0.00832716,0.000311957,2
146,k,0.0217663,0.00120983,2
147,Ux,0.0212593,0.00121841,2
147,Uy,0.0544694,0.00346324,2
147,p,0.10648,0.000424165,7
147,omega,0.00824242,0.000308092,2
147,k,0.0217472,0.00120769,2
148,Ux,0.0212443,0.00121608,2
148,Uy,0.0544706,0.00345972,2
148,p,0.105897,0.000459991,7
148,omega,0.00816604,0.000304121,2
148,k,0.0217205,0.00120501,2
149,Ux,0.0212224,0.00121372,2
149,Uy,0.0544373,0.00345278,2
149,p,0.105384,0.000510116,7
149,omega,0.00807896,0.000299968,2
149,k,0.0216928,0.0012019,2
150,Ux,0.0211999,0.00121073,2
150,Uy,0.0543985,0.00344998,2
150,p,0.104971,0.000975716,6
150,omega,0.00798778,0.000295658,2
150,k,0.0216426,0.0011981,2
151,Ux,0.0211771,0.00120764,2
151,Uy,0.0543505,0.00344217,2
151,p,0.104322,0.000846901,6
151,omega,0.00790281,0.000291241,2
151,k,0.0215805,0.00119358,2
152,Ux,0.0211395,0.00120368,2
152,Uy,0.0542693,0.00343157,2
152,p,0.103728,0.000745005,6
152,omega,0.00779603,0.00028675,2
152,k,0.0215162,0.00118886,2
153,Ux,0.021092,0.00119908,2
153,Uy,0.0541562,0.00342419,2
153,p,0.103044,0.000697005,6
153,omega,0.00769246,0.000282298,2
153,k,0.0214363,0.00118362,2
154,Ux,0.0210415,0.00119453,2
154,Uy,0.0540614,0.00341427,2
154,p,0.102365,0.000649703,6
154,omega,0.00760481,0.000277694,2
154,k,0.0213426,0.00117773,2
155,Ux,0.0209737,0.00118892,2
155,Uy,0.0539482,0.00340353,2
155,p,0.101887,0.000604352,6
155,omega,0.00748792,0.000272982,2
155,k,0.0212469,0.00117186,2
156,Ux,0.0208864,0.00118301,2
156,Uy,0.0538002,0.00339412,2
156,p,0.101492,0.000601057,6
156,omega,0.00737339,0.000268332,2
156,k,0.0211468,0.00116558,2
157,Ux,0.0208051,0.00117741,2
157,Uy,0.0536959,0.00338483,2
157,p,0.10119,0.000647847,6
157,omega,0.00727502,0.000263689,2
157,k,0.0210328,0.00115904,2
158,Ux,0.0207067,0.00117108,2
158,Uy,0.0535881,0.00337591,2
158,p,0.101079,0.000774318,6
158,omega,0.00716099,0.000259054,2
158,k,0.0209158,0.0011526,2
159,Ux,0.0205952,0.00116454,2
159,Uy,0.0534393,0.00336727,2
159,p,0.100988,0.000940172,6
159,omega,0.00704203,0.000254478,2
159,k,0.0208002,0.00114616,2
160,Ux,0.0204932,0.00115819,2
160,Uy,0.0533187,0.00335742,2
160,p,0.100945,0.00100523,6
160,omega,0.00693221,0.000249965,2
160,k,0.0206789,0.00113947,2
161,Ux,0.0203784,0.00115154,2
161,Uy,0.0532104,0.00334863,2
161,p,0.100907,0.000963882,6
161,omega,0.00682217,0.00024551,2
161,k,0.0205602,0.00113301,2
162,Ux,0.0202629,0.00114466,2
162,Uy,0.0530743,0.00334094,2
162,p,0.100774,0.000856293,6
162,omega,0.00670286,0.000241044,2
162,k,0.0204426,0.00112668,2
163,Ux,0.0201481,0.00113781,2
163,Uy,0.0529558,0.00333181,2
163,p,0.100586,0.000751927,6
163,omega,0.00658891,0.000236641,2
163,k,0.0203234,0.00112028,2
164,Ux,0.0200276,0.001131,2
164,Uy,0.0528522,0.00332272,2
164,p,0.100274,0.000690521,6
164,omega,0.00648748,0.000232372,2
164,k,0.0202099,0.00111444,2
165,Ux,0.0199142,0.00112372,2
165,Uy,0.052712,0.00331401,2
165,p,0.0999297,0.000685125,6
165,omega,0.00637249,0.000228099,2
165,k,0.0200971,0.00110831,2
166,Ux,0.0198029,0.00111655,2
166,Uy,0.0525924,0.0033057,2
166,p,0.0994205,0.000731044,6
166,omega,0.00625819,0.00022385,2
166,k,0.0199866,0.00110229,2
167,Ux,0.0196794,0.00110929,2
167,Uy,0.0525098,0.00329818,2
167,p,0.0987805,0.00079392,6
167,omega,0.00615519,0.000219728,2
167,k,0.0198783,0.00109667,2
168,Ux,0.0195594,0.00110156,2
168,Uy,0.0523968,0.00328911,2
168,p,0.0981608,0.000824198,6
168,omega,0.00605453,0.000215601,2
168,k,0.0197764,0.00109113,2
169,Ux,0.0194434,0.00109353,2
169,Uy,0.0522621,0.00328174,2
169,p,0.0973952,0.00084986,6
169,omega,0.00594931,0.000211523,2
169,k,0.0196764,0.00108559,2
170,Ux,0.0193275,0.00108553,2
170,Uy,0.0521829,0.0032753,2
170,p,0.0964697,0.000904874,6
170,omega,0.00584802,0.000207447,2
170,k,0.019577,0.00108022,2
171,Ux,0.0191955,0.0010774,2
171,Uy,0.0521039,0.00326773,2
171,p,0.0955215,0.000944692,6
171,omega,0.00575024,0.000203363,2
171,k,0.0194828,0.00107505,2
172,Ux,0.019073,0.00106885,2
172,Uy,0.0520021,0.00325993,2
172,p,0.0944549,0.000898014,6
172,omega,0.00565219,0.000199267,2
172,k,0.0193945,0.00106988,2
173,Ux,0.0189513,0.00106046,2
173,Uy,0.0519189,0.00325461,2
173,p,0.093394,0.000743975,6
173,omega,0.00555985,0.000195224,2
173,k,0.0193064,0.00106489,2
174,Ux,0.0188201,0.00105144,2
174,Uy,0.0518611,0.00324971,2
174,p,0.0922774,0.000566253,6
174,omega,0.00546527,0.000191192,2
174,k,0.0192192,0.00105994,2
175,Ux,0.0186824,0.00104268,2
175,Uy,0.0517991,0.00324304,2
175,p,0.0910215,0.000458158,6
175,omega,0.00536979,0.00018721,2
175,k,0.0191366,0.00105489,2
176,Ux,0.0185414,0.00103319,2
176,Uy,0.0517251,0.00323837,2
176,p,0.0898525,0.000404543,6
176,omega,0.00528173,0.000183233,2
176,k,0.0190525,0.00104969,2
177,Ux,0.0184,0.00102353,2
177,Uy,0.051699,0.00323508,2
177,p,0.0885654,0.000378735,6
177,omega,0.00519352,0.000179371,2
177,k,0.0189738,0.00104464,2
178,Ux,0.0182529,0.0010138,2
178,Uy,0.0516621,0.00323022,2
178,p,0.0872411,0.000363268,6
178,omega,0.00510246,0.000175559,2
178,k,0.0188926,0.00103933,2
179,Ux,0.0181043,0.00100409,2
179,Uy,0.0516214,0.00322447,2
179,p,0.0859298,0.000351504,6
179,omega,0.00501458,0.000171833,2
179,k,0.0188092,0.00103358,2
180,Ux,0.0179498,0.000994031,2
180,Uy,0.0515765,0.00322108,2
180,p,0.0845779,0.000354848,6
180,omega,0.00493232,0.00016819,2
180,k,0.0187232,0.0010276,2
181,Ux,0.017796,0.000983967,2
181,Uy,0.0515632,0.00321855,2
181,p,0.0832371,0.000356997,6
181,omega,0.00484798,0.000164655,2
181,k,0.0186357,0.00102154,2
182,Ux,0.0176398,0.00097387,2
182,Uy,0.0515338,0.0032135,2
182,p,0.0819462,0.000344452,6
182,omega,0.00476467,0.00016121,2
182,k,0.0185412,0.00101516,2
183,Ux,0.0174845,0.000963597,2
183,Uy,0.0515061,0.0032079,2
183,p,0.0806522,0.000321923,6
183,omega,0.00468283,0.000157813,2
183,k,0.0184448,0.00100842,2
184,Ux,0.0173214,0.000953119,2
184,Uy,0.0514729,0.00320459,2
184,p,0.0794208,0.000297599,6
184,omega,0.00460725,0.000154547,2
184,k,0.0183426,0.00100166,2
185,Ux,0.0171556,0.000942593,2
185,Uy,0.051463,0.00320182,2
185,p,0.0781695,0.000278747,6
185,omega,0.00453031,0.000151383,2
185,k,0.0182367,0.000994581,2
186,Ux,0.0169875,0.00093196,2
186,Uy,0.0514413,0.00319721,2
186,p,0.0769441,0.000754103,5
186,omega,0.00445435,0.000148334,2
186,k,0.018125,0.000987222,2
187,Ux,0.0168213,0.000921198,2
187,Uy,0.0514077,0.00319213,2
187,p,0.0757716,0.000687542,5
187,omega,0.00438161,0.000145352,2
187,k,0.0180141,0.000979602,2
188,Ux,0.0166514,0.000910551,2
188,Uy,0.0513837,0.00318783,2
188,p,0.0747884,0.000619705,5
188,omega,0.00431052,0.000142441,2
188,k,0.0178958,0.00097202,2
189,Ux,0.0164797,0.000899622,2
189,Uy,0.0513653,0.00318471,2
189,p,0.0735519,0.000570805,5
189,omega,0.00424121,0.000139611,2
189,k,0.0177757,0.000964237,2
190,Ux,0.0162988,0.00088888,2
190,Uy,0.0513336,0.00318063,2
190,p,0.072455,0.000566699,5
190,omega,0.00417285,0.000136852,2
190,k,0.017648,0.00095609,2
191,Ux,0.0161261,0.000877929,2
191,Uy,0.0513265,0.00317583,2
191,p,0.0714041,0.000614775,5
191,omega,0.00410692,0.000134172,2
191,k,0.0175243,0.000947768,2
192,Ux,0.0159509,0.000866999,2
192,Uy,0.0513045,0.00317104,2
192,p,0.0703594,0.000226457,6
192,omega,0.00404293,0.000131572,2
192,k,0.0173953,0.000939408,2
193,Ux,0.015772,0.000856156,2
193,Uy,0.0512539,0.00316699,2
193,p,0.0692997,0.000242556,6
193,omega,0.0039783,0.000129003,2
193,k,0.0172617,0.000930849,2
194,Ux,0.0155895,0.00084542,2
194,Uy,0.0512262,0.00316264,2
194,p,0.0683089,0.000283168,6
194,omega,0.00391197,0.000126454,2
194,k,0.0171255,0.000922159,2
195,Ux,0.0154085,0.000834583,2
195,Uy,0.051201,0.00315759,2
195,p,0.0671864,0.00030312,6
195,omega,0.00384701,0.000123943,2
195,k,0.0169833,0.000913231,2
196,Ux,0.0152325,0.00082372,2
196,Uy,0.0511647,0.00315186,2
196,p,0.06591,0.000331194,6
196,omega,0.00378457,0.00012153,2
196,k,0.0168412,0.000904307,2
197,Ux,0.015052,0.000813101,2
197,Uy,0.051093,0.00314512,2
197,p,0.0644849,0.000334336,6
197,omega,0.00372371,0.000119184,2
197,k,0.0166954,0.000895324,2
198,Ux,0.0148698,0.000802899,2
198,Uy,0.0510275,0.00313889,2
198,p,0.0630267,0.000310081,6
198,omega,0.00366276,0.000116899,2
198,k,0.0165499,0.000886324,2
199,Ux,0.0146943,0.000792527,2
199,Uy,0.0509731,0.00313301,2
199,p,0.0617135,0.00028889,6
199,omega,0.00360428,0.000114672,2
199,k,0.0164014,0.000877171,2
200,Ux,0.0145214,0.000782027,2
200,Uy,0.0509388,0.00312753,2
200,p,0.0603388,0.000278888,6
200,omega,0.00354757,0.00011253,2
200,k,0.0162472,0.000868108,2
201,Ux,0.0143482,0.000771918,2
201,Uy,0.0508755,0.00312091,2
201,p,0.0589402,0.000265857,6
201,omega,0.00349132,0.00011043,2
201,k,0.0160982,0.000859135,2
202,Ux,0.0141737,0.000761884,2
202,Uy,0.0508052,0.0031147,2
202,p,0.0575894,0.000250533,6
202,omega,0.00343571,0.000108369,2
202,k,0.0159455,0.000850083,2
203,Ux,0.0139957,0.000751817,2
203,Uy,0.0507602,0.00311058,2
203,p,0.0563159,0.000233929,6
203,omega,0.00338119,0.00010634,2
203,k,0.0157918,0.000840827,2
204,Ux,0.0138231,0.000741598,2
204,Uy,0.0507356,0.0031067,2
204,p,0.0550878,0.000215983,6
204,omega,0.00332897,0.000104352,2
204,k,0.0156387,0.000831726,2
205,Ux,0.0136517,0.000731664,2
205,Uy,0.0507032,0.00310092,2
205,p,0.0537974,0.000195076,6
205,omega,0.00327673,0.000102415,2
205,k,0.015482,0.000822589,2
206,Ux,0.0134787,0.000721776,2
206,Uy,0.05064,0.00309314,2
206,p,0.0525327,0.00017292,6
206,omega,0.00322424,0.000100499,2
206,k,0.0153238,0.000813343,2
207,Ux,0.0133058,0.00071187,2
207,Uy,0.0505632,0.00308613,2
207,p,0.0513167,0.000182746,6
207,omega,0.00317293,9.86291e-05,2
207,k,0.0151661,0.00080405,2
208,Ux,0.0131344,0.000701864,2
208,Uy,0.0505078,0.00308141,2
208,p,0.050108,0.000488245,5
208,omega,0.00312162,9.67784e-05,2
208,k,0.0150024,0.000794745,2
209,Ux,0.012964,0.0006918,2
209,Uy,0.050462,0.00307574,2
209,p,0.0488603,0.000452036,5
209,omega,0.00307053,9.49944e-05,2
209,k,0.0148331,0.000785303,2
210,Ux,0.0127905,0.000681933,2
210,Uy,0.0504037,0.00306903,2
210,p,0.0476227,0.000451158,5
210,omega,0.00301952,9.32453e-05,2
210,k,0.014666,0.000776044,2
211,Ux,0.0126165,0.000672158,2
211,Uy,0.0503255,0.00306114,2
211,p,0.0463487,0.000460182,5
211,omega,0.00296902,9.15329e-05,2
211,k,0.0144927,0.000766762,2
212,Ux,0.0124432,0.000662442,2
212,Uy,0.0502257,0.00305294,2
212,p,0.0451535,0.000205919,6
212,omega,0.00292019,8.98555e-05,2
212,k,0.0143151,0.000757404,2
213,Ux,0.0122706,0.000652791,2
213,Uy,0.0501394,0.00304526,2
213,p,0.0440155,0.000183551,6
213,omega,0.0028728,8.82081e-05,2
213,k,0.014138,0.000748271,2
214,Ux,0.0120979,0.000643163,2
214,Uy,0.050045,0.0030344,2
214,p,0.0429728,0.000166323,6
214,omega,0.00282652,8.66012e-05,2
214,k,0.0139606,0.000739286,2
215,Ux,0.0119266,0.000633655,2
215,Uy,0.0498928,0.00301999,2
215,p,0.0419848,0.000418422,5
215,omega,0.00277988,8.5041e-05,2
215,k,0.0137813,0.000730509,2
216,Ux,0.0117564,0.00062424,2
216,Uy,0.0496929,0.00300176,2
216,p,0.0410809,0.00040652,5
216,omega,0.00273359,8.35375e-05,2
216,k,0.0136066,0.000721828,2
217,Ux,0.0115844,0.000614994,2
217,Uy,0.0494115,0.00297915,2
217,p,0.0402922,0.000138683,6
217,omega,0.00268763,8.20625e-05,2
217,k,0.0134393,0.000713455,2
218,Ux,0.0114147,0.000605803,2
218,Uy,0.0490591,0.00295524,2
218,p,0.0395176,0.000137212,6
218,omega,0.002641,8.0633e-05,2
218,k,0.0132758,0.000705334,2
219,Ux,0.0112464,0.000596752,2
219,Uy,0.0486723,0.0029284,2
219,p,0.0388154,0.000136107,6
219,omega,0.00259436,7.92362e-05,2
219,k,0.0131153,0.000697357,2
220,Ux,0.0110789,0.00058788,2
220,Uy,0.0482295,0.00289875,2
220,p,0.0381406,0.000135383,6
220,omega,0.0025477,7.78652e-05,2
220,k,0.0129594,0.000689446,2
221,Ux,0.0109115,0.000579049,2
221,Uy,0.0477387,0.00286626,2
221,p,0.0375642,0.000134524,6
221,omega,0.00250235,7.65328e-05,2
221,k,0.0128108,0.000681718,2
222,Ux,0.0107442,0.000570282,2
222,Uy,0.0471907,0.00283118,2
222,p,0.0370595,0.000145919,6
222,omega,0.00245716,7.52279e-05,2
222,k,0.0126659,0.000674098,2
223,Ux,0.0105791,0.000561442,2
223,Uy,0.0466047,0.00279607,2
223,p,0.0366139,0.000179878,6
223,omega,0.00241268,7.39748e-05,2
223,k,0.0125223,0.00066652,2
224,Ux,0.0104146,0.000552482,2
224,Uy,0.0460401,0.00276189,2
224,p,0.0362308,0.000347641,5
224,omega,0.00236949,7.27479e-05,2
224,k,0.0123785,0.000658921,2
225,Ux,0.0102496,0.000543428,2
225,Uy,0.0454838,0.00272761,2
225,p,0.0358658,0.000325361,5
225,omega,0.00232796,7.15712e-05,2
225,k,0.0122374,0.000651281,2
226,Ux,0.0100817,0.000534156,2
226,Uy,0.0449215,0.00269371,2
226,p,0.0355665,0.00032267,5
226,omega,0.00228818,7.0439e-05,2
226,k,0.012097,0.00064371,2
227,Ux,0.00991334,0.000524855,2
227,Uy,0.0443597,0.00265915,2
227,p,0.0352685,0.000332406,5
227,omega,0.00224965,6.9338e-05,2
227,k,0.0119561,0.000636163,2
228,Ux,0.00974585,0.000515519,2
228,Uy,0.0438102,0.00262551,2
228,p,0.03499,0.000348813,5
228,omega,0.00221335,6.82848e-05,2
228,k,0.0118151,0.000628663,2
229,Ux,0.00957858,0.000506208,2
229,Uy,0.0432886,0.00259628,2
229,p,0.0347367,0.000240476,6
229,omega,0.00217909,6.72465e-05,2
229,k,0.0116727,0.000621125,2
230,Ux,0.00941178,0.000496981,2
230,Uy,0.0428272,0.00256927,2
230,p,0.0345428,0.000233288,6
230,omega,0.00214664,6.62312e-05,2
230,k,0.0115308,0.000613516,2
231,Ux,0.00924521,0.000487843,2
231,Uy,0.0423949,0.0025429,2
231,p,0.034323,0.000221383,6
231,omega,0.00211506,6.52335e-05,2
231,k,0.0113894,0.000605889,2
232,Ux,0.00908042,0.000478846,2
232,Uy,0.0419676,0.00251593,2
232,p,0.0340721,0.000332318,5
232,omega,0.0020845,6.42369e-05,2
232,k,0.0112484,0.000598251,2
233,Ux,0.00892028,0.000470098,2
233,Uy,0.0415515,0.00248869,2
233,p,0.0337323,0.000205186,6
233,omega,0.00205457,6.32501e-05,2
233,k,0.0111059,0.000590593,2
234,Ux,0.00876297,0.000461586,2
234,Uy,0.0411344,0.00246427,2
234,p,0.0334095,0.000202675,6
234,omega,0.00202476,6.22644e-05,2
234,k,0.0109629,0.000582788,2
235,Ux,0.00860971,0.000453301,2
235,Uy,0.0407573,0.00244119,2
235,p,0.0330811,0.000210302,6
235,omega,0.00199507,6.12936e-05,2
235,k,0.0108184,0.000574808,2
236,Ux,0.00845961,0.000445219,2
236,Uy,0.0403918,0.00241807,2
236,p,0.0327402,0.000218326,6
236,omega,0.00196447,6.03311e-05,2
236,k,0.010673,0.0005665,2
237,Ux,0.00831397,0.000437389,2
237,Uy,0.0400222,0.00239379,2
237,p,0.0323788,0.00021903,6
237,omega,0.00193329,5.93785e-05,2
237,k,0.0105251,0.000557875,2
238,Ux,0.00817387,0.000429792,2
238,Uy,0.0396434,0.00236751,2
238,p,0.0319896,0.000215386,6
238,omega,0.00190145,5.84371e-05,2
238,k,0.0103723,0.000548964,2
239,Ux,0.00803848,0.000422436,2
239,Uy,0.0392467,0.00234025,2
239,p,0.0315761,0.000209606,6
239,omega,0.00186935,5.75244e-05,2
239,k,0.0102129,0.000539787,2
240,Ux,0.0079088,0.000415403,2
240,Uy,0.0388316,0.00231413,2
240,p,0.031102,0.00021306,6
240,omega,0.00183739,5.66208e-05,2
240,k,0.0100475,0.000530325,2
241,Ux,0.00778352,0.000408637,2
241,Uy,0.0384222,0.00228536,2
241,p,0.0305498,0.000215111,6
241,omega,0.00180551,5.57185e-05,2
241,k,0.00987659,0.000520657,2
242,Ux,0.0076619,0.00040219,2
242,Uy,0.0379956,0.00225328,2
242,p,0.0299671,0.000213751,6
242,omega,0.00177359,5.48184e-05,2
242,k,0.00970029,0.000510796,2
243,Ux,0.00754637,0.000396005,2
243,Uy,0.0375219,0.00221755,2
243,p,0.0293874,0.000204657,6
243,omega,0.00174197,5.39181e-05,2
243,k,0.00951978,0.00050088,2
244,Ux,0.00743594,0.000390056,2
244,Uy,0.0370083,0.00217773,2
244,p,0.0287726,0.000196586,6
244,omega,0.00171149,5.3032e-05,2
244,k,0.00933628,0.000491031,2
245,Ux,0.00733022,0.000384327,2
245,Uy,0.036428,0.0021381,2
245,p,0.0281462,0.000200792,6
245,omega,0.00168229,5.21632e-05,2
245,k,0.00915152,0.000481336,2
246,Ux,0.00722735,0.000378781,2
246,Uy,0.0358123,0.0020972,2
246,p,0.0275439,0.000203978,6
246,omega,0.00165278,5.1322e-05,2
246,k,0.0089675,0.000471929,2
247,Ux,0.00712608,0.000373342,2
247,Uy,0.035188,0.00205384,2
247,p,0.027005,0.000202872,6
247,omega,0.00162263,5.05138e-05,2
247,k,0.00878722,0.000462909,2
248,Ux,0.00702746,0.000367939,2
248,Uy,0.0345321,0.00200856,2
248,p,0.0265025,0.000179536,6
248,omega,0.00159226,4.97472e-05,2
248,k,0.00861257,0.000454254,2
249,Ux,0.00693002,0.000362571,2
249,Uy,0.0338565,0.00196177,2
249,p,0.026044,0.000150506,6
249,omega,0.00156215,4.90269e-05,2
249,k,0.00844437,0.000445981,2
250,Ux,0.00683204,0.000357215,2
250,Uy,0.0331483,0.00191539,2
250,p,0.0256201,0.000137684,6
250,omega,0.00153282,4.8345e-05,2
250,k,0.00828343,0.000438136,2
251,Ux,0.00673229,0.000351913,2
251,Uy,0.0324121,0.00187171,2
251,p,0.0252575,0.000141193,6
251,omega,0.00150442,4.7697e-05,2
251,k,0.00813019,0.000430647,2
252,Ux,0.00663018,0.000346591,2
252,Uy,0.0317099,0.00182904,2
252,p,0.0249502,0.000145805,6
252,omega,0.00147715,4.705e-05,2
252,k,0.00798458,0.000423529,2
253,Ux,0.00652585,0.000341044,2
253,Uy,0.0310434,0.00178767,2
253,p,0.0246883,0.000146469,6
253,omega,0.00145157,4.64021e-05,2
253,k,0.00784683,0.000416715,2
254,Ux,0.00641981,0.000335205,2
254,Uy,0.0304124,0.00174728,2
254,p,0.0244663,0.000150087,6
254,omega,0.00142738,4.57407e-05,2
254,k,0.00771618,0.000410183,2
255,Ux,0.0063099,0.000329096,2
255,Uy,0.0297992,0.00170852,2
255,p,0.0242675,0.000156857,6
255,omega,0.00140427,4.50586e-05,2
255,k,0.00759236,0.000403919,2
256,Ux,0.00619754,0.000322726,2
256,Uy,0.0292038,0.00167318,2
256,p,0.0240896,0.0001635,6
256,omega,0.00138196,4.43528e-05,2
256,k,0.00747358,0.000397892,2
257,Ux,0.00608087,0.000316204,2
257,Uy,0.0286254,0.00164058,2
257,p,0.023928,0.000166064,6
257,omega,0.00135993,4.36216e-05,2
257,k,0.00735885,0.000392076,2
258,Ux,0.00596153,0.000309603,2
258,Uy,0.0281149,0.00160989,2
258,p,0.0237584,0.000166288,6
258,omega,0.00133817,4.28675e-05,2
258,k,0.00724735,0.00038644,2
259,Ux,0.00583992,0.000302855,2
259,Uy,0.0276644,0.0015803,2
259,p,0.0235901,0.000174128,6
259,omega,0.00131606,4.20824e-05,2
259,k,0.00713997,0.000380984,2
260,Ux,0.00571741,0.000295932,2
260,Uy,0.0272473,0.00155193,2
260,p,0.023438,0.000207891,6
260,omega,0.00129335,4.12591e-05,2
260,k,0.00703598,0.00037568,2
261,Ux,0.00559389,0.000288846,2
261,Uy,0.0268372,0.00152449,2
261,p,0.0232528,0.000144375,7
261,omega,0.00127015,4.04002e-05,2
261,k,0.00693434,0.000370537,2
262,Ux,0.00546876,0.00028164,2
262,Uy,0.0264327,0.00149909,2
262,p,0.0230445,0.000113491,7
262,omega,0.00124626,3.95109e-05,2
262,k,0.00683526,0.000365513,2
263,Ux,0.00534333,0.000274359,2
263,Uy,0.0260319,0.00147513,2
263,p,0.0227876,0.000108872,7
263,omega,0.00122139,3.85896e-05,2
263,k,0.00673855,0.000360619,2
264,Ux,0.00521709,0.000267005,2
264,Uy,0.0256868,0.00145217,2
264,p,0.0225116,0.000107528,7
264,omega,0.00119596,3.76441e-05,2
264,k,0.0066445,0.00035583,2
265,Ux,0.00509054,0.000259637,2
265,Uy,0.0253839,0.00142985,2
265,p,0.0222425,0.000108316,7
265,omega,0.00117007,3.66779e-05,2
265,k,0.00655255,0.000351186,2
266,Ux,0.00496379,0.000252216,2
266,Uy,0.0250874,0.00140827,2
266,p,0.0219543,0.000109797,7
266,omega,0.00114364,3.56939e-05,2
266,k,0.00646253,0.000346668,2
267,Ux,0.00483743,0.000244731,2
267,Uy,0.0247969,0.00138769,2
267,p,0.0216422,0.000109956,7
267,omega,0.00111677,3.46905e-05,2
267,k,0.00637462,0.000342328,2
268,Ux,0.00471147,0.000237253,2
268,Uy,0.0245032,0.00136886,2
268,p,0.0213172,0.000112959,7
268,omega,0.00108975,3.36707e-05,2
268,k,0.00628955,0.000338142,2
269,Ux,0.00458579,0.000229795,2
269,Uy,0.0242119,0.0013513,2
269,p,0.0209916,0.000123393,7
269,omega,0.0010627,3.26409e-05,2
269,k,0.00620723,0.000334124,2
270,Ux,0.00446133,0.000222369,2
270,Uy,0.0239703,0.00133453,2
270,p,0.0206788,0.000148661,7
270,omega,0.00103579,3.16072e-05,2
270,k,0.00612813,0.000330292,2
271,Ux,0.00433817,0.000215024,2
271,Uy,0.0237656,0.00131845,2
271,p,0.0203992,0.000195209,6
271,omega,0.00100922,3.05719e-05,2
271,k,0.00605218,0.00032648,2
272,Ux,0.00421665,0.000207739,2
272,Uy,0.023566,0.00130285,2
272,p,0.0201175,0.000176382,6
272,omega,0.000982846,2.95375e-05,2
272,k,0.00597993,0.000322445,2
273,Ux,0.00409591,0.000200506,2
273,Uy,0.0233686,0.00128757,2
273,p,0.019809,0.000166064,6
273,omega,0.000956896,2.85081e-05,2
273,k,0.00591202,0.00031815,2
274,Ux,0.00397625,0.000193349,2
274,Uy,0.0231699,0.00127296,2
274,p,0.0194591,0.000161031,6
274,omega,0.000931196,2.74898e-05,2
274,k,0.00584322,0.000313544,2
275,Ux,0.0038583,0.000186292,2
275,Uy,0.0229687,0.00125883,2
275,p,0.0190842,0.00015753,6
275,omega,0.000905676,2.64893e-05,2
275,k,0.00577047,0.000308559,2
276,Ux,0.00374227,0.000179376,2
276,Uy,0.0227829,0.00124474,2
276,p,0.0186852,0.000155641,6
276,omega,0.000880239,2.5513e-05,2
276,k,0.00569266,0.000303137,2
277,Ux,0.0036282,0.000172583,2
277,Uy,0.0226352,0.00123001,2
277,p,0.0182517,0.000152605,6
277,omega,0.000855413,2.4567e-05,2
277,k,0.00560862,0.000297243,2
278,Ux,0.00351666,0.000165865,2
278,Uy,0.0224805,0.00121429,2
278,p,0.0178206,0.000147829,6
278,omega,0.000831333,2.3657e-05,2
278,k,0.00551767,0.00029081,2
279,Ux,0.00340653,0.000159214,2
279,Uy,0.0223071,0.00119678,2
279,p,0.0173706,0.000142846,6
279,omega,0.000807894,2.279e-05,2
279,k,0.00541866,0.000283756,2
280,Ux,0.00329708,0.000152615,2
280,Uy,0.0221064,0.00117696,2
280,p,0.0168813,0.00014001,6
280,omega,0.000785166,2.19508e-05,2
280,k,0.00531035,0.000275903,2
281,Ux,0.00318811,0.000146112,2
281,Uy,0.0218724,0.00115468,2
281,p,0.0164036,0.000139509,6
281,omega,0.000763375,2.11326e-05,2
281,k,0.00519213,0.000267137,2
282,Ux,0.00308076,0.000139679,2
282,Uy,0.0215981,0.00112922,2
282,p,0.0159208,0.000139996,6
282,omega,0.000742313,2.03342e-05,2
282,k,0.0050623,0.000257352,2
283,Ux,0.00297384,0.000133297,2
283,Uy,0.0212838,0.00109845,2
283,p,0.0154218,0.000141734,6
283,omega,0.00072189,1.95557e-05,2
283,k,0.00491848,0.000246472,2
284,Ux,0.00286874,0.00012692,2
284,Uy,0.0209348,0.00105898,2
284,p,0.0148674,0.000142974,6
284,omega,0.00070176,1.87957e-05,2
284,k,0.00475944,0.0002344,2
285,Ux,0.00276364,0.000120501,2
285,Uy,0.0204981,0.00100972,2
285,p,0.014276,0.000134742,6
285,omega,0.000682022,1.80516e-05,2
285,k,0.00458452,0.000221064,2
286,Ux,0.00265843,0.000113982,2
286,Uy,0.0199594,0.000950148,2
286,p,0.0136089,0.000103682,6
286,omega,0.000663009,1.7329e-05,2
286,k,0.00439214,0.000206434,2
287,Ux,0.00255223,0.000107355,2
287,Uy,0.019294,0.000879749,2
287,p,0.012917,7.01829e-05,7
287,omega,0.000644741,1.66269e-05,2
287,k,0.00418151,0.000190542,2
288,Ux,0.00244456,0.000100626,2
288,Uy,0.0184765,0.000800075,2
288,p,0.0121769,7.4011e-05,7
288,omega,0.000627379,1.59543e-05,2
288,k,0.00395193,0.000173536,2
289,Ux,0.0023358,9.37747e-05,2
289,Uy,0.0175047,0.000713658,2
289,p,0.0113774,7.03958e-05,7
289,omega,0.000610351,1.53091e-05,2
289,k,0.00370383,0.000155695,2
290,Ux,0.00222507,8.69904e-05,2
290,Uy,0.0163888,0.000627981,2
290,p,0.0106406,7.3779e-05,7
290,omega,0.000593041,1.47092e-05,2
290,k,0.00343746,0.000138035,2
291,Ux,0.00211309,8.0475e-05,2
291,Uy,0.0151846,0.000552182,2
291,p,0.00999722,7.96442e-05,7
291,omega,0.000575604,1.4157e-05,2
291,k,0.0031581,0.000121694,2
292,Ux,0.00200159,7.4382e-05,2
292,Uy,0.0139519,0.00049468,2
292,p,0.00939899,7.95881e-05,7
292,omega,0.0005582,1.36441e-05,2
292,k,0.00287639,0.000107616,2
293,Ux,0.00189178,6.88735e-05,2
293,Uy,0.0127847,0.000458404,2
293,p,0.00874063,8.72413e-05,6
293,omega,0.000541197,1.31631e-05,2
293,k,0.00260659,9.63785e-05,2
294,Ux,0.00178431,6.41036e-05,2
294,Uy,0.0117865,0.000437257,2
294,p,0.00810226,3.5184e-05,8
294,omega,0.000524723,1.27116e-05,2
294,k,0.00236285,8.8166e-05,2
295,Ux,0.00168027,6.01223e-05,2
295,Uy,0.0109915,0.000417129,2
295,p,0.00751983,7.16022e-05,6
295,omega,0.000509054,1.22875e-05,2
295,k,0.00215546,8.2691e-05,2
296,Ux,0.00158613,5.69232e-05,2
296,Uy,0.0103228,0.000393785,2
296,p,0.00689136,5.81162e-05,6
296,omega,0.000494234,1.18891e-05,2
296,k,0.00199013,7.92537e-05,2
297,Ux,0.00150144,5.43714e-05,2
297,Uy,0.00969277,0.000372757,2
297,p,0.00629233,3.55538e-05,8
297,omega,0.000480113,1.15147e-05,2
297,k,0.00186732,7.7072e-05,2
298,Ux,0.00142649,5.22479e-05,2
298,Uy,0.00916754,0.000356582,2
298,p,0.00577249,2.58557e-05,8
298,omega,0.000466603,1.11607e-05,2
298,k,0.00178034,7.54849e-05,2
299,Ux,0.00136176,5.04101e-05,2
299,Uy,0.00868224,0.000345095,2
299,p,0.00534529,4.58831e-05,6
299,omega,0.000453624,1.08253e-05,2
299,k,0.00171977,7.41019e-05,2
300,Ux,0.00130542,4.87583e-05,2
300,Uy,0.00826346,0.000336788,2
300,p,0.005006,4.26744e-05,6
300,omega,0.00044094,1.05057e-05,2
300,k,0.00167606,7.27306e-05,2
301,Ux,0.00125572,4.72135e-05,2
301,Uy,0.00793753,0.000330345,2
301,p,0.00475115,4.36836e-05,6
301,omega,0.000428586,1.01987e-05,2
301,k,0.00164166,7.12958e-05,2
302,Ux,0.00121061,4.57328e-05,2
302,Uy,0.00769416,0.000324872,2
302,p,0.00453999,2.05515e-05,8
302,omega,0.000416644,9.90287e-06,2
302,k,0.00161113,6.98149e-05,2
303,Ux,0.00116849,4.42843e-05,2
303,Uy,0.00751054,0.000319886,2
303,p,0.00434859,1.95685e-05,8
303,omega,0.00040512,9.61611e-06,2
303,k,0.00158081,6.83069e-05,2
304,Ux,0.00112847,4.28779e-05,2
304,Uy,0.00736138,0.000315062,2
304,p,0.00416657,1.82806e-05,8
304,omega,0.00039394,9.33558e-06,2
304,k,0.00154925,6.67806e-05,2
305,Ux,0.00109015,4.15098e-05,2
305,Uy,0.00723159,0.000310318,2
305,p,0.0039958,1.68586e-05,8
305,omega,0.000383057,9.06135e-06,2
305,k,0.00151648,6.52408e-05,2
306,Ux,0.00105307,4.01747e-05,2
306,Uy,0.00711184,0.000305566,2
306,p,0.00383636,1.60603e-05,8
306,omega,0.000372435,8.79283e-06,2
306,k,0.00148292,6.36903e-05,2
307,Ux,0.00101714,3.88691e-05,2
307,Uy,0.00699821,0.000300754,2
307,p,0.00368784,1.55792e-05,8
307,omega,0.000362013,8.52908e-06,2
307,k,0.00144883,6.21282e-05,2
308,Ux,0.00098225,3.75925e-05,2
308,Uy,0.00688758,0.000295842,2
308,p,0.00354845,1.52825e-05,8
308,omega,0.000351777,8.27054e-06,2
308,k,0.00141454,6.05609e-05,2
309,Ux,0.000948375,3.63469e-05,2
309,Uy,0.00677696,0.000290802,2
309,p,0.00341677,1.53797e-05,8
309,omega,0.000341755,8.01744e-06,2
309,k,0.00138003,5.89916e-05,2
310,Ux,0.000915372,3.51302e-05,2
310,Uy,0.00666586,0.000285571,2
310,p,0.00329252,1.55648e-05,8
310,omega,0.000331981,7.7696e-06,2
310,k,0.00134534,5.74207e-05,2
311,Ux,0.000883249,3.39365e-05,2
311,Uy,0.00655318,0.000280119,2
311,p,0.00317366,1.59918e-05,8
311,omega,0.000322364,7.52601e-06,2
311,k,0.00131056,5.58476e-05,2
312,Ux,0.000852084,3.27734e-05,2
312,Uy,0.00643731,0.000274417,2
312,p,0.00306003,1.67114e-05,8
312,omega,0.000312862,7.2862e-06,2
312,k,0.00127569,5.42763e-05,2
313,Ux,0.000821934,3.16436e-05,2
313,Uy,0.00631724,0.000268435,2
313,p,0.00295098,1.7247e-05,8
313,omega,0.000303508,7.05107e-06,2
313,k,0.00124077,5.2708e-05,2
314,Ux,0.000792687,3.05478e-05,2
314,Uy,0.00619214,0.000262157,2
314,p,0.00284615,1.72154e-05,8
314,omega,0.000294242,6.82067e-06,2
314,k,0.0012058,5.11406e-05,2
315,Ux,0.000764396,2.94886e-05,2
315,Uy,0.0060611,0.000255556,2
315,p,0.00274467,1.64061e-05,8
315,omega,0.000285118,6.59508e-06,2
315,k,0.00117087,4.95784e-05,2
316,Ux,0.000737178,2.84691e-05,2
316,Uy,0.00592357,0.000248657,2
316,p,0.00264697,2.29775e-05,6
316,omega,0.000276134,6.37447e-06,2
316,k,0.00113587,4.80264e-05,2
317,Ux,0.000711126,2.74973e-05,2
317,Uy,0.005779,0.000241458,2
317,p,0.00255554,1.87465e-05,6
317,omega,0.000267342,6.15897e-06,2
317,k,0.00110104,4.64881e-05,2
318,Ux,0.000686101,2.65604e-05,2
318,Uy,0.00562789,0.000233974,2
318,p,0.002468,1.69089e-05,6
318,omega,0.000258609,5.94898e-06,2
318,k,0.00106635,4.49631e-05,2
319,Ux,0.000662139,2.56633e-05,2
319,Uy,0.00547003,0.000226261,2
319,p,0.002386,1.63252e-05,6
319,omega,0.000249963,5.74521e-06,2
319,k,0.00103188,4.34574e-05,2
320,Ux,0.000639324,2.48083e-05,2
320,Uy,0.00530566,0.000218322,2
320,p,0.0023085,1.61564e-05,6
320,omega,0.000241419,5.54725e-06,2
320,k,0.000997664,4.19733e-05,2
321,Ux,0.000617634,2.39968e-05,2
321,Uy,0.00513612,0.000210237,2
321,p,0.00224142,1.61631e-05,6
321,omega,0.000233048,5.35668e-06,2
321,k,0.000963724,4.05199e-05,2
322,Ux,0.000597078,2.32295e-05,2
322,Uy,0.00496188,0.000202095,2
322,p,0.00218396,1.6274e-05,6
322,omega,0.000224862,5.17282e-06,2
322,k,0.000930199,3.90968e-05,2
323,Ux,0.000577599,2.25028e-05,2
323,Uy,0.00478472,0.00019395,2
323,p,0.00213372,1.66429e-05,6
323,omega,0.000216868,4.99682e-06,2
323,k,0.000897277,3.77071e-05,2
324,Ux,0.000559265,2.18176e-05,2
324,Uy,0.00460652,0.000185909,2
324,p,0.00209187,1.74794e-05,6
324,omega,0.000209159,4.82858e-06,2
324,k,0.000865034,3.63619e-05,2
325,Ux,0.000541912,2.11758e-05,2
325,Uy,0.00442848,0.000178039,2
325,p,0.0020575,1.89821e-05,6
325,omega,0.00020174,4.66861e-06,2
325,k,0.000833585,3.50692e-05,2
326,Ux,0.000525582,2.05672e-05,2
326,Uy,0.00425254,0.000170439,2
326,p,0.00202438,1.44839e-05,7
326,omega,0.000194683,4.51658e-06,2
326,k,0.000803128,3.38347e-05,2
327,Ux,0.000510126,1.9991e-05,2
327,Uy,0.00407958,0.000163149,2
327,p,0.00199097,1.12265e-05,7
327,omega,0.000187835,4.37349e-06,2
327,k,0.000773796,3.26608e-05,2
328,Ux,0.000495697,1.94502e-05,2
328,Uy,0.00391132,0.000156246,2
328,p,0.00195377,9.24679e-06,7
328,omega,0.000181266,4.23924e-06,2
328,k,0.00074572,3.15559e-05,2
329,Ux,0.000482161,1.89375e-05,2
329,Uy,0.00374867,0.000149784,2
329,p,0.00191334,8.37033e-06,7
329,omega,0.000175008,4.11381e-06,2
329,k,0.000719157,3.05199e-05,2
330,Ux,0.000469474,1.84447e-05,2
330,Uy,0.00359349,0.000143809,2
330,p,0.00186957,7.95424e-06,7
330,omega,0.000169125,3.99683e-06,2
330,k,0.000694223,2.95619e-05,2
331,Ux,0.000457545,1.7968e-05,2
331,Uy,0.00344668,0.000138382,2
331,p,0.00182049,8.05639e-06,7
331,omega,0.000163608,3.88851e-06,2
331,k,0.000670993,2.86916e-05,2
332,Ux,0.00044614,1.75043e-05,2
332,Uy,0.00330912,0.000133484,2
332,p,0.00176664,8.54287e-06,7
332,omega,0.000158499,3.7879e-06,2
332,k,0.000649526,2.79101e-05,2
333,Ux,0.00043502,1.70556e-05,2
333,Uy,0.00318163,0.000129133,2
333,p,0.00170905,9.09299e-06,7
333,omega,0.000153791,3.69376e-06,2
333,k,0.000629973,2.72097e-05,2
334,Ux,0.000424314,1.66216e-05,2
334,Uy,0.00306423,0.000125318,2
334,p,0.00164865,9.23309e-06,7
334,omega,0.000149487,3.60432e-06,2
334,k,0.000612507,2.65896e-05,2
335,Ux,0.000413673,1.61989e-05,2
335,Uy,0.00295748,0.000121983,2
335,p,0.00158796,1.06462e-05,7
335,omega,0.000145598,3.51701e-06,2
335,k,0.000597026,2.60455e-05,2
336,Ux,0.000403069,1.57864e-05,2
336,Uy,0.00286148,0.000119115,2
336,p,0.00152678,8.89368e-06,7
336,omega,0.000142131,3.42995e-06,2
336,k,0.000583542,2.55656e-05,2
337,Ux,0.000392579,1.53827e-05,2
337,Uy,0.00277523,0.000116603,2
337,p,0.00146395,8.54767e-06,7
337,omega,0.000139018,3.34351e-06,2
337,k,0.000571744,2.51357e-05,2
338,Ux,0.000382272,1.49873e-05,2
338,Uy,0.00269823,0.000114373,2
338,p,0.0013977,7.61579e-06,7
338,omega,0.000136111,3.25819e-06,2
338,k,0.000561325,2.47309e-05,2
339,Ux,0.00037215,1.45993e-05,2
339,Uy,0.00262952,0.000112314,2
339,p,0.00133009,6.95126e-06,7
339,omega,0.000133217,3.17358e-06,2
339,k,0.000551787,2.42902e-05,2
340,Ux,0.000362225,1.42182e-05,2
340,Uy,0.00256816,0.000110279,2
340,p,0.00126199,6.74386e-06,7
340,omega,0.000130299,3.08978e-06,2
340,k,0.00054273,2.37805e-05,2
341,Ux,0.000352484,1.38427e-05,2
341,Uy,0.00251317,0.00010799,2
341,p,0.00119491,6.49944e-06,7
341,omega,0.000127343,3.00702e-06,2
341,k,0.000533304,2.32067e-05,2
342,Ux,0.000342971,1.34589e-05,2
342,Uy,0.00246258,0.000105168,2
342,p,0.0011298,5.97417e-06,7
342,omega,0.00012436,2.9257e-06,2
342,k,0.000522373,2.25753e-05,2
343,Ux,0.000333632,1.30672e-05,2
343,Uy,0.00241461,0.000101864,2
343,p,0.00107093,5.20784e-06,7
343,omega,0.00012128,2.84594e-06,2
343,k,0.00050996,2.18957e-05,2
344,Ux,0.000324395,1.26713e-05,2
344,Uy,0.00235949,9.81446e-05,2
344,p,0.00101534,4.41197e-06,7
344,omega,0.000118079,2.76746e-06,2
344,k,0.000496249,2.11777e-05,2
345,Ux,0.000315104,1.22775e-05,2
345,Uy,0.00229975,9.40855e-05,2
345,p,0.000962728,3.80441e-06,7
345,omega,0.000114817,2.6902e-06,2
345,k,0.00048146,2.04321e-05,2
346,Ux,0.00030586,1.18908e-05,2
346,Uy,0.00223155,8.97652e-05,2
346,p,0.000914016,3.39929e-06,7
346,omega,0.000111535,2.61431e-06,2
346,k,0.000465719,1.96709e-05,2
347,Ux,0.000296707,1.15142e-05,2
347,Uy,0.00215452,8.52808e-05,2
347,p,0.000869378,8.13856e-06,6
347,omega,0.000108269,2.53987e-06,2
347,k,0.000449301,1.89053e-05,2
348,Ux,0.000287707,1.1152e-05,2
348,Uy,0.0020702,8.07247e-05,2
348,p,0.000827598,6.90956e-06,6
348,omega,0.000105014,2.46678e-06,2
348,k,0.000432495,1.81449e-05,2
349,Ux,0.000278961,1.08054e-05,2
349,Uy,0.0019806,7.62004e-05,2
349,p,0.000789874,5.28296e-06,6
349,omega,0.000101787,2.39496e-06,2
349,k,0.000415539,1.73995e-05,2
350,Ux,0.000270472,1.04755e-05,2
350,Uy,0.00188759,7.18002e-05,2
350,p,0.000758993,5.82606e-06,6
350,omega,9.8606e-05,2.32448e-06,2
350,k,0.000398665,1.66809e-05,2
351,Ux,0.000262309,1.01625e-05,2
351,Uy,0.00179287,6.76063e-05,2
351,p,0.000734903,4.06875e-06,7
351,omega,9.55045e-05,2.25549e-06,2
351,k,0.000382123,1.5997e-05,2
352,Ux,0.000254512,9.86488e-06,2
352,Uy,0.00169855,6.36822e-05,2
352,p,0.000719538,3.96075e-06,7
352,omega,9.24951e-05,2.18835e-06,2
352,k,0.00036616,1.53564e-05,2
353,Ux,0.000247105,9.58118e-06,2
353,Uy,0.00160638,6.00746e-05,2
353,p,0.000705153,3.91258e-06,7
353,omega,8.96076e-05,2.12322e-06,2
353,k,0.000350934,1.47668e-05,2
354,Ux,0.000240076,9.30564e-06,2
354,Uy,0.00151791,5.68304e-05,2
354,p,0.000688816,3.9462e-06,7
354,omega,8.68511e-05,2.06034e-06,2
354,k,0.000336638,1.42312e-05,2
355,Ux,0.000233355,9.03406e-06,2
355,Uy,0.00143439,5.39722e-05,2
355,p,0.000670113,3.81561e-06,7
355,omega,8.42418e-05,1.99986e-06,2
355,k,0.000323404,1.37537e-05,2
356,Ux,0.000227017,8.76586e-06,2
356,Uy,0.00135689,5.14948e-05,2
356,p,0.000648712,4.08572e-06,7
356,omega,8.17358e-05,1.94156e-06,2
356,k,0.000311366,1.33347e-05,2
357,Ux,0.0002206,8.5015e-06,2
357,Uy,0.00128616,4.93926e-05,2
357,p,0.000625387,4.47422e-06,7
357,omega,7.93357e-05,1.88457e-06,2
357,k,0.000300584,1.29729e-05,2
358,Ux,0.000214381,8.24169e-06,2
358,Uy,0.00122264,4.76349e-05,2
358,p,0.000600909,2.81127e-06,8
358,omega,7.70517e-05,1.82698e-06,2
358,k,0.000291124,1.26664e-05,2
359,Ux,0.000208104,7.98523e-06,2
359,Uy,0.00116642,4.61758e-05,2
359,p,0.000575304,2.62188e-06,8
359,omega,7.48999e-05,1.76876e-06,2
359,k,0.000282967,1.24118e-05,2
360,Ux,0.000201742,7.73241e-06,2
360,Uy,0.00111704,4.4948e-05,2
360,p,0.000548877,2.49958e-06,8
360,omega,7.28488e-05,1.71055e-06,2
360,k,0.00027602,1.21981e-05,2
361,Ux,0.000195338,7.48421e-06,2
361,Uy,0.0010741,4.38889e-05,2
361,p,0.000522838,2.7715e-06,8
361,omega,7.08244e-05,1.65257e-06,2
361,k,0.000270209,1.20141e-05,2
362,Ux,0.000188971,7.24072e-06,2
362,Uy,0.00103682,4.29248e-05,2
362,p,0.000496879,3.19002e-06,8
362,omega,6.87945e-05,1.59514e-06,2
362,k,0.000265331,1.18398e-05,2
363,Ux,0.00018265,7.00251e-06,2
363,Uy,0.00100411,4.19842e-05,2
363,p,0.000471092,3.77706e-06,7
363,omega,6.67332e-05,1.53855e-06,2
363,k,0.000261188,1.1637e-05,2
364,Ux,0.000176406,6.7693e-06,2
364,Uy,0.000974927,4.10306e-05,2
364,p,0.000446639,4.07314e-06,7
364,omega,6.46439e-05,1.483e-06,2
364,k,0.00025745,1.1401e-05,2
365,Ux,0.000170264,6.54032e-06,2
365,Uy,0.000948466,4.00418e-05,2
365,p,0.000424155,3.65013e-06,7
365,omega,6.25479e-05,1.4289e-06,2
365,k,0.000253396,1.11365e-05,2
366,Ux,0.000164237,6.3132e-06,2
366,Uy,0.000924054,3.90156e-05,2
366,p,0.000403561,3.34171e-06,7
366,omega,6.04504e-05,1.37619e-06,2
366,k,0.000248572,1.08474e-05,2
367,Ux,0.000158328,6.08596e-06,2
367,Uy,0.000901256,3.79365e-05,2
367,p,0.000384583,3.10038e-06,7
367,omega,5.83663e-05,1.32506e-06,2
367,k,0.000243061,1.05379e-05,2
368,Ux,0.000152522,5.85833e-06,2
368,Uy,0.00087956,3.67933e-05,2
368,p,0.000366719,2.83645e-06,7
368,omega,5.63004e-05,1.27547e-06,2
368,k,0.000236967,1.02125e-05,2
369,Ux,0.000146804,5.63104e-06,2
369,Uy,0.000858528,3.5601e-05,2
369,p,0.000350117,2.26839e-06,7
369,omega,5.42669e-05,1.22763e-06,2
369,k,0.000230388,9.87433e-06,2
370,Ux,0.000141159,5.40566e-06,2
370,Uy,0.000836549,3.43761e-05,2
370,p,0.000334921,2.20937e-06,7
370,omega,5.22791e-05,1.18135e-06,2
370,k,0.000223412,9.52706e-06,2
371,Ux,0.000135579,5.18397e-06,2
371,Uy,0.000813833,3.31337e-05,2
371,p,0.000321005,2.60314e-06,8
371,omega,5.03317e-05,1.13665e-06,2
371,k,0.000216138,9.17435e-06,2
372,Ux,0.000130085,4.96649e-06,2
372,Uy,0.000790479,3.18774e-05,2
372,p,0.000308106,2.29116e-06,8
372,omega,4.8433e-05,1.09344e-06,2
372,k,0.000208631,8.81848e-06,2
373,Ux,0.000124697,4.75453e-06,2
373,Uy,0.000765988,3.06247e-05,2
373,p,0.000296299,2.10111e-06,8
373,omega,4.659e-05,1.05161e-06,2
373,k,0.000200964,8.46198e-06,2
374,Ux,0.00011944,4.54918e-06,2
374,Uy,0.000740817,2.93888e-05,2
374,p,0.000284984,1.95754e-06,8
374,omega,4.48009e-05,1.0111e-06,2
374,k,0.000193198,8.10709e-06,2
375,Ux,0.000114324,4.35089e-06,2
375,Uy,0.000715257,2.81779e-05,2
375,p,0.0002743,1.82223e-06,8
375,omega,4.30583e-05,9.71775e-07,2
375,k,0.000185394,7.75563e-06,2
376,Ux,0.000109371,4.16009e-06,2
376,Uy,0.000689587,2.69909e-05,2
376,p,0.000264161,1.6897e-06,8
376,omega,4.13687e-05,9.33507e-07,2
376,k,0.000177614,7.40934e-06,2
377,Ux,0.000104576,3.97692e-06,2
377,Uy,0.000663873,2.58315e-05,2
377,p,0.000254634,1.55764e-06,8
377,omega,3.97317e-05,8.96281e-07,2
377,k,0.000169902,7.07002e-06,2
378,Ux,9.99694e-05,3.80177e-06,2
378,Uy,0.000638243,2.47024e-05,2
378,p,0.000246371,1.4329e-06,8
378,omega,3.81437e-05,8.60108e-07,2
378,k,0.000162297,6.73895e-06,2
379,Ux,9.55457e-05,3.63463e-06,2
379,Uy,0.000612864,2.36083e-05,2
379,p,0.000239685,1.33228e-06,8
379,omega,3.65895e-05,8.2503e-07,2
379,k,0.000154835,6.41729e-06,2
380,Ux,9.13024e-05,3.47567e-06,2
380,Uy,0.00058788,2.25465e-05,2
380,p,0.000234478,1.26375e-06,8
380,omega,3.50683e-05,7.91014e-07,2
380,k,0.000147556,6.10587e-06,2
381,Ux,8.72573e-05,3.32491e-06,2
381,Uy,0.000563307,2.15191e-05,2
381,p,0.000230636,1.23839e-06,8
381,omega,3.35831e-05,7.5807e-07,2
381,k,0.000140478,5.80553e-06,2
382,Ux,8.34076e-05,3.18243e-06,2
382,Uy,0.000539213,2.05295e-05,2
382,p,0.00022683,1.22614e-06,8
382,omega,3.21378e-05,7.26271e-07,2
382,k,0.000133612,5.51703e-06,2
383,Ux,7.97568e-05,3.04796e-06,2
383,Uy,0.000515698,1.95815e-05,2
383,p,0.000223147,1.20841e-06,8
383,omega,3.07344e-05,6.95679e-07,2
383,k,0.000126984,5.2407e-06,2
384,Ux,7.62909e-05,2.92092e-06,2
384,Uy,0.00049289,1.86731e-05,2
384,p,0.000219493,1.18218e-06,8
384,omega,2.938e-05,6.66276e-07,2
384,k,0.000120611,4.97766e-06,2
385,Ux,7.30236e-05,2.80141e-06,2
385,Uy,0.00047078,1.78064e-05,2
385,p,0.000215609,1.16245e-06,8
385,omega,2.80753e-05,6.38132e-07,2
385,k,0.000114504,4.72826e-06,2
386,Ux,6.99455e-05,2.6891e-06,2
386,Uy,0.000449402,1.69849e-05,2
386,p,0.000211592,1.16801e-06,8
386,omega,2.68215e-05,6.11266e-07,2
386,k,0.000108689,4.49225e-06,2
387,Ux,6.70424e-05,2.58394e-06,2
387,Uy,0.000428824,1.62114e-05,2
387,p,0.000207318,1.19216e-06,8
387,omega,2.56303e-05,5.85712e-07,2
387,k,0.000103172,4.27009e-06,2
388,Ux,6.4322e-05,2.48502e-06,2
388,Uy,0.00040916,1.54836e-05,2
388,p,0.000202768,1.21953e-06,8
388,omega,2.44891e-05,5.61461e-07,2
388,k,9.79472e-05,4.0626e-06,2
389,Ux,6.17661e-05,2.3922e-06,2
389,Uy,0.000390405,1.48034e-05,2
389,p,0.000197923,1.23495e-06,8
389,omega,2.34117e-05,5.3855e-07,2
389,k,9.30279e-05,3.86972e-06,2
390,Ux,5.93848e-05,2.30514e-06,2
390,Uy,0.000372571,1.41735e-05,2
390,p,0.000192917,1.38811e-06,8
390,omega,2.24005e-05,5.16953e-07,2
390,k,8.84226e-05,3.69117e-06,2
391,Ux,5.71578e-05,2.22355e-06,2
391,Uy,0.000355709,1.35961e-05,2
391,p,0.000188155,1.65133e-06,7
391,omega,2.14549e-05,4.96699e-07,2
391,k,8.41357e-05,3.52667e-06,2
392,Ux,5.50885e-05,2.14701e-06,2
392,Uy,0.000339818,1.30649e-05,2
392,p,0.000183246,1.4601e-06,7
392,omega,2.05694e-05,4.77733e-07,2
392,k,8.0175e-05,3.37638e-06,2
393,Ux,5.31596e-05,2.07502e-06,2
393,Uy,0.000325011,1.25826e-05,2
393,p,0.000178375,1.31183e-06,7
393,omega,1.9741e-05,4.60009e-07,2
393,k,7.65346e-05,3.24027e-06,2
394,Ux,5.13714e-05,2.00639e-06,2
394,Uy,0.00031121,1.21479e-05,2
394,p,0.000173514,1.20325e-06,7
394,omega,1.89684e-05,4.43497e-07,2
394,k,7.32068e-05,3.1182e-06,2
395,Ux,4.97051e-05,1.94047e-06,2
395,Uy,0.000298418,1.17585e-05,2
395,p,0.000168534,1.12648e-06,7
395,omega,1.82496e-05,4.28214e-07,2
395,k,7.01947e-05,3.00977e-06,2
396,Ux,4.81392e-05,1.87707e-06,2
396,Uy,0.000286617,1.14111e-05,2
396,p,0.000163342,1.49461e-06,7
396,omega,1.75841e-05,4.14079e-07,2
396,k,6.74859e-05,2.91394e-06,2
397,Ux,4.66305e-05,1.81607e-06,2
397,Uy,0.000275788,1.11018e-05,2
397,p,0.000157965,6.0917e-07,8
397,omega,1.69695e-05,4.00926e-07,2
397,k,6.50693e-05,2.83027e-06,2
398,Ux,4.51953e-05,1.75736e-06,2
398,Uy,0.000265887,1.08243e-05,2
398,p,0.000152605,5.27187e-07,8
398,omega,1.64064e-05,3.885e-07,2
398,k,6.29467e-05,2.75797e-06,2
399,Ux,4.37784e-05,1.70089e-06,2
399,Uy,0.000256842,1.05727e-05,2
399,p,0.000147118,1.45115e-06,7
399,omega,1.58888e-05,3.76316e-07,2
399,k,6.10934e-05,2.6963e-06,2
400,Ux,4.23893e-05,1.64642e-06,2
400,Uy,0.000248587,1.03429e-05,2
400,p,0.000141568,1.38282e-06,6
400,omega,1.54137e-05,3.64238e-07,2
400,k,5.94984e-05,2.64411e-06,2
401,Ux,4.10226e-05,1.59379e-06,2
401,Uy,0.000241109,1.01298e-05,2
401,p,0.000135951,5.10786e-07,8
401,omega,1.49724e-05,3.52312e-07,2
401,k,5.81363e-05,2.59975e-06,2
402,Ux,3.9687e-05,1.54305e-06,2
402,Uy,0.000234316,9.92808e-06,2
402,p,0.000130305,5.24671e-07,8
402,omega,1.45484e-05,3.40629e-07,2
402,k,5.69795e-05,2.56044e-06,2
403,Ux,3.83802e-05,1.49394e-06,2
403,Uy,0.000228058,9.72854e-06,2
403,p,0.000124645,8.29138e-07,7
403,omega,1.41249e-05,3.29148e-07,2
403,k,5.59902e-05,2.52276e-06,2
404,Ux,3.71081e-05,1.44631e-06,2
404,Uy,0.000222306,9.52758e-06,2
404,p,0.000119005,8.43747e-07,7
404,omega,1.37011e-05,3.1797e-07,2
404,k,5.51222e-05,2.47945e-06,2
405,Ux,3.58705e-05,1.39998e-06,2
405,Uy,0.000216936,9.31996e-06,2
405,p,0.000113598,8.47273e-07,7
405,omega,1.32782e-05,3.0712e-07,2
405,k,5.43161e-05,2.42905e-06,2
406,Ux,3.46718e-05,1.35482e-06,2
406,Uy,0.000211886,9.10191e-06,2
406,p,0.000108282,7.95573e-07,7
406,omega,1.2858e-05,2.96584e-07,2
406,k,5.34453e-05,2.37248e-06,2
407,Ux,3.35108e-05,1.31044e-06,2
407,Uy,0.000207058,8.86629e-06,2
407,p,0.000103208,7.24443e-07,7
407,omega,1.24412e-05,2.86367e-07,2
407,k,5.24175e-05,2.31051e-06,2
408,Ux,3.23833e-05,1.26614e-06,2
408,Uy,0.000202392,8.60908e-06,2
408,p,9.8325e-05,6.47354e-07,7
408,omega,1.20291e-05,2.76499e-07,2
408,k,5.12518e-05,2.24394e-06,2
409,Ux,3.12846e-05,1.22174e-06,2
409,Uy,0.000197847,8.33295e-06,2
409,p,9.36496e-05,5.59052e-07,7
409,omega,1.16249e-05,2.66988e-07,2
409,k,4.99589e-05,2.17356e-06,2
410,Ux,3.02079e-05,1.17752e-06,2
410,Uy,0.000192996,8.04146e-06,2
410,p,8.93577e-05,4.64394e-07,7
410,omega,1.12288e-05,2.57792e-07,2
410,k,4.85583e-05,2.10005e-06,2
411,Ux,2.91466e-05,1.13373e-06,2
411,Uy,0.000187843,7.73757e-06,2
411,p,8.52521e-05,4.17884e-07,7
411,omega,1.08409e-05,2.48914e-07,2
411,k,4.70684e-05,2.02436e-06,2
412,Ux,2.80996e-05,1.09073e-06,2
412,Uy,0.000182486,7.42588e-06,2
412,p,8.14605e-05,4.54479e-07,7
412,omega,1.04632e-05,2.40326e-07,2
412,k,4.55075e-05,1.94719e-06,2
413,Ux,2.70673e-05,1.04884e-06,2
413,Uy,0.000176755,7.1099e-06,2
413,p,7.7905e-05,7.07068e-07,6
413,omega,1.00958e-05,2.31995e-07,2
413,k,4.38918e-05,1.86921e-06,2
414,Ux,2.60613e-05,1.00822e-06,2
414,Uy,0.000170728,6.79244e-06,2
414,p,7.45997e-05,4.07975e-07,8
414,omega,9.73802e-06,2.2391e-07,2
414,k,4.22386e-05,1.7912e-06,2
415,Ux,2.50736e-05,9.68856e-07,2
415,Uy,0.000164459,6.47587e-06,2
415,p,7.14896e-05,3.81603e-07,8
415,omega,9.39004e-06,2.16054e-07,2
415,k,4.05618e-05,1.71368e-06,2
416,Ux,2.41188e-05,9.31148e-07,2
416,Uy,0.000158055,6.165e-06,2
416,p,6.86577e-05,3.58583e-07,8
416,omega,9.05477e-06,2.08398e-07,2
416,k,3.8879e-05,1.6373e-06,2
417,Ux,2.31931e-05,8.95254e-07,2
417,Uy,0.000151578,5.8626e-06,2
417,p,6.60102e-05,3.37203e-07,8
417,omega,8.727e-06,2.00952e-07,2
417,k,3.72042e-05,1.56268e-06,2
418,Ux,2.23068e-05,8.61014e-07,2
418,Uy,0.000145096,5.56932e-06,2
418,p,6.36795e-05,3.0837e-07,8
418,omega,8.40523e-06,1.93718e-07,2
418,k,3.55512e-05,1.49024e-06,2
419,Ux,2.1455e-05,8.28533e-07,2
419,Uy,0.000138661,5.28714e-06,2
419,p,6.15383e-05,2.7804e-07,8
419,omega,8.0904e-06,1.86702e-07,2
419,k,3.39312e-05,1.42038e-06,2
420,Ux,2.06464e-05,7.97764e-07,2
420,Uy,0.000132328,5.019e-06,2
420,p,5.97088e-05,2.68687e-07,8
420,omega,7.78302e-06,1.79893e-07,2
420,k,3.23571e-05,1.35355e-06,2
421,Ux,1.98741e-05,7.68807e-07,2
421,Uy,0.000126139,4.76604e-06,2
421,p,5.83501e-05,5.39106e-07,7
421,omega,7.48452e-06,1.73312e-07,2
421,k,3.08363e-05,1.28997e-06,2
422,Ux,1.91433e-05,7.41466e-07,2
422,Uy,0.000120145,4.52799e-06,2
422,p,5.70533e-05,4.2871e-07,7
422,omega,7.19534e-06,1.66986e-07,2
422,k,2.9377e-05,1.22988e-06,2
423,Ux,1.84503e-05,7.15697e-07,2
423,Uy,0.000114389,4.30601e-06,2
423,p,5.57578e-05,3.37053e-07,7
423,omega,6.9173e-06,1.60924e-07,2
423,k,2.79871e-05,1.17358e-06,2
424,Ux,1.77966e-05,6.91397e-07,2
424,Uy,0.000108895,4.10179e-06,2
424,p,5.436e-05,3.21199e-07,7
424,omega,6.65132e-06,1.55131e-07,2
424,k,2.66717e-05,1.12128e-06,2
425,Ux,1.71825e-05,6.68526e-07,2
425,Uy,0.000103679,3.91568e-06,2
425,p,5.28616e-05,3.51151e-07,7
425,omega,6.39843e-06,1.49611e-07,2
425,k,2.54359e-05,1.07297e-06,2
426,Ux,1.66051e-05,6.46978e-07,2
426,Uy,9.87793e-05,3.74625e-06,2
426,p,5.12903e-05,3.69686e-07,7
426,omega,6.15874e-06,1.44388e-07,2
426,k,2.42844e-05,1.02869e-06,2
427,Ux,1.60662e-05,6.26631e-07,2
427,Uy,9.42145e-05,3.59315e-06,2
427,p,4.9702e-05,3.66978e-07,7
427,omega,5.93251e-06,1.39447e-07,2
427,k,2.32207e-05,9.88397e-07,2
428,Ux,1.5561e-05,6.07209e-07,2
428,Uy,8.99654e-05,3.4564e-06,2
428,p,4.80424e-05,3.47652e-07,7
428,omega,5.71838e-06,1.34794e-07,2
428,k,2.22453e-05,9.52074e-07,2
429,Ux,1.50898e-05,5.88471e-07,2
429,Uy,8.60341e-05,3.3351e-06,2
429,p,4.6352e-05,3.32373e-07,7
429,omega,5.51644e-06,1.30424e-07,2
429,k,2.13583e-05,9.19767e-07,2
430,Ux,1.46437e-05,5.7032e-07,2
430,Uy,8.24234e-05,3.22764e-06,2
430,p,4.47258e-05,3.17363e-07,7
430,omega,5.32805e-06,1.26313e-07,2
430,k,2.05597e-05,8.91268e-07,2
431,Ux,1.42109e-05,5.52754e-07,2
431,Uy,7.91329e-05,3.13271e-06,2
431,p,4.315e-05,2.18163e-07,8
431,omega,5.15232e-06,1.22446e-07,2
431,k,1.98473e-05,8.66449e-07,2
432,Ux,1.37959e-05,5.35717e-07,2
432,Uy,7.61375e-05,3.0491e-06,2
432,p,4.15699e-05,1.81567e-07,8
432,omega,4.98931e-06,1.18748e-07,2
432,k,1.92139e-05,8.44971e-07,2
433,Ux,1.33872e-05,5.19289e-07,2
433,Uy,7.3404e-05,2.97408e-06,2
433,p,3.99859e-05,1.69011e-07,8
433,omega,4.83856e-06,1.15074e-07,2
433,k,1.86617e-05,8.26607e-07,2
434,Ux,1.29835e-05,5.03338e-07,2
434,Uy,7.09257e-05,2.90651e-06,2
434,p,3.84627e-05,1.57689e-07,8
434,omega,4.69834e-06,1.11415e-07,2
434,k,1.81854e-05,8.10936e-07,2
435,Ux,1.25833e-05,4.8788e-07,2
435,Uy,6.869e-05,2.84516e-06,2
435,p,3.69701e-05,1.57682e-07,8
435,omega,4.56649e-06,1.07792e-07,2
435,k,1.7781e-05,7.975e-07,2
436,Ux,1.21903e-05,4.72854e-07,2
436,Uy,6.66629e-05,2.78782e-06,2
436,p,3.5512e-05,1.74423e-07,8
436,omega,4.4383e-06,1.04209e-07,2
436,k,1.74373e-05,7.8576e-07,2
437,Ux,1.18038e-05,4.58239e-07,2
437,Uy,6.48159e-05,2.73301e-06,2
437,p,3.40927e-05,1.90767e-07,8
437,omega,4.31052e-06,1.00685e-07,2
437,k,1.71448e-05,7.74673e-07,2
438,Ux,1.1424e-05,4.43991e-07,2
438,Uy,6.31164e-05,2.67907e-06,2
438,p,3.26983e-05,2.36251e-07,7
438,omega,4.18278e-06,9.72326e-08,2
438,k,1.6888e-05,7.62243e-07,2
439,Ux,1.10527e-05,4.30032e-07,2
439,Uy,6.15659e-05,2.62588e-06,2
439,p,3.13227e-05,2.4161e-07,7
439,omega,4.05522e-06,9.38578e-08,2
439,k,1.66515e-05,7.47788e-07,2
440,Ux,1.06884e-05,4.16297e-07,2
440,Uy,6.01141e-05,2.57153e-06,2
440,p,2.99585e-05,2.45714e-07,7
440,omega,3.92807e-06,9.05764e-08,2
440,k,1.64051e-05,7.31462e-07,2
441,Ux,1.03323e-05,4.027e-07,2
441,Uy,5.87516e-05,2.5151e-06,2
441,p,2.86594e-05,2.25474e-07,7
441,omega,3.80146e-06,8.73797e-08,2
441,k,1.61136e-05,7.13485e-07,2
442,Ux,9.98381e-06,3.89104e-07,2
442,Uy,5.74589e-05,2.45581e-06,2
442,p,2.73664e-05,2.05581e-07,7
442,omega,3.67617e-06,8.42766e-08,2
442,k,1.57802e-05,6.94093e-07,2
443,Ux,9.64132e-06,3.75423e-07,2
443,Uy,5.62189e-05,2.39221e-06,2
443,p,2.61365e-05,1.87445e-07,7
443,omega,3.55251e-06,8.12725e-08,2
443,k,1.54093e-05,6.73478e-07,2
444,Ux,9.30285e-06,3.61715e-07,2
444,Uy,5.50209e-05,2.32405e-06,2
444,p,2.49566e-05,1.66993e-07,7
444,omega,3.43107e-06,7.83699e-08,2
444,k,1.50062e-05,6.51878e-07,2
445,Ux,8.96807e-06,3.4802e-07,2
445,Uy,5.38059e-05,2.25189e-06,2
445,p,2.38317e-05,1.41601e-07,7
445,omega,3.31163e-06,7.55512e-08,2
445,k,1.45752e-05,6.29523e-07,2
446,Ux,8.63696e-06,3.34451e-07,2
446,Uy,5.24986e-05,2.17655e-06,2
446,p,2.27762e-05,1.21401e-07,7
446,omega,3.19452e-06,7.28268e-08,2
446,k,1.41212e-05,6.06576e-07,2
447,Ux,8.30881e-06,3.21079e-07,2
447,Uy,5.11647e-05,2.09904e-06,2
447,p,2.17829e-05,1.17586e-07,7
447,omega,3.08033e-06,7.01929e-08,2
447,k,1.36481e-05,5.83222e-07,2
448,Ux,7.98577e-06,3.07991e-07,2
448,Uy,4.9744e-05,2.01971e-06,2
448,p,2.0851e-05,1.66899e-07,6
448,omega,2.9691e-06,6.76309e-08,2
448,k,1.31596e-05,5.59632e-07,2
449,Ux,7.66893e-06,2.95277e-07,2
449,Uy,4.82416e-05,1.93916e-06,2
449,p,1.99777e-05,1.34088e-07,8
449,omega,2.86043e-06,6.51401e-08,2
449,k,1.26606e-05,5.35972e-07,2
450,Ux,7.35873e-06,2.82872e-07,2
450,Uy,4.66681e-05,1.85819e-06,2
450,p,1.91499e-05,1.25186e-07,8
450,omega,2.75431e-06,6.27136e-08,2
450,k,1.21556e-05,5.1241e-07,2
451,Ux,7.05651e-06,2.70925e-07,2
451,Uy,4.50463e-05,1.77799e-06,2
451,p,1.8361e-05,1.16875e-07,8
451,omega,2.6512e-06,6.03542e-08,2
451,k,1.16474e-05,4.89091e-07,2
452,Ux,6.76312e-06,2.59441e-07,2
452,Uy,4.3393e-05,1.69858e-06,2
452,p,1.76379e-05,1.07316e-07,8
452,omega,2.55119e-06,5.80518e-08,2
452,k,1.11403e-05,4.66171e-07,2
453,Ux,6.48001e-06,2.48455e-07,2
453,Uy,4.17229e-05,1.62045e-06,2
453,p,1.69969e-05,9.75512e-08,8
453,omega,2.45305e-06,5.58054e-08,2
453,k,1.0638e-05,4.43745e-07,2
454,Ux,6.20748e-06,2.37977e-07,2
454,Uy,4.00451e-05,1.54431e-06,2
454,p,1.64458e-05,9.06745e-08,8
454,omega,2.35623e-06,5.36214e-08,2
454,k,1.01422e-05,4.2192e-07,2
455,Ux,5.94689e-06,2.28029e-07,2
455,Uy,3.8371e-05,1.47058e-06,2
455,p,1.60071e-05,8.64638e-08,8
455,omega,2.26125e-06,5.15e-08,2
455,k,9.65614e-06,4.00806e-07,2
456,Ux,5.69685e-06,2.1857e-07,2
456,Uy,3.67137e-05,1.39934e-06,2
456,p,1.57105e-05,8.30271e-08,8
456,omega,2.16884e-06,4.94459e-08,2
456,k,9.18244e-06,3.80474e-07,2
457,Ux,5.45902e-06,2.09612e-07,2
457,Uy,3.50847e-05,1.33093e-06,2
457,p,1.54441e-05,8.02302e-08,8
457,omega,2.079e-06,4.74589e-08,2
457,k,8.72306e-06,3.61001e-07,2
458,Ux,5.23232e-06,2.0116e-07,2
458,Uy,3.34898e-05,1.26595e-06,2
458,p,1.5179e-05,7.91533e-08,8
458,omega,1.99179e-06,4.55452e-08,2
458,k,8.28017e-06,3.42484e-07,2
459,Ux,5.01812e-06,1.93201e-07,2
459,Uy,3.1939e-05,1.20455e-06,2
459,p,1.49044e-05,8.0891e-08,8
459,omega,1.90762e-06,4.37086e-08,2
459,k,7.85573e-06,3.24955e-07,2
460,Ux,4.81497e-06,1.85727e-07,2
460,Uy,3.04444e-05,1.14671e-06,2
460,p,1.46098e-05,8.25493e-08,8
460,omega,1.82673e-06,4.19482e-08,2
460,k,7.45168e-06,3.08451e-07,2
461,Ux,4.62402e-06,1.78694e-07,2
461,Uy,2.90116e-05,1.09268e-06,2
461,p,1.43034e-05,8.22041e-08,8
461,omega,1.74936e-06,4.02721e-08,2
461,k,7.06849e-06,2.93019e-07,2
462,Ux,4.44366e-06,1.7209e-07,2
462,Uy,2.76432e-05,1.04287e-06,2
462,p,1.39725e-05,1.31514e-07,7
462,omega,1.67572e-06,3.86773e-08,2
462,k,6.70709e-06,2.7867e-07,2
463,Ux,4.27547e-06,1.65881e-07,2
463,Uy,2.63412e-05,9.97052e-07,2
463,p,1.36148e-05,1.12912e-07,7
463,omega,1.6058e-06,3.71678e-08,2
463,k,6.36843e-06,2.65408e-07,2
464,Ux,4.11729e-06,1.60053e-07,2
464,Uy,2.51217e-05,9.55127e-07,2
464,p,1.32449e-05,1.04515e-07,7
464,omega,1.53974e-06,3.57455e-08,2
464,k,6.05293e-06,2.53247e-07,2
465,Ux,3.97003e-06,1.54561e-07,2
465,Uy,2.3979e-05,9.17058e-07,2
465,p,1.28641e-05,1.00717e-07,7
465,omega,1.4778e-06,3.44069e-08,2
465,k,5.76113e-06,2.42199e-07,2
466,Ux,3.83244e-06,1.49396e-07,2
466,Uy,2.29124e-05,8.82944e-07,2
466,p,1.24936e-05,9.20497e-08,7
466,omega,1.41943e-06,3.31496e-08,2
466,k,5.4936e-06,2.322e-07,2
467,Ux,3.70483e-06,1.44461e-07,2
467,Uy,2.19221e-05,8.52463e-07,2
467,p,1.21142e-05,8.54838e-08,7
467,omega,1.3646e-06,3.19781e-08,2
467,k,5.25009e-06,2.23253e-07,2
468,Ux,3.58528e-06,1.39714e-07,2
468,Uy,2.10118e-05,8.25273e-07,2
468,p,1.17317e-05,7.99554e-08,7
468,omega,1.31356e-06,3.0889e-08,2
468,k,5.02988e-06,2.1534e-07,2
469,Ux,3.47289e-06,1.35149e-07,2
469,Uy,2.01771e-05,8.01068e-07,2
469,p,1.13423e-05,5.56899e-08,8
469,omega,1.26622e-06,2.98731e-08,2
469,k,4.83282e-06,2.08399e-07,2
470,Ux,3.36423e-06,1.30766e-07,2
470,Uy,1.94144e-05,7.79656e-07,2
470,p,1.09464e-05,4.50062e-08,8
470,omega,1.22258e-06,2.89257e-08,2
470,k,4.6577e-06,2.02383e-07,2
471,Ux,3.26071e-06,1.26542e-07,2
471,Uy,1.8715e-05,7.60359e-07,2
471,p,1.05549e-05,3.86948e-08,8
471,omega,1.18232e-06,2.80272e-08,2
471,k,4.50357e-06,1.9721e-07,2
472,Ux,3.15846e-06,1.22473e-07,2
472,Uy,1.80776e-05,7.42824e-07,2
472,p,1.01698e-05,3.5101e-08,8
472,omega,1.14515e-06,2.71406e-08,2
472,k,4.37013e-06,1.92822e-07,2
473,Ux,3.05808e-06,1.18549e-07,2
473,Uy,1.74998e-05,7.26808e-07,2
473,p,9.78117e-06,9.63456e-08,7
473,omega,1.11088e-06,2.62629e-08,2
473,k,4.25627e-06,1.89117e-07,2
474,Ux,2.95942e-06,1.1476e-07,2
474,Uy,1.69758e-05,7.11914e-07,2
474,p,9.39647e-06,9.94515e-08,7
474,omega,1.079e-06,2.53961e-08,2
474,k,4.15951e-06,1.85988e-07,2
475,Ux,2.86296e-06,1.11111e-07,2
475,Uy,1.64973e-05,6.97669e-07,2
475,p,9.0154e-06,3.80683e-08,8
475,omega,1.04822e-06,2.45442e-08,2
475,k,4.07793e-06,1.83264e-07,2
476,Ux,2.76861e-06,1.0757e-07,2
476,Uy,1.60573e-05,6.83611e-07,2
476,p,8.63366e-06,5.76515e-08,7
476,omega,1.0175e-06,2.37099e-08,2
476,k,4.00837e-06,1.80673e-07,2
477,Ux,2.6766e-06,1.04131e-07,2
477,Uy,1.56534e-05,6.69579e-07,2
477,p,8.25235e-06,5.92273e-08,7
477,omega,9.86841e-07,2.28965e-08,2
477,k,3.9478e-06,1.77704e-07,2
478,Ux,2.5871e-06,1.0078e-07,2
478,Uy,1.52759e-05,6.55318e-07,2
478,p,7.88523e-06,6.14141e-08,7
478,omega,9.56316e-07,2.21046e-08,2
478,k,3.89191e-06,1.74227e-07,2
479,Ux,2.5001e-06,9.7514e-08,2
479,Uy,1.49208e-05,6.40436e-07,2
479,p,7.52856e-06,5.83643e-08,7
479,omega,9.25927e-07,2.13348e-08,2
479,k,3.83248e-06,1.70299e-07,2
480,Ux,2.41566e-06,9.42994e-08,2
480,Uy,1.45821e-05,6.2468e-07,2
480,p,7.18323e-06,5.34119e-08,7
480,omega,8.95825e-07,2.05899e-08,2
480,k,3.76167e-06,1.65983e-07,2
481,Ux,2.33342e-06,9.10883e-08,2
481,Uy,1.42569e-05,6.07661e-07,2
481,p,6.8526e-06,4.78322e-08,7
481,omega,8.66102e-07,1.98708e-08,2
481,k,3.68087e-06,1.61343e-07,2
482,Ux,2.25326e-06,8.78715e-08,2
482,Uy,1.39418e-05,5.89492e-07,2
482,p,6.53567e-06,4.11867e-08,7
482,omega,8.37024e-07,1.91752e-08,2
482,k,3.59119e-06,1.56422e-07,2
483,Ux,2.17453e-06,8.46638e-08,2
483,Uy,1.36198e-05,5.70264e-07,2
483,p,6.2416e-06,3.40809e-08,7
483,omega,8.08408e-07,1.85029e-08,2
483,k,3.49373e-06,1.5128e-07,2
484,Ux,2.09701e-06,8.14814e-08,2
484,Uy,1.32729e-05,5.50208e-07,2
484,p,5.96106e-06,9.18248e-08,5
484,omega,7.80372e-07,1.78532e-08,2
484,k,3.3896e-06,1.45961e-07,2
485,Ux,2.02048e-06,7.83558e-08,2
485,Uy,1.29181e-05,5.29498e-07,2
485,p,5.70331e-06,9.13835e-08,5
485,omega,7.53033e-07,1.72259e-08,2
485,k,3.28029e-06,1.40524e-07,2
486,Ux,1.94521e-06,7.52958e-08,2
486,Uy,1.25408e-05,5.08542e-07,2
486,p,5.46003e-06,5.66187e-08,6
486,omega,7.26465e-07,1.6618e-08,2
486,k,3.16698e-06,1.35015e-07,2
487,Ux,1.87114e-06,7.23178e-08,2
487,Uy,1.21455e-05,4.87429e-07,2
487,p,5.23125e-06,6.72817e-08,6
487,omega,7.00575e-07,1.60284e-08,2
487,k,3.0506e-06,1.29484e-07,2
488,Ux,1.79881e-06,6.942e-08,2
488,Uy,1.17327e-05,4.6623e-07,2
488,p,5.01645e-06,6.61134e-08,6
488,omega,6.75345e-07,1.54544e-08,2
488,k,2.9324e-06,1.23975e-07,2
489,Ux,1.72826e-06,6.66317e-08,2
489,Uy,1.13069e-05,4.45207e-07,2
489,p,4.81112e-06,6.4567e-08,6
489,omega,6.50812e-07,1.48966e-08,2
489,k,2.81334e-06,1.18515e-07,2
490,Ux,1.6603e-06,6.39704e-08,2
490,Uy,1.0873e-05,4.24612e-07,2
490,p,4.62323e-06,6.33478e-08,6
490,omega,6.27036e-07,1.4353e-08,2
490,k,2.69418e-06,1.1315e-07,2
491,Ux,1.59458e-06,6.14369e-08,2
491,Uy,1.04362e-05,4.04429e-07,2
491,p,4.45668e-06,6.26874e-08,6
491,omega,6.03583e-07,1.3824e-08,2
491,k,2.57595e-06,1.07909e-07,2
492,Ux,1.53175e-06,5.90255e-08,2
492,Uy,1.00003e-05,3.84817e-07,2
492,p,4.30768e-06,6.20065e-08,6
492,omega,5.80634e-07,1.33108e-08,2
492,k,2.45954e-06,1.02818e-07,2
493,Ux,1.47134e-06,5.67336e-08,2
493,Uy,9.56739e-06,3.65954e-07,2
493,p,4.18386e-06,6.10051e-08,6
493,omega,5.58191e-07,1.2812e-08,2
493,k,2.34564e-06,9.79105e-08,2
494,Ux,1.41397e-06,5.45585e-08,2
494,Uy,9.14068e-06,3.47976e-07,2
494,p,4.08801e-06,5.97671e-08,6
494,omega,5.36309e-07,1.23302e-08,2
494,k,2.23494e-06,9.32127e-08,2
495,Ux,1.35919e-06,5.25091e-08,2
495,Uy,8.72479e-06,3.30871e-07,2
495,p,4.01154e-06,5.84246e-08,6
495,omega,5.1509e-07,1.18659e-08,2
495,k,2.12818e-06,8.87376e-08,2
496,Ux,1.30738e-06,5.05729e-08,2
496,Uy,8.32168e-06,3.14699e-07,2
496,p,3.93059e-06,5.80076e-08,6
496,omega,4.94604e-07,1.14182e-08,2
496,k,2.02565e-06,8.44988e-08,2
497,Ux,1.25812e-06,4.87498e-08,2
497,Uy,7.93224e-06,2.99574e-07,2
497,p,3.84986e-06,9.71181e-08,5
497,omega,4.74906e-07,1.09886e-08,2
497,k,1.92771e-06,8.05143e-08,2
498,Ux,1.21192e-06,4.70354e-08,2
498,Uy,7.55674e-06,2.85513e-07,2
498,p,3.76206e-06,9.05791e-08,5
498,omega,4.56037e-07,1.05803e-08,2
498,k,1.83477e-06,7.67929e-08,2
499,Ux,1.16833e-06,4.54285e-08,2
499,Uy,7.20088e-06,2.72523e-07,2
499,p,3.66678e-06,8.67624e-08,5
499,omega,4.38045e-07,1.0191e-08,2
499,k,1.74724e-06,7.33383e-08,2
500,Ux,1.12755e-06,4.39154e-08,2
500,Uy,6.86502e-06,2.60617e-07,2
500,p,3.5678e-06,8.51779e-08,5
500,omega,4.20977e-07,9.82133e-09,2
500,k,1.66525e-06,7.01583e-08,2
501,Ux,1.08922e-06,4.24896e-08,2
501,Uy,6.54879e-06,2.49818e-07,2
501,p,3.46508e-06,8.48615e-08,5
501,omega,4.04903e-07,9.47215e-09,2
501,k,1.5892e-06,6.7251e-08,2
502,Ux,1.05343e-06,4.11376e-08,2
502,Uy,6.25312e-06,2.40103e-07,2
502,p,3.35757e-06,7.96859e-08,5
502,omega,3.89748e-07,9.14396e-09,2
502,k,1.51915e-06,6.4611e-08,2
503,Ux,1.02008e-06,3.98436e-08,2
503,Uy,5.97941e-06,2.31414e-07,2
503,p,3.24669e-06,7.5402e-08,5
503,omega,3.75478e-07,8.8363e-09,2
503,k,1.4551e-06,6.22405e-08,2
504,Ux,9.88903e-07,3.85944e-08,2
504,Uy,5.72692e-06,2.23682e-07,2
504,p,3.14111e-06,7.93943e-08,5
504,omega,3.62117e-07,8.54786e-09,2
504,k,1.39708e-06,6.01344e-08,2
505,Ux,9.59456e-07,3.73896e-08,2
505,Uy,5.49456e-06,2.16832e-07,2
505,p,3.03749e-06,9.57681e-08,5
505,omega,3.49651e-07,8.27775e-09,2
505,k,1.3449e-06,5.82801e-08,2
506,Ux,9.30869e-07,3.62244e-08,2
506,Uy,5.2821e-06,2.1078e-07,2
506,p,2.93153e-06,9.81617e-08,5
506,omega,3.38061e-07,8.02406e-09,2
506,k,1.29821e-06,5.66664e-08,2
507,Ux,9.03539e-07,3.50966e-08,2
507,Uy,5.08912e-06,2.05395e-07,2
507,p,2.82368e-06,9.63669e-08,4
507,omega,3.27318e-07,7.78061e-09,2
507,k,1.25701e-06,5.52744e-08,2
508,Ux,8.76316e-07,3.40273e-08,2
508,Uy,4.91108e-06,2.00406e-07,2
508,p,2.72103e-06,8.89734e-08,4
508,omega,3.17428e-07,7.53894e-09,2
508,k,1.22131e-06,5.40852e-08,2
509,Ux,8.4955e-07,3.29866e-08,2
509,Uy,4.74984e-06,1.95946e-07,2
509,p,2.62149e-06,9.09292e-08,4
509,omega,3.08215e-07,7.29855e-09,2
509,k,1.19056e-06,5.3073e-08,2
510,Ux,8.23081e-07,3.19707e-08,2
510,Uy,4.60469e-06,1.91897e-07,2
510,p,2.52263e-06,8.79421e-08,5
510,omega,2.99601e-07,7.06144e-09,2
510,k,1.16445e-06,5.22141e-08,2
511,Ux,7.97071e-07,3.09615e-08,2
511,Uy,4.4739e-06,1.88179e-07,2
511,p,2.41846e-06,5.09397e-08,5
511,omega,2.91214e-07,6.82763e-09,2
511,k,1.14229e-06,5.14502e-08,2
512,Ux,7.71402e-07,2.99818e-08,2
512,Uy,4.35213e-06,1.84447e-07,2
512,p,2.31363e-06,4.82277e-08,5
512,omega,2.82828e-07,6.59805e-09,2
512,k,1.12325e-06,5.07158e-08,2
513,Ux,7.46309e-07,2.9035e-08,2
513,Uy,4.24094e-06,1.80776e-07,2
513,p,2.21244e-06,4.6467e-08,5
513,omega,2.7445e-07,6.37288e-09,2
513,k,1.10662e-06,4.98739e-08,2
514,Ux,7.21828e-07,2.8118e-08,2
514,Uy,4.13802e-06,1.77076e-07,2
514,p,2.114e-06,4.44264e-08,5
514,omega,2.66073e-07,6.15393e-09,2
514,k,1.09114e-06,4.88967e-08,2
515,Ux,6.98014e-07,2.72219e-08,2
515,Uy,4.04266e-06,1.73283e-07,2
515,p,2.02052e-06,4.19226e-08,5
515,omega,2.57716e-07,5.94099e-09,2
515,k,1.07439e-06,4.77982e-08,2
516,Ux,6.74823e-07,2.63373e-08,2
516,Uy,3.95224e-06,1.6933e-07,2
516,p,1.93007e-06,3.89049e-08,5
516,omega,2.49418e-07,5.73364e-09,2
516,k,1.05451e-06,4.6591e-08,2
517,Ux,6.52141e-07,2.54504e-08,2
517,Uy,3.86602e-06,1.6507e-07,2
517,p,1.84284e-06,3.57376e-08,5
517,omega,2.41203e-07,5.53272e-09,2
517,k,1.03191e-06,4.52931e-08,2
518,Ux,6.29899e-07,2.45573e-08,2
518,Uy,3.78203e-06,1.60446e-07,2
518,p,1.75867e-06,9.53078e-08,4
518,omega,2.33068e-07,5.33861e-09,2
518,k,1.00691e-06,4.39202e-08,2
519,Ux,6.07837e-07,2.36585e-08,2
519,Uy,3.69881e-06,1.55504e-07,2
519,p,1.67922e-06,8.85904e-08,4
519,omega,2.25139e-07,5.15054e-09,2
519,k,9.79828e-07,4.24843e-08,2
520,Ux,5.86065e-07,2.27641e-08,2
520,Uy,3.61032e-06,1.5034e-07,2
520,p,1.60546e-06,8.16126e-08,4
520,omega,2.1735e-07,4.96873e-09,2
520,k,9.50954e-07,4.10002e-08,2
521,Ux,5.64531e-07,2.18805e-08,2
521,Uy,3.51799e-06,1.44982e-07,2
521,p,1.53398e-06,9.65235e-08,3
521,omega,2.0973e-07,4.79237e-09,2
521,k,9.20569e-07,3.94799e-08,2
522,Ux,5.43481e-07,2.1036e-08,2
522,Uy,3.4239e-06,1.39526e-07,2
522,p,1.47121e-06,9.63517e-08,3
522,omega,2.02284e-07,4.62155e-09,2
522,k,8.89041e-07,3.79389e-08,2
523,Ux,5.22647e-07,2.01953e-08,2
523,Uy,3.32353e-06,1.34007e-07,2
523,p,1.4117e-06,9.78417e-08,3
523,omega,1.95034e-07,4.45576e-09,2
523,k,8.56633e-07,3.63875e-08,2
524,Ux,5.02167e-07,1.93687e-08,2
524,Uy,3.21736e-06,1.28447e-07,2
524,p,1.35489e-06,3.73538e-08,4
524,omega,1.87967e-07,4.29476e-09,2
524,k,8.2369e-07,3.48387e-08,2
525,Ux,4.82161e-07,1.85647e-08,2
525,Uy,3.10611e-06,1.22862e-07,2
525,p,1.29732e-06,4.03019e-08,4
525,omega,1.81091e-07,4.13758e-09,2
525,k,7.90402e-07,3.33011e-08,2
526,Ux,4.62734e-07,1.77968e-08,2
526,Uy,2.99212e-06,1.17321e-07,2
526,p,1.24491e-06,4.26435e-08,4
526,omega,1.74427e-07,3.9845e-09,2
526,k,7.57048e-07,3.1785e-08,2
527,Ux,4.43976e-07,1.70654e-08,2
527,Uy,2.87628e-06,1.11883e-07,2
527,p,1.19754e-06,4.43369e-08,4
527,omega,1.67909e-07,3.83518e-09,2
527,k,7.23848e-07,3.02995e-08,2
528,Ux,4.25912e-07,1.63715e-08,2
528,Uy,2.75978e-06,1.06573e-07,2
528,p,1.15652e-06,4.60595e-08,4
528,omega,1.61471e-07,3.68993e-09,2
528,k,6.91011e-07,2.8852e-08,2
529,Ux,4.08666e-07,1.57125e-08,2
529,Uy,2.64375e-06,1.01412e-07,2
529,p,1.1221e-06,4.80513e-08,4
529,omega,1.55135e-07,3.54863e-09,2
529,k,6.58789e-07,2.74494e-08,2
530,Ux,3.92109e-07,1.50884e-08,2
530,Uy,2.529e-06,9.64359e-08,2
530,p,1.09838e-06,5.01505e-08,4
530,omega,1.48958e-07,3.41163e-09,2
530,k,6.27382e-07,2.61018e-08,2
531,Ux,3.76337e-07,1.44951e-08,2
531,Uy,2.41601e-06,9.17046e-08,2
531,p,1.08034e-06,5.19612e-08,4
531,omega,1.42953e-07,3.27914e-09,2
531,k,5.96887e-07,2.48115e-08,2
532,Ux,3.61293e-07,1.39345e-08,2
532,Uy,2.30573e-06,8.72102e-08,2
532,p,1.06187e-06,5.3463e-08,4
532,omega,1.37132e-07,3.1516e-09,2
532,k,5.67519e-07,2.3584e-08,2
533,Ux,3.47101e-07,1.3405e-08,2
533,Uy,2.19907e-06,8.29655e-08,2
533,p,1.04269e-06,5.47222e-08,4
533,omega,1.31519e-07,3.02898e-09,2
533,k,5.39385e-07,2.24241e-08,2
534,Ux,3.3362e-07,1.29071e-08,2
534,Uy,2.09643e-06,7.8989e-08,2
534,p,1.02186e-06,5.5843e-08,4
534,omega,1.26122e-07,2.91153e-09,2
534,k,5.12561e-07,2.1333e-08,2
535,Ux,3.20951e-07,1.24376e-08,2
535,Uy,1.99795e-06,7.53173e-08,2
535,p,9.99487e-07,5.66871e-08,4
535,omega,1.20964e-07,2.79956e-09,2
535,k,4.87153e-07,2.03136e-08,2
536,Ux,3.08975e-07,1.19969e-08,2
536,Uy,1.90414e-06,7.19222e-08,2
536,p,9.75536e-07,9.68103e-08,3
536,omega,1.1606e-07,2.69278e-09,2
536,k,4.6317e-07,1.93665e-08,2
537,Ux,2.97861e-07,1.15893e-08,2
537,Uy,1.81374e-06,6.87256e-08,2
537,p,9.5114e-07,9.46774e-08,3
537,omega,1.11379e-07,2.59199e-09,2
537,k,4.40791e-07,1.84962e-08,2
538,Ux,2.87424e-07,1.12042e-08,2
538,Uy,1.72898e-06,6.5823e-08,2
538,p,9.26329e-07,9.37733e-08,3
538,omega,1.06969e-07,2.49662e-09,2
538,k,4.19993e-07,1.77009e-08,2
539,Ux,2.7766e-07,1.08388e-08,2
539,Uy,1.64977e-06,6.32241e-08,2
539,p,9.00697e-07,9.44736e-08,3
539,omega,1.02825e-07,2.40687e-09,2
539,k,4.00797e-07,1.69785e-08,2
540,Ux,2.68516e-07,1.04881e-08,2
540,Uy,1.57635e-06,6.09209e-08,2
540,p,8.74935e-07,9.81322e-08,3
540,omega,9.89335e-08,2.32298e-09,2
540,k,3.83225e-07,1.63291e-08,2
541,Ux,2.59974e-07,1.01479e-08,2
541,Uy,1.50938e-06,5.88905e-08,2
541,p,8.49258e-07,4.99235e-08,4
541,omega,9.52728e-08,2.24477e-09,2
541,k,3.67335e-07,1.57517e-08,2
542,Ux,2.51878e-07,9.81266e-09,2
542,Uy,1.45063e-06,5.7156e-08,2
542,p,8.17317e-07,9.47563e-08,3
542,omega,9.19249e-08,2.17151e-09,2
542,k,3.53029e-07,1.52402e-08,2
543,Ux,2.4426e-07,9.49834e-09,2
543,Uy,1.39398e-06,5.55525e-08,2
543,p,7.90688e-07,8.61517e-08,3
543,omega,8.87758e-08,2.10307e-09,2
543,k,3.40293e-07,1.47959e-08,2
544,Ux,2.36947e-07,9.19697e-09,2
544,Uy,1.34251e-06,5.41178e-08,2
544,p,7.64119e-07,7.79946e-08,3
544,omega,8.58609e-08,2.03822e-09,2
544,k,3.29025e-07,1.44132e-08,2
545,Ux,2.29769e-07,8.90918e-09,2
545,Uy,1.29579e-06,5.28108e-08,2
545,p,7.3727e-07,7.3008e-08,3
545,omega,8.31604e-08,1.97444e-09,2
545,k,3.19152e-07,1.4086e-08,2
546,Ux,2.22671e-07,8.6319e-09,2
546,Uy,1.25302e-06,5.16088e-08,2
546,p,7.09795e-07,7.14486e-08,3
546,omega,8.06609e-08,1.91098e-09,2
546,k,3.10618e-07,1.38078e-08,2
547,Ux,2.15638e-07,8.3646e-09,2
547,Uy,1.21392e-06,5.04985e-08,2
547,p,6.82073e-07,7.1251e-08,3
547,omega,7.83332e-08,1.84806e-09,2
547,k,3.03365e-07,1.35708e-08,2
548,Ux,2.0874e-07,8.10592e-09,2
548,Uy,1.17791e-06,4.94591e-08,2
548,p,6.542e-07,6.68137e-08,3
548,omega,7.60917e-08,1.78586e-09,2
548,k,2.97241e-07,1.33649e-08,2
549,Ux,2.01963e-07,7.85365e-09,2
549,Uy,1.1445e-06,4.84451e-08,2
549,p,6.26612e-07,5.25684e-08,3
549,omega,7.38581e-08,1.72484e-09,2
549,k,2.92025e-07,1.3175e-08,2
550,Ux,1.95292e-07,7.60532e-09,2
550,Uy,1.11334e-06,4.74062e-08,2
550,p,5.99333e-07,4.63539e-08,3
550,omega,7.16348e-08,1.66512e-09,2
550,k,2.87509e-07,1.29669e-08,2
551,Ux,1.8879e-07,7.35886e-09,2
551,Uy,1.08482e-06,4.63841e-08,2
551,p,5.73459e-07,4.36045e-08,3
551,omega,6.94275e-08,9.87651e-09,1
551,k,2.83563e-07,1.27275e-08,2
552,Ux,1.8236e-07,7.11197e-09,2
552,Uy,1.05911e-06,4.53974e-08,2
552,p,5.48673e-07,4.09158e-08,3
552,omega,6.81137e-08,9.68216e-09,1
552,k,2.79693e-07,1.24583e-08,2
553,Ux,1.761e-07,6.86936e-09,2
553,Uy,1.03542e-06,4.43957e-08,2
553,p,5.24087e-07,9.67685e-08,2
553,omega,6.66812e-08,9.47873e-09,1
553,k,2.74962e-07,1.21565e-08,2
554,Ux,1.69905e-07,6.62762e-09,2
554,Uy,1.01227e-06,4.32859e-08,2
554,p,5.02059e-07,9.5303e-08,2
554,omega,6.5225e-08,9.26901e-09,1
554,k,2.69389e-07,1.18272e-08,2
555,Ux,1.63898e-07,6.38987e-09,2
555,Uy,9.89623e-07,4.2081e-08,2
555,p,4.80764e-07,9.35175e-08,2
555,omega,6.37076e-08,9.05311e-09,1
555,k,2.63094e-07,1.14743e-08,2
556,Ux,1.58047e-07,6.1549e-09,2
556,Uy,9.67248e-07,4.07869e-08,2
556,p,4.61205e-07,9.10509e-08,2
556,omega,6.21517e-08,8.83306e-09,1
556,k,2.56171e-07,1.11024e-08,2
557,Ux,1.52341e-07,5.92264e-09,2
557,Uy,9.44074e-07,3.94176e-08,2
557,p,4.42368e-07,8.69846e-08,2
557,omega,6.0568e-08,8.60964e-09,1
557,k,2.48715e-07,1.07146e-08,2
558,Ux,1.46745e-07,5.69349e-09,2
558,Uy,9.19521e-07,3.79978e-08,2
558,p,4.24334e-07,7.72632e-08,2
558,omega,5.89617e-08,8.38424e-09,1
558,k,2.40802e-07,1.0315e-08,2
559,Ux,1.41242e-07,5.46971e-09,2
559,Uy,8.95424e-07,3.65669e-08,2
559,p,4.06458e-07,6.54057e-08,2
559,omega,5.73441e-08,8.15716e-09,1
559,k,2.32518e-07,9.90801e-09,2
560,Ux,1.35816e-07,5.25068e-09,2
560,Uy,8.70942e-07,3.51565e-08,2
560,p,3.88307e-07,6.45404e-08,2
560,omega,5.57293e-08,7.92952e-09,1
560,k,2.23977e-07,9.49691e-09,2
561,Ux,1.30452e-07,5.03341e-09,2
561,Uy,8.44694e-07,3.37272e-08,2
561,p,3.7101e-07,6.5979e-08,2
561,omega,5.41174e-08,7.7021e-09,1
561,k,2.15252e-07,9.08574e-09,2
562,Ux,1.2521e-07,4.81975e-09,2
562,Uy,8.16167e-07,3.22676e-08,2
562,p,3.55085e-07,6.59216e-08,2
562,omega,5.25101e-08,7.47539e-09,1
562,k,2.06426e-07,8.67681e-09,2
563,Ux,1.20097e-07,4.6139e-09,2
563,Uy,7.85923e-07,3.07987e-08,2
563,p,3.40356e-07,6.46634e-08,2
563,omega,5.09108e-08,7.24798e-09,1
563,k,1.97558e-07,8.27298e-09,2
564,Ux,1.15158e-07,4.41826e-09,2
564,Uy,7.54828e-07,2.93566e-08,2
564,p,3.26853e-07,6.2558e-08,2
564,omega,4.9327e-08,7.0207e-09,1
564,k,1.88717e-07,7.87648e-09,2
565,Ux,1.10382e-07,4.23394e-09,2
565,Uy,7.23762e-07,2.79567e-08,2
565,p,3.15227e-07,6.01709e-08,2
565,omega,4.77231e-08,6.79413e-09,1
565,k,1.79963e-07,7.4898e-09,2
566,Ux,1.05816e-07,4.06076e-09,2
566,Uy,6.9325e-07,2.6609e-08,2
566,p,3.05981e-07,5.80854e-08,2
566,omega,4.61191e-08,6.56874e-09,1
566,k,1.71358e-07,7.11526e-09,2
567,Ux,1.01443e-07,3.8978e-09,2
567,Uy,6.63397e-07,2.53204e-08,2
567,p,2.99582e-07,5.66092e-08,2
567,omega,4.45257e-08,6.34561e-09,1
567,k,1.62967e-07,6.75423e-09,2
568,Ux,9.72751e-08,3.74383e-09,2
568,Uy,6.34214e-07,2.40963e-08,2
568,p,2.95802e-07,5.5967e-08,2
568,omega,4.29453e-08,6.12561e-09,1
568,k,1.54822e-07,6.40901e-09,2
569,Ux,9.32955e-08,3.59763e-09,2
569,Uy,6.05785e-07,2.29275e-08,2
569,p,2.92129e-07,5.58337e-08,2
569,omega,4.13884e-08,5.9089e-09,1
569,k,1.46964e-07,6.08057e-09,2
570,Ux,8.9527e-08,3.4587e-09,2
570,Uy,5.78194e-07,2.18124e-08,2
570,p,2.87622e-07,5.59436e-08,2
570,omega,3.98613e-08,5.69671e-09,1
570,k,1.39429e-07,5.76924e-09,2
571,Ux,8.59631e-08,3.32719e-09,2
571,Uy,5.513e-07,2.07545e-08,2
571,p,2.82141e-07,5.60872e-08,2
571,omega,3.83677e-08,5.48976e-09,1
571,k,1.32243e-07,5.47661e-09,2
572,Ux,8.26249e-08,3.20298e-09,2
572,Uy,5.25175e-07,1.97628e-08,2
572,p,2.75803e-07,5.6053e-08,2
572,omega,3.69199e-08,5.2891e-09,1
572,k,1.25427e-07,5.20315e-09,2
573,Ux,7.94763e-08,3.08609e-09,2
573,Uy,4.99979e-07,1.8843e-08,2
573,p,2.69287e-07,5.57695e-08,2
573,omega,3.55201e-08,5.09515e-09,1
573,k,1.19015e-07,4.94897e-09,2
574,Ux,7.65392e-08,2.97599e-09,2
574,Uy,4.761e-07,1.7997e-08,2
574,p,2.62565e-07,5.5127e-08,2
574,omega,3.41721e-08,4.90872e-09,1
574,k,1.13021e-07,4.71507e-09,2
575,Ux,7.37824e-08,2.87271e-09,2
575,Uy,4.53646e-07,1.72306e-08,2
575,p,2.55327e-07,5.42075e-08,2
575,omega,3.28844e-08,4.73048e-09,1
575,k,1.07456e-07,4.50131e-09,2
576,Ux,7.12126e-08,2.77552e-09,2
576,Uy,4.32737e-07,1.6545e-08,2
576,p,2.47605e-07,5.31079e-08,2
576,omega,3.16612e-08,4.56056e-09,1
576,k,1.02331e-07,4.30686e-09,2
577,Ux,6.87979e-08,2.68372e-09,2
577,Uy,4.13429e-07,1.59346e-08,2
577,p,2.39403e-07,9.25799e-08,1
577,omega,3.04871e-08,4.39623e-09,1
577,k,9.76187e-08,4.13092e-09,2
578,Ux,6.67311e-08,2.60909e-09,2
578,Uy,3.93961e-07,1.53713e-08,2
578,p,2.40305e-07,5.55647e-08,2
578,omega,2.93659e-08,4.24724e-09,1
578,k,9.33491e-08,3.97538e-09,2
579,Ux,6.45071e-08,2.51414e-09,2
579,Uy,3.78338e-07,1.48946e-08,2
579,p,2.31676e-07,9.09829e-08,1
579,omega,2.83196e-08,4.1018e-09,1
579,k,8.95e-08,3.83617e-09,2
580,Ux,6.26259e-08,2.44314e-09,2
580,Uy,3.63027e-07,1.4481e-08,2
580,p,2.29219e-07,9.79158e-08,1
580,omega,2.7325e-08,3.9681e-09,1
580,k,8.60614e-08,3.71493e-09,2
581,Ux,6.07054e-08,2.36956e-09,2
581,Uy,3.4982e-07,1.41253e-08,2
581,p,2.23867e-07,5.53378e-08,2
581,omega,2.63991e-08,3.84672e-09,1
581,k,8.30548e-08,3.61201e-09,2
582,Ux,5.87493e-08,2.2761e-09,2
582,Uy,3.38819e-07,1.38079e-08,2
582,p,2.10291e-07,8.57014e-08,1
582,omega,2.55786e-08,3.73072e-09,1
582,k,8.03989e-08,3.52203e-09,2
583,Ux,5.69332e-08,2.20966e-09,2
583,Uy,3.2753e-07,1.35111e-08,2
583,p,2.01465e-07,8.80805e-08,1
583,omega,2.47953e-08,3.6251e-09,1
583,k,7.81029e-08,3.4461e-09,2
584,Ux,5.5118e-08,2.14145e-09,2
584,Uy,3.17265e-07,1.32235e-08,2
584,p,1.90978e-07,9.22441e-08,1
584,omega,2.40736e-08,3.52754e-09,1
584,k,7.61536e-08,3.38153e-09,2
585,Ux,5.33238e-08,2.06819e-09,2
585,Uy,3.08017e-07,1.29421e-08,2
585,p,1.78387e-07,8.72267e-08,1
585,omega,2.34156e-08,3.43543e-09,1
585,k,7.45088e-08,3.32523e-09,2
586,Ux,5.1581e-08,9.68365e-09,1
586,Uy,2.9991e-07,1.26878e-08,2
586,p,1.56189e-07,7.24295e-08,1
586,omega,2.26691e-08,3.32796e-09,1
586,k,7.29206e-08,3.26768e-09,2
587,Ux,5.01943e-08,9.4318e-09,1
587,Uy,2.84013e-07,1.20921e-08,2
587,p,1.49157e-07,5.85846e-08,1
587,omega,2.19808e-08,3.22332e-09,1
587,k,7.15662e-08,3.20931e-09,2
588,Ux,4.88706e-08,9.21791e-09,1
588,Uy,2.68632e-07,1.15009e-08,2
588,p,1.44848e-07,5.38251e-08,1
588,omega,2.13046e-08,3.11905e-09,1
588,k,7.03239e-08,3.14239e-09,2
589,Ux,4.75472e-08,9.00781e-09,1
589,Uy,2.5539e-07,1.0968e-08,2
589,p,1.43251e-07,5.49089e-08,1
589,omega,2.06244e-08,3.01489e-09,1
589,k,6.90878e-08,3.06778e-09,2
590,Ux,4.62098e-08,8.78836e-09,1
590,Uy,2.44092e-07,1.04762e-08,2
590,p,1.44191e-07,6.17089e-08,1
590,omega,1.99518e-08,2.9123e-09,1
590,k,6.76916e-08,2.9867e-09,2
591,Ux,4.48388e-08,8.54663e-09,1
591,Uy,2.35114e-07,1.00408e-08,2
591,p,1.43858e-07,6.98666e-08,1
591,omega,1.92947e-08,2.81262e-09,1
591,k,6.61448e-08,2.90064e-09,2
592,Ux,4.34196e-08,8.27609e-09,1
592,Uy,2.29636e-07,9.72813e-09,2
592,p,1.38964e-07,7.3596e-08,1
592,omega,1.86564e-08,2.71578e-09,1
592,k,6.44738e-08,2.81058e-09,2
593,Ux,4.19759e-08,7.98547e-09,1
593,Uy,2.27302e-07,9.54887e-09,2
593,p,1.30014e-07,6.99822e-08,1
593,omega,1.80373e-08,2.62153e-09,1
593,k,6.26893e-08,2.71716e-09,2
594,Ux,4.05445e-08,7.69049e-09,1
594,Uy,2.2599e-07,9.42393e-09,2
594,p,1.19666e-07,6.0519e-08,1
594,omega,1.74317e-08,2.52966e-09,1
594,k,6.08022e-08,2.62126e-09,2
595,Ux,3.91624e-08,7.40645e-09,1
595,Uy,2.23387e-07,9.25873e-09,2
595,p,1.10256e-07,5.02793e-08,1
595,omega,1.68352e-08,2.44011e-09,1
595,k,5.88312e-08,2.52353e-09,2
596,Ux,3.78364e-08,7.14232e-09,1
596,Uy,2.18901e-07,9.00613e-09,2
596,p,1.03133e-07,4.34272e-08,1
596,omega,1.62492e-08,2.35312e-09,1
596,k,5.67965e-08,2.42483e-09,2
597,Ux,3.65608e-08,6.89841e-09,1
597,Uy,2.12922e-07,8.68263e-09,2
597,p,9.85772e-08,9.85772e-08,0
597,omega,1.56928e-08,2.26875e-09,1
597,k,5.47917e-08,2.32664e-09,2
598,Ux,3.54202e-08,6.71391e-09,1
598,Uy,2.06802e-07,8.38592e-09,2
598,p,1.22603e-07,5.63883e-08,1
598,omega,1.51144e-08,2.18519e-09,1
598,k,5.2579e-08,2.22717e-09,2
599,Ux,3.41117e-08,6.46648e-09,1
599,Uy,2.00032e-07,8.00535e-09,2
599,p,1.18695e-07,5.74505e-08,1
599,omega,1.455e-08,2.10482e-09,1
599,k,5.04582e-08,2.12993e-09,2
600,Ux,3.28615e-08,6.22327e-09,1
600,Uy,1.93224e-07,7.63693e-09,2
600,p,1.11018e-07,5.515e-08,1
600,omega,1.40175e-08,2.02781e-09,1
600,k,4.83466e-08,9.73517e-09,1
601,Ux,3.16462e-08,5.98734e-09,1
601,Uy,1.86228e-07,7.28317e-09,2
601,p,1.01812e-07,4.93264e-08,1
601,omega,1.3476e-08,1.94992e-09,1
601,k,4.67072e-08,9.39468e-09,1
602,Ux,3.04736e-08,5.76055e-09,1
602,Uy,1.79146e-07,6.95494e-09,2
602,p,9.29529e-08,9.29529e-08,0
602,omega,1.29758e-08,1.87456e-09,1
602,k,4.51357e-08,9.0597e-09,1
603,Ux,2.94712e-08,5.60064e-09,1
603,Uy,1.71757e-07,6.65765e-09,2
603,p,1.10645e-07,5.77705e-08,1
603,omega,1.24628e-08,1.80289e-09,1
603,k,4.34454e-08,8.72427e-09,1
604,Ux,2.82903e-08,5.36753e-09,1
604,Uy,1.65458e-07,6.37233e-09,2
604,p,1.03378e-07,5.28239e-08,1
604,omega,1.19673e-08,1.73378e-09,1
604,k,4.18612e-08,8.40027e-09,1
605,Ux,2.7214e-08,5.1513e-09,1
605,Uy,1.59029e-07,6.08901e-09,2
605,p,9.49282e-08,9.49282e-08,0
605,omega,1.15179e-08,1.66696e-09,1
605,k,4.03705e-08,8.08625e-09,1
606,Ux,2.63311e-08,5.0102e-09,1
606,Uy,1.51627e-07,5.81237e-09,2
606,p,1.1326e-07,6.00608e-08,1
606,omega,1.10617e-08,1.60404e-09,1
606,k,3.8779e-08,7.77542e-09,1
607,Ux,2.52756e-08,4.80045e-09,1
607,Uy,1.45831e-07,5.5463e-09,2
607,p,1.04753e-07,5.29047e-08,1
607,omega,1.0619e-08,1.54316e-09,1
607,k,3.7307e-08,7.48012e-09,1
608,Ux,2.43301e-08,4.6121e-09,1
608,Uy,1.39869e-07,5.28977e-09,2
608,p,9.44896e-08,9.44896e-08,0
608,omega,1.02278e-08,1.48497e-09,1
608,k,3.59445e-08,7.1986e-09,1
609,Ux,2.35785e-08,4.49152e-09,1
609,Uy,1.32832e-07,5.04566e-09,2
609,p,1.106e-07,5.40769e-08,1
609,omega,9.82143e-09,9.82143e-09,0
609,k,3.4688e-08,6.95575e-09,1
610,Ux,2.26014e-08,4.30151e-09,1
610,Uy,1.2775e-07,4.83089e-09,2
610,p,1.00247e-07,4.63245e-08,1
610,omega,1.05847e-08,1.5123e-09,1
610,k,3.34609e-08,6.71392e-09,1
611,Ux,2.17994e-08,4.14591e-09,1
611,Uy,1.22313e-07,4.6148e-09,2
611,p,8.909e-08,8.909e-08,0
611,omega,1.00545e-08,1.44594e-09,1
611,k,3.21891e-08,6.45748e-09,1
612,Ux,2.11839e-08,4.04611e-09,1
612,Uy,1.1595e-07,4.41e-09,2
612,p,1.03085e-07,4.52586e-08,1
612,omega,9.56523e-09,9.56523e-09,0
612,k,3.10674e-08,6.24587e-09,1
613,Ux,2.0343e-08,3.88822e-09,1
613,Uy,1.11381e-07,4.23339e-09,2
613,p,9.32268e-08,9.32268e-08,0
613,omega,1.02481e-08,1.45697e-09,1
613,k,3.00405e-08,6.03797e-09,1
614,Ux,1.98273e-08,3.80285e-09,1
614,Uy,1.05593e-07,4.05668e-09,2
614,p,1.09655e-07,4.89436e-08,1
614,omega,9.66542e-09,9.66542e-09,0
614,k,2.90018e-08,5.84718e-09,1
615,Ux,1.90493e-08,3.65291e-09,1
615,Uy,1.01669e-07,3.90162e-09,2
615,p,9.85483e-08,9.85483e-08,0
615,omega,1.0287e-08,1.45415e-09,1
615,k,2.80736e-08,5.66156e-09,1
616,Ux,1.86191e-08,3.57992e-09,1
616,Uy,9.65328e-08,3.75285e-09,2
616,p,1.14939e-07,5.40125e-08,1
616,omega,9.64981e-09,9.64981e-09,0
616,k,2.71386e-08,5.49348e-09,1
617,Ux,1.78755e-08,3.43288e-09,1
617,Uy,9.32275e-08,3.61864e-09,2
617,p,1.00684e-07,4.77809e-08,1
617,omega,1.02435e-08,1.44296e-09,1
617,k,2.62575e-08,5.32917e-09,1
618,Ux,1.73054e-08,3.31349e-09,1
618,Uy,8.97715e-08,3.48851e-09,2
618,p,8.51814e-08,8.51814e-08,0
618,omega,9.52975e-09,9.52975e-09,0
618,k,2.55772e-08,5.19372e-09,1
619,Ux,1.68826e-08,3.23626e-09,1
619,Uy,8.57328e-08,3.38534e-09,2
619,p,9.34849e-08,9.34849e-08,0
619,omega,1.00823e-08,1.42097e-09,1
619,k,2.47987e-08,5.05128e-09,1
620,Ux,1.64934e-08,3.16888e-09,1
620,Uy,8.18818e-08,3.28486e-09,2
620,p,1.06737e-07,5.04506e-08,1
620,omega,9.38426e-09,9.38426e-09,0
620,k,2.41353e-08,4.93624e-09,1
621,Ux,1.5855e-08,3.03467e-09,1
621,Uy,7.93684e-08,3.20082e-09,2
621,p,9.24887e-08,9.24887e-08,0
621,omega,9.86586e-09,9.86586e-09,0
621,k,2.37962e-08,4.86648e-09,1
622,Ux,1.54617e-08,2.96257e-09,1
622,Uy,7.63124e-08,3.12976e-09,2
622,p,1.03432e-07,5.02723e-08,1
622,omega,1.0393e-08,1.44717e-09,1
622,k,2.31254e-08,4.75395e-09,1
623,Ux,1.49193e-08,2.84319e-09,1
623,Uy,7.43193e-08,3.05461e-09,2
623,p,8.71676e-08,8.71676e-08,0
623,omega,9.53432e-09,9.53432e-09,0
623,k,2.27171e-08,4.67251e-09,1
624,Ux,1.45343e-08,2.77467e-09,1
624,Uy,7.17809e-08,2.99743e-09,2
624,p,9.51591e-08,9.51591e-08,0
624,omega,9.97987e-09,9.97987e-09,0
624,k,2.24758e-08,4.62928e-09,1
625,Ux,1.41244e-08,2.70623e-09,1
625,Uy,6.95524e-08,2.94689e-09,2
625,p,1.07015e-07,5.74654e-08,1
625,omega,1.04464e-08,1.45153e-09,1
625,k,2.19532e-08,4.54148e-09,1
626,Ux,1.36072e-08,2.57438e-09,1
626,Uy,6.90276e-08,2.90469e-09,2
626,p,8.77006e-08,8.77006e-08,0
626,omega,9.55016e-09,9.55016e-09,0
626,k,2.16694e-08,4.4817e-09,1
627,Ux,1.32213e-08,2.50969e-09,1
627,Uy,6.71206e-08,2.85972e-09,2
627,p,9.50004e-08,9.50004e-08,0
627,omega,9.94534e-09,9.94534e-09,0
627,k,2.15347e-08,4.4559e-09,1
628,Ux,1.28254e-08,2.44619e-09,1
628,Uy,6.54665e-08,2.81871e-09,2
628,p,1.05629e-07,5.22987e-08,1
628,omega,1.03499e-08,1.4404e-09,1
628,k,2.1087e-08,4.37652e-09,1
629,Ux,1.23458e-08,2.33e-09,1
629,Uy,6.48424e-08,2.75837e-09,2
629,p,8.42932e-08,8.42932e-08,0
629,omega,9.44935e-09,9.44935e-09,0
629,k,2.08546e-08,4.31814e-09,1
630,Ux,1.19713e-08,2.27011e-09,1
630,Uy,6.33411e-08,2.71645e-09,2
630,p,8.96915e-08,8.96915e-08,0
630,omega,9.7996e-09,9.7996e-09,0
630,k,2.07356e-08,4.27935e-09,1
631,Ux,1.15915e-08,2.21178e-09,1
631,Uy,6.20459e-08,2.67556e-09,2
631,p,9.77435e-08,9.77435e-08,0
631,omega,1.01286e-08,1.41792e-09,1
631,k,2.02945e-08,4.17943e-09,1
632,Ux,1.12703e-08,2.16307e-09,1
632,Uy,6.08184e-08,2.62355e-09,2
632,p,1.08468e-07,4.49796e-08,1
632,omega,9.2642e-09,9.2642e-09,0
632,k,1.98781e-08,4.08902e-09,1
633,Ux,1.07991e-08,2.05803e-09,1
633,Uy,5.85536e-08,2.48998e-09,2
633,p,8.61175e-08,8.61175e-08,0
633,omega,9.55014e-09,9.55014e-09,0
633,k,1.96849e-08,4.02833e-09,1
634,Ux,1.04707e-08,2.004e-09,1
634,Uy,5.74648e-08,2.43706e-09,2
634,p,9.06386e-08,9.06386e-08,0
634,omega,9.84102e-09,9.84102e-09,0
634,k,1.93843e-08,3.95547e-09,1
635,Ux,1.01212e-08,1.9472e-09,1
635,Uy,5.63914e-08,2.37923e-09,2
635,p,9.73394e-08,9.73394e-08,0
635,omega,1.01097e-08,1.41349e-09,1
635,k,1.87801e-08,3.82589e-09,1
636,Ux,9.81959e-09,9.81959e-09,0
636,Uy,5.51594e-08,2.31076e-09,2
636,p,1.02895e-07,5.75476e-08,1
636,omega,9.09774e-09,9.09774e-09,0
636,k,1.80476e-08,3.68287e-09,1
637,Ux,9.71859e-09,9.71859e-09,0
637,Uy,4.57897e-08,9.01412e-09,1
637,p,8.74468e-08,8.74468e-08,0
637,omega,9.26841e-09,9.26841e-09,0
637,k,1.76089e-08,3.58114e-09,1
638,Ux,9.70946e-09,9.70946e-09,0
638,Uy,4.47183e-08,8.78975e-09,1
638,p,9.87957e-08,9.87957e-08,0
638,omega,9.42916e-09,9.42916e-09,0
638,k,1.70706e-08,3.46891e-09,1
639,Ux,9.62816e-09,9.62816e-09,0
639,Uy,4.3625e-08,8.55648e-09,1
639,p,1.12617e-07,7.01374e-08,1
639,omega,9.52026e-09,9.52026e-09,0
639,k,1.64439e-08,3.34465e-09,1
640,Ux,9.55224e-09,9.55224e-09,0
640,Uy,2.96661e-08,5.80158e-09,1
640,p,9.55168e-08,9.55168e-08,0
640,omega,9.68561e-09,9.68561e-09,0
640,k,1.59702e-08,3.23867e-09,1
641,Ux,9.52748e-09,9.52748e-09,0
641,Uy,2.86494e-08,5.61579e-09,1
641,p,9.96964e-08,9.96964e-08,0
641,omega,9.81132e-09,9.81132e-09,0
641,k,1.54055e-08,3.12288e-09,1
642,Ux,9.40734e-09,9.40734e-09,0
642,Uy,2.77078e-08,5.43561e-09,1
642,p,1.03961e-07,6.96693e-08,1
642,omega,9.87223e-09,9.87223e-09,0
642,k,1.47728e-08,2.99766e-09,1
643,Ux,9.30927e-09,9.30927e-09,0
643,Uy,1.41164e-08,2.71706e-09,1
643,p,7.83856e-08,7.83856e-08,0
643,omega,1.0008e-08,1.39816e-09,1
643,k,1.40535e-08,2.84753e-09,1
644,Ux,9.26942e-09,9.26942e-09,0
644,Uy,1.32796e-08,2.58054e-09,1
644,p,7.35039e-08,7.35039e-08,0
644,omega,8.94941e-09,8.94941e-09,0
644,k,1.33733e-08,2.71228e-09,1
645,Ux,9.11373e-09,9.11373e-09,0
645,Uy,1.26594e-08,2.47655e-09,1
645,p,6.97855e-08,6.97855e-08,0
645,omega,9.03378e-09,9.03378e-09,0
645,k,1.28364e-08,2.60303e-09,1
646,Ux,8.96221e-09,8.96221e-09,0
646,Uy,1.21219e-08,2.38377e-09,1
646,p,6.76532e-08,6.76532e-08,0
646,omega,9.11487e-09,9.11487e-09,0
646,k,1.23147e-08,2.49655e-09,1
647,Ux,8.81521e-09,8.81521e-09,0
647,Uy,1.1644e-08,2.30049e-09,1
647,p,6.73473e-08,6.73473e-08,0
647,omega,9.19224e-09,9.19224e-09,0
647,k,1.18065e-08,2.39311e-09,1
648,Ux,8.67167e-09,8.67167e-09,0
648,Uy,1.12141e-08,2.22521e-09,1
648,p,6.89856e-08,6.89856e-08,0
648,omega,9.26627e-09,9.26627e-09,0
648,k,1.13128e-08,2.29287e-09,1
649,Ux,8.53108e-09,8.53108e-09,0
649,Uy,1.08248e-08,2.15629e-09,1
649,p,7.23662e-08,7.23662e-08,0
649,omega,9.33606e-09,9.33606e-09,0
649,k,1.08344e-08,2.19624e-09,1
650,Ux,8.39356e-09,8.39356e-09,0
650,Uy,1.04714e-08,2.09297e-09,1
650,p,7.71845e-08,7.71845e-08,0
650,omega,9.40185e-09,9.40185e-09,0
650,k,1.03728e-08,2.10333e-09,1
651,Ux,8.25776e-09,8.25776e-09,0
651,Uy,1.01453e-08,2.03368e-09,1
651,p,8.34014e-08,8.34014e-08,0
651,omega,9.46387e-09,9.46387e-09,0
651,k,9.92927e-09,9.92927e-09,0
652,Ux,8.14038e-09,8.14038e-09,0
652,Uy,9.7103e-09,9.7103e-09,0
652,p,9.13162e-08,9.13162e-08,0
652,omega,9.49591e-09,9.49591e-09,0
652,k,9.99566e-09,9.99566e-09,0
653,Ux,8.00992e-09,8.00992e-09,0
653,Uy,9.59052e-09,9.59052e-09,0
653,p,1.00835e-07,7.49079e-08,1
653,omega,9.60339e-09,9.60339e-09,0
653,k,1.0113e-08,2.04716e-09,1
654,Ux,7.63117e-09,7.63117e-09,0
654,Uy,2.02301e-08,3.66172e-09,1
654,p,7.35414e-08,7.35414e-08,0
654,omega,9.62709e-09,9.62709e-09,0
654,k,9.6529e-09,9.6529e-09,0
655,Ux,7.50359e-09,7.50359e-09,0
655,Uy,1.94834e-08,3.52105e-09,1
655,p,7.28047e-08,7.28047e-08,0
655,omega,9.67386e-09,9.67386e-09,0
655,k,9.73709e-09,9.73709e-09,0
656,Ux,7.41632e-09,7.41632e-09,0
656,Uy,1.87096e-08,3.37344e-09,1
656,p,7.40811e-08,7.40811e-08,0
656,omega,9.71831e-09,9.71831e-09,0
656,k,9.82269e-09,9.82269e-09,0
657,Ux,7.33137e-09,7.33137e-09,0
657,Uy,1.78999e-08,3.22311e-09,1
657,p,7.67867e-08,7.67867e-08,0
657,omega,9.76067e-09,9.76067e-09,0
657,k,9.90898e-09,9.90898e-09,0
658,Ux,7.24996e-09,7.24996e-09,0
658,Uy,1.70677e-08,3.07219e-09,1
658,p,8.02495e-08,8.02495e-08,0
658,omega,9.80053e-09,9.80053e-09,0
658,k,9.99611e-09,9.99611e-09,0
659,Ux,7.17056e-09,7.17056e-09,0
659,Uy,1.62255e-08,2.92213e-09,1
659,p,8.44035e-08,8.44035e-08,0
659,omega,9.8379e-09,9.8379e-09,0
659,k,1.00835e-08,2.02623e-09,1
660,Ux,7.07372e-09,7.07372e-09,0
660,Uy,1.55214e-08,2.80438e-09,1
660,p,8.89494e-08,8.89494e-08,0
660,omega,9.89515e-09,9.89515e-09,0
660,k,9.62397e-09,9.62397e-09,0
661,Ux,6.99879e-09,6.99879e-09,0
661,Uy,1.46869e-08,2.65881e-09,1
661,p,9.40618e-08,9.40618e-08,0
661,omega,9.92618e-09,9.92618e-09,0
661,k,9.71017e-09,9.71017e-09,0
662,Ux,6.9222e-09,6.9222e-09,0
662,Uy,1.387e-08,2.51758e-09,1
662,p,9.98827e-08,9.98827e-08,0
662,omega,9.95531e-09,9.95531e-09,0
662,k,9.79555e-09,9.79555e-09,0
663,Ux,6.84889e-09,6.84889e-09,0
663,Uy,1.3078e-08,2.38183e-09,1
663,p,1.06302e-07,8.29151e-08,1
663,omega,1.00667e-08,1.39311e-09,1
663,k,9.76063e-09,9.76063e-09,0
664,Ux,6.38286e-09,6.38286e-09,0
664,Uy,2.23017e-08,4.2141e-09,1
664,p,7.61655e-08,7.61655e-08,0
664,omega,8.91351e-09,8.91351e-09,0
664,k,9.75603e-09,9.75603e-09,0
665,Ux,6.29949e-09,6.29949e-09,0
665,Uy,2.14616e-08,4.06674e-09,1
665,p,7.49757e-08,7.49757e-08,0
665,omega,8.96739e-09,8.96739e-09,0
665,k,9.85207e-09,9.85207e-09,0
666,Ux,6.23037e-09,6.23037e-09,0
666,Uy,2.06775e-08,3.91525e-09,1
666,p,7.49365e-08,7.49365e-08,0
666,omega,9.02131e-09,9.02131e-09,0
666,k,9.948e-09,9.948e-09,0
667,Ux,6.16545e-09,6.16545e-09,0
667,Uy,1.98997e-08,3.76245e-09,1
667,p,7.61803e-08,7.61803e-08,0
667,omega,9.07303e-09,9.07303e-09,0
667,k,1.00444e-08,2.00122e-09,1
668,Ux,6.08613e-09,6.08613e-09,0
668,Uy,1.92538e-08,3.64033e-09,1
668,p,7.74202e-08,7.74202e-08,0
668,omega,9.13243e-09,9.13243e-09,0
668,k,9.57065e-09,9.57065e-09,0
669,Ux,6.0463e-09,6.0463e-09,0
669,Uy,1.846e-08,3.48669e-09,1
669,p,7.92857e-08,7.92857e-08,0
669,omega,9.18011e-09,9.18011e-09,0
669,k,9.67085e-09,9.67085e-09,0
670,Ux,6.00463e-09,6.00463e-09,0
670,Uy,1.76642e-08,3.33429e-09,1
670,p,8.24618e-08,8.24618e-08,0
670,omega,9.22509e-09,9.22509e-09,0
670,k,9.76965e-09,9.76965e-09,0
671,Ux,5.97594e-09,5.97594e-09,0
671,Uy,1.68681e-08,3.18421e-09,1
671,p,8.68546e-08,8.68546e-08,0
671,omega,9.26798e-09,9.26798e-09,0
671,k,9.86478e-09,9.86478e-09,0
672,Ux,5.95465e-09,5.95465e-09,0
672,Uy,1.60781e-08,3.03713e-09,1
672,p,9.32064e-08,9.32064e-08,0
672,omega,9.3087e-09,9.3087e-09,0
672,k,9.9545e-09,9.9545e-09,0
673,Ux,5.9299e-09,5.9299e-09,0
673,Uy,1.52981e-08,2.89409e-09,1
673,p,1.01977e-07,6.28851e-08,1
673,omega,9.35324e-09,9.35324e-09,0
673,k,1.00381e-08,1.99588e-09,1
