time,field,initial_residual,final_residual,linear_iterations
1,Ux,1,0.0868423,5
1,Uy,1,0.095696,4
1,p,1,0.00915391,10
1,omega,0.0398571,0.00133192,2
1,k,1,0.0538305,2
2,Ux,0.619883,0.0412355,2
2,Uy,0.212582,0.0148656,2
2,p,0.0159752,8.14846e-05,8
2,omega,0.0745231,0.00151679,2
2,k,0.570654,0.021091,2
3,Ux,0.517162,0.0345773,2
3,Uy,0.16458,0.011717,2
3,p,0.00799823,2.55552e-05,6
3,omega,0.252988,0.0177599,1
3,k,0.439913,0.0167996,1
4,Ux,0.404564,0.0264121,2
4,Uy,0.114504,0.0079491,2
4,p,0.00872985,7.10765e-05,10
4,omega,0.204754,0.00137117,1
4,k,0.143961,0.00760841,1
5,Ux,0.240193,0.0154322,2
5,Uy,0.0688258,0.00469387,2
5,p,0.0155257,0.000124391,12
5,omega,0.0611241,0.00124583,1
5,k,0.0899958,0.00532299,1
6,Ux,0.0678225,0.00394402,2
6,Uy,0.0342308,0.00203104,2
6,p,0.0615548,0.000608645,14
6,omega,0.0174019,0.000946091,1
6,k,0.103582,0.00542552,1
7,Ux,0.139381,0.00840934,2
7,Uy,0.0262911,0.00116607,2
7,p,0.0283334,0.000268849,12
7,omega,0.0159663,0.000883803,1
7,k,0.0751883,0.00410152,1
8,Ux,0.245338,0.0154915,2
8,Uy,0.0506044,0.00276876,2
8,p,0.0136945,0.000106602,7
8,omega,0.0100835,0.000783485,1
8,k,0.0621175,0.00344448,1
9,Ux,0.282263,0.0179125,2
9,Uy,0.0619571,0.00361422,2
9,p,0.0122721,8.70398e-05,9
9,omega,0.00921833,0.000716688,1
9,k,0.0528871,0.00326874,1
10,Ux,0.249501,0.0156976,2
10,Uy,0.0589226,0.00343808,2
10,p,0.0158757,0.000113442,12
10,omega,0.012992,0.00073848,1
10,k,0.0425017,0.0030575,1
11,Ux,0.150446,0.00920515,2
11,Uy,0.0444892,0.00243836,2
11,p,0.029002,0.000256495,14
11,omega,0.0162022,0.000804066,1
11,k,0.0322733,0.00277611,1
12,Ux,0.0236324,0.00075244,2
12,Uy,0.0270309,0.00113798,2
12,p,0.394342,0.00359695,14
12,omega,0.0179233,0.000895478,1
12,k,0.031211,0.00267306,1
13,Ux,0.0936893,0.00562911,2
13,Uy,0.0307704,0.00156136,2
13,p,0.035072,0.000307155,9
13,omega,0.0169551,0.000990991,1
13,k,0.0296043,0.00260418,1
14,Ux,0.11848,0.007442,2
14,Uy,0.0339144,0.00195674,2
14,p,0.0238461,0.000163613,6
14,omega,0.0157098,0.0010388,1
14,k,0.0279231,0.00260129,1
15,Ux,0.107049,0.00679237,2
15,Uy,0.0314369,0.00189452,2
15,p,0.0233733,0.000233548,9
15,omega,0.0148231,0.00110733,1
15,k,0.025303,0.000384957,2
16,Ux,0.0743097,0.00466595,2
16,Uy,0.0251861,0.00151797,2
16,p,0.0317299,0.000218292,9
16,omega,0.0135349,0.00117911,1
16,k,0.0239579,0.000389058,2
17,Ux,0.032802,0.00190069,2
17,Uy,0.0191145,0.0011029,2
17,p,0.0728423,0.000565572,10
17,omega,0.0128177,0.00122049,1
17,k,0.0234402,0.000402411,2
18,Ux,0.0203651,0.00108891,2
18,Uy,0.0156163,0.000860636,2
18,p,0.103334,0.000954363,7
18,omega,0.0126241,0.000177619,2
18,k,0.0231713,0.000426914,2
19,Ux,0.0444973,0.00276297,2
19,Uy,0.0147471,0.000798424,2
19,p,0.0438386,0.000258718,6
19,omega,0.0118764,0.000184397,2
19,k,0.0235004,0.000461484,2
20,Ux,0.052464,0.00333304,2
20,Uy,0.0150205,0.000817901,2
20,p,0.0348454,0.000299554,7
20,omega,0.0116077,0.000196136,2
20,k,0.0244616,0.000504002,2
21,Ux,0.0457351,0.00290104,2
21,Uy,0.0144722,0.000786852,2
21,p,0.0373032,0.000174551,6
21,omega,0.0115566,0.000209469,2
21,k,0.0246916,0.000553812,2
22,Ux,0.0286787,0.00176119,2
22,Uy,0.013712,0.000747852,2
22,p,0.056338,0.00051415,8
22,omega,0.0112804,0.00022276,2
22,k,0.0240317,0.000598235,2
23,Ux,0.0115764,0.000604516,2
23,Uy,0.0135811,0.000763043,2
23,p,0.155732,0.00136759,7
23,omega,0.0108811,0.000235021,2
23,k,0.02389,0.000636348,2
24,Ux,0.0171301,0.000986581,2
24,Uy,0.013794,0.000799725,2
24,p,0.0928332,0.000860688,7
24,omega,0.0107203,0.000247583,2
24,k,0.0231805,0.000669056,2
25,Ux,0.0226157,0.00137026,2
25,Uy,0.013961,0.00081634,2
25,p,0.0600668,0.000327683,6
25,omega,0.0106136,0.000258551,2
25,k,0.02215,0.000695788,2
26,Ux,0.022811,0.00139879,2
26,Uy,0.0137703,0.000802826,2
26,p,0.0579241,0.000556285,6
26,omega,0.0103531,0.000267465,2
26,k,0.0214844,0.000719005,2
27,Ux,0.0198425,0.00121601,2
27,Uy,0.0133574,0.000776738,2
27,p,0.0678589,0.000574276,6
27,omega,0.0101307,0.00027524,2
27,k,0.0213176,0.000741351,2
28,Ux,0.0147085,0.000885211,2
28,Uy,0.0128743,0.000747456,2
28,p,0.10117,0.000638542,6
28,omega,0.0100455,0.000281947,2
28,k,0.0210453,0.000766364,2
29,Ux,0.00963977,0.000554897,2
29,Uy,0.0124711,0.000724275,2
29,p,0.210414,0.00105286,6
29,omega,0.00985367,0.00028476,2
29,k,0.0204824,0.000784293,2
30,Ux,0.00677819,0.00037465,2
30,Uy,0.0122734,0.000718316,2
30,p,0.155423,0.00091008,6
30,omega,0.00946901,0.000283013,2
30,k,0.0198732,0.000792215,2
31,Ux,0.00875411,0.000518757,2
31,Uy,0.0121091,0.000713235,2
31,p,0.107287,0.000945653,5
31,omega,0.00906156,0.000278977,2
31,k,0.0195093,0.000792204,2
32,Ux,0.00926519,0.000556043,2
32,Uy,0.0119788,0.000709785,2
32,p,0.0969159,0.000876989,5
32,omega,0.00870757,0.000274648,2
32,k,0.0190616,0.000787406,2
33,Ux,0.00835988,0.000497324,2
33,Uy,0.0118366,0.00070866,2
33,p,0.104358,0.000589514,6
33,omega,0.0084119,0.000269641,2
33,k,0.0185266,0.000782272,2
34,Ux,0.00673088,0.000387172,2
34,Uy,0.0117001,0.000705102,2
34,p,0.12751,0.000838573,5
34,omega,0.00807258,0.00026367,2
34,k,0.0180013,0.000775901,2
35,Ux,0.00560352,0.000311469,2
35,Uy,0.0115581,0.000700406,2
35,p,0.172047,0.000599255,6
35,omega,0.00775318,0.000257937,2
35,k,0.0176068,0.000769108,2
36,Ux,0.00655972,0.000377758,2
36,Uy,0.0113988,0.000693479,2
36,p,0.242108,0.0021295,5
36,omega,0.00749083,0.00025282,2
36,k,0.0173043,0.000762178,2
37,Ux,0.00697148,0.000408223,2
37,Uy,0.0112343,0.000684038,2
37,p,0.255966,0.00148523,5
37,omega,0.00727362,0.000248487,2
37,k,0.0170493,0.000755772,2
38,Ux,0.00689218,0.000405571,2
38,Uy,0.0110598,0.000676288,2
38,p,0.258092,0.00243299,5
38,omega,0.00704577,0.000244485,2
38,k,0.0167784,0.000752024,2
39,Ux,0.00653653,0.000384059,2
39,Uy,0.0109532,0.000671846,2
39,p,0.248634,0.00100712,6
39,omega,0.00685227,0.000240831,2
39,k,0.01654,0.000750161,2
40,Ux,0.00599997,0.000349842,2
40,Uy,0.0109029,0.000669447,2
40,p,0.192838,0.00119252,6
40,omega,0.00669142,0.000237838,2
40,k,0.0163606,0.000748604,2
41,Ux,0.0054582,0.000314513,2
41,Uy,0.0108715,0.000668018,2
41,p,0.155964,0.000874587,6
41,omega,0.00651831,0.000235354,2
41,k,0.0161937,0.000747537,2
42,Ux,0.00503371,0.000287669,2
42,Uy,0.0108484,0.000666506,2
42,p,0.136806,0.000440861,6
42,omega,0.00633665,0.000232672,2
42,k,0.0160328,0.000746257,2
43,Ux,0.00497279,0.000285399,2
43,Uy,0.0108264,0.000666233,2
43,p,0.12374,0.00059562,6
43,omega,0.00617759,0.00022999,2
43,k,0.0158704,0.000744358,2
44,Ux,0.00502645,0.000290828,2
44,Uy,0.0108147,0.000666134,2
44,p,0.118074,0.000830828,5
44,omega,0.00600831,0.000227321,2
44,k,0.0156753,0.000743271,2
45,Ux,0.00494505,0.000286524,2
45,Uy,0.0107934,0.000665202,2
45,p,0.115664,0.000694664,6
45,omega,0.00585651,0.000224817,2
45,k,0.0155078,0.000742012,2
46,Ux,0.00473539,0.000273139,2
46,Uy,0.0107762,0.000666496,2
46,p,0.117232,0.000693721,6
46,omega,0.00571998,0.00022268,2
46,k,0.0153338,0.000741148,2
47,Ux,0.00457048,0.000263019,2
47,Uy,0.0107726,0.000668347,2
47,p,0.117852,0.000721449,6
47,omega,0.00559364,0.000220342,2
47,k,0.0151896,0.000739922,2
48,Ux,0.00460498,0.000266507,2
48,Uy,0.0107662,0.00066946,2
48,p,0.118643,0.000817779,6
48,omega,0.00546435,0.000217859,2
48,k,0.0150703,0.000738121,2
49,Ux,0.00468996,0.00027337,2
49,Uy,0.0107296,0.000669273,2
49,p,0.119345,0.000543105,6
49,omega,0.00534835,0.00021524,2
49,k,0.0149441,0.000735971,2
50,Ux,0.00475079,0.000278648,2
50,Uy,0.010668,0.000666805,2
50,p,0.118197,0.000721451,5
50,omega,0.00524469,0.000212565,2
50,k,0.0148107,0.000732893,2
51,Ux,0.00469858,0.000275873,2
51,Uy,0.010581,0.000662619,2
51,p,0.111899,0.00104705,5
51,omega,0.00515454,0.000210218,2
51,k,0.0146729,0.000729879,2
52,Ux,0.00459215,0.000269541,2
52,Uy,0.010483,0.000657307,2
52,p,0.104233,0.000640674,6
52,omega,0.00507507,0.000208043,2
52,k,0.0145287,0.000726205,2
53,Ux,0.00442809,0.000259473,2
53,Uy,0.0103689,0.000650977,2
53,p,0.0974648,0.00054843,6
53,omega,0.00500382,0.000205763,2
53,k,0.0143694,0.000722287,2
54,Ux,0.00429441,0.000251261,2
54,Uy,0.0102578,0.000644061,2
54,p,0.0926111,0.00052631,6
54,omega,0.0049306,0.000203441,2
54,k,0.0142345,0.00071755,2
55,Ux,0.00416671,0.00024354,2
55,Uy,0.0101456,0.000637144,2
55,p,0.0891138,0.000469459,6
55,omega,0.00486075,0.000201115,2
55,k,0.0140948,0.00071295,2
56,Ux,0.00404375,0.000236362,2
56,Uy,0.0100456,0.000630114,2
56,p,0.0869087,0.000368911,6
56,omega,0.00479172,0.000198756,2
56,k,0.0139565,0.000707547,2
57,Ux,0.00396733,0.000232055,2
57,Uy,0.0099433,0.000623246,2
57,p,0.0848618,0.0005951,5
57,omega,0.00472405,0.000196463,2
57,k,0.0138077,0.000702404,2
58,Ux,0.00392479,0.000230162,2
58,Uy,0.00983934,0.000616322,2
58,p,0.0844246,0.000517215,5
58,omega,0.00465955,0.000194217,2
58,k,0.0136633,0.000697097,2
59,Ux,0.00388129,0.0002283,2
59,Uy,0.00974009,0.000609267,2
59,p,0.0849856,0.000749207,5
59,omega,0.00459965,0.000192116,2
59,k,0.0135246,0.000691745,2
60,Ux,0.00384359,0.000226574,2
60,Uy,0.00963846,0.000602094,2
60,p,0.0854869,0.000425607,6
60,omega,0.00454137,0.000190112,2
60,k,0.0133757,0.000686656,2
61,Ux,0.00381651,0.000225584,2
61,Uy,0.00953275,0.000595475,2
61,p,0.0871339,0.000451859,6
61,omega,0.0044879,0.000188147,2
61,k,0.0132307,0.000681444,2
62,Ux,0.00381617,0.000226362,2
62,Uy,0.00942653,0.000588412,2
62,p,0.089196,0.000379292,6
62,omega,0.00443592,0.000186316,2
62,k,0.013096,0.000676356,2
63,Ux,0.00381041,0.000226627,2
63,Uy,0.00931888,0.000581289,2
63,p,0.0911396,0.00067659,5
63,omega,0.00438253,0.000184645,2
63,k,0.012965,0.000671263,2
64,Ux,0.00378297,0.000225345,2
64,Uy,0.00921142,0.000574177,2
64,p,0.0919985,0.000633508,5
64,omega,0.00433687,0.000183241,2
64,k,0.0128312,0.000666646,2
65,Ux,0.0037541,0.000224008,2
65,Uy,0.00909396,0.000567333,2
65,p,0.092057,0.000733943,5
65,omega,0.00429564,0.000181924,2
65,k,0.0127212,0.000662374,2
66,Ux,0.00372591,0.000222642,2
66,Uy,0.00898243,0.000560808,2
66,p,0.0925074,0.000788468,5
66,omega,0.00426258,0.000180808,2
66,k,0.0126206,0.00065854,2
67,Ux,0.00369871,0.00022116,2
67,Uy,0.0088791,0.00055468,2
67,p,0.0924496,0.000781366,5
67,omega,0.00423943,0.000180014,2
67,k,0.0125271,0.000654789,2
68,Ux,0.00366979,0.000219452,2
68,Uy,0.00877871,0.000548862,2
68,p,0.0925555,0.000721601,5
68,omega,0.00422479,0.000178614,2
68,k,0.0124415,0.000651508,2
69,Ux,0.00364019,0.000217565,2
69,Uy,0.00867319,0.000543064,2
69,p,0.0921025,0.000669857,5
69,omega,0.00417868,0.000176032,2
69,k,0.012346,0.000648799,2
70,Ux,0.00361429,0.0002161,2
70,Uy,0.00856426,0.000536598,2
70,p,0.0912765,0.000595193,5
70,omega,0.00411646,0.000174753,2
70,k,0.0122902,0.000646608,2
71,Ux,0.00358792,0.000214702,2
71,Uy,0.00844242,0.000529085,2
71,p,0.0908148,0.000539341,5
71,omega,0.00406872,0.000173668,2
71,k,0.0122505,0.000644429,2
72,Ux,0.00356474,0.00021336,2
72,Uy,0.00831092,0.000521264,2
72,p,0.0909653,0.000492273,5
72,omega,0.0040484,0.000172558,2
72,k,0.0121973,0.000642322,2
73,Ux,0.00354759,0.000212266,2
73,Uy,0.00818666,0.000513809,2
73,p,0.091607,0.00046062,5
73,omega,0.00402939,0.000171313,2
73,k,0.0121436,0.000640294,2
74,Ux,0.00353419,0.000211499,2
74,Uy,0.00807361,0.000506752,2
74,p,0.0919839,0.000446996,5
74,omega,0.00398105,0.000169893,2
74,k,0.0120875,0.000638313,2
75,Ux,0.00352432,0.000211068,2
75,Uy,0.00796192,0.000499875,2
75,p,0.0923372,0.000465181,5
75,omega,0.00393203,0.000168852,2
75,k,0.0120651,0.000636224,2
76,Ux,0.00351777,0.000210886,2
76,Uy,0.00785692,0.000493403,2
76,p,0.0926783,0.000522556,5
76,omega,0.00391075,0.000167938,2
76,k,0.0120264,0.000634321,2
77,Ux,0.00351489,0.000211083,2
77,Uy,0.00776184,0.000487626,2
77,p,0.0925431,0.000597577,5
77,omega,0.00386708,0.000167117,2
77,k,0.0119652,0.000632167,2
78,Ux,0.00351552,0.000211635,2
78,Uy,0.00768026,0.000482761,2
78,p,0.094846,0.000701218,5
78,omega,0.00381887,0.000166342,2
78,k,0.0118952,0.000629571,2
79,Ux,0.00352127,0.000212635,2
79,Uy,0.00761794,0.000479485,2
79,p,0.0954236,0.000639581,5
79,omega,0.0038071,0.000165703,2
79,k,0.0118414,0.00062743,2
80,Ux,0.00352595,0.000213573,2
80,Uy,0.00757101,0.000477628,2
80,p,0.0955655,0.000506564,5
80,omega,0.00378652,0.000164895,2
80,k,0.0117563,0.000623632,2
81,Ux,0.00352642,0.000214308,2
81,Uy,0.00752657,0.000476445,2
81,p,0.0959502,0.000484088,5
81,omega,0.00370732,0.000164073,2
81,k,0.011629,0.000620692,2
82,Ux,0.00351706,0.000214407,2
82,Uy,0.00749921,0.000476576,2
82,p,0.0945658,0.000475213,5
82,omega,0.00361712,0.000163436,2
82,k,0.0115163,0.000618463,2
83,Ux,0.00349357,0.000213707,2
83,Uy,0.00748037,0.000476886,2
83,p,0.0927147,0.000499131,5
83,omega,0.00358618,0.000162792,2
83,k,0.0114251,0.000614448,2
84,Ux,0.00345724,0.000212367,2
84,Uy,0.00744584,0.000476577,2
84,p,0.0893892,0.000528462,5
84,omega,0.00351913,0.000162111,2
84,k,0.0113141,0.000611611,2
85,Ux,0.00341194,0.000210534,2
85,Uy,0.00739909,0.000476156,2
85,p,0.0864218,0.000534306,5
85,omega,0.00345883,0.000161487,2
85,k,0.0111789,0.00060911,2
86,Ux,0.00336162,0.000208359,2
86,Uy,0.00734792,0.000475676,2
86,p,0.0836244,0.000540705,5
86,omega,0.00340154,0.000160834,2
86,k,0.0110673,0.000605074,2
87,Ux,0.00330519,0.000205845,2
87,Uy,0.00729518,0.00047525,2
87,p,0.0811027,0.000589904,5
87,omega,0.00334585,0.000159987,2
87,k,0.0109701,0.00060251,2
88,Ux,0.00324371,0.000202706,2
88,Uy,0.00724421,0.000475181,2
88,p,0.081149,0.000700957,5
88,omega,0.00328055,0.000158596,2
88,k,0.0108269,0.000600068,2
89,Ux,0.00317817,0.000199207,2
89,Uy,0.00720353,0.00047544,2
89,p,0.0801789,0.000688086,5
89,omega,0.00321467,0.000156799,2
89,k,0.0107181,0.000596897,2
90,Ux,0.00311063,0.000195464,2
90,Uy,0.00715322,0.000474953,2
90,p,0.0777495,0.000607294,5
90,omega,0.00315592,0.000155007,2
90,k,0.0105982,0.000593276,2
91,Ux,0.00304203,0.000191546,2
91,Uy,0.00709109,0.000473289,2
91,p,0.0747549,0.000555598,5
91,omega,0.00309994,0.000153179,2
91,k,0.010484,0.00059056,2
92,Ux,0.00297369,0.00018754,2
92,Uy,0.00703039,0.00047083,2
92,p,0.0717155,0.000608377,5
92,omega,0.00304366,0.000151209,2
92,k,0.0103657,0.000587258,2
93,Ux,0.00290654,0.00018355,2
93,Uy,0.00695781,0.00046761,2
93,p,0.0689525,0.00055391,5
93,omega,0.00298477,0.00014928,2
93,k,0.0102401,0.00058287,2
94,Ux,0.00284258,0.000179731,2
94,Uy,0.00688997,0.000464302,2
94,p,0.0671181,0.000495728,5
94,omega,0.00293538,0.000147442,2
94,k,0.0101482,0.000580533,2
95,Ux,0.00278226,0.000176126,2
95,Uy,0.00682884,0.000461184,2
95,p,0.0656527,0.000489146,5
95,omega,0.00288731,0.000145687,2
95,k,0.010029,0.000577119,2
96,Ux,0.00272554,0.000172742,2
96,Uy,0.00676834,0.00045826,2
96,p,0.0650655,0.000525843,5
96,omega,0.00283821,0.000143897,2
96,k,0.00992851,0.000573289,2
97,Ux,0.00267234,0.000169539,2
97,Uy,0.00672426,0.000455875,2
97,p,0.0650419,0.000581503,5
97,omega,0.0027971,0.000142227,2
97,k,0.00984077,0.000571235,2
98,Ux,0.00262241,0.000166491,2
98,Uy,0.00668262,0.000453857,2
98,p,0.0652598,0.000595976,5
98,omega,0.00276005,0.000140733,2
98,k,0.00976031,0.000569023,2
99,Ux,0.00257582,0.00016357,2
99,Uy,0.00665482,0.000452202,2
99,p,0.0660679,0.000594993,5
99,omega,0.00272057,0.000139196,2
99,k,0.00967967,0.000566963,2
100,Ux,0.00253179,0.000160764,2
100,Uy,0.00663296,0.000450821,2
100,p,0.0678136,0.000602265,5
100,omega,0.00268725,0.000137836,2
100,k,0.00963305,0.000567239,2
101,Ux,0.00248935,0.000158001,2
101,Uy,0.00661541,0.000449459,2
101,p,0.0706282,0.000653139,5
101,omega,0.00265929,0.000136598,2
101,k,0.00958908,0.000566701,2
102,Ux,0.00244808,0.000155279,2
102,Uy,0.00660492,0.000448264,2
102,p,0.074089,0.000636827,5
102,omega,0.00263239,0.000135367,2
102,k,0.00955994,0.00056739,2
103,Ux,0.00240912,0.000152676,2
103,Uy,0.00659196,0.000447206,2
103,p,0.0773146,0.000497083,5
103,omega,0.00260664,0.000134138,2
103,k,0.00954643,0.000568717,2
104,Ux,0.00237199,0.000150173,2
104,Uy,0.00658651,0.000446206,2
104,p,0.0802285,0.000491595,5
104,omega,0.00258265,0.000132973,2
104,k,0.0095419,0.000569909,2
105,Ux,0.00233627,0.000147727,2
105,Uy,0.00657398,0.000445214,2
105,p,0.0834089,0.000510081,5
105,omega,0.00255685,0.000131683,2
105,k,0.0095342,0.000572606,2
106,Ux,0.00230092,0.000145296,2
106,Uy,0.00656555,0.000443972,2
106,p,0.0873434,0.000537872,5
106,omega,0.00252965,0.000130439,2
106,k,0.00955029,0.000574931,2
107,Ux,0.00226566,0.000142829,2
107,Uy,0.00654835,0.00044241,2
107,p,0.0915209,0.000570102,5
107,omega,0.00250505,0.000128962,2
107,k,0.0095712,0.000576027,2
108,Ux,0.00222946,0.000140308,2
108,Uy,0.00653006,0.000440497,2
108,p,0.0958637,0.000597517,5
108,omega,0.0024803,0.000127295,2
108,k,0.00960702,0.000575854,2
109,Ux,0.00219236,0.000137719,2
109,Uy,0.00650184,0.000438054,2
109,p,0.0998148,0.000620033,5
109,omega,0.00245315,0.000125433,2
109,k,0.00962644,0.000573598,2
110,Ux,0.00215332,0.00013507,2
110,Uy,0.00646688,0.00043502,2
110,p,0.103433,0.000640138,5
110,omega,0.00241938,0.000123347,2
110,k,0.00960858,0.000569753,2
111,Ux,0.00211212,0.000132395,2
111,Uy,0.00641732,0.000430868,2
111,p,0.10349,0.000638618,5
111,omega,0.00238302,0.000121142,2
111,k,0.00956566,0.000564482,2
112,Ux,0.00206978,0.000129677,2
112,Uy,0.00635125,0.00042562,2
112,p,0.0985612,0.000602634,5
112,omega,0.0023456,0.000118799,2
112,k,0.00948295,0.000558137,2
113,Ux,0.00202634,0.000127002,2
113,Uy,0.00627414,0.000419335,2
113,p,0.0939856,0.000567167,5
113,omega,0.00230293,0.000116477,2
113,k,0.00937548,0.000551233,2
114,Ux,0.00198332,0.000124415,2
114,Uy,0.00618458,0.000412288,2
114,p,0.0894726,0.000554385,5
114,omega,0.00225633,0.000114108,2
114,k,0.0092272,0.000543954,2
115,Ux,0.00194094,0.000121951,2
115,Uy,0.00607802,0.000404785,2
115,p,0.0843515,0.000557036,5
115,omega,0.00220954,0.000111689,2
115,k,0.00906878,0.000535373,2
116,Ux,0.00189973,0.000119602,2
116,Uy,0.00596031,0.000397104,2
116,p,0.0789103,0.000534557,5
116,omega,0.00216032,0.000109256,2
116,k,0.00889908,0.000525874,2
117,Ux,0.00185982,0.00011736,2
117,Uy,0.00583487,0.000389225,2
117,p,0.0733752,0.000477211,5
117,omega,0.00210894,0.000106826,2
117,k,0.00872529,0.00051545,2
118,Ux,0.00182119,0.0001152,2
118,Uy,0.00570407,0.000381397,2
118,p,0.068216,0.000425532,5
118,omega,0.00205879,0.000104411,2
118,k,0.00853815,0.00050412,2
119,Ux,0.00178355,0.00011314,2
119,Uy,0.00557332,0.000373279,2
119,p,0.0639308,0.000393539,5
119,omega,0.00201074,0.000101994,2
119,k,0.00834022,0.000491601,2
120,Ux,0.0017475,0.000111143,2
120,Uy,0.00544051,0.000364888,2
120,p,0.0609146,0.00039318,5
120,omega,0.00196449,9.95746e-05,2
120,k,0.00813433,0.00047821,2
121,Ux,0.00171228,0.000109186,2
121,Uy,0.00530825,0.000356366,2
121,p,0.058339,0.000422871,5
121,omega,0.00191974,9.71643e-05,2
121,k,0.00792058,0.000464164,2
122,Ux,0.00167781,0.000107295,2
122,Uy,0.00517721,0.000347658,2
122,p,0.0562443,0.000476393,5
122,omega,0.0018754,9.47979e-05,2
122,k,0.00769445,0.000449611,2
123,Ux,0.00164468,0.000105466,2
123,Uy,0.00504489,0.000338971,2
123,p,0.0549558,0.000533287,5
123,omega,0.00183109,9.25235e-05,2
123,k,0.00745709,0.000435222,2
124,Ux,0.00161262,0.000103727,2
124,Uy,0.00491215,0.000330654,2
124,p,0.053798,0.000202235,6
124,omega,0.00178864,9.03572e-05,2
124,k,0.00721568,0.000421555,2
125,Ux,0.00158277,0.00010212,2
125,Uy,0.00478442,0.000322779,2
125,p,0.0526477,0.000182801,6
125,omega,0.00174797,8.83293e-05,2
125,k,0.00697638,0.000409082,2
126,Ux,0.00155481,0.000100618,2
126,Uy,0.00465897,0.00031541,2
126,p,0.0516439,0.000497828,5
126,omega,0.00170866,8.64777e-05,2
126,k,0.00674536,0.000398127,2
127,Ux,0.00152855,9.92074e-05,2
127,Uy,0.00453843,0.000308653,2
127,p,0.0506811,0.000479978,5
127,omega,0.00167225,8.48356e-05,2
127,k,0.00653017,0.000388744,2
128,Ux,0.00150386,9.78477e-05,2
128,Uy,0.00442769,0.000302428,2
128,p,0.0498434,0.000479075,5
128,omega,0.00163816,8.33764e-05,2
128,k,0.00633941,0.000380773,2
129,Ux,0.0014807,9.65311e-05,2
129,Uy,0.00432598,0.000296608,2
129,p,0.0492239,0.000479948,5
129,omega,0.00160606,8.20585e-05,2
129,k,0.00617293,0.000373946,2
130,Ux,0.00145874,9.52464e-05,2
130,Uy,0.00423271,0.000291216,2
130,p,0.0485839,0.000475957,5
130,omega,0.00157674,8.08785e-05,2
130,k,0.00603102,0.000368038,2
131,Ux,0.00143773,9.40027e-05,2
131,Uy,0.00414865,0.000286083,2
131,p,0.0480057,0.000466108,5
131,omega,0.00155168,7.98114e-05,2
131,k,0.00590994,0.00036282,2
132,Ux,0.00141756,9.27982e-05,2
132,Uy,0.00407084,0.000281111,2
132,p,0.0474177,0.000452659,5
132,omega,0.00152903,7.88209e-05,2
132,k,0.00580776,0.000358136,2
133,Ux,0.00139804,9.16318e-05,2
133,Uy,0.00399748,0.000276415,2
133,p,0.0467309,0.000436665,5
133,omega,0.00150864,7.79206e-05,2
133,k,0.00571659,0.000353815,2
134,Ux,0.00137916,9.04986e-05,2
134,Uy,0.00392938,0.000271911,2
134,p,0.0459415,0.000419261,5
134,omega,0.00149024,7.7089e-05,2
134,k,0.00563316,0.000349791,2
135,Ux,0.00136085,8.93963e-05,2
135,Uy,0.00386469,0.000267484,2
135,p,0.0450558,0.000403097,5
135,omega,0.00147262,7.63139e-05,2
135,k,0.00555976,0.000345936,2
136,Ux,0.0013432,8.83276e-05,2
136,Uy,0.00380177,0.000263192,2
136,p,0.0442628,0.000390682,5
136,omega,0.00145457,7.55779e-05,2
136,k,0.00549048,0.00034224,2
137,Ux,0.00132601,8.72811e-05,2
137,Uy,0.00374219,0.000259058,2
137,p,0.0433816,0.000382043,5
137,omega,0.00143758,7.48878e-05,2
137,k,0.00542491,0.00033864,2
138,Ux,0.00130924,8.62618e-05,2
138,Uy,0.00368395,0.000254967,2
138,p,0.042496,0.000376645,5
138,omega,0.00142227,7.42167e-05,2
138,k,0.00536288,0.000335152,2
139,Ux,0.00129305,8.5273e-05,2
139,Uy,0.0036264,0.000250925,2
139,p,0.0415221,0.000374624,5
139,omega,0.00140725,7.35557e-05,2
139,k,0.00530434,0.000331683,2
140,Ux,0.00127753,8.43185e-05,2
140,Uy,0.00357067,0.000247077,2
140,p,0.0405535,0.00037424,5
140,omega,0.00139333,7.29297e-05,2
140,k,0.00524662,0.000328266,2
141,Ux,0.00126259,8.33982e-05,2
141,Uy,0.0035175,0.000243304,2
141,p,0.0395406,0.000375077,5
141,omega,0.0013808,7.23188e-05,2
141,k,0.00518862,0.000324899,2
142,Ux,0.00124823,8.25141e-05,2
142,Uy,0.00346511,0.000239594,2
142,p,0.0385,0.00037367,5
142,omega,0.00136823,7.17192e-05,2
142,k,0.00513308,0.000321584,2
143,Ux,0.00123446,8.16691e-05,2
143,Uy,0.00341371,0.00023608,2
143,p,0.0377082,0.000371113,5
143,omega,0.00135538,7.11415e-05,2
143,k,0.00508035,0.000318339,2
144,Ux,0.00122124,8.0859e-05,2
144,Uy,0.00336528,0.00023275,2
144,p,0.0370042,0.000367721,5
144,omega,0.00134228,7.0571e-05,2
144,k,0.00502824,0.000315217,2
145,Ux,0.00120848,8.00828e-05,2
145,Uy,0.00331912,0.000229573,2
145,p,0.0364067,0.000363266,5
145,omega,0.0013296,7.00052e-05,2
145,k,0.00497996,0.000312271,2
146,Ux,0.00119617,7.93386e-05,2
146,Uy,0.00327523,0.00022662,2
146,p,0.0357664,0.000131292,6
146,omega,0.00131773,6.94419e-05,2
146,k,0.00493339,0.000309408,2
147,Ux,0.00118428,7.86152e-05,2
147,Uy,0.00323451,0.000223996,2
147,p,0.0351582,0.000320007,5
147,omega,0.00130612,6.88842e-05,2
147,k,0.00488644,0.000306549,2
148,Ux,0.00117301,7.793e-05,2
148,Uy,0.00319693,0.000221523,2
148,p,0.0346796,0.000317243,5
148,omega,0.00129543,6.83549e-05,2
148,k,0.00484028,0.000303704,2
149,Ux,0.00116203,7.72663e-05,2
149,Uy,0.0031613,0.000219177,2
149,p,0.0342294,0.000319708,5
149,omega,0.00128483,6.78316e-05,2
149,k,0.00479434,0.000300875,2
150,Ux,0.0011514,7.66263e-05,2
150,Uy,0.00312745,0.000217052,2
150,p,0.0338239,0.000324729,5
150,omega,0.00127399,6.73054e-05,2
150,k,0.00474899,0.00029809,2
151,Ux,0.00114114,7.60048e-05,2
151,Uy,0.00309661,0.000215101,2
151,p,0.0334449,0.00033013,5
151,omega,0.00126323,6.67806e-05,2
151,k,0.00470398,0.000295318,2
152,Ux,0.00113111,7.54047e-05,2
152,Uy,0.00306778,0.000213277,2
152,p,0.03335,0.000113227,6
152,omega,0.00125247,6.62649e-05,2
152,k,0.00466056,0.000292592,2
153,Ux,0.00112128,7.48125e-05,2
153,Uy,0.00304024,0.000211547,2
153,p,0.0331237,0.000300611,5
153,omega,0.00124108,6.57515e-05,2
153,k,0.00461823,0.000289897,2
154,Ux,0.00111219,7.4272e-05,2
154,Uy,0.00301496,0.00021,2
154,p,0.0329445,0.000298183,5
154,omega,0.00122974,6.52442e-05,2
154,k,0.00457533,0.000287224,2
155,Ux,0.00110344,7.37523e-05,2
155,Uy,0.00299144,0.000208534,2
155,p,0.0329362,0.000299937,5
155,omega,0.00121944,6.4754e-05,2
155,k,0.00453316,0.000284585,2
156,Ux,0.001095,7.32541e-05,2
156,Uy,0.00296922,0.000207145,2
156,p,0.0328598,0.000302764,5
156,omega,0.00120967,6.42623e-05,2
156,k,0.00449083,0.000281966,2
157,Ux,0.00108692,7.27733e-05,2
157,Uy,0.00294811,0.000205855,2
157,p,0.032759,0.000304905,5
157,omega,0.00120057,6.37795e-05,2
157,k,0.00445007,0.000279369,2
158,Ux,0.00107912,7.23073e-05,2
158,Uy,0.00292902,0.000204665,2
158,p,0.0326365,0.000305222,5
158,omega,0.00119112,6.33062e-05,2
158,k,0.00441016,0.000276826,2
159,Ux,0.00107156,7.18642e-05,2
159,Uy,0.0029109,0.00020354,2
159,p,0.032432,0.000303803,5
159,omega,0.00118184,6.28357e-05,2
159,k,0.00437029,0.000274312,2
160,Ux,0.00106432,7.14434e-05,2
160,Uy,0.00289337,0.000202467,2
160,p,0.0321538,0.000298804,5
160,omega,0.00117267,6.23641e-05,2
160,k,0.00433005,0.000271827,2
161,Ux,0.00105744,7.10412e-05,2
161,Uy,0.00287712,0.000201484,2
161,p,0.0319302,0.000292234,5
161,omega,0.00116346,6.19048e-05,2
161,k,0.00429134,0.000269371,2
162,Ux,0.0010509,7.06565e-05,2
162,Uy,0.00286279,0.000200579,2
162,p,0.0317153,0.000284863,5
162,omega,0.00115413,6.14453e-05,2
162,k,0.00425307,0.00026692,2
163,Ux,0.00104463,7.02894e-05,2
163,Uy,0.00284932,0.000199725,2
163,p,0.0315168,0.000277751,5
163,omega,0.00114486,6.09917e-05,2
163,k,0.00421505,0.000264505,2
164,Ux,0.00103863,6.99384e-05,2
164,Uy,0.00283639,0.000198921,2
164,p,0.0312702,0.00027227,5
164,omega,0.00113542,6.05426e-05,2
164,k,0.00417703,0.000262115,2
165,Ux,0.00103287,6.9601e-05,2
165,Uy,0.00282429,0.000198186,2
165,p,0.0309275,0.000267553,5
165,omega,0.00112625,6.00981e-05,2
165,k,0.0041389,0.000259737,2
166,Ux,0.00102739,6.92753e-05,2
166,Uy,0.00281383,0.000197513,2
166,p,0.0306147,0.000262952,5
166,omega,0.00111728,5.96646e-05,2
166,k,0.00410051,0.000257371,2
167,Ux,0.00102212,6.89607e-05,2
167,Uy,0.00280405,0.000196886,2
167,p,0.0302141,0.000258707,5
167,omega,0.00110869,5.92295e-05,2
167,k,0.00406202,0.000255018,2
168,Ux,0.00101698,6.86586e-05,2
168,Uy,0.00279484,0.00019629,2
168,p,0.029746,0.00025476,5
168,omega,0.0011007,5.87857e-05,2
168,k,0.00402404,0.000252662,2
169,Ux,0.00101207,6.83654e-05,2
169,Uy,0.00278595,0.000195738,2
169,p,0.0292642,0.000250432,5
169,omega,0.0010927,5.8348e-05,2
169,k,0.00398591,0.000250329,2
170,Ux,0.00100734,6.80767e-05,2
170,Uy,0.00277822,0.000195237,2
170,p,0.0288104,0.000246249,5
170,omega,0.00108461,5.79195e-05,2
170,k,0.00394745,0.00024801,2
171,Ux,0.00100283,6.78004e-05,2
171,Uy,0.00277122,0.000194773,2
171,p,0.0284421,0.00024281,5
171,omega,0.00107659,5.74942e-05,2
171,k,0.00390965,0.000245722,2
172,Ux,0.000998431,6.75367e-05,2
172,Uy,0.0027646,0.000194338,2
172,p,0.0280858,0.000239313,5
172,omega,0.00106866,5.70689e-05,2
172,k,0.00387274,0.000243494,2
173,Ux,0.000994188,6.72818e-05,2
173,Uy,0.00275841,0.000193944,2
173,p,0.0277925,0.000235639,5
173,omega,0.00106091,5.66522e-05,2
173,k,0.0038364,0.000241296,2
174,Ux,0.00099026,6.70399e-05,2
174,Uy,0.0027528,0.000193589,2
174,p,0.0275636,0.000232011,5
174,omega,0.00105333,5.62366e-05,2
174,k,0.0038004,0.000239148,2
175,Ux,0.0009866,6.68148e-05,2
175,Uy,0.00274788,0.000193258,2
175,p,0.0274243,0.000229078,5
175,omega,0.00104563,5.58249e-05,2
175,k,0.00376551,0.000237049,2
176,Ux,0.000983117,6.66017e-05,2
176,Uy,0.0027434,0.000192965,2
176,p,0.0273118,0.000226138,5
176,omega,0.00103767,5.54144e-05,2
176,k,0.00373172,0.000235019,2
177,Ux,0.000979933,6.64027e-05,2
177,Uy,0.00273979,0.000192722,2
177,p,0.0271646,0.000223218,5
177,omega,0.00103003,5.50203e-05,2
177,k,0.00369875,0.000233062,2
178,Ux,0.00097701,6.62233e-05,2
178,Uy,0.0027372,0.000192519,2
178,p,0.0270259,0.00022052,5
178,omega,0.0010228,5.46349e-05,2
178,k,0.00366698,0.000231179,2
179,Ux,0.000974294,6.60608e-05,2
179,Uy,0.00273516,0.000192351,2
179,p,0.0269124,0.000218217,5
179,omega,0.00101594,5.4254e-05,2
179,k,0.00363618,0.000229367,2
180,Ux,0.000971869,6.59136e-05,2
180,Uy,0.00273348,0.000192227,2
180,p,0.0268122,0.000216018,5
180,omega,0.0010094,5.38747e-05,2
180,k,0.00360695,0.000227643,2
181,Ux,0.000969783,6.57889e-05,2
181,Uy,0.00273254,0.000192157,2
181,p,0.0267289,0.000214131,5
181,omega,0.00100281,5.34947e-05,2
181,k,0.00357876,0.000226011,2
182,Ux,0.000968017,6.56869e-05,2
182,Uy,0.00273235,0.000192109,2
182,p,0.0266755,0.000213052,5
182,omega,0.000996206,5.31228e-05,2
182,k,0.00355227,0.000224454,2
183,Ux,0.000966517,6.56046e-05,2
183,Uy,0.00273251,0.000192083,2
183,p,0.0266944,0.000212266,5
183,omega,0.000989688,5.27561e-05,2
183,k,0.00352757,0.000223006,2
184,Ux,0.000965291,6.55381e-05,2
184,Uy,0.00273289,0.000192091,2
184,p,0.0267158,0.000211856,5
184,omega,0.000983178,5.23865e-05,2
184,k,0.00350388,0.000221659,2
185,Ux,0.00096434,6.54885e-05,2
185,Uy,0.00273379,0.000192135,2
185,p,0.0267697,0.000212062,5
185,omega,0.000976796,5.20324e-05,2
185,k,0.00348146,0.000220432,2
186,Ux,0.000963531,6.54555e-05,2
186,Uy,0.00273502,0.000192192,2
186,p,0.0268795,0.000212779,5
186,omega,0.000970319,5.16829e-05,2
186,k,0.00346102,0.000219263,2
187,Ux,0.000962891,6.54342e-05,2
187,Uy,0.00273628,0.000192253,2
187,p,0.0270424,0.000213538,5
187,omega,0.000963922,5.13372e-05,2
187,k,0.00344164,0.000218164,2
188,Ux,0.000962442,6.5424e-05,2
188,Uy,0.00273766,0.000192323,2
188,p,0.0271915,0.000214423,5
188,omega,0.000957611,5.09907e-05,2
188,k,0.00342267,0.000217101,2
189,Ux,0.000962147,6.54263e-05,2
189,Uy,0.00273897,0.000192393,2
189,p,0.0273114,0.0002155,5
189,omega,0.000951181,5.06476e-05,2
189,k,0.00340494,0.000216109,2
190,Ux,0.000961952,6.5434e-05,2
190,Uy,0.00274009,0.000192455,2
190,p,0.0273268,0.000216063,5
190,omega,0.000944646,5.03065e-05,2
190,k,0.00338761,0.00021515,2
191,Ux,0.000961848,6.54479e-05,2
191,Uy,0.00274118,0.000192504,2
191,p,0.0272515,0.000216217,5
191,omega,0.000937913,4.99665e-05,2
191,k,0.00337147,0.000214235,2
192,Ux,0.000961802,6.5466e-05,2
192,Uy,0.00274225,0.000192533,2
192,p,0.0270919,0.000216557,5
192,omega,0.00093134,4.96369e-05,2
192,k,0.0033556,0.000213351,2
193,Ux,0.000961772,6.5488e-05,2
193,Uy,0.00274302,0.000192553,2
193,p,0.0268594,0.00021669,5
193,omega,0.000925068,4.93054e-05,2
193,k,0.00333984,0.00021251,2
194,Ux,0.000961802,6.55129e-05,2
194,Uy,0.00274356,0.00019257,2
194,p,0.0265619,0.000216379,5
194,omega,0.000918965,4.89789e-05,2
194,k,0.00332517,0.000211683,2
195,Ux,0.000961831,6.55375e-05,2
195,Uy,0.00274398,0.000192575,2
195,p,0.0262006,0.000215981,5
195,omega,0.000912781,4.86511e-05,2
195,k,0.00331083,0.000210868,2
196,Ux,0.00096181,6.55631e-05,2
196,Uy,0.00274416,0.000192557,2
196,p,0.0257921,0.000215465,5
196,omega,0.000906684,4.83291e-05,2
196,k,0.00329649,0.000210073,2
197,Ux,0.000961823,6.55874e-05,2
197,Uy,0.00274402,0.000192523,2
197,p,0.0253428,0.000214613,5
197,omega,0.000900612,4.80117e-05,2
197,k,0.00328191,0.000209275,2
198,Ux,0.000961804,6.56104e-05,2
198,Uy,0.00274346,0.000192466,2
198,p,0.0248866,0.000213589,5
198,omega,0.000894424,4.76945e-05,2
198,k,0.00326742,0.00020849,2
199,Ux,0.000961769,6.56304e-05,2
199,Uy,0.00274231,0.000192376,2
199,p,0.02443,0.000212536,5
199,omega,0.000888168,4.73727e-05,2
199,k,0.0032531,0.000207734,2
200,Ux,0.000961712,6.56494e-05,2
200,Uy,0.00274091,0.000192277,2
200,p,0.0239803,0.000211836,5
200,omega,0.000882155,4.70551e-05,2
200,k,0.00323876,0.000206978,2
201,Ux,0.000961623,6.56658e-05,2
201,Uy,0.00273971,0.000192176,2
201,p,0.0235322,0.000210951,5
201,omega,0.000876136,4.6742e-05,2
201,k,0.00322496,0.000206233,2
202,Ux,0.000961551,6.56796e-05,2
202,Uy,0.00273834,0.000192067,2
202,p,0.023155,0.000210755,5
202,omega,0.000870025,4.64314e-05,2
202,k,0.0032112,0.000205492,2
203,Ux,0.000961468,6.56908e-05,2
203,Uy,0.00273673,0.000191938,2
203,p,0.0228311,0.000210751,5
203,omega,0.00086396,4.61184e-05,2
203,k,0.00319782,0.000204784,2
204,Ux,0.000961368,6.56995e-05,2
204,Uy,0.00273476,0.000191778,2
204,p,0.0225391,0.000210756,5
204,omega,0.000858037,4.58052e-05,2
204,k,0.00318414,0.000204079,2
205,Ux,0.000961215,6.57053e-05,2
205,Uy,0.00273254,0.000191629,2
205,p,0.0222789,0.000211355,5
205,omega,0.000852223,4.54932e-05,2
205,k,0.00317075,0.000203386,2
206,Ux,0.000961095,6.57081e-05,2
206,Uy,0.00273055,0.000191486,2
206,p,0.0220731,0.000212631,5
206,omega,0.000846461,4.51835e-05,2
206,k,0.00315748,0.000202696,2
207,Ux,0.000960955,6.57074e-05,2
207,Uy,0.00272861,0.000191336,2
207,p,0.0218872,0.000213801,5
207,omega,0.000840633,4.48747e-05,2
207,k,0.00314449,0.000202032,2
208,Ux,0.000960769,6.57048e-05,2
208,Uy,0.00272641,0.000191179,2
208,p,0.0217357,0.000214739,5
208,omega,0.000834887,4.45684e-05,2
208,k,0.00313181,0.000201392,2
209,Ux,0.000960557,6.56984e-05,2
209,Uy,0.00272408,0.000191018,2
209,p,0.0216196,0.000215841,5
209,omega,0.000829336,4.42591e-05,2
209,k,0.00311973,0.000200777,2
210,Ux,0.000960361,6.56901e-05,2
210,Uy,0.00272167,0.00019087,2
210,p,0.0215401,5.47159e-05,6
210,omega,0.0008238,4.39551e-05,2
210,k,0.00310801,0.000200185,2
211,Ux,0.000960001,6.56732e-05,2
211,Uy,0.0027195,0.00019073,2
211,p,0.0214954,0.000209004,5
211,omega,0.000818269,4.36534e-05,2
211,k,0.00309635,0.000199622,2
212,Ux,0.000959779,6.56655e-05,2
212,Uy,0.00271768,0.000190612,2
212,p,0.0214924,0.000207624,5
212,omega,0.000812876,4.33516e-05,2
212,k,0.00308492,0.000199084,2
213,Ux,0.000959587,6.56555e-05,2
213,Uy,0.00271576,0.000190496,2
213,p,0.0215662,0.000207584,5
213,omega,0.000807497,4.30491e-05,2
213,k,0.00307421,0.00019857,2
214,Ux,0.000959361,6.56435e-05,2
214,Uy,0.00271383,0.000190382,2
214,p,0.0216691,0.000207962,5
214,omega,0.000802168,4.27505e-05,2
214,k,0.00306397,0.000198086,2
215,Ux,0.000959071,6.56257e-05,2
215,Uy,0.00271191,0.000190298,2
215,p,0.0217956,0.000207724,5
215,omega,0.000796858,4.24588e-05,2
215,k,0.00305424,0.000197627,2
216,Ux,0.000958792,6.56059e-05,2
216,Uy,0.00271038,0.000190224,2
216,p,0.0219226,0.000206962,5
216,omega,0.000791582,4.21703e-05,2
216,k,0.00304487,0.000197195,2
217,Ux,0.000958474,6.55865e-05,2
217,Uy,0.002709,0.000190159,2
217,p,0.0220235,0.000205116,5
217,omega,0.000786345,4.18827e-05,2
217,k,0.00303572,0.000196781,2
218,Ux,0.000958146,6.55646e-05,2
218,Uy,0.00270785,0.000190113,2
218,p,0.0220972,0.000202448,5
218,omega,0.000781211,4.1601e-05,2
218,k,0.00302685,0.000196407,2
219,Ux,0.00095783,6.55433e-05,2
219,Uy,0.00270663,0.000190083,2
219,p,0.0221322,0.000198731,5
219,omega,0.000776179,4.13266e-05,2
219,k,0.00301877,0.00019605,2
220,Ux,0.000957507,6.55228e-05,2
220,Uy,0.00270545,0.000190069,2
220,p,0.0221622,0.00019399,5
220,omega,0.000771225,4.1062e-05,2
220,k,0.00301097,0.000195731,2
221,Ux,0.000957184,6.55024e-05,2
221,Uy,0.00270472,0.000190089,2
221,p,0.0221623,0.000187996,5
221,omega,0.000766417,4.08035e-05,2
221,k,0.00300348,0.000195425,2
222,Ux,0.000956907,6.54833e-05,2
222,Uy,0.00270424,0.000190128,2
222,p,0.0221067,0.000182109,5
222,omega,0.000761718,4.055e-05,2
222,k,0.00299614,0.000195149,2
223,Ux,0.000956609,6.54642e-05,2
223,Uy,0.0027038,0.000190178,2
223,p,0.0220311,0.000176217,5
223,omega,0.000757131,4.0306e-05,2
223,k,0.00298935,0.000194902,2
224,Ux,0.000956324,6.54446e-05,2
224,Uy,0.00270344,0.000190256,2
224,p,0.0219495,0.000170622,5
224,omega,0.000752716,4.00739e-05,2
224,k,0.00298304,0.000194684,2
225,Ux,0.000956021,6.54249e-05,2
225,Uy,0.00270316,0.000190354,2
225,p,0.0218462,0.00016539,5
225,omega,0.000748443,3.98508e-05,2
225,k,0.00297725,0.000194485,2
226,Ux,0.000955699,6.54029e-05,2
226,Uy,0.00270348,0.000190478,2
226,p,0.0217302,0.000160973,5
226,omega,0.000744345,3.96379e-05,2
226,k,0.00297156,0.000194306,2
227,Ux,0.000955376,6.53821e-05,2
227,Uy,0.00270414,0.000190612,2
227,p,0.0215917,0.000157072,5
227,omega,0.000740383,3.94318e-05,2
227,k,0.00296639,0.000194152,2
228,Ux,0.000955055,6.53617e-05,2
228,Uy,0.00270494,0.000190757,2
228,p,0.0214496,0.000153792,5
228,omega,0.000736612,3.92345e-05,2
228,k,0.0029614,0.000194012,2
229,Ux,0.000954727,6.53415e-05,2
229,Uy,0.00270586,0.000190908,2
229,p,0.0213296,0.000151157,5
229,omega,0.000733022,3.90498e-05,2
229,k,0.00295637,0.000193867,2
230,Ux,0.000954395,6.53195e-05,2
230,Uy,0.00270672,0.000191066,2
230,p,0.0212255,0.000149197,5
230,omega,0.000729595,3.88772e-05,2
230,k,0.00295126,0.000193736,2
231,Ux,0.000954072,6.52973e-05,2
231,Uy,0.00270766,0.000191231,2
231,p,0.0211291,0.000146283,5
231,omega,0.000726363,3.87155e-05,2
231,k,0.00294666,0.000193607,2
232,Ux,0.000953718,6.52761e-05,2
232,Uy,0.00270883,0.000191405,2
232,p,0.0210305,0.000144104,5
232,omega,0.000723331,3.85641e-05,2
232,k,0.00294198,0.000193473,2
233,Ux,0.000953373,6.52557e-05,2
233,Uy,0.00270993,0.000191582,2
233,p,0.0209457,0.000142092,5
233,omega,0.000720442,3.84218e-05,2
233,k,0.00293725,0.000193339,2
234,Ux,0.000953004,6.52357e-05,2
234,Uy,0.00271099,0.000191755,2
234,p,0.0208845,0.000140316,5
234,omega,0.000717513,3.82909e-05,2
234,k,0.00293264,0.000193212,2
235,Ux,0.000952618,6.52128e-05,2
235,Uy,0.00271192,0.000191925,2
235,p,0.0208439,0.00013867,5
235,omega,0.000714854,3.81732e-05,2
235,k,0.00292841,0.000193091,2
236,Ux,0.000952258,6.51913e-05,2
236,Uy,0.00271272,0.00019209,2
236,p,0.0208334,0.000137474,5
236,omega,0.000712485,3.80683e-05,2
236,k,0.00292448,0.000192976,2
237,Ux,0.000951851,6.5167e-05,2
237,Uy,0.00271354,0.000192254,2
237,p,0.0208397,0.000136473,5
237,omega,0.000710257,3.79752e-05,2
237,k,0.00292079,0.000192877,2
238,Ux,0.00095142,6.51382e-05,2
238,Uy,0.00271434,0.000192422,2
238,p,0.020877,0.000135883,5
238,omega,0.000708164,3.78916e-05,2
238,k,0.00291762,0.000192792,2
239,Ux,0.000950958,6.51093e-05,2
239,Uy,0.00271518,0.000192582,2
239,p,0.020948,0.000135701,5
239,omega,0.00070641,3.78195e-05,2
239,k,0.00291501,0.000192724,2
240,Ux,0.000950463,6.5079e-05,2
240,Uy,0.00271606,0.000192746,2
240,p,0.0210383,0.00013584,5
240,omega,0.000705035,3.77536e-05,2
240,k,0.00291258,0.000192676,2
241,Ux,0.000949916,6.50445e-05,2
241,Uy,0.00271692,0.000192905,2
241,p,0.0211579,0.000136323,5
241,omega,0.000703942,3.76958e-05,2
241,k,0.00291066,0.000192647,2
242,Ux,0.000949363,6.50076e-05,2
242,Uy,0.00271783,0.000193063,2
242,p,0.0213159,0.000137029,5
242,omega,0.000703004,3.76485e-05,2
242,k,0.00290954,0.000192648,2
243,Ux,0.000948782,6.49686e-05,2
243,Uy,0.00271883,0.000193219,2
243,p,0.0214989,0.000137929,5
243,omega,0.000702214,3.7609e-05,2
243,k,0.00290895,0.00019268,2
244,Ux,0.000948138,6.49251e-05,2
244,Uy,0.00272001,0.000193382,2
244,p,0.0217735,0.000138887,5
244,omega,0.000701494,3.75787e-05,2
244,k,0.00290902,0.000192745,2
245,Ux,0.000947476,6.48826e-05,2
245,Uy,0.00272141,0.000193553,2
245,p,0.0220898,0.000139772,5
245,omega,0.000700886,3.7558e-05,2
245,k,0.00290986,0.000192858,2
246,Ux,0.000946774,6.48376e-05,2
246,Uy,0.00272304,0.000193739,2
246,p,0.0223818,0.000140566,5
246,omega,0.000700339,3.75355e-05,2
246,k,0.0029116,0.000193007,2
247,Ux,0.000945999,6.4789e-05,2
247,Uy,0.00272491,0.000193938,2
247,p,0.0226524,0.000141242,5
247,omega,0.000699667,3.7517e-05,2
247,k,0.00291399,0.000193192,2
248,Ux,0.000945222,6.47431e-05,2
248,Uy,0.00272687,0.000194142,2
248,p,0.022884,0.00014167,5
248,omega,0.000699074,3.75077e-05,2
248,k,0.00291675,0.000193417,2
249,Ux,0.000944457,6.46949e-05,2
249,Uy,0.00272903,0.000194351,2
249,p,0.023073,0.000141795,5
249,omega,0.000698434,3.75064e-05,2
249,k,0.00292018,0.000193687,2
250,Ux,0.00094361,6.4642e-05,2
250,Uy,0.0027313,0.000194562,2
250,p,0.023189,0.000141608,5
250,omega,0.000697795,3.75111e-05,2
250,k,0.00292431,0.000194003,2
251,Ux,0.000942792,6.4589e-05,2
251,Uy,0.00273365,0.000194778,2
251,p,0.0232792,0.000141015,5
251,omega,0.000697614,3.75125e-05,2
251,k,0.00292903,0.000194319,2
252,Ux,0.000941906,6.45324e-05,2
252,Uy,0.00273608,0.000195005,2
252,p,0.0233294,0.000140003,5
252,omega,0.000697697,3.75241e-05,2
252,k,0.00293398,0.000194621,2
253,Ux,0.000940942,6.44746e-05,2
253,Uy,0.00273862,0.000195245,2
253,p,0.023329,0.000138588,5
253,omega,0.000698024,3.75386e-05,2
253,k,0.00293882,0.000194926,2
254,Ux,0.00094006,6.44144e-05,2
254,Uy,0.00274124,0.000195495,2
254,p,0.0233474,0.000136784,5
254,omega,0.000698557,3.75453e-05,2
254,k,0.00294327,0.000195226,2
255,Ux,0.00093911,6.43513e-05,2
255,Uy,0.002744,0.000195753,2
255,p,0.02338,0.000134724,5
255,omega,0.00069907,3.75614e-05,2
255,k,0.00294769,0.000195522,2
256,Ux,0.000938079,6.42848e-05,2
256,Uy,0.00274679,0.000196016,2
256,p,0.0234827,0.000132543,5
256,omega,0.000699491,3.75836e-05,2
256,k,0.00295228,0.000195828,2
257,Ux,0.00093704,6.4214e-05,2
257,Uy,0.00274968,0.000196288,2
257,p,0.0236368,0.000130236,5
257,omega,0.000699802,3.76052e-05,2
257,k,0.0029569,0.00019612,2
258,Ux,0.000935878,6.41392e-05,2
258,Uy,0.00275276,0.000196576,2
258,p,0.0237586,0.000127975,5
258,omega,0.000699844,3.7629e-05,2
258,k,0.00296149,0.000196396,2
259,Ux,0.000934713,6.40634e-05,2
259,Uy,0.00275599,0.000196873,2
259,p,0.0237977,0.000125698,5
259,omega,0.000699919,3.76526e-05,2
259,k,0.00296598,0.000196684,2
260,Ux,0.000933482,6.39873e-05,2
260,Uy,0.00275947,0.000197188,2
260,p,0.0238056,0.000123598,5
260,omega,0.000699696,3.76752e-05,2
260,k,0.00296998,0.000196959,2
261,Ux,0.000932281,6.3911e-05,2
261,Uy,0.00276306,0.000197509,2
261,p,0.023755,0.000121531,5
261,omega,0.00069982,3.77048e-05,2
261,k,0.00297468,0.000197234,2
262,Ux,0.000931083,6.38346e-05,2
262,Uy,0.00276685,0.000197842,2
262,p,0.0237053,0.000119552,5
262,omega,0.000700253,3.77319e-05,2
262,k,0.00297903,0.00019752,2
263,Ux,0.000929889,6.3755e-05,2
263,Uy,0.00277073,0.000198189,2
263,p,0.0236058,0.000117827,5
263,omega,0.000700765,3.77644e-05,2
263,k,0.00298332,0.000197807,2
264,Ux,0.000928731,6.36751e-05,2
264,Uy,0.00277481,0.000198554,2
264,p,0.0234629,0.000117047,5
264,omega,0.000701548,3.77875e-05,2
264,k,0.00298777,0.000198097,2
265,Ux,0.000927485,6.3595e-05,2
265,Uy,0.00277927,0.000198927,2
265,p,0.0233032,0.000117755,5
265,omega,0.000702509,3.78169e-05,2
265,k,0.00299081,0.000198342,2
266,Ux,0.000926223,6.35156e-05,2
266,Uy,0.00278364,0.000199304,2
266,p,0.0232141,0.000119636,5
266,omega,0.000703313,3.78468e-05,2
266,k,0.00299408,0.00019857,2
267,Ux,0.000924909,6.34356e-05,2
267,Uy,0.00278816,0.000199698,2
267,p,0.0232078,0.000122146,5
267,omega,0.000703948,3.78792e-05,2
267,k,0.00299762,0.00019881,2
268,Ux,0.000923637,6.33518e-05,2
268,Uy,0.0027932,0.000200106,2
268,p,0.0232621,0.000125183,5
268,omega,0.000704242,3.79124e-05,2
268,k,0.00300196,0.000199084,2
269,Ux,0.000922356,6.32705e-05,2
269,Uy,0.00279849,0.000200521,2
269,p,0.0233633,0.000128534,5
269,omega,0.000704445,3.7942e-05,2
269,k,0.00300615,0.000199365,2
270,Ux,0.000921066,6.31877e-05,2
270,Uy,0.00280376,0.000200946,2
270,p,0.0234743,0.000131848,5
270,omega,0.000704463,3.79779e-05,2
270,k,0.00301046,0.000199634,2
271,Ux,0.000919882,6.31072e-05,2
271,Uy,0.00280906,0.000201377,2
271,p,0.0235784,0.000134784,5
271,omega,0.000704824,3.80055e-05,2
271,k,0.00301432,0.000199852,2
272,Ux,0.000918767,6.30274e-05,2
272,Uy,0.0028145,0.000201808,2
272,p,0.0236807,0.000137246,5
272,omega,0.000705274,3.80312e-05,2
272,k,0.00301804,0.000200091,2
273,Ux,0.000917718,6.29514e-05,2
273,Uy,0.00282018,0.000202239,2
273,p,0.0237686,0.000139261,5
273,omega,0.000705775,3.80669e-05,2
273,k,0.00302211,0.000200366,2
274,Ux,0.000916726,6.28818e-05,2
274,Uy,0.00282588,0.000202674,2
274,p,0.0237966,0.000140674,5
274,omega,0.000706634,3.8096e-05,2
274,k,0.00302592,0.000200605,2
275,Ux,0.000915759,6.28202e-05,2
275,Uy,0.00283156,0.000203113,2
275,p,0.0237578,0.000141376,5
275,omega,0.000707643,3.81162e-05,2
275,k,0.00302953,0.000200825,2
276,Ux,0.000914842,6.27649e-05,2
276,Uy,0.00283681,0.000203561,2
276,p,0.0237281,0.000141294,5
276,omega,0.000708325,3.81301e-05,2
276,k,0.00303246,0.000201002,2
277,Ux,0.000913992,6.27146e-05,2
277,Uy,0.0028423,0.000203996,2
277,p,0.023757,0.000140513,5
277,omega,0.000708802,3.81516e-05,2
277,k,0.00303564,0.000201173,2
278,Ux,0.000913171,6.26702e-05,2
278,Uy,0.00284789,0.000204426,2
278,p,0.0238007,0.00013901,5
278,omega,0.000709146,3.81683e-05,2
278,k,0.00303853,0.000201336,2
279,Ux,0.000912427,6.26311e-05,2
279,Uy,0.00285316,0.000204858,2
279,p,0.0238099,0.000136712,5
279,omega,0.00070905,3.81883e-05,2
279,k,0.00304146,0.000201529,2
280,Ux,0.000911737,6.25964e-05,2
280,Uy,0.00285828,0.000205291,2
280,p,0.0237919,0.000133807,5
280,omega,0.000708736,3.82074e-05,2
280,k,0.00304431,0.00020167,2
281,Ux,0.000911127,6.25653e-05,2
281,Uy,0.00286351,0.000205723,2
281,p,0.0237675,0.00013043,5
281,omega,0.00070877,3.82144e-05,2
281,k,0.00304592,0.000201742,2
282,Ux,0.000910582,6.25386e-05,2
282,Uy,0.00286862,0.000206143,2
282,p,0.0237681,0.000126744,5
282,omega,0.000708929,3.82235e-05,2
282,k,0.00304671,0.000201828,2
283,Ux,0.000910086,6.25194e-05,2
283,Uy,0.0028734,0.000206556,2
283,p,0.0237297,0.000123058,5
283,omega,0.000709057,3.82473e-05,2
283,k,0.00304727,0.00020189,2
284,Ux,0.000909679,6.2504e-05,2
284,Uy,0.00287826,0.000206965,2
284,p,0.0236963,0.00011992,5
284,omega,0.00070941,3.82642e-05,2
284,k,0.00304745,0.000201915,2
285,Ux,0.000909345,6.24919e-05,2
285,Uy,0.00288294,0.000207368,2
285,p,0.0236246,0.000117543,5
285,omega,0.000710019,3.82716e-05,2
285,k,0.00304668,0.000201907,2
286,Ux,0.000909033,6.24816e-05,2
286,Uy,0.00288746,0.000207773,2
286,p,0.0235037,0.000115905,5
286,omega,0.000710338,3.82777e-05,2
286,k,0.00304452,0.000201833,2
287,Ux,0.000908769,6.2473e-05,2
287,Uy,0.0028919,0.000208175,2
287,p,0.023509,0.000114829,5
287,omega,0.000710456,3.82841e-05,2
287,k,0.00304238,0.000201728,2
288,Ux,0.00090849,6.24665e-05,2
288,Uy,0.00289622,0.000208554,2
288,p,0.0235621,0.000114196,5
288,omega,0.000710327,3.82965e-05,2
288,k,0.00303996,0.000201628,2
289,Ux,0.000908214,6.24627e-05,2
289,Uy,0.00290063,0.000208926,2
289,p,0.0235674,0.000113859,5
289,omega,0.000709942,3.83174e-05,2
289,k,0.0030368,0.000201519,2
290,Ux,0.000907972,6.24596e-05,2
290,Uy,0.00290508,0.000209313,2
290,p,0.0235398,0.000113665,5
290,omega,0.000709423,3.83335e-05,2
290,k,0.00303362,0.000201362,2
291,Ux,0.000907782,6.2457e-05,2
291,Uy,0.0029093,0.00020969,2
291,p,0.0234991,0.000113807,5
291,omega,0.000709461,3.83445e-05,2
291,k,0.00302956,0.00020116,2
292,Ux,0.0009076,6.24544e-05,2
292,Uy,0.00291342,0.000210053,2
292,p,0.0234461,0.000114685,5
292,omega,0.000709586,3.83556e-05,2
292,k,0.00302359,0.000200923,2
293,Ux,0.000907399,6.24517e-05,2
293,Uy,0.00291752,0.000210406,2
293,p,0.0233435,0.000116099,5
293,omega,0.000709928,3.83748e-05,2
293,k,0.00301841,0.00020069,2
294,Ux,0.000907219,6.24514e-05,2
294,Uy,0.00292149,0.000210764,2
294,p,0.0232575,0.000117794,5
294,omega,0.000710642,3.83982e-05,2
294,k,0.00301305,0.000200457,2
295,Ux,0.000907031,6.24528e-05,2
295,Uy,0.0029254,0.000211127,2
295,p,0.0232314,0.000119456,5
295,omega,0.000711518,3.84206e-05,2
295,k,0.00300745,0.000200186,2
296,Ux,0.000906845,6.24518e-05,2
296,Uy,0.00292902,0.000211478,2
296,p,0.023297,0.000121204,5
296,omega,0.000712034,3.84277e-05,2
296,k,0.00300147,0.00019989,2
297,Ux,0.000906695,6.24507e-05,2
297,Uy,0.00293261,0.000211816,2
297,p,0.0234603,0.000122898,5
297,omega,0.000712078,3.84408e-05,2
297,k,0.00299464,0.000199597,2
298,Ux,0.000906487,6.24516e-05,2
298,Uy,0.00293631,0.000212165,2
298,p,0.0236502,0.00012425,5
298,omega,0.00071198,3.84609e-05,2
298,k,0.0029893,0.000199331,2
299,Ux,0.000906278,6.24498e-05,2
299,Uy,0.00294001,0.000212509,2
299,p,0.0238173,0.000125324,5
299,omega,0.000711648,3.8487e-05,2
299,k,0.00298462,0.000199112,2
300,Ux,0.000906114,6.24478e-05,2
300,Uy,0.00294358,0.000212844,2
300,p,0.0239491,0.000126091,5
300,omega,0.000711745,3.85159e-05,2
300,k,0.00298007,0.000198919,2
301,Ux,0.000905972,6.24491e-05,2
301,Uy,0.00294728,0.000213175,2
301,p,0.0240551,0.000126553,5
301,omega,0.000712185,3.85329e-05,2
301,k,0.00297556,0.0001987,2
302,Ux,0.000905809,6.245e-05,2
302,Uy,0.00295109,0.000213497,2
302,p,0.0241117,0.00012674,5
302,omega,0.00071277,3.85535e-05,2
302,k,0.00297073,0.000198458,2
303,Ux,0.000905686,6.24506e-05,2
303,Uy,0.00295478,0.000213819,2
303,p,0.0241168,0.000126678,5
303,omega,0.000713593,3.85732e-05,2
303,k,0.00296584,0.000198267,2
304,Ux,0.000905576,6.24518e-05,2
304,Uy,0.00295815,0.000214134,2
304,p,0.0240698,0.000126519,5
304,omega,0.000714843,3.86081e-05,2
304,k,0.00296238,0.0001981,2
305,Ux,0.000905466,6.24561e-05,2
305,Uy,0.00296139,0.000214438,2
305,p,0.0241103,0.00012638,5
305,omega,0.000715743,3.86291e-05,2
305,k,0.00295848,0.000197908,2
306,Ux,0.000905375,6.24612e-05,2
306,Uy,0.00296485,0.00021474,2
306,p,0.024256,0.000126535,5
306,omega,0.000715916,3.86384e-05,2
306,k,0.00295367,0.000197685,2
307,Ux,0.000905284,6.24646e-05,2
307,Uy,0.00296801,0.00021505,2
307,p,0.024442,0.000126786,5
307,omega,0.000715812,3.8657e-05,2
307,k,0.00294976,0.000197496,2
308,Ux,0.00090519,6.24672e-05,2
308,Uy,0.00297095,0.000215344,2
308,p,0.0246035,0.000126471,5
308,omega,0.000715622,3.86914e-05,2
308,k,0.0029464,0.00019734,2
309,Ux,0.000905131,6.24714e-05,2
309,Uy,0.00297401,0.000215622,2
309,p,0.0246975,0.000125368,5
309,omega,0.000716069,3.87277e-05,2
309,k,0.0029439,0.000197213,2
310,Ux,0.000905104,6.24757e-05,2
310,Uy,0.00297688,0.000215906,2
310,p,0.0247185,0.00012354,5
310,omega,0.000716639,3.87468e-05,2
310,k,0.00294071,0.00019706,2
311,Ux,0.000905089,6.24822e-05,2
311,Uy,0.00297963,0.000216192,2
311,p,0.0246985,0.000121075,5
311,omega,0.000717227,3.87687e-05,2
311,k,0.00293697,0.000196863,2
312,Ux,0.000905125,6.24903e-05,2
312,Uy,0.00298224,0.00021646,2
312,p,0.0246517,0.000118315,5
312,omega,0.000718379,3.87897e-05,2
312,k,0.00293433,0.000196702,2
313,Ux,0.000905133,6.24991e-05,2
313,Uy,0.0029849,0.000216713,2
313,p,0.024568,0.000115497,5
313,omega,0.000719721,3.88241e-05,2
313,k,0.00293144,0.000196564,2
314,Ux,0.000905175,6.251e-05,2
314,Uy,0.00298746,0.000216965,2
314,p,0.0246055,0.000112865,5
314,omega,0.000720492,3.88484e-05,2
314,k,0.00292778,0.000196365,2
315,Ux,0.000905236,6.25207e-05,2
315,Uy,0.00298997,0.000217224,2
315,p,0.0246454,0.000110771,5
315,omega,0.000720359,3.88514e-05,2
315,k,0.00292473,0.000196148,2
316,Ux,0.000905282,6.25301e-05,2
316,Uy,0.00299267,0.000217479,2
316,p,0.0246781,0.000109991,5
316,omega,0.000720102,3.88658e-05,2
316,k,0.00292066,0.00019597,2
317,Ux,0.000905335,6.25407e-05,2
317,Uy,0.0029949,0.000217726,2
317,p,0.0246939,0.000111265,5
317,omega,0.000720138,3.89041e-05,2
317,k,0.00291801,0.000195804,2
318,Ux,0.000905445,6.25524e-05,2
318,Uy,0.0029974,0.00021797,2
318,p,0.0246585,0.000113631,5
318,omega,0.000721051,3.89391e-05,2
318,k,0.00291581,0.000195637,2
319,Ux,0.000905601,6.25657e-05,2
319,Uy,0.003,0.000218218,2
319,p,0.0246784,0.000116792,5
319,omega,0.000721701,3.89562e-05,2
319,k,0.0029126,0.000195467,2
320,Ux,0.000905756,6.25808e-05,2
320,Uy,0.00300245,0.000218472,2
320,p,0.0246301,0.000120395,5
320,omega,0.000722371,3.89703e-05,2
320,k,0.00290902,0.000195262,2
321,Ux,0.00090594,6.25979e-05,2
321,Uy,0.00300496,0.000218726,2
321,p,0.0245079,0.000123832,5
321,omega,0.000723752,3.90002e-05,2
321,k,0.00290592,0.000195084,2
322,Ux,0.000906147,6.26155e-05,2
322,Uy,0.00300728,0.000218971,2
322,p,0.0245198,0.000127018,5
322,omega,0.000724962,3.90343e-05,2
322,k,0.00290315,0.000194925,2
323,Ux,0.000906385,6.26333e-05,2
323,Uy,0.00300978,0.000219223,2
323,p,0.0245845,0.00012995,5
323,omega,0.000725023,3.90645e-05,2
323,k,0.00289906,0.000194727,2
324,Ux,0.000906616,6.26549e-05,2
324,Uy,0.00301258,0.000219481,2
324,p,0.0246468,0.000132284,5
324,omega,0.000725062,3.90817e-05,2
324,k,0.00289713,0.000194545,2
325,Ux,0.000906914,6.26755e-05,2
325,Uy,0.00301566,0.000219743,2
325,p,0.0247059,0.000133801,5
325,omega,0.000725126,3.91115e-05,2
325,k,0.00289414,0.000194389,2
326,Ux,0.000907279,6.26954e-05,2
326,Uy,0.00301885,0.000220031,2
326,p,0.0246859,0.000134266,5
326,omega,0.000726205,3.9158e-05,2
326,k,0.00289231,0.000194269,2
327,Ux,0.000907664,6.27184e-05,2
327,Uy,0.0030222,0.000220319,2
327,p,0.0246797,0.000134006,5
327,omega,0.000727271,3.92049e-05,2
327,k,0.00289085,0.000194139,2
328,Ux,0.000908053,6.2744e-05,2
328,Uy,0.00302587,0.000220601,2
328,p,0.0246414,0.000133066,5
328,omega,0.000728577,3.9228e-05,2
328,k,0.002889,0.000194018,2
329,Ux,0.000908512,6.277e-05,2
329,Uy,0.00303,0.000220905,2
329,p,0.0245885,0.000131201,5
329,omega,0.000730264,3.92711e-05,2
329,k,0.00288697,0.000193888,2
330,Ux,0.00090899,6.27972e-05,2
330,Uy,0.0030342,0.000221206,2
330,p,0.0246516,0.000128336,5
330,omega,0.000731994,3.93185e-05,2
330,k,0.00288512,0.000193787,2
331,Ux,0.00090949,6.28284e-05,2
331,Uy,0.00303862,0.000221519,2
331,p,0.0248212,0.000124971,5
331,omega,0.000732731,3.93666e-05,2
331,k,0.00288457,0.000193703,2
332,Ux,0.000910012,6.28591e-05,2
332,Uy,0.00304308,0.000221859,2
332,p,0.0249983,0.000120884,5
332,omega,0.00073323,3.9414e-05,2
332,k,0.002884,0.000193647,2
333,Ux,0.000910573,6.28886e-05,2
333,Uy,0.00304793,0.0002222,2
333,p,0.0251112,0.000116322,5
333,omega,0.000733785,3.94589e-05,2
333,k,0.00288424,0.000193584,2
334,Ux,0.000911158,6.2919e-05,2
334,Uy,0.00305298,0.000222553,2
334,p,0.0251559,0.000111713,5
334,omega,0.000735185,3.95137e-05,2
334,k,0.0028849,0.000193559,2
335,Ux,0.000911815,6.29525e-05,2
335,Uy,0.00305818,0.000222928,2
335,p,0.0252004,0.000107648,5
335,omega,0.000736758,3.95888e-05,2
335,k,0.00288555,0.000193578,2
336,Ux,0.000912519,6.2987e-05,2
336,Uy,0.00306373,0.000223311,2
336,p,0.0251953,0.000104761,5
336,omega,0.000738645,3.96461e-05,2
336,k,0.00288809,0.000193585,2
337,Ux,0.000913225,6.30228e-05,2
337,Uy,0.0030697,0.000223705,2
337,p,0.025144,0.00010382,5
337,omega,0.000740918,3.96997e-05,2
337,k,0.0028894,0.000193604,2
338,Ux,0.00091394,6.30599e-05,2
338,Uy,0.00307604,0.00022412,2
338,p,0.0252125,0.000105019,5
338,omega,0.000742891,3.97658e-05,2
338,k,0.00289039,0.000193619,2
339,Ux,0.000914708,6.30992e-05,2
339,Uy,0.00308262,0.000224548,2
339,p,0.0253357,0.000107878,5
339,omega,0.000744139,3.98309e-05,2
339,k,0.00289216,0.00019365,2
340,Ux,0.000915489,6.31396e-05,2
340,Uy,0.00308958,0.000225003,2
340,p,0.0254586,0.00011204,5
340,omega,0.000745379,3.99052e-05,2
340,k,0.00289518,0.000193729,2
341,Ux,0.000916311,6.31826e-05,2
341,Uy,0.00309717,0.00022548,2
341,p,0.0255891,0.000117095,5
341,omega,0.000746668,3.99729e-05,2
341,k,0.00289837,0.000193807,2
342,Ux,0.000917178,6.32244e-05,2
342,Uy,0.00310499,0.000225972,2
342,p,0.0256931,0.000121911,5
342,omega,0.000748779,4.00472e-05,2
342,k,0.00290073,0.000193874,2
343,Ux,0.000918098,6.32657e-05,2
343,Uy,0.00311302,0.000226488,2
343,p,0.0257801,0.00012599,5
343,omega,0.000750868,4.0134e-05,2
343,k,0.00290532,0.000194002,2
344,Ux,0.000919018,6.331e-05,2
344,Uy,0.00312131,0.000227016,2
344,p,0.0257954,0.000129226,5
344,omega,0.000753513,4.022e-05,2
344,k,0.00290849,0.000194121,2
345,Ux,0.000919946,6.3356e-05,2
345,Uy,0.00312989,0.000227556,2
345,p,0.0257369,0.000131177,5
345,omega,0.000756507,4.02961e-05,2
345,k,0.00291338,0.000194226,2
346,Ux,0.000920888,6.34034e-05,2
346,Uy,0.0031387,0.000228109,2
346,p,0.0258337,0.000131877,5
346,omega,0.000758746,4.03777e-05,2
346,k,0.00291616,0.000194345,2
347,Ux,0.000921893,6.3453e-05,2
347,Uy,0.0031478,0.000228692,2
347,p,0.0259579,0.000131576,5
347,omega,0.000760268,4.0468e-05,2
347,k,0.00291957,0.000194472,2
348,Ux,0.000922896,6.35028e-05,2
348,Uy,0.00315725,0.000229294,2
348,p,0.0261148,0.000130402,5
348,omega,0.000761884,4.05629e-05,2
348,k,0.00292519,0.000194642,2
349,Ux,0.000923913,6.35545e-05,2
349,Uy,0.00316718,0.000229912,2
349,p,0.026236,0.000128154,5
349,omega,0.000763925,4.06489e-05,2
349,k,0.00292995,0.000194799,2
350,Ux,0.00092497,6.36058e-05,2
350,Uy,0.00317752,0.00023056,2
350,p,0.0262669,0.00012536,5
350,omega,0.00076626,4.07458e-05,2
350,k,0.00293419,0.000194935,2
351,Ux,0.000926051,6.36582e-05,2
351,Uy,0.0031879,0.00023122,2
351,p,0.0263193,0.000122495,5
351,omega,0.00076896,4.08507e-05,2
351,k,0.00293913,0.000195127,2
352,Ux,0.000927164,6.37129e-05,2
352,Uy,0.00319885,0.000231897,2
352,p,0.0263525,0.000119671,5
352,omega,0.000772103,4.09601e-05,2
352,k,0.0029442,0.000195329,2
353,Ux,0.000928283,6.377e-05,2
353,Uy,0.00320994,0.000232586,2
353,p,0.026412,0.000117494,5
353,omega,0.000775233,4.10586e-05,2
353,k,0.0029487,0.000195507,2
354,Ux,0.000929445,6.38279e-05,2
354,Uy,0.00322123,0.000233278,2
354,p,0.0265423,0.000116217,5
354,omega,0.00077736,4.1157e-05,2
354,k,0.00295395,0.000195693,2
355,Ux,0.000930608,6.38878e-05,2
355,Uy,0.00323277,0.000234009,2
355,p,0.0266586,0.000115392,5
355,omega,0.000779056,4.12746e-05,2
355,k,0.00295783,0.000195897,2
356,Ux,0.000931778,6.39488e-05,2
356,Uy,0.00324445,0.000234754,2
356,p,0.0267586,0.000115178,5
356,omega,0.00078106,4.13905e-05,2
356,k,0.00296513,0.000196125,2
357,Ux,0.000933015,6.40122e-05,2
357,Uy,0.00325651,0.000235506,2
357,p,0.02679,0.000115773,5
357,omega,0.000783842,4.15016e-05,2
357,k,0.00297052,0.000196353,2
358,Ux,0.000934298,6.40742e-05,2
358,Uy,0.00326863,0.000236294,2
358,p,0.0268273,0.000116805,5
358,omega,0.000786361,4.16203e-05,2
358,k,0.00297558,0.000196548,2
359,Ux,0.000935622,6.41381e-05,2
359,Uy,0.00328104,0.000237091,2
359,p,0.0268159,0.00011867,5
359,omega,0.000789802,4.17451e-05,2
359,k,0.00298139,0.000196816,2
360,Ux,0.000936926,6.42037e-05,2
360,Uy,0.00329409,0.000237903,2
360,p,0.0267438,0.000121957,5
360,omega,0.000793558,4.18789e-05,2
360,k,0.0029877,0.000197096,2
361,Ux,0.000938235,6.42733e-05,2
361,Uy,0.00330733,0.000238745,2
361,p,0.0268646,0.000125899,5
361,omega,0.000796613,4.19977e-05,2
361,k,0.00299263,0.000197321,2
362,Ux,0.000939567,6.43433e-05,2
362,Uy,0.00332077,0.000239586,2
362,p,0.0270457,0.00013009,5
362,omega,0.000798839,4.21225e-05,2
362,k,0.00299878,0.000197596,2
363,Ux,0.000940926,6.44127e-05,2
363,Uy,0.00333467,0.000240471,2
363,p,0.0272833,0.000133672,5
363,omega,0.000800857,4.22675e-05,2
363,k,0.0030043,0.000197903,2
364,Ux,0.000942303,6.44837e-05,2
364,Uy,0.00334854,0.000241371,2
364,p,0.0274499,0.000136336,5
364,omega,0.000803801,4.24015e-05,2
364,k,0.00301233,0.000198195,2
365,Ux,0.000943736,6.45542e-05,2
365,Uy,0.00336285,0.000242273,2
365,p,0.0275537,0.000137845,5
365,omega,0.000806642,4.2538e-05,2
365,k,0.00301861,0.000198481,2
366,Ux,0.000945184,6.46233e-05,2
366,Uy,0.00337716,0.000243216,2
366,p,0.0276031,0.000138926,5
366,omega,0.000809771,4.26775e-05,2
366,k,0.00302458,0.000198797,2
367,Ux,0.000946611,6.46971e-05,2
367,Uy,0.00339165,0.000244152,2
367,p,0.0275546,0.000139251,5
367,omega,0.000813663,4.28379e-05,2
367,k,0.00303156,0.000199151,2
368,Ux,0.000948055,6.47727e-05,2
368,Uy,0.00340649,0.00024511,2
368,p,0.0275215,0.000138514,5
368,omega,0.00081721,4.29839e-05,2
368,k,0.00303893,0.000199493,2
369,Ux,0.000949497,6.48468e-05,2
369,Uy,0.00342158,0.000246077,2
369,p,0.0275809,0.000137085,5
369,omega,0.000819474,4.31207e-05,2
369,k,0.00304452,0.000199789,2
370,Ux,0.000950925,6.49235e-05,2
370,Uy,0.00343726,0.000247076,2
370,p,0.0276967,0.000135065,5
370,omega,0.00082174,4.32762e-05,2
370,k,0.00305233,0.00020018,2
371,Ux,0.000952426,6.50008e-05,2
371,Uy,0.00345338,0.000248107,2
371,p,0.0278206,0.000132412,5
371,omega,0.000824839,4.34375e-05,2
371,k,0.00305984,0.000200577,2
372,Ux,0.000953965,6.50768e-05,2
372,Uy,0.00346965,0.000249156,2
372,p,0.0279779,0.000129915,5
372,omega,0.000828147,4.35838e-05,2
372,k,0.00306878,0.000200939,2
373,Ux,0.000955547,6.51559e-05,2
373,Uy,0.0034862,0.000250238,2
373,p,0.0280883,0.00012725,5
373,omega,0.000831308,4.37344e-05,2
373,k,0.003076,0.000201313,2
374,Ux,0.000957102,6.52367e-05,2
374,Uy,0.00350298,0.00025134,2
374,p,0.0281117,0.000125148,5
374,omega,0.000835383,4.3911e-05,2
374,k,0.00308309,0.000201748,2
375,Ux,0.000958684,6.53208e-05,2
375,Uy,0.00351991,0.000252444,2
375,p,0.0281879,0.000123816,5
375,omega,0.000839296,4.40719e-05,2
375,k,0.00309161,0.000202171,2
376,Ux,0.000960297,6.54057e-05,2
376,Uy,0.00353708,0.000253568,2
376,p,0.0283414,0.000123639,5
376,omega,0.000841929,4.42267e-05,2
376,k,0.00309946,0.000202589,2
377,Ux,0.000961956,6.5491e-05,2
377,Uy,0.00355454,0.000254716,2
377,p,0.0284995,0.000124681,5
377,omega,0.000843985,4.43928e-05,2
377,k,0.00310765,0.000203007,2
378,Ux,0.000963677,6.55782e-05,2
378,Uy,0.00357244,0.000255886,2
378,p,0.0286238,0.000126294,5
378,omega,0.000847253,4.45748e-05,2
378,k,0.00311759,0.000203515,2
379,Ux,0.000965376,6.56703e-05,2
379,Uy,0.00359086,0.000257084,2
379,p,0.0286399,0.000128037,5
379,omega,0.000850503,4.47433e-05,2
379,k,0.0031262,0.000203914,2
380,Ux,0.000967103,6.57649e-05,2
380,Uy,0.00360955,0.000258323,2
380,p,0.0286237,0.000129694,5
380,omega,0.000854054,4.49007e-05,2
380,k,0.00313546,0.00020439,2
381,Ux,0.000968926,6.58588e-05,2
381,Uy,0.00362846,0.000259571,2
381,p,0.028646,0.000131501,5
381,omega,0.000858434,4.5097e-05,2
381,k,0.0031433,0.000204893,2
382,Ux,0.000970829,6.59579e-05,2
382,Uy,0.0036477,0.000260841,2
382,p,0.0287986,0.000133794,5
382,omega,0.000862363,4.52721e-05,2
382,k,0.00315323,0.000205395,2
383,Ux,0.000972757,6.60633e-05,2
383,Uy,0.00366712,0.000262126,2
383,p,0.0290188,0.000136566,5
383,omega,0.000865183,4.54397e-05,2
383,k,0.00316283,0.000205881,2
384,Ux,0.000974736,6.61723e-05,2
384,Uy,0.00368709,0.000263452,2
384,p,0.0292405,0.000139083,5
384,omega,0.000867341,4.56177e-05,2
384,k,0.00317229,0.000206353,2
385,Ux,0.000976816,6.62841e-05,2
385,Uy,0.00370707,0.000264784,2
385,p,0.0294204,0.00014088,5
385,omega,0.000870922,4.58088e-05,2
385,k,0.00318199,0.000206866,2
386,Ux,0.000978975,6.64001e-05,2
386,Uy,0.00372752,0.000266132,2
386,p,0.0295082,0.000141837,5
386,omega,0.000874422,4.59886e-05,2
386,k,0.00319277,0.000207403,2
387,Ux,0.000981155,6.65204e-05,2
387,Uy,0.00374811,0.000267519,2
387,p,0.0295378,0.000141991,5
387,omega,0.000878234,4.61621e-05,2
387,k,0.00320297,0.000207963,2
388,Ux,0.00098336,6.66468e-05,2
388,Uy,0.00376908,0.000268929,2
388,p,0.029432,0.000141889,5
388,omega,0.000882983,4.63751e-05,2
388,k,0.00321349,0.000208541,2
389,Ux,0.00098562,6.67753e-05,2
389,Uy,0.00379054,0.000270372,2
389,p,0.0294102,0.000141918,5
389,omega,0.000887006,4.65629e-05,2
389,k,0.00322274,0.000209068,2
390,Ux,0.000987972,6.69075e-05,2
390,Uy,0.00381197,0.000271833,2
390,p,0.0295926,0.000142459,5
390,omega,0.000889682,4.67488e-05,2
390,k,0.00323478,0.000209616,2
391,Ux,0.000990418,6.70469e-05,2
391,Uy,0.00383404,0.000273313,2
391,p,0.0298945,0.000143422,5
391,omega,0.000892438,4.69393e-05,2
391,k,0.00324554,0.000210239,2
392,Ux,0.000992936,6.71916e-05,2
392,Uy,0.00385636,0.00027481,2
392,p,0.0301266,0.000144952,5
392,omega,0.000896239,4.71355e-05,2
392,k,0.00325814,0.000210897,2
393,Ux,0.000995558,6.73432e-05,2
393,Uy,0.00387903,0.000276318,2
393,p,0.0302862,0.000147382,5
393,omega,0.000899938,4.73256e-05,2
393,k,0.0032703,0.000211522,2
394,Ux,0.000998238,6.75032e-05,2
394,Uy,0.00390176,0.000277879,2
394,p,0.0303779,0.000149889,5
394,omega,0.000904,4.75327e-05,2
394,k,0.00328153,0.000212077,2
395,Ux,0.00100101,6.76691e-05,2
395,Uy,0.00392483,0.000279443,2
395,p,0.0303725,0.000153159,5
395,omega,0.000908842,4.77479e-05,2
395,k,0.00329398,0.000212778,2
396,Ux,0.00100392,6.78432e-05,2
396,Uy,0.00394839,0.000281041,2
396,p,0.0304425,0.000157017,5
396,omega,0.000912601,4.79358e-05,2
396,k,0.00330583,0.000213466,2
397,Ux,0.00100683,6.80239e-05,2
397,Uy,0.00397226,0.000282671,2
397,p,0.0304785,0.000161357,5
397,omega,0.000915008,4.81262e-05,2
397,k,0.00332046,0.000214163,2
398,Ux,0.00100983,6.82095e-05,2
398,Uy,0.00399674,0.000284341,2
398,p,0.0305842,0.000166098,5
398,omega,0.000918878,4.83496e-05,2
398,k,0.00333333,0.000214851,2
399,Ux,0.00101292,6.84019e-05,2
399,Uy,0.00402137,0.000286016,2
399,p,0.0307333,0.000171299,5
399,omega,0.000923214,4.85646e-05,2
399,k,0.00334808,0.000215644,2
400,Ux,0.00101612,6.86023e-05,2
400,Uy,0.00404628,0.000287725,2
400,p,0.0309238,0.000176317,5
400,omega,0.000927505,4.87694e-05,2
400,k,0.00336171,0.000216413,2
401,Ux,0.00101944,6.88125e-05,2
401,Uy,0.0040714,0.000289453,2
401,p,0.0310625,0.000180676,5
401,omega,0.000932488,4.8997e-05,2
401,k,0.00337549,0.000217118,2
402,Ux,0.0010229,6.90361e-05,2
402,Uy,0.00409668,0.000291185,2
402,p,0.0311339,0.000183868,5
402,omega,0.000937425,4.92139e-05,2
402,k,0.00339046,0.000217917,2
403,Ux,0.00102658,6.92733e-05,2
403,Uy,0.00412224,0.000292944,2
403,p,0.031401,0.000185333,5
403,omega,0.00094036,4.94313e-05,2
403,k,0.00340593,0.000218731,2
404,Ux,0.00103046,6.9519e-05,2
404,Uy,0.00414839,0.000294728,2
404,p,0.0315531,0.000185012,5
404,omega,0.000943523,4.96525e-05,2
404,k,0.0034227,0.000219571,2
405,Ux,0.00103441,6.97763e-05,2
405,Uy,0.00417518,0.000296559,2
405,p,0.0316847,0.000182661,5
405,omega,0.000947959,4.98816e-05,2
405,k,0.0034381,0.000220433,2
406,Ux,0.00103856,7.00459e-05,2
406,Uy,0.00420242,0.00029843,2
406,p,0.0317466,0.000179162,5
406,omega,0.00095213,5.00745e-05,2
406,k,0.00345622,0.000221348,2
407,Ux,0.00104291,7.03253e-05,2
407,Uy,0.00422971,0.000300323,2
407,p,0.0317969,0.000175656,5
407,omega,0.000957541,5.03246e-05,2
407,k,0.00347176,0.000222223,2
408,Ux,0.0010474,7.0621e-05,2
408,Uy,0.00425724,0.000302226,2
408,p,0.0318282,0.00017326,5
408,omega,0.000962934,5.05554e-05,2
408,k,0.00348858,0.000223154,2
409,Ux,0.00105207,7.09256e-05,2
409,Uy,0.00428501,0.000304147,2
409,p,0.0320492,0.000173951,5
409,omega,0.000967002,5.077e-05,2
409,k,0.00350702,0.000224053,2
410,Ux,0.00105692,7.12451e-05,2
410,Uy,0.00431293,0.000306077,2
410,p,0.0322853,0.000177864,5
410,omega,0.000969717,5.09832e-05,2
410,k,0.003525,0.000225019,2
411,Ux,0.00106194,7.15817e-05,2
411,Uy,0.00434134,0.000308009,2
411,p,0.0324649,0.000183739,5
411,omega,0.000974084,5.12281e-05,2
411,k,0.00354355,0.000225962,2
412,Ux,0.00106712,7.19303e-05,2
412,Uy,0.00437016,0.000309976,2
412,p,0.0325895,0.000191048,5
412,omega,0.000978734,5.14287e-05,2
412,k,0.0035626,0.000227021,2
413,Ux,0.00107243,7.22872e-05,2
413,Uy,0.00439927,0.000311993,2
413,p,0.0325914,0.000199133,5
413,omega,0.000983618,5.16615e-05,2
413,k,0.00358118,0.000227984,2
414,Ux,0.00107792,7.26562e-05,2
414,Uy,0.00442879,0.00031405,2
414,p,0.0326027,0.000207181,5
414,omega,0.000989197,5.18925e-05,2
414,k,0.00360028,0.000228994,2
415,Ux,0.00108359,7.30379e-05,2
415,Uy,0.00445857,0.000316126,2
415,p,0.0326774,0.000214218,5
415,omega,0.000993943,5.21233e-05,2
415,k,0.00362056,0.0002301,2
416,Ux,0.00108937,7.34338e-05,2
416,Uy,0.00448824,0.0003182,2
416,p,0.0329623,0.000219733,5
416,omega,0.000996113,5.23238e-05,2
416,k,0.00364114,0.000231081,2
417,Ux,0.00109536,7.384e-05,2
417,Uy,0.00451839,0.000320291,2
417,p,0.0331591,0.00022365,5
417,omega,0.00100077,5.25534e-05,2
417,k,0.00366179,0.000232185,2
418,Ux,0.00110147,7.42556e-05,2
418,Uy,0.00454892,0.000322383,2
418,p,0.0333916,0.000226305,5
418,omega,0.0010053,5.2757e-05,2
418,k,0.00368291,0.000233311,2
419,Ux,0.00110772,7.46792e-05,2
419,Uy,0.00457933,0.000324484,2
419,p,0.0335174,0.000227893,5
419,omega,0.00101022,5.30015e-05,2
419,k,0.00370378,0.000234348,2
420,Ux,0.00111413,7.51207e-05,2
420,Uy,0.0046099,0.000326619,2
420,p,0.033568,0.000228434,5
420,omega,0.00101601,5.32215e-05,2
420,k,0.00372459,0.000235505,2
421,Ux,0.00112071,7.55764e-05,2
421,Uy,0.00464091,0.000328776,2
421,p,0.0335366,0.000228824,5
421,omega,0.00102114,5.34471e-05,2
421,k,0.00374726,0.000236689,2
422,Ux,0.00112747,7.60375e-05,2
422,Uy,0.00467195,0.000330949,2
422,p,0.0337982,0.000229829,5
422,omega,0.00102313,5.36495e-05,2
422,k,0.00376981,0.000237783,2
423,Ux,0.0011343,7.651e-05,2
423,Uy,0.00470352,0.000333139,2
423,p,0.0340371,0.000231706,5
423,omega,0.00102817,5.38736e-05,2
423,k,0.00379226,0.000239087,2
424,Ux,0.0011413,7.69919e-05,2
424,Uy,0.00473542,0.000335351,2
424,p,0.0342965,0.000235356,5
424,omega,0.00103245,5.40731e-05,2
424,k,0.0038162,0.000240274,2
425,Ux,0.00114841,7.74864e-05,2
425,Uy,0.00476698,0.000337561,2
425,p,0.0345056,0.000239944,5
425,omega,0.00103737,5.43166e-05,2
425,k,0.00383845,0.000241441,2
426,Ux,0.00115571,7.79883e-05,2
426,Uy,0.00479857,0.000339765,2
426,p,0.0346473,0.000245081,5
426,omega,0.00104312,5.45316e-05,2
426,k,0.00386156,0.000242754,2
427,Ux,0.00116305,7.84998e-05,2
427,Uy,0.00482996,0.00034198,2
427,p,0.0347235,0.00025059,5
427,omega,0.00104778,5.47681e-05,2
427,k,0.00388502,0.000243963,2
428,Ux,0.00117045,7.90161e-05,2
428,Uy,0.00486152,0.000344202,2
428,p,0.0349717,0.000255873,5
428,omega,0.00105006,5.49653e-05,2
428,k,0.00390933,0.000245177,2
429,Ux,0.0011779,7.95395e-05,2
429,Uy,0.00489347,0.000346431,2
429,p,0.0351869,0.000261574,5
429,omega,0.00105499,5.51747e-05,2
429,k,0.0039334,0.000246524,2
430,Ux,0.00118549,8.00667e-05,2
430,Uy,0.00492608,0.00034868,2
430,p,0.0354674,0.000267274,5
430,omega,0.00105897,5.53843e-05,2
430,k,0.00395762,0.000247807,2
431,Ux,0.00119319,8.05985e-05,2
431,Uy,0.00495839,0.000350947,2
431,p,0.0357213,0.00027296,5
431,omega,0.00106485,5.56232e-05,2
431,k,0.00398166,0.00024909,2
432,Ux,0.00120091,8.11341e-05,2
432,Uy,0.00499083,0.00035323,2
432,p,0.0358467,0.000278622,5
432,omega,0.00107066,5.58479e-05,2
432,k,0.00400505,0.000250366,2
433,Ux,0.00120862,8.16749e-05,2
433,Uy,0.0050226,0.000355496,2
433,p,0.0359028,0.000283862,5
433,omega,0.00107468,5.60572e-05,2
433,k,0.00402988,0.000251721,2
434,Ux,0.0012163,8.22184e-05,2
434,Uy,0.00505438,0.000357764,2
434,p,0.0362539,0.000289134,5
434,omega,0.00107744,5.6285e-05,2
434,k,0.00405459,0.000252969,2
435,Ux,0.00122399,8.27659e-05,2
435,Uy,0.00508647,0.000360021,2
435,p,0.0365608,0.000294675,5
435,omega,0.00108272,5.64784e-05,2
435,k,0.00407856,0.000254311,2
436,Ux,0.00123183,8.33148e-05,2
436,Uy,0.00511878,0.0003623,2
436,p,0.0369459,0.000300828,5
436,omega,0.00108719,5.67128e-05,2
436,k,0.0041039,0.00025572,2
437,Ux,0.00123975,8.38706e-05,2
437,Uy,0.0051511,0.000364581,2
437,p,0.0373358,0.000307606,5
437,omega,0.0010931,5.69471e-05,2
437,k,0.0041277,0.000257007,2
438,Ux,0.00124767,8.44271e-05,2
438,Uy,0.00518311,0.000366845,2
438,p,0.037561,0.000315641,5
438,omega,0.00109909,5.71701e-05,2
438,k,0.00415176,0.000258386,2
439,Ux,0.0012555,8.49826e-05,2
439,Uy,0.00521418,0.000369066,2
439,p,0.0376892,0.000323454,5
439,omega,0.0011019,5.74008e-05,2
439,k,0.00417705,0.000259726,2
440,Ux,0.00126328,8.55358e-05,2
440,Uy,0.00524516,0.0003713,2
440,p,0.0379972,0.000331051,5
440,omega,0.00110639,5.7618e-05,2
440,k,0.00420079,0.00026111,2
441,Ux,0.00127112,8.60988e-05,2
441,Uy,0.00527659,0.000373546,2
441,p,0.0382907,0.000338852,5
441,omega,0.00111117,5.78351e-05,2
441,k,0.00422582,0.00026243,2
442,Ux,0.00127892,8.66627e-05,2
442,Uy,0.00530776,0.000375798,2
442,p,0.0386977,0.000346,5
442,omega,0.00111698,5.80991e-05,2
442,k,0.00424913,0.000263894,2
443,Ux,0.00128666,8.72252e-05,2
443,Uy,0.00533894,0.000378089,2
443,p,0.0391535,0.000352775,5
443,omega,0.00112335,5.83399e-05,2
443,k,0.00427425,0.000265277,2
444,Ux,0.0012944,8.77813e-05,2
444,Uy,0.00536974,0.00038034,2
444,p,0.0394841,0.000359041,5
444,omega,0.00112833,5.85842e-05,2
444,k,0.00429698,0.000266667,2
445,Ux,0.00130212,8.83358e-05,2
445,Uy,0.00540042,0.000382545,2
445,p,0.0398527,0.000364256,5
445,omega,0.00113199,5.88282e-05,2
445,k,0.00432207,0.000268051,2
446,Ux,0.00130973,8.88903e-05,2
446,Uy,0.00543132,0.000384782,2
446,p,0.0402124,0.00036902,5
446,omega,0.00113743,5.90646e-05,2
446,k,0.00434671,0.000269538,2
447,Ux,0.00131722,8.94408e-05,2
447,Uy,0.00546202,0.000386999,2
447,p,0.0404935,0.000372777,5
447,omega,0.00114299,5.93564e-05,2
447,k,0.00436964,0.000270892,2
448,Ux,0.00132465,8.9989e-05,2
448,Uy,0.00549274,0.000389236,2
448,p,0.0408506,0.000375918,5
448,omega,0.00114987,5.96122e-05,2
448,k,0.0043932,0.000272381,2
449,Ux,0.00133205,9.05355e-05,2
449,Uy,0.0055232,0.000391445,2
449,p,0.0411596,0.000378581,5
449,omega,0.0011563,5.98992e-05,2
449,k,0.00441549,0.000273792,2
450,Ux,0.00133938,9.10772e-05,2
450,Uy,0.00555288,0.000393633,2
450,p,0.0415088,0.000380345,5
450,omega,0.00116026,6.01585e-05,2
450,k,0.00444076,0.000275281,2
451,Ux,0.00134661,9.16157e-05,2
451,Uy,0.00558255,0.000395852,2
451,p,0.0420478,0.000381648,5
451,omega,0.00116504,6.04144e-05,2
451,k,0.00446407,0.000276745,2
452,Ux,0.00135371,9.21459e-05,2
452,Uy,0.00561226,0.000398082,2
452,p,0.0424441,0.000382644,5
452,omega,0.00117053,6.07171e-05,2
452,k,0.00448662,0.000278195,2
453,Ux,0.00136073,9.26751e-05,2
453,Uy,0.00564219,0.000400314,2
453,p,0.0427336,0.00038285,5
453,omega,0.00117756,6.09991e-05,2
453,k,0.00451029,0.00027969,2
454,Ux,0.00136764,9.31971e-05,2
454,Uy,0.00567239,0.000402511,2
454,p,0.0429524,0.000382489,5
454,omega,0.00118462,6.12857e-05,2
454,k,0.00453273,0.000281106,2
455,Ux,0.0013745,9.37137e-05,2
455,Uy,0.00570158,0.000404651,2
455,p,0.0433125,0.000380839,5
455,omega,0.00118884,6.15343e-05,2
455,k,0.00455741,0.000282663,2
456,Ux,0.00138127,9.4227e-05,2
456,Uy,0.00573038,0.000406766,2
456,p,0.0438667,0.000377839,5
456,omega,0.0011926,6.18049e-05,2
456,k,0.00457866,0.000284128,2
457,Ux,0.00138793,9.47332e-05,2
457,Uy,0.00575923,0.00040892,2
457,p,0.044344,0.000373936,5
457,omega,0.00119793,6.21104e-05,2
457,k,0.00460126,0.000285646,2
458,Ux,0.00139444,9.52327e-05,2
458,Uy,0.00578806,0.000411124,2
458,p,0.0446873,0.000368507,5
458,omega,0.00120448,6.23747e-05,2
458,k,0.00462276,0.000287014,2
459,Ux,0.0014008,9.57245e-05,2
459,Uy,0.00581661,0.000413294,2
459,p,0.0449642,0.000361647,5
459,omega,0.00121136,6.26532e-05,2
459,k,0.00464479,0.000288461,2
460,Ux,0.00140714,9.62109e-05,2
460,Uy,0.0058443,0.000415392,2
460,p,0.0452486,0.000353994,5
460,omega,0.00121585,6.29078e-05,2
460,k,0.00466519,0.00028995,2
461,Ux,0.00141338,9.66946e-05,2
461,Uy,0.00587269,0.000417446,2
461,p,0.0456443,0.000345275,5
461,omega,0.00121902,6.31568e-05,2
461,k,0.0046861,0.000291333,2
462,Ux,0.00141948,9.71704e-05,2
462,Uy,0.00590064,0.000419518,2
462,p,0.0461656,0.000337898,5
462,omega,0.00122407,6.34289e-05,2
462,k,0.0047054,0.000292778,2
463,Ux,0.00142539,9.76363e-05,2
463,Uy,0.00592814,0.000421588,2
463,p,0.0466376,0.000331896,5
463,omega,0.00122951,6.36835e-05,2
463,k,0.00472496,0.000294002,2
464,Ux,0.00143124,9.80982e-05,2
464,Uy,0.00595487,0.000423645,2
464,p,0.0469855,0.000326722,5
464,omega,0.00123597,6.3962e-05,2
464,k,0.00474378,0.000295427,2
465,Ux,0.00143699,9.85535e-05,2
465,Uy,0.00598109,0.000425665,2
465,p,0.0472092,0.000322739,5
465,omega,0.00124023,6.41956e-05,2
465,k,0.00476163,0.00029674,2
466,Ux,0.00144267,9.90029e-05,2
466,Uy,0.00600725,0.000427643,2
466,p,0.0474872,0.000316673,5
466,omega,0.00124307,6.4393e-05,2
466,k,0.00477993,0.000297996,2
467,Ux,0.00144818,9.94447e-05,2
467,Uy,0.00603396,0.000429643,2
467,p,0.0480039,0.00030941,5
467,omega,0.00124722,6.46452e-05,2
467,k,0.00479572,0.000299256,2
468,Ux,0.00145353,9.98759e-05,2
468,Uy,0.00606106,0.000431628,2
468,p,0.0484452,0.000300345,5
468,omega,0.00125201,6.49072e-05,2
468,k,0.00481235,0.00030047,2
469,Ux,0.00145867,0.000100298,2
469,Uy,0.00608688,0.00043356,2
469,p,0.0487013,0.000289778,5
469,omega,0.0012579,6.51234e-05,2
469,k,0.00482735,0.000301654,2
470,Ux,0.00146373,0.000100715,2
470,Uy,0.00611147,0.00043544,2
470,p,0.048874,0.00027929,5
470,omega,0.00126145,6.53342e-05,2
470,k,0.00484223,0.00030275,2
471,Ux,0.0014688,0.00010113,2
471,Uy,0.00613521,0.000437327,2
471,p,0.0491995,0.000268949,5
471,omega,0.00126357,6.5542e-05,2
471,k,0.00485759,0.000303878,2
472,Ux,0.00147371,0.000101531,2
472,Uy,0.00615986,0.000439246,2
472,p,0.0497723,0.000261194,5
472,omega,0.00126675,6.57567e-05,2
472,k,0.00487017,0.000304943,2
473,Ux,0.00147842,0.000101922,2
473,Uy,0.00618579,0.000441116,2
473,p,0.0500858,0.000254139,5
473,omega,0.00127112,6.59741e-05,2
473,k,0.0048817,0.000305966,2
474,Ux,0.001483,0.000102307,2
474,Uy,0.00621038,0.000442923,2
474,p,0.0503165,0.000247478,5
474,omega,0.00127644,6.61649e-05,2
474,k,0.00489265,0.000306992,2
475,Ux,0.0014876,0.000102695,2
475,Uy,0.00623359,0.000444682,2
475,p,0.0506192,0.000240804,5
475,omega,0.0012789,6.63711e-05,2
475,k,0.0049045,0.000307816,2
476,Ux,0.001492,0.000103066,2
476,Uy,0.00625586,0.000446457,2
476,p,0.0508129,0.000233733,5
476,omega,0.00128091,6.65524e-05,2
476,k,0.0049152,0.000308852,2
477,Ux,0.00149613,0.000103424,2
477,Uy,0.00627833,0.000448209,2
477,p,0.0510958,0.000230817,5
477,omega,0.00128329,6.67416e-05,2
477,k,0.004924,0.000309638,2
478,Ux,0.00150013,0.000103777,2
478,Uy,0.00630138,0.000449944,2
478,p,0.0514418,0.00022777,5
478,omega,0.00128789,6.6944e-05,2
478,k,0.00493183,0.000310374,2
479,Ux,0.00150418,0.000104127,2
479,Uy,0.00632367,0.000451616,2
479,p,0.0517768,0.000225328,5
479,omega,0.00129201,6.71414e-05,2
479,k,0.00494024,0.000311188,2
480,Ux,0.0015082,0.000104468,2
480,Uy,0.00634511,0.000453277,2
480,p,0.05201,0.000225379,5
480,omega,0.0012934,6.73162e-05,2
480,k,0.00494758,0.000311965,2
481,Ux,0.0015119,0.000104801,2
481,Uy,0.00636618,0.000454956,2
481,p,0.0521315,0.000224686,5
481,omega,0.00129477,6.74547e-05,2
481,k,0.00495367,0.000312597,2
482,Ux,0.00151548,0.000105125,2
482,Uy,0.00638745,0.00045657,2
482,p,0.0526225,0.000223257,5
482,omega,0.00129677,6.76582e-05,2
482,k,0.00495728,0.000313217,2
483,Ux,0.00151908,0.000105444,2
483,Uy,0.00640795,0.000458132,2
483,p,0.0530248,0.000221177,5
483,omega,0.00130138,6.78618e-05,2
483,k,0.00496236,0.000313843,2
484,Ux,0.0015226,0.000105759,2
484,Uy,0.00642685,0.000459636,2
484,p,0.0530689,0.000219355,5
484,omega,0.00130388,6.80183e-05,2
484,k,0.00496748,0.000314365,2
485,Ux,0.00152595,0.000106068,2
485,Uy,0.00644609,0.000461213,2
485,p,0.0531626,0.000220366,5
485,omega,0.00130569,6.81738e-05,2
485,k,0.00497033,0.000314929,2
486,Ux,0.00152915,0.000106363,2
486,Uy,0.00646582,0.000462736,2
486,p,0.053455,0.000222407,5
486,omega,0.00130636,6.83593e-05,2
486,k,0.00497254,0.000315341,2
487,Ux,0.00153237,0.00010665,2
487,Uy,0.00648479,0.000464211,2
487,p,0.0538525,0.000224336,5
487,omega,0.00130891,6.85577e-05,2
487,k,0.00497482,0.000315784,2
488,Ux,0.0015355,0.000106939,2
488,Uy,0.00650285,0.000465611,2
488,p,0.0539721,0.000225936,5
488,omega,0.00131278,6.87251e-05,2
488,k,0.00497561,0.000316197,2
489,Ux,0.00153839,0.000107215,2
489,Uy,0.00651988,0.000467022,2
489,p,0.0540605,0.000225564,5
489,omega,0.00131447,6.89075e-05,2
489,k,0.0049764,0.000316599,2
490,Ux,0.00154109,0.000107479,2
490,Uy,0.00653695,0.000468444,2
490,p,0.0542588,0.00021864,5
490,omega,0.00131528,6.90421e-05,2
490,k,0.00497696,0.000316863,2
491,Ux,0.0015438,0.000107735,2
491,Uy,0.00655393,0.000469812,2
491,p,0.0542719,0.000200413,5
491,omega,0.0013157,6.92349e-05,2
491,k,0.00497637,0.000317176,2
492,Ux,0.00154656,0.000107994,2
492,Uy,0.0065703,0.000471138,2
492,p,0.0544643,0.000175124,5
492,omega,0.00131826,6.94209e-05,2
492,k,0.00497431,0.000317493,2
493,Ux,0.00154915,0.000108251,2
493,Uy,0.00658602,0.000472429,2
493,p,0.0546083,0.00016723,5
493,omega,0.00132122,6.95941e-05,2
493,k,0.00497195,0.000317705,2
494,Ux,0.00155164,0.000108501,2
494,Uy,0.00660148,0.00047368,2
494,p,0.0547982,0.000168364,5
494,omega,0.0013231,6.97496e-05,2
494,k,0.00496973,0.000317838,2
495,Ux,0.00155402,0.000108739,2
495,Uy,0.0066164,0.000474888,2
495,p,0.0545512,0.000176999,5
495,omega,0.00132271,6.99159e-05,2
495,k,0.00496747,0.000318092,2
496,Ux,0.0015563,0.000108966,2
496,Uy,0.00663017,0.000476108,2
496,p,0.0544843,0.000206902,5
496,omega,0.00132334,7.0113e-05,2
496,k,0.00496439,0.000318304,2
497,Ux,0.00155832,0.000109194,2
497,Uy,0.00664437,0.000477349,2
497,p,0.0549147,0.000240513,5
497,omega,0.00132674,7.02922e-05,2
497,k,0.00496083,0.000318378,2
498,Ux,0.00156025,0.000109416,2
498,Uy,0.00665913,0.000478542,2
498,p,0.0547119,0.000243249,5
498,omega,0.00132933,7.04845e-05,2
498,k,0.00495707,0.000318457,2
499,Ux,0.00156235,0.000109634,2
499,Uy,0.00667361,0.000479704,2
499,p,0.0543781,0.000233696,5
499,omega,0.00132962,7.06366e-05,2
499,k,0.00495396,0.000318634,2
500,Ux,0.00156449,0.000109851,2
500,Uy,0.00668553,0.000480787,2
500,p,0.0543839,0.000223857,5
500,omega,0.00132973,7.08289e-05,2
500,k,0.00495082,0.000318737,2
501,Ux,0.00156664,0.000110081,2
501,Uy,0.00669704,0.000481861,2
501,p,0.0546008,0.000224188,5
501,omega,0.00133159,7.10391e-05,2
501,k,0.00494562,0.000318744,2
502,Ux,0.0015687,0.0001103,2
502,Uy,0.00670881,0.00048292,2
502,p,0.0542532,0.00023303,5
502,omega,0.00133478,7.12428e-05,2
502,k,0.00494132,0.000318881,2
503,Ux,0.00157057,0.000110501,2
503,Uy,0.00672189,0.000483955,2
503,p,0.0537958,0.000242264,5
503,omega,0.00133545,7.13982e-05,2
503,k,0.00493919,0.000319032,2
504,Ux,0.00157226,0.000110694,2
504,Uy,0.00673287,0.000484991,2
504,p,0.0536864,0.000246444,5
504,omega,0.00133518,7.1573e-05,2
504,k,0.0049353,0.000319112,2
505,Ux,0.00157396,0.000110887,2
505,Uy,0.0067432,0.000485952,2
505,p,0.0534444,0.00025291,5
505,omega,0.00133646,7.1788e-05,2
505,k,0.00493023,0.000319139,2
506,Ux,0.0015756,0.000111074,2
506,Uy,0.00675261,0.000486856,2
506,p,0.0531567,0.000256557,5
506,omega,0.0013393,7.20023e-05,2
506,k,0.00492606,0.000319325,2
507,Ux,0.00157713,0.000111253,2
507,Uy,0.00676178,0.000487745,2
507,p,0.0528279,0.000257508,5
507,omega,0.00134088,7.21699e-05,2
507,k,0.0049243,0.0003195,2
508,Ux,0.00157859,0.00011143,2
508,Uy,0.00677076,0.000488651,2
508,p,0.0524911,0.000256474,5
508,omega,0.00134101,7.23436e-05,2
508,k,0.0049204,0.000319573,2
509,Ux,0.00158034,0.000111613,2
509,Uy,0.00677981,0.000489501,2
509,p,0.0519054,0.000256945,5
509,omega,0.00134251,7.25631e-05,2
509,k,0.00491535,0.000319646,2
510,Ux,0.00158207,0.000111804,2
510,Uy,0.0067882,0.0004903,2
510,p,0.0516488,0.000256464,5
510,omega,0.00134343,7.27707e-05,2
510,k,0.00491108,0.000319835,2
511,Ux,0.00158362,0.000111984,2
511,Uy,0.00679522,0.00049106,2
511,p,0.0513908,0.000255324,5
511,omega,0.00134598,7.29584e-05,2
511,k,0.00490894,0.000319983,2
512,Ux,0.00158527,0.000112163,2
512,Uy,0.00680144,0.000491826,2
512,p,0.0508353,0.000251401,5
512,omega,0.00134711,7.31402e-05,2
512,k,0.00490522,0.000320093,2
513,Ux,0.00158703,0.000112344,2
513,Uy,0.00680906,0.00049254,2
513,p,0.0503282,0.000251839,5
513,omega,0.00134809,7.33572e-05,2
513,k,0.00490068,0.00032016,2
514,Ux,0.0015887,0.000112529,2
514,Uy,0.00681617,0.000493296,2
514,p,0.0499582,0.000254665,5
514,omega,0.00134774,7.35595e-05,2
514,k,0.00489653,0.000320383,2
515,Ux,0.00159029,0.000112704,2
515,Uy,0.0068223,0.000494037,2
515,p,0.0497231,0.000257209,5
515,omega,0.00135068,7.37498e-05,2
515,k,0.00489417,0.00032052,2
516,Ux,0.00159192,0.000112882,2
516,Uy,0.00682806,0.000494698,2
516,p,0.0492758,0.000258337,5
516,omega,0.00135232,7.39308e-05,2
516,k,0.00489103,0.000320626,2
517,Ux,0.00159354,0.000113057,2
517,Uy,0.00683395,0.000495325,2
517,p,0.0486415,0.000261786,5
517,omega,0.00135254,7.41289e-05,2
517,k,0.00488731,0.000320784,2
518,Ux,0.00159519,0.000113232,2
518,Uy,0.00683992,0.000496046,2
518,p,0.0484396,0.000263634,5
518,omega,0.0013524,7.43213e-05,2
518,k,0.0048836,0.000320998,2
519,Ux,0.0015969,0.00011341,2
519,Uy,0.00684562,0.000496761,2
519,p,0.0482262,0.000262513,5
519,omega,0.00135445,7.45085e-05,2
519,k,0.00488151,0.000321148,2
520,Ux,0.00159852,0.000113588,2
520,Uy,0.00685178,0.000497368,2
520,p,0.0478086,0.000261863,5
520,omega,0.00135638,7.46759e-05,2
520,k,0.00487824,0.000321272,2
521,Ux,0.00160019,0.000113764,2
521,Uy,0.00685716,0.000497934,2
521,p,0.0474208,0.000265287,5
521,omega,0.00135629,7.48467e-05,2
521,k,0.00487499,0.000321445,2
522,Ux,0.0016019,0.000113939,2
522,Uy,0.00686099,0.000498595,2
522,p,0.0472319,0.000267652,5
522,omega,0.00135642,7.5024e-05,2
522,k,0.00487306,0.000321709,2
523,Ux,0.00160373,0.000114119,2
523,Uy,0.00686502,0.000499244,2
523,p,0.0469746,0.00026618,5
523,omega,0.00135689,7.52014e-05,2
523,k,0.00487088,0.000321897,2
524,Ux,0.0016054,0.000114295,2
524,Uy,0.00687154,0.000499816,2
524,p,0.0467761,0.00026146,5
524,omega,0.00135934,7.53463e-05,2
524,k,0.00486799,0.000322053,2
525,Ux,0.00160708,0.000114471,2
525,Uy,0.00687698,0.000500406,2
525,p,0.0463872,0.000258223,5
525,omega,0.00135945,7.54891e-05,2
525,k,0.0048662,0.000322288,2
526,Ux,0.00160875,0.000114641,2
526,Uy,0.00688052,0.000501005,2
526,p,0.0461229,0.000254493,5
526,omega,0.00135952,7.56557e-05,2
526,k,0.00486473,0.000322588,2
527,Ux,0.00161051,0.000114816,2
527,Uy,0.00688395,0.000501603,2
527,p,0.0460063,0.000248124,5
527,omega,0.00135887,7.58278e-05,2
527,k,0.00486325,0.000322855,2
528,Ux,0.00161214,0.00011499,2
528,Uy,0.00689005,0.000502148,2
528,p,0.0458127,0.000240898,5
528,omega,0.00136199,7.59568e-05,2
528,k,0.00486169,0.000323119,2
529,Ux,0.00161384,0.000115157,2
529,Uy,0.00689522,0.000502736,2
529,p,0.045543,0.000236881,5
529,omega,0.00136172,7.60641e-05,2
529,k,0.00486138,0.000323431,2
530,Ux,0.00161542,0.000115317,2
530,Uy,0.00689848,0.000503332,2
530,p,0.0452301,0.000234619,5
530,omega,0.00136165,7.62184e-05,2
530,k,0.00486107,0.00032374,2
531,Ux,0.00161705,0.000115483,2
531,Uy,0.00690258,0.000503875,2
531,p,0.0452718,0.000231053,5
531,omega,0.00136079,7.63785e-05,2
531,k,0.00485999,0.00032404,2
532,Ux,0.00161861,0.000115647,2
532,Uy,0.0069076,0.000504437,2
532,p,0.0451949,0.00022708,5
532,omega,0.00136371,7.64925e-05,2
532,k,0.00485854,0.000324338,2
533,Ux,0.00162022,0.000115801,2
533,Uy,0.00691203,0.000505006,2
533,p,0.045031,0.000226851,5
533,omega,0.00136326,7.65976e-05,2
533,k,0.00485977,0.000324694,2
534,Ux,0.00162158,0.000115951,2
534,Uy,0.00691592,0.000505585,2
534,p,0.0446799,0.000228283,5
534,omega,0.00136303,7.67251e-05,2
534,k,0.00485954,0.000325012,2
535,Ux,0.00162308,0.000116097,2
535,Uy,0.00692055,0.00050614,2
535,p,0.044725,0.000225416,5
535,omega,0.0013621,7.68649e-05,2
535,k,0.00485877,0.000325304,2
536,Ux,0.0016246,0.00011625,2
536,Uy,0.00692529,0.000506676,2
536,p,0.0445471,0.000220504,5
536,omega,0.00136445,7.69775e-05,2
536,k,0.00485768,0.000325656,2
537,Ux,0.00162597,0.000116395,2
537,Uy,0.00692918,0.000507222,2
537,p,0.0444522,0.000216517,5
537,omega,0.00136401,7.70689e-05,2
537,k,0.00485905,0.00032601,2
538,Ux,0.00162723,0.000116531,2
538,Uy,0.00693371,0.000507788,2
538,p,0.0441518,0.000213823,5
538,omega,0.00136417,7.71876e-05,2
538,k,0.00485934,0.000326325,2
539,Ux,0.00162852,0.000116658,2
539,Uy,0.00693804,0.000508382,2
539,p,0.0442531,0.00020799,5
539,omega,0.00136319,7.73128e-05,2
539,k,0.00485855,0.000326606,2
540,Ux,0.0016298,0.000116794,2
540,Uy,0.00694256,0.000508921,2
540,p,0.0440808,0.000202081,5
540,omega,0.00136466,7.7424e-05,2
540,k,0.00485734,0.000326966,2
541,Ux,0.00163101,0.000116926,2
541,Uy,0.0069467,0.000509414,2
541,p,0.0439833,0.000198446,5
541,omega,0.00136454,7.7507e-05,2
541,k,0.00485898,0.000327311,2
542,Ux,0.00163222,0.00011705,2
542,Uy,0.00695083,0.000509988,2
542,p,0.043662,0.000196445,5
542,omega,0.00136469,7.76117e-05,2
542,k,0.00485943,0.000327634,2
543,Ux,0.00163325,0.00011716,2
543,Uy,0.00695502,0.000510606,2
543,p,0.0436829,0.000191923,5
543,omega,0.00136383,7.77336e-05,2
543,k,0.00485901,0.000327912,2
544,Ux,0.00163427,0.000117275,2
544,Uy,0.00696007,0.000511149,2
544,p,0.0435698,0.000187021,5
544,omega,0.00136479,7.78276e-05,2
544,k,0.00485848,0.000328306,2
545,Ux,0.00163533,0.00011739,2
545,Uy,0.00696542,0.000511664,2
545,p,0.0434311,0.000184176,5
545,omega,0.00136469,7.79142e-05,2
545,k,0.00486025,0.000328632,2
546,Ux,0.00163634,0.0001175,2
546,Uy,0.00696906,0.000512229,2
546,p,0.043131,0.000181518,5
546,omega,0.00136462,7.80038e-05,2
546,k,0.0048601,0.000328926,2
547,Ux,0.00163719,0.000117597,2
547,Uy,0.00697306,0.000512856,2
547,p,0.043192,0.00043006,4
547,omega,0.00136402,7.81291e-05,2
547,k,0.00486019,0.000329248,2
548,Ux,0.00163826,0.000117706,2
548,Uy,0.00697861,0.000513393,2
548,p,0.0431588,0.000186021,5
548,omega,0.00136481,7.8208e-05,2
548,k,0.00486058,0.00032964,2
549,Ux,0.00163896,0.000117798,2
549,Uy,0.0069842,0.00051396,2
549,p,0.0430214,0.000182016,5
549,omega,0.00136478,7.82888e-05,2
549,k,0.00486231,0.000329944,2
550,Ux,0.00163963,0.000117887,2
550,Uy,0.00698793,0.000514512,2
550,p,0.042626,0.000420932,4
550,omega,0.00136422,7.83603e-05,2
550,k,0.00486202,0.000330244,2
551,Ux,0.00164049,0.000117979,2
551,Uy,0.00699164,0.000515112,2
551,p,0.0427216,0.000425772,4
551,omega,0.00136403,7.84871e-05,2
551,k,0.00486184,0.000330607,2
552,Ux,0.00164125,0.000118068,2
552,Uy,0.00699739,0.000515709,2
552,p,0.0426254,0.000197702,5
552,omega,0.00136472,7.85662e-05,2
552,k,0.00486305,0.000330982,2
553,Ux,0.00164172,0.000118134,2
553,Uy,0.0070037,0.000516324,2
553,p,0.0423898,0.000192873,5
553,omega,0.00136517,7.86475e-05,2
553,k,0.00486468,0.000331297,2
554,Ux,0.00164223,0.000118212,2
554,Uy,0.0070086,0.000516902,2
554,p,0.042088,0.000185014,5
554,omega,0.00136401,7.87233e-05,2
554,k,0.00486485,0.000331576,2
555,Ux,0.00164278,0.000118289,2
555,Uy,0.00701338,0.000517538,2
555,p,0.0421933,0.000420802,4
555,omega,0.00136379,7.88358e-05,2
555,k,0.00486483,0.000331968,2
556,Ux,0.00164339,0.000118369,2
556,Uy,0.00701808,0.000518137,2
556,p,0.0421267,0.000185084,5
556,omega,0.00136459,7.89007e-05,2
556,k,0.00486596,0.000332326,2
557,Ux,0.0016439,0.000118432,2
557,Uy,0.00702452,0.000518765,2
557,p,0.0419192,0.000182779,5
557,omega,0.00136488,7.89681e-05,2
557,k,0.00486747,0.000332653,2
558,Ux,0.00164439,0.000118503,2
558,Uy,0.00703057,0.000519357,2
558,p,0.0416387,0.000180227,5
558,omega,0.00136361,7.90476e-05,2
558,k,0.00486839,0.00033295,2
559,Ux,0.0016449,0.000118571,2
559,Uy,0.00703562,0.00052006,2
559,p,0.0417477,0.000175917,5
559,omega,0.00136365,7.91494e-05,2
559,k,0.00486879,0.000333322,2
560,Ux,0.0016453,0.000118633,2
560,Uy,0.00704039,0.000520681,2
560,p,0.0415846,0.000171138,5
560,omega,0.00136382,7.92171e-05,2
560,k,0.00487004,0.00033363,2
561,Ux,0.00164556,0.000118689,2
561,Uy,0.00704695,0.000521297,2
561,p,0.0413987,0.00041392,4
561,omega,0.00136379,7.92679e-05,2
561,k,0.00487029,0.000333929,2
562,Ux,0.00164613,0.000118757,2
562,Uy,0.00705308,0.000521886,2
562,p,0.041184,0.000169966,5
562,omega,0.00136321,7.93538e-05,2
562,k,0.00487082,0.000334265,2
563,Ux,0.00164638,0.000118809,2
563,Uy,0.00705874,0.000522624,2
563,p,0.041298,0.000409106,4
563,omega,0.00136339,7.94294e-05,2
563,k,0.00487128,0.000334579,2
564,Ux,0.00164682,0.000118874,2
564,Uy,0.0070639,0.000523258,2
564,p,0.0411656,0.000410636,4
564,omega,0.00136333,7.95017e-05,2
564,k,0.00487225,0.000334873,2
565,Ux,0.00164714,0.000118929,2
565,Uy,0.00707042,0.000523851,2
565,p,0.0409518,0.000166301,5
565,omega,0.00136232,7.95519e-05,2
565,k,0.00487287,0.000335136,2
566,Ux,0.00164713,0.000118961,2
566,Uy,0.00707694,0.00052453,2
566,p,0.0408132,0.000396799,4
566,omega,0.00136231,7.96429e-05,2
566,k,0.00487313,0.000335444,2
567,Ux,0.00164741,0.000119012,2
567,Uy,0.00708231,0.000525238,2
567,p,0.0409281,0.000393102,4
567,omega,0.00136223,7.96925e-05,2
567,k,0.00487376,0.000335743,2
568,Ux,0.00164773,0.000119069,2
568,Uy,0.00708824,0.000525913,2
568,p,0.0407797,0.000393424,4
568,omega,0.00136267,7.97535e-05,2
568,k,0.0048737,0.000336037,2
569,Ux,0.00164798,0.00011912,2
569,Uy,0.00709556,0.000526561,2
569,p,0.0405006,0.000396807,4
569,omega,0.00136128,7.98129e-05,2
569,k,0.00487422,0.000336305,2
570,Ux,0.00164817,0.000119164,2
570,Uy,0.00710126,0.000527171,2
570,p,0.0405065,0.000403753,4
570,omega,0.00136114,7.98841e-05,2
570,k,0.00487504,0.000336596,2
571,Ux,0.00164842,0.000119207,2
571,Uy,0.00710695,0.000527854,2
571,p,0.0405521,0.000178247,5
571,omega,0.00136065,7.9956e-05,2
571,k,0.00487587,0.000336808,2
572,Ux,0.00164877,0.000119259,2
572,Uy,0.00711291,0.000528554,2
572,p,0.0403075,0.000159389,5
572,omega,0.00136074,7.99806e-05,2
572,k,0.00487536,0.000337076,2
573,Ux,0.00164912,0.000119311,2
573,Uy,0.0071201,0.000529199,2
573,p,0.0398897,0.000395298,4
573,omega,0.00136014,8.00474e-05,2
573,k,0.00487453,0.000337364,2
574,Ux,0.00164907,0.00011935,2
574,Uy,0.00712577,0.000529788,2
574,p,0.0400845,0.000396541,4
574,omega,0.00136031,8.00973e-05,2
574,k,0.00487477,0.000337606,2
575,Ux,0.00164914,0.000119386,2
575,Uy,0.00713078,0.000530432,2
575,p,0.0400147,0.000398194,4
575,omega,0.00135991,8.01647e-05,2
575,k,0.00487539,0.000337818,2
576,Ux,0.00164943,0.000119436,2
576,Uy,0.00713627,0.000531138,2
576,p,0.0397484,0.000137472,5
576,omega,0.00135868,8.02004e-05,2
576,k,0.00487517,0.000338046,2
577,Ux,0.00164949,0.000119473,2
577,Uy,0.00714366,0.000531783,2
577,p,0.0394956,0.000389598,4
577,omega,0.0013584,8.02626e-05,2
577,k,0.00487444,0.000338321,2
578,Ux,0.00164977,0.000119527,2
578,Uy,0.00715033,0.000532377,2
578,p,0.0397004,0.000395069,4
578,omega,0.00135807,8.03152e-05,2
578,k,0.00487532,0.00033851,2
579,Ux,0.00165001,0.000119572,2
579,Uy,0.00715568,0.000533052,2
579,p,0.0395798,0.000139525,5
579,omega,0.00135789,8.03461e-05,2
579,k,0.00487499,0.00033871,2
580,Ux,0.0016499,0.000119591,2
580,Uy,0.0071606,0.000533707,2
580,p,0.0391477,0.000133217,5
580,omega,0.00135671,8.03945e-05,2
580,k,0.004874,0.000338951,2
581,Ux,0.00165034,0.000119642,2
581,Uy,0.00716768,0.000534331,2
581,p,0.0391488,0.000383412,4
581,omega,0.00135678,8.04215e-05,2
581,k,0.00487311,0.000339187,2
582,Ux,0.00165039,0.00011969,2
582,Uy,0.00717415,0.000534931,2
582,p,0.0392288,0.00038514,4
582,omega,0.00135624,8.04763e-05,2
582,k,0.00487377,0.000339398,2
583,Ux,0.00165046,0.00011973,2
583,Uy,0.00717941,0.000535615,2
583,p,0.0389322,0.000133855,5
583,omega,0.00135476,8.05167e-05,2
583,k,0.00487334,0.000339538,2
584,Ux,0.00165066,0.000119766,2
584,Uy,0.0071846,0.000536266,2
584,p,0.0386897,0.000383727,4
584,omega,0.00135468,8.05698e-05,2
584,k,0.00487201,0.000339783,2
585,Ux,0.00165084,0.000119807,2
585,Uy,0.0071915,0.000536855,2
585,p,0.0388771,0.000136059,5
585,omega,0.00135442,8.05974e-05,2
585,k,0.00487181,0.000339954,2
586,Ux,0.00165112,0.000119855,2
586,Uy,0.00719814,0.000537466,2
586,p,0.0388078,0.000132924,5
586,omega,0.00135388,8.06089e-05,2
586,k,0.00487175,0.000340096,2
587,Ux,0.00165134,0.0001199,2
587,Uy,0.00720358,0.000538142,2
587,p,0.0384524,0.000127332,5
587,omega,0.00135221,8.06624e-05,2
587,k,0.00487061,0.000340273,2
588,Ux,0.00165147,0.000119938,2
588,Uy,0.0072089,0.000538792,2
588,p,0.0383356,0.000120919,5
588,omega,0.00135253,8.06785e-05,2
588,k,0.00486864,0.000340496,2
589,Ux,0.00165169,0.00011998,2
589,Uy,0.00721552,0.000539395,2
589,p,0.0384555,0.000378696,4
589,omega,0.0013523,8.07058e-05,2
589,k,0.00486833,0.000340668,2
590,Ux,0.00165217,0.00012004,2
590,Uy,0.00722154,0.000539957,2
590,p,0.0382128,0.000120148,5
590,omega,0.00135028,8.07323e-05,2
590,k,0.00486838,0.000340803,2
591,Ux,0.00165237,0.000120087,2
591,Uy,0.00722723,0.000540615,2
591,p,0.0380654,0.000118401,5
591,omega,0.00134972,8.07812e-05,2
591,k,0.00486697,0.00034096,2
592,Ux,0.00165259,0.000120132,2
592,Uy,0.00723284,0.000541287,2
592,p,0.0381809,0.000119654,5
592,omega,0.00134962,8.08074e-05,2
592,k,0.00486603,0.000341159,2
593,Ux,0.00165293,0.000120176,2
593,Uy,0.00723969,0.000541894,2
593,p,0.0381235,0.000121579,5
593,omega,0.0013489,8.07947e-05,2
593,k,0.00486533,0.000341294,2
594,Ux,0.00165327,0.000120225,2
594,Uy,0.00724599,0.00054246,2
594,p,0.0378672,0.000121845,5
594,omega,0.00134694,8.0845e-05,2
594,k,0.00486448,0.000341405,2
595,Ux,0.00165363,0.000120282,2
595,Uy,0.00725159,0.000543107,2
595,p,0.0377484,0.000121796,5
595,omega,0.00134703,8.08614e-05,2
595,k,0.00486319,0.000341558,2
596,Ux,0.00165404,0.000120341,2
596,Uy,0.00725701,0.000543768,2
596,p,0.0378877,0.000122318,5
596,omega,0.00134708,8.08558e-05,2
596,k,0.00486174,0.000341719,2
597,Ux,0.00165448,0.000120395,2
597,Uy,0.00726415,0.000544376,2
597,p,0.0376431,0.000123042,5
597,omega,0.00134495,8.0871e-05,2
597,k,0.00486061,0.000341831,2
598,Ux,0.00165491,0.00012045,2
598,Uy,0.00727087,0.000544945,2
598,p,0.0375156,0.000124402,5
598,omega,0.00134425,8.09043e-05,2
598,k,0.00485901,0.000341949,2
599,Ux,0.0016555,0.000120516,2
599,Uy,0.00727635,0.000545605,2
599,p,0.0376475,0.000128564,5
599,omega,0.00134423,8.09343e-05,2
599,k,0.0048577,0.00034207,2
600,Ux,0.0016562,0.00012059,2
600,Uy,0.00728184,0.000546253,2
600,p,0.0376109,0.000133426,5
600,omega,0.00134267,8.09169e-05,2
600,k,0.00485678,0.000342225,2
601,Ux,0.00165686,0.00012066,2
601,Uy,0.00728942,0.000546849,2
601,p,0.0374079,0.000135949,5
601,omega,0.00134123,8.09403e-05,2
601,k,0.00485548,0.000342335,2
602,Ux,0.00165752,0.000120731,2
602,Uy,0.0072964,0.000547449,2
602,p,0.0373406,0.000136741,5
602,omega,0.00134116,8.09815e-05,2
602,k,0.0048544,0.00034242,2
603,Ux,0.00165833,0.000120808,2
603,Uy,0.00730177,0.000548107,2
603,p,0.0374751,0.000136216,5
603,omega,0.00134095,8.09689e-05,2
603,k,0.00485303,0.000342539,2
604,Ux,0.00165925,0.000120894,2
604,Uy,0.00730704,0.00054873,2
604,p,0.0372818,0.000133685,5
604,omega,0.00133892,8.09872e-05,2
604,k,0.0048512,0.000342651,2
605,Ux,0.00166017,0.000120984,2
605,Uy,0.00731466,0.000549327,2
605,p,0.0371383,0.00013045,5
605,omega,0.00133868,8.0997e-05,2
605,k,0.00485004,0.000342719,2
606,Ux,0.00166108,0.000121075,2
606,Uy,0.00732144,0.000549905,2
606,p,0.0372974,0.000129365,5
606,omega,0.00133895,8.10045e-05,2
606,k,0.00484875,0.000342796,2
607,Ux,0.00166213,0.000121167,2
607,Uy,0.00732732,0.000550569,2
607,p,0.0372309,0.00012748,5
607,omega,0.00133722,8.10211e-05,2
607,k,0.00484703,0.000342889,2
608,Ux,0.0016633,0.000121266,2
608,Uy,0.00733283,0.000551193,2
608,p,0.0370054,0.00012413,5
608,omega,0.00133657,8.10127e-05,2
608,k,0.00484489,0.000342967,2
609,Ux,0.0016645,0.000121376,2
609,Uy,0.0073397,0.00055175,2
609,p,0.0369919,0.000120892,5
609,omega,0.00133664,8.10228e-05,2
609,k,0.00484336,0.000343044,2
610,Ux,0.00166577,0.000121486,2
610,Uy,0.00734641,0.000552296,2
610,p,0.0370414,0.000119114,5
610,omega,0.00133487,8.10407e-05,2
610,k,0.00484182,0.000343102,2
611,Ux,0.00166701,0.000121595,2
611,Uy,0.0073522,0.000552954,2
611,p,0.0368109,0.000118398,5
611,omega,0.00133391,8.10566e-05,2
611,k,0.00483944,0.000343194,2
612,Ux,0.00166836,0.000121711,2
612,Uy,0.0073578,0.000553587,2
612,p,0.0366824,0.000120048,5
612,omega,0.00133391,8.10799e-05,2
612,k,0.00483747,0.000343274,2
613,Ux,0.00166987,0.000121834,2
613,Uy,0.00736466,0.000554122,2
613,p,0.03686,0.00012512,5
613,omega,0.00133352,8.10637e-05,2
613,k,0.00483649,0.000343313,2
614,Ux,0.00167133,0.000121962,2
614,Uy,0.00737079,0.000554624,2
614,p,0.0367242,0.000129093,5
614,omega,0.00133153,8.10959e-05,2
614,k,0.00483475,0.000343364,2
615,Ux,0.00167281,0.000122089,2
615,Uy,0.00737637,0.000555286,2
615,p,0.0365197,0.000130452,5
615,omega,0.0013316,8.11247e-05,2
615,k,0.00483297,0.000343429,2
616,Ux,0.00167432,0.000122216,2
616,Uy,0.00738174,0.000555878,2
616,p,0.036648,0.000130455,5
616,omega,0.00133223,8.11021e-05,2
616,k,0.00483086,0.000343469,2
617,Ux,0.00167597,0.000122347,2
617,Uy,0.00738906,0.000556395,2
617,p,0.0366374,0.000129414,5
617,omega,0.00133013,8.1126e-05,2
617,k,0.00482955,0.000343527,2
618,Ux,0.00167761,0.000122486,2
618,Uy,0.00739476,0.000556911,2
618,p,0.0363548,0.000128116,5
618,omega,0.00132934,8.11646e-05,2
618,k,0.00482748,0.000343542,2
619,Ux,0.00167927,0.000122627,2
619,Uy,0.00739946,0.000557509,2
619,p,0.0364092,0.000129509,5
619,omega,0.00133015,8.11515e-05,2
619,k,0.00482517,0.000343603,2
620,Ux,0.00168099,0.000122767,2
620,Uy,0.00740488,0.000558073,2
620,p,0.036512,0.000129919,5
620,omega,0.00132833,8.11571e-05,2
620,k,0.00482308,0.000343651,2
621,Ux,0.00168273,0.000122907,2
621,Uy,0.00741225,0.00055859,2
621,p,0.0363044,0.000127381,5
621,omega,0.00132727,8.11847e-05,2
621,k,0.00482131,0.000343652,2
622,Ux,0.0016846,0.000123059,2
622,Uy,0.00741788,0.000559098,2
622,p,0.0362478,0.000123989,5
622,omega,0.0013277,8.11969e-05,2
622,k,0.00481899,0.00034367,2
623,Ux,0.00168648,0.000123213,2
623,Uy,0.00742245,0.000559692,2
623,p,0.0363602,0.000120816,5
623,omega,0.00132673,8.11998e-05,2
623,k,0.0048164,0.000343701,2
624,Ux,0.00168835,0.000123362,2
624,Uy,0.00742735,0.000560219,2
624,p,0.0362085,0.000118991,5
624,omega,0.00132582,8.12055e-05,2
624,k,0.00481417,0.000343695,2
625,Ux,0.00169023,0.000123516,2
625,Uy,0.00743436,0.000560705,2
625,p,0.036085,0.000121429,5
625,omega,0.00132595,8.12347e-05,2
625,k,0.00481196,0.00034369,2
626,Ux,0.00169225,0.000123676,2
626,Uy,0.00743988,0.000561193,2
626,p,0.0361961,0.000126397,5
626,omega,0.00132519,8.12491e-05,2
626,k,0.00480936,0.000343688,2
627,Ux,0.00169429,0.000123839,2
627,Uy,0.00744446,0.000561782,2
627,p,0.0361534,0.000129949,5
627,omega,0.00132416,8.12462e-05,2
627,k,0.00480633,0.000343692,2
628,Ux,0.00169634,0.000124,2
628,Uy,0.00744918,0.000562305,2
628,p,0.0360061,0.000131084,5
628,omega,0.00132402,8.12639e-05,2
628,k,0.004804,0.000343686,2
629,Ux,0.00169838,0.000124159,2
629,Uy,0.00745592,0.000562744,2
629,p,0.03614,0.000129704,5
629,omega,0.00132362,8.12819e-05,2
629,k,0.00480165,0.000343632,2
630,Ux,0.00170038,0.000124317,2
630,Uy,0.00746125,0.000563223,2
630,p,0.0361273,0.000126534,5
630,omega,0.00132218,8.12932e-05,2
630,k,0.00479855,0.000343618,2
631,Ux,0.00170245,0.000124481,2
631,Uy,0.00746572,0.000563814,2
631,p,0.0358633,0.000122855,5
631,omega,0.00132231,8.13206e-05,2
631,k,0.00479532,0.000343593,2
632,Ux,0.00170458,0.00012465,2
632,Uy,0.00747073,0.00056431,2
632,p,0.0359102,0.000122794,5
632,omega,0.00132273,8.1316e-05,2
632,k,0.00479306,0.000343529,2
633,Ux,0.00170669,0.000124813,2
633,Uy,0.00747694,0.000564734,2
633,p,0.0359013,0.000123424,5
633,omega,0.00132101,8.13344e-05,2
633,k,0.00478972,0.00034345,2
634,Ux,0.00170882,0.000124981,2
634,Uy,0.0074819,0.000565221,2
634,p,0.0355752,0.000122115,5
634,omega,0.00132075,8.13736e-05,2
634,k,0.00478643,0.000343435,2
635,Ux,0.00171108,0.000125154,2
635,Uy,0.00748607,0.000565757,2
635,p,0.0355638,0.000121533,5
635,omega,0.00132162,8.13733e-05,2
635,k,0.00478327,0.000343373,2
636,Ux,0.00171336,0.000125331,2
636,Uy,0.00749134,0.000566221,2
636,p,0.0355782,0.000121135,5
636,omega,0.00131964,8.13716e-05,2
636,k,0.00478027,0.000343283,2
637,Ux,0.00171557,0.000125506,2
637,Uy,0.00749754,0.000566666,2
637,p,0.0353345,0.000120858,5
637,omega,0.00131884,8.1418e-05,2
637,k,0.00477697,0.000343189,2
638,Ux,0.00171781,0.000125678,2
638,Uy,0.00750189,0.000567152,2
638,p,0.0353064,0.00012303,5
638,omega,0.00131978,8.14257e-05,2
638,k,0.00477321,0.000343142,2
639,Ux,0.00172006,0.000125852,2
639,Uy,0.00750575,0.000567638,2
639,p,0.0353669,0.000125251,5
639,omega,0.00131829,8.14298e-05,2
639,k,0.00476964,0.000343045,2
640,Ux,0.0017224,0.000126028,2
640,Uy,0.00751129,0.000568103,2
640,p,0.0351474,0.000124596,5
640,omega,0.00131777,8.14601e-05,2
640,k,0.00476635,0.000342919,2
641,Ux,0.00172471,0.000126206,2
641,Uy,0.00751723,0.000568527,2
641,p,0.0350205,0.000122716,5
641,omega,0.00131883,8.14803e-05,2
641,k,0.00476238,0.000342815,2
642,Ux,0.00172702,0.000126384,2
642,Uy,0.00752149,0.000569018,2
642,p,0.0351236,0.000120568,5
642,omega,0.00131744,8.14889e-05,2
642,k,0.00475803,0.000342734,2
643,Ux,0.00172931,0.000126563,2
643,Uy,0.00752504,0.0005695,2
643,p,0.0349447,0.000118072,5
643,omega,0.00131689,8.15159e-05,2
643,k,0.00475473,0.000342605,2
644,Ux,0.00173169,0.00012674,2
644,Uy,0.00753037,0.000569907,2
644,p,0.0348137,0.000118201,5
644,omega,0.00131789,8.1522e-05,2
644,k,0.00475093,0.00034244,2
645,Ux,0.00173407,0.000126925,2
645,Uy,0.00753604,0.000570311,2
645,p,0.0349565,0.000121368,5
645,omega,0.00131633,8.15448e-05,2
645,k,0.00474657,0.000342342,2
646,Ux,0.00173644,0.000127108,2
646,Uy,0.00754032,0.000570826,2
646,p,0.0348521,0.000122333,5
646,omega,0.00131546,8.15738e-05,2
646,k,0.00474195,0.000342219,2
647,Ux,0.00173882,0.00012729,2
647,Uy,0.00754364,0.000571288,2
647,p,0.0347274,0.00012307,5
647,omega,0.00131636,8.15674e-05,2
647,k,0.00473828,0.000342041,2
648,Ux,0.00174119,0.000127469,2
648,Uy,0.0075488,0.000571671,2
648,p,0.0348176,0.000124535,5
648,omega,0.00131513,8.15836e-05,2
648,k,0.00473372,0.000341862,2
649,Ux,0.00174367,0.000127655,2
649,Uy,0.00755414,0.000572063,2
649,p,0.0346399,0.000125331,5
649,omega,0.00131436,8.16324e-05,2
649,k,0.00472889,0.000341735,2
650,Ux,0.00174607,0.000127841,2
650,Uy,0.00755803,0.000572566,2
650,p,0.03445,0.000128577,5
650,omega,0.00131575,8.16387e-05,2
650,k,0.00472419,0.000341576,2
651,Ux,0.00174841,0.000128024,2
651,Uy,0.0075614,0.000572999,2
651,p,0.0344709,0.00013253,5
651,omega,0.00131473,8.16355e-05,2
651,k,0.00471995,0.000341366,2
652,Ux,0.00175082,0.000128206,2
652,Uy,0.00756693,0.000573385,2
652,p,0.034299,0.000132417,5
652,omega,0.00131378,8.1678e-05,2
652,k,0.00471519,0.000341175,2
653,Ux,0.00175332,0.000128392,2
653,Uy,0.00757151,0.000573771,2
653,p,0.0341471,0.000130332,5
653,omega,0.00131472,8.17042e-05,2
653,k,0.00471017,0.000341025,2
654,Ux,0.0017558,0.000128583,2
654,Uy,0.00757507,0.000574246,2
654,p,0.0342547,0.000129235,5
654,omega,0.00131382,8.17056e-05,2
654,k,0.00470518,0.000340806,2
655,Ux,0.00175824,0.000128771,2
655,Uy,0.0075787,0.000574669,2
655,p,0.0341962,0.000127186,5
655,omega,0.00131287,8.17241e-05,2
655,k,0.00470053,0.000340568,2
656,Ux,0.0017607,0.000128962,2
656,Uy,0.00758426,0.000575047,2
656,p,0.0340906,0.000127394,5
656,omega,0.00131348,8.17467e-05,2
656,k,0.00469519,0.000340385,2
657,Ux,0.00176322,0.000129151,2
657,Uy,0.00758861,0.000575427,2
657,p,0.034244,0.000131609,5
657,omega,0.00131222,8.17556e-05,2
657,k,0.00468941,0.000340184,2
658,Ux,0.0017658,0.000129344,2
658,Uy,0.00759187,0.000575914,2
658,p,0.0341957,0.000133092,5
658,omega,0.00131161,8.17796e-05,2
658,k,0.00468426,0.00033993,2
659,Ux,0.00176833,0.000129541,2
659,Uy,0.00759553,0.000576321,2
659,p,0.0340325,0.000132782,5
659,omega,0.00131269,8.17917e-05,2
659,k,0.00467915,0.00033968,2
660,Ux,0.00177086,0.000129737,2
660,Uy,0.00760108,0.000576668,2
660,p,0.0341126,0.000133074,5
660,omega,0.00131172,8.18111e-05,2
660,k,0.00467332,0.000339506,2
661,Ux,0.00177342,0.000129928,2
661,Uy,0.00760527,0.000577068,2
661,p,0.0340224,0.00013204,5
661,omega,0.00131101,8.18309e-05,2
661,k,0.00466713,0.000339247,2
662,Ux,0.001776,0.000130125,2
662,Uy,0.00760831,0.000577551,2
662,p,0.0338536,0.000133039,5
662,omega,0.00131188,8.18317e-05,2
662,k,0.00466206,0.00033897,2
663,Ux,0.00177861,0.000130328,2
663,Uy,0.00761192,0.000577928,2
663,p,0.033993,0.000135916,5
663,omega,0.00131084,8.18385e-05,2
663,k,0.0046563,0.000338724,2
664,Ux,0.00178125,0.000130529,2
664,Uy,0.00761716,0.000578256,2
664,p,0.0339752,0.000135835,5
664,omega,0.00130976,8.18622e-05,2
664,k,0.00465011,0.000338483,2
665,Ux,0.00178386,0.00013073,2
665,Uy,0.007621,0.000578675,2
665,p,0.033841,0.000133783,5
665,omega,0.00131005,8.18599e-05,2
665,k,0.0046442,0.000338198,2
666,Ux,0.00178653,0.000130934,2
666,Uy,0.00762412,0.000579133,2
666,p,0.033955,0.000131937,5
666,omega,0.001309,8.18612e-05,2
666,k,0.00463866,0.000337902,2
667,Ux,0.0017893,0.000131141,2
667,Uy,0.00762814,0.0005795,2
667,p,0.0339188,0.000129451,5
667,omega,0.00130819,8.18654e-05,2
667,k,0.00463252,0.00033763,2
668,Ux,0.00179198,0.000131352,2
668,Uy,0.00763273,0.000579815,2
668,p,0.0337534,0.000130196,5
668,omega,0.00130839,8.18713e-05,2
668,k,0.00462585,0.000337345,2
669,Ux,0.00179467,0.000131561,2
669,Uy,0.00763623,0.000580243,2
669,p,0.0338049,0.000134133,5
669,omega,0.00130746,8.18852e-05,2
669,k,0.00462002,0.000337022,2
670,Ux,0.00179746,0.00013177,2
670,Uy,0.00763938,0.000580684,2
670,p,0.0337449,0.000135418,5
670,omega,0.00130718,8.1878e-05,2
670,k,0.00461391,0.000336704,2
671,Ux,0.00180033,0.000131985,2
671,Uy,0.00764388,0.000581034,2
671,p,0.033587,0.000135135,5
671,omega,0.00130732,8.1878e-05,2
671,k,0.00460695,0.000336431,2
672,Ux,0.00180316,0.000132205,2
672,Uy,0.00764814,0.000581346,2
672,p,0.0336185,0.000134459,5
672,omega,0.0013061,8.18998e-05,2
672,k,0.00460012,0.000336102,2
673,Ux,0.001806,0.000132425,2
673,Uy,0.00765125,0.000581793,2
673,p,0.0335352,0.000134482,5
673,omega,0.0013059,8.18894e-05,2
673,k,0.00459425,0.00033577,2
674,Ux,0.00180893,0.000132649,2
674,Uy,0.00765427,0.000582205,2
674,p,0.0334697,0.000138285,5
674,omega,0.00130557,8.18701e-05,2
674,k,0.00458741,0.000335434,2
675,Ux,0.00181199,0.000132881,2
675,Uy,0.00765912,0.000582538,2
675,p,0.0335659,0.000143959,5
675,omega,0.00130416,8.18909e-05,2
675,k,0.00458002,0.000335124,2
676,Ux,0.00181508,0.000133119,2
676,Uy,0.00766308,0.000582856,2
676,p,0.0335708,0.000148597,5
676,omega,0.00130359,8.1893e-05,2
676,k,0.00457322,0.000334772,2
677,Ux,0.00181812,0.000133355,2
677,Uy,0.00766608,0.00058331,2
677,p,0.0334901,0.000153841,5
677,omega,0.00130307,8.18695e-05,2
677,k,0.00456676,0.000334407,2
678,Ux,0.00182119,0.000133592,2
678,Uy,0.00766894,0.000583689,2
678,p,0.033538,0.000157397,5
678,omega,0.00130204,8.18621e-05,2
678,k,0.00455919,0.000334067,2
679,Ux,0.00182428,0.000133824,2
679,Uy,0.00767375,0.000583994,2
679,p,0.0335163,0.000159464,5
679,omega,0.00130199,8.18633e-05,2
679,k,0.00455208,0.000333708,2
680,Ux,0.0018274,0.000134061,2
680,Uy,0.00767732,0.000584314,2
680,p,0.0334516,0.000163966,5
680,omega,0.00130146,8.18508e-05,2
680,k,0.0045455,0.000333342,2
681,Ux,0.00183048,0.000134299,2
681,Uy,0.00768001,0.000584743,2
681,p,0.0335062,0.00016841,5
681,omega,0.00130072,8.18437e-05,2
681,k,0.00453833,0.000332947,2
682,Ux,0.00183356,0.000134535,2
682,Uy,0.00768282,0.000585098,2
682,p,0.0334568,0.00016932,5
682,omega,0.00130068,8.18242e-05,2
682,k,0.00453092,0.000332593,2
683,Ux,0.00183665,0.000134769,2
683,Uy,0.00768736,0.000585378,2
683,p,0.0334067,0.000170617,5
683,omega,0.00129994,8.18133e-05,2
683,k,0.00452334,0.000332215,2
684,Ux,0.00183979,0.000135004,2
684,Uy,0.0076905,0.000585692,2
684,p,0.0335085,0.000171614,5
684,omega,0.00129871,8.17974e-05,2
684,k,0.00451646,0.000331805,2
685,Ux,0.00184287,0.000135244,2
685,Uy,0.00769251,0.000586084,2
685,p,0.0334692,0.000171722,5
685,omega,0.00129846,8.17662e-05,2
685,k,0.00450902,0.000331411,2
686,Ux,0.00184588,0.00013548,2
686,Uy,0.00769546,0.000586387,2
686,p,0.033434,0.000175083,5
686,omega,0.00129742,8.17417e-05,2
686,k,0.00450101,0.000331047,2
687,Ux,0.00184894,0.00013571,2
687,Uy,0.00769962,0.000586637,2
687,p,0.0334647,0.000177434,5
687,omega,0.00129549,8.17208e-05,2
687,k,0.00449331,0.000330628,2
688,Ux,0.001852,0.000135942,2
688,Uy,0.00770168,0.000586952,2
688,p,0.0333871,0.000176527,5
688,omega,0.00129495,8.16907e-05,2
688,k,0.00448612,0.000330197,2
689,Ux,0.00185508,0.000136178,2
689,Uy,0.00770321,0.00058726,2
689,p,0.0333326,0.000175878,5
689,omega,0.00129414,8.16705e-05,2
689,k,0.00447833,0.000329814,2
690,Ux,0.00185812,0.000136411,2
690,Uy,0.00770621,0.000587506,2
690,p,0.0333233,0.0001734,5
690,omega,0.00129295,8.16528e-05,2
690,k,0.00447013,0.000329403,2
691,Ux,0.00186109,0.000136641,2
691,Uy,0.00770928,0.000587719,2
691,p,0.0332592,0.000171094,5
691,omega,0.0012925,8.16204e-05,2
691,k,0.00446267,0.00032896,2
692,Ux,0.0018641,0.00013687,2
692,Uy,0.00771076,0.000588025,2
692,p,0.0331827,0.000172297,5
692,omega,0.0012919,8.15942e-05,2
692,k,0.00445517,0.000328536,2
693,Ux,0.0018672,0.000137104,2
693,Uy,0.00771174,0.000588267,2
693,p,0.033153,0.000173387,5
693,omega,0.00129127,8.15614e-05,2
693,k,0.00444718,0.000328139,2
694,Ux,0.00187022,0.000137336,2
694,Uy,0.0077145,0.000588459,2
694,p,0.033095,0.000173612,5
694,omega,0.00129034,8.15219e-05,2
694,k,0.00443899,0.000327697,2
695,Ux,0.00187318,0.000137565,2
695,Uy,0.00771677,0.000588633,2
695,p,0.0331483,0.000174847,5
695,omega,0.00128911,8.14841e-05,2
695,k,0.00443143,0.000327248,2
696,Ux,0.0018762,0.000137793,2
696,Uy,0.00771762,0.000588896,2
696,p,0.0331712,0.000176102,5
696,omega,0.00128842,8.14365e-05,2
696,k,0.00442353,0.000326812,2
697,Ux,0.00187926,0.000138024,2
697,Uy,0.00771788,0.000589089,2
697,p,0.0331375,0.000177622,5
697,omega,0.00128727,8.13828e-05,2
697,k,0.00441522,0.000326393,2
698,Ux,0.00188222,0.000138255,2
698,Uy,0.00772039,0.00058921,2
698,p,0.0332321,0.000181396,5
698,omega,0.00128562,8.13441e-05,2
698,k,0.00440712,0.000325948,2
699,Ux,0.00188517,0.00013848,2
699,Uy,0.00772188,0.000589346,2
699,p,0.0332185,0.000182655,5
699,omega,0.00128433,8.12906e-05,2
699,k,0.00439939,0.000325474,2
700,Ux,0.0018881,0.000138705,2
700,Uy,0.00772185,0.000589575,2
700,p,0.0331086,0.000181337,5
700,omega,0.00128325,8.12342e-05,2
700,k,0.00439094,0.000325048,2
701,Ux,0.00189106,0.000138929,2
701,Uy,0.00772172,0.000589689,2
701,p,0.0331942,0.000177288,5
701,omega,0.00128164,8.11854e-05,2
701,k,0.00438259,0.000324605,2
702,Ux,0.001894,0.000139155,2
702,Uy,0.00772364,0.000589759,2
702,p,0.0331964,0.000170722,5
702,omega,0.00128098,8.11477e-05,2
702,k,0.00437479,0.000324146,2
703,Ux,0.00189689,0.000139378,2
703,Uy,0.00772412,0.000589886,2
703,p,0.0330862,0.000165336,5
703,omega,0.00128014,8.10967e-05,2
703,k,0.00436653,0.000323673,2
704,Ux,0.00189982,0.000139602,2
704,Uy,0.00772353,0.000590038,2
704,p,0.033105,0.000161995,5
704,omega,0.00127872,8.10368e-05,2
704,k,0.00435827,0.000323247,2
705,Ux,0.00190274,0.000139823,2
705,Uy,0.00772318,0.000590092,2
705,p,0.0330682,0.000158562,5
705,omega,0.0012781,8.09776e-05,2
705,k,0.00435004,0.000322803,2
706,Ux,0.00190566,0.000140044,2
706,Uy,0.0077243,0.000590122,2
706,p,0.0330103,0.000155547,5
706,omega,0.00127687,8.09275e-05,2
706,k,0.0043423,0.000322321,2
707,Ux,0.00190854,0.000140268,2
707,Uy,0.00772403,0.000590236,2
707,p,0.0331037,0.000153149,5
707,omega,0.00127511,8.08558e-05,2
707,k,0.00433412,0.000321888,2
708,Ux,0.00191137,0.000140487,2
708,Uy,0.00772254,0.000590302,2
708,p,0.0331179,0.00015111,5
708,omega,0.0012739,8.07717e-05,2
708,k,0.00432574,0.000321457,2
709,Ux,0.00191415,0.0001407,2
709,Uy,0.00772191,0.000590294,2
709,p,0.0330951,0.000149718,5
709,omega,0.00127236,8.07083e-05,2
709,k,0.00431763,0.000320996,2
710,Ux,0.00191702,0.000140915,2
710,Uy,0.0077222,0.000590257,2
710,p,0.0331409,0.000148021,5
710,omega,0.00127054,8.06385e-05,2
710,k,0.00430968,0.000320539,2
711,Ux,0.00191983,0.000141133,2
711,Uy,0.007721,0.000590319,2
711,p,0.0330961,0.000144379,5
711,omega,0.00126893,8.05458e-05,2
711,k,0.00430145,0.000320111,2
712,Ux,0.00192253,0.000141345,2
712,Uy,0.00771872,0.000590318,2
712,p,0.0331012,0.000138416,5
712,omega,0.00126743,8.04666e-05,2
712,k,0.00429296,0.000319667,2
713,Ux,0.00192526,0.00014155,2
713,Uy,0.00771799,0.000590239,2
713,p,0.0330626,0.000131242,5
713,omega,0.00126612,8.04025e-05,2
713,k,0.00428524,0.000319211,2
714,Ux,0.00192807,0.000141764,2
714,Uy,0.00771714,0.000590163,2
714,p,0.0329467,0.000126804,5
714,omega,0.00126466,8.03297e-05,2
714,k,0.00427744,0.000318751,2
715,Ux,0.00193079,0.000141977,2
715,Uy,0.00771494,0.000590197,2
715,p,0.0329401,0.000124425,5
715,omega,0.00126331,8.02466e-05,2
715,k,0.00426926,0.000318326,2
716,Ux,0.00193348,0.00014218,2
716,Uy,0.0077123,0.000590117,2
716,p,0.0329217,0.000122232,5
716,omega,0.0012624,8.01717e-05,2
716,k,0.00426111,0.000317878,2
717,Ux,0.0019362,0.000142386,2
717,Uy,0.00771113,0.000589976,2
717,p,0.032762,0.000119408,5
717,omega,0.00126101,8.01057e-05,2
717,k,0.00425346,0.000317415,2
718,Ux,0.00193886,0.000142593,2
718,Uy,0.00770934,0.000589882,2
718,p,0.0327685,0.000115952,5
718,omega,0.00125919,8.00211e-05,2
718,k,0.00424561,0.000316981,2
719,Ux,0.00194147,0.000142797,2
719,Uy,0.00770663,0.000589847,2
719,p,0.0327948,0.000114561,5
719,omega,0.00125823,7.99256e-05,2
719,k,0.00423757,0.000316554,2
720,Ux,0.00194417,0.000142996,2
720,Uy,0.0077035,0.000589716,2
720,p,0.0327286,0.000115686,5
720,omega,0.00125637,7.98435e-05,2
720,k,0.00422982,0.000316104,2
721,Ux,0.00194677,0.000143206,2
721,Uy,0.00770183,0.000589532,2
721,p,0.0328535,0.000119011,5
721,omega,0.00125426,7.97586e-05,2
721,k,0.00422254,0.000315651,2
722,Ux,0.00194931,0.000143403,2
722,Uy,0.00769938,0.000589414,2
722,p,0.0328611,0.000126142,5
722,omega,0.00125276,7.96571e-05,2
722,k,0.00421488,0.000315232,2
723,Ux,0.00195199,0.000143598,2
723,Uy,0.00769599,0.00058931,2
723,p,0.0328131,0.000137724,5
723,omega,0.00125075,7.95563e-05,2
723,k,0.00420713,0.000314786,2
724,Ux,0.00195455,0.000143802,2
724,Uy,0.0076928,0.00058912,2
724,p,0.0328573,0.000151314,5
724,omega,0.00124856,7.94716e-05,2
724,k,0.00419991,0.000314347,2
725,Ux,0.00195696,0.000143995,2
725,Uy,0.00769037,0.000588878,2
725,p,0.0327857,0.000164362,5
725,omega,0.0012473,7.93872e-05,2
725,k,0.00419268,0.000313905,2
726,Ux,0.00195937,0.000144174,2
726,Uy,0.00768686,0.000588734,2
726,p,0.0327418,0.000173575,5
726,omega,0.00124562,7.92979e-05,2
726,k,0.00418515,0.000313474,2
727,Ux,0.00196189,0.000144365,2
727,Uy,0.00768304,0.000588563,2
727,p,0.0327061,0.000174332,5
727,omega,0.00124395,7.92034e-05,2
727,k,0.00417755,0.000313045,2
728,Ux,0.00196431,0.000144559,2
728,Uy,0.00767964,0.000588313,2
728,p,0.0326027,0.000171115,5
728,omega,0.00124274,7.91304e-05,2
728,k,0.00417057,0.000312592,2
729,Ux,0.00196666,0.000144742,2
729,Uy,0.00767645,0.000588036,2
729,p,0.0325362,0.000166959,5
729,omega,0.00124111,7.90511e-05,2
729,k,0.00416342,0.000312168,2
730,Ux,0.00196911,0.000144927,2
730,Uy,0.00767243,0.000587855,2
730,p,0.0324961,0.000163733,5
730,omega,0.00123979,7.89588e-05,2
730,k,0.00415609,0.000311747,2
731,Ux,0.00197154,0.000145118,2
731,Uy,0.00766828,0.000587621,2
731,p,0.0323744,0.000164712,5
731,omega,0.00123838,7.88766e-05,2
731,k,0.00414906,0.000311314,2
732,Ux,0.00197384,0.000145301,2
732,Uy,0.00766449,0.000587315,2
732,p,0.0324479,0.000166179,5
732,omega,0.00123658,7.8799e-05,2
732,k,0.00414234,0.000310877,2
733,Ux,0.00197617,0.000145473,2
733,Uy,0.00766048,0.000587017,2
733,p,0.0324681,0.000165978,5
733,omega,0.00123517,7.87042e-05,2
733,k,0.00413534,0.000310466,2
734,Ux,0.00197846,0.000145656,2
734,Uy,0.00765595,0.000586788,2
734,p,0.0324427,0.000166336,5
734,omega,0.00123361,7.8611e-05,2
734,k,0.00412833,0.000310051,2
735,Ux,0.00198063,0.000145832,2
735,Uy,0.00765097,0.000586489,2
735,p,0.0325076,0.000164742,5
735,omega,0.00123176,7.85253e-05,2
735,k,0.00412178,0.000309618,2
736,Ux,0.00198288,0.000146,2
736,Uy,0.00764705,0.00058615,2
736,p,0.0324801,0.000160148,5
736,omega,0.00123018,7.84423e-05,2
736,k,0.00411509,0.000309193,2
737,Ux,0.0019851,0.000146181,2
737,Uy,0.00764261,0.000585833,2
737,p,0.032404,0.000158152,5
737,omega,0.00122846,7.83601e-05,2
737,k,0.00410829,0.000308794,2
738,Ux,0.00198717,0.000146349,2
738,Uy,0.00763735,0.000585541,2
738,p,0.0323868,0.000156344,5
738,omega,0.00122707,7.82735e-05,2
738,k,0.00410175,0.00030839,2
739,Ux,0.00198932,0.000146506,2
739,Uy,0.00763243,0.000585211,2
739,p,0.0323076,0.00015426,5
739,omega,0.00122571,7.81972e-05,2
739,k,0.00409544,0.000307962,2
740,Ux,0.00199145,0.00014668,2
740,Uy,0.00762834,0.000584834,2
740,p,0.0321691,0.000153655,5
740,omega,0.00122401,7.8126e-05,2
740,k,0.00408884,0.000307537,2
741,Ux,0.00199347,0.000146848,2
741,Uy,0.00762311,0.000584505,2
741,p,0.0320812,0.000154086,5
741,omega,0.00122291,7.80443e-05,2
741,k,0.00408261,0.000307167,2
742,Ux,0.00199549,0.000147001,2
742,Uy,0.007618,0.000584177,2
742,p,0.0319387,0.000155362,5
742,omega,0.00122172,7.79715e-05,2
742,k,0.00407631,0.000306764,2
743,Ux,0.00199752,0.000147158,2
743,Uy,0.00761301,0.00058381,2
743,p,0.0318113,0.000157165,5
743,omega,0.00122027,7.79058e-05,2
743,k,0.00406987,0.000306312,2
744,Ux,0.00199953,0.000147328,2
744,Uy,0.00760814,0.000583415,2
744,p,0.0317098,0.000156647,5
744,omega,0.00121938,7.78395e-05,2
744,k,0.0040639,0.000305953,2
745,Ux,0.00200145,0.000147478,2
745,Uy,0.00760322,0.000583082,2
745,p,0.0315449,0.000153964,5
745,omega,0.00121855,7.77707e-05,2
745,k,0.00405787,0.00030559,2
746,Ux,0.0020033,0.000147619,2
746,Uy,0.00759762,0.000582716,2
746,p,0.0315428,0.000149376,5
746,omega,0.00121713,7.77039e-05,2
746,k,0.00405183,0.000305173,2
747,Ux,0.00200513,0.000147776,2
747,Uy,0.00759227,0.000582322,2
747,p,0.0314881,0.000140592,5
747,omega,0.00121606,7.76438e-05,2
747,k,0.00404576,0.000304734,2
748,Ux,0.002007,0.000147928,2
748,Uy,0.00758758,0.000581925,2
748,p,0.0314108,0.000132525,5
748,omega,0.00121494,7.75745e-05,2
748,k,0.00404059,0.000304436,2
749,Ux,0.00200882,0.000148064,2
749,Uy,0.00758215,0.000581563,2
749,p,0.0313982,0.000130354,5
749,omega,0.00121365,7.74983e-05,2
749,k,0.00403475,0.000304077,2
750,Ux,0.0020106,0.000148216,2
750,Uy,0.00757642,0.000581186,2
750,p,0.0313381,0.000131247,5
750,omega,0.00121231,7.74281e-05,2
750,k,0.00402868,0.000303627,2
751,Ux,0.00201234,0.000148363,2
751,Uy,0.0075719,0.000580803,2
751,p,0.0312505,0.000135309,5
751,omega,0.00121118,7.7357e-05,2
751,k,0.00402376,0.000303288,2
752,Ux,0.00201416,0.000148505,2
752,Uy,0.00756683,0.000580393,2
752,p,0.031213,0.000143192,5
752,omega,0.00120988,7.72819e-05,2
752,k,0.00401864,0.000302991,2
753,Ux,0.00201586,0.000148649,2
753,Uy,0.00756094,0.000580033,2
753,p,0.0311525,0.000156816,5
753,omega,0.00120844,7.72068e-05,2
753,k,0.00401271,0.000302595,2
754,Ux,0.00201749,0.000148791,2
754,Uy,0.00755601,0.000579656,2
754,p,0.0310477,0.000176151,5
754,omega,0.00120735,7.71349e-05,2
754,k,0.00400702,0.000302179,2
755,Ux,0.00201919,0.000148923,2
755,Uy,0.00755085,0.000579235,2
755,p,0.0309955,0.000195842,5
755,omega,0.00120627,7.70621e-05,2
755,k,0.00400297,0.000301923,2
756,Ux,0.00202073,0.00014905,2
756,Uy,0.0075457,0.000578853,2
756,p,0.030854,0.000206561,5
756,omega,0.00120496,7.69843e-05,2
756,k,0.00399782,0.00030161,2
757,Ux,0.0020222,0.00014918,2
757,Uy,0.00754024,0.000578489,2
757,p,0.0307507,0.000207364,5
757,omega,0.00120366,7.69018e-05,2
757,k,0.00399196,0.000301212,2
758,Ux,0.00202362,0.000149299,2
758,Uy,0.0075348,0.000578088,2
758,p,0.0306425,0.000201574,5
758,omega,0.00120279,7.68307e-05,2
758,k,0.00398775,0.000300859,2
759,Ux,0.00202512,0.000149415,2
759,Uy,0.00753033,0.000577689,2
759,p,0.030491,0.000192763,5
759,omega,0.00120152,7.67555e-05,2
759,k,0.00398353,0.000300628,2
760,Ux,0.00202667,0.00014955,2
760,Uy,0.00752518,0.000577327,2
760,p,0.0303808,0.00018619,5
760,omega,0.00120051,7.66731e-05,2
760,k,0.00397825,0.000300306,2
761,Ux,0.00202813,0.000149677,2
761,Uy,0.0075196,0.000576942,2
761,p,0.0302982,0.000182169,5
761,omega,0.0011998,7.65942e-05,2
761,k,0.00397318,0.000299932,2
762,Ux,0.00202956,0.000149795,2
762,Uy,0.0075145,0.000576563,2
762,p,0.0301882,0.000177072,5
762,omega,0.00119852,7.65186e-05,2
762,k,0.00396957,0.000299664,2
763,Ux,0.00203097,0.00014991,2
763,Uy,0.00750999,0.000576164,2
763,p,0.0301406,0.00017094,5
763,omega,0.00119724,7.64372e-05,2
763,k,0.0039654,0.000299431,2
764,Ux,0.00203234,0.000150039,2
764,Uy,0.00750435,0.000575785,2
764,p,0.0300934,0.000166116,5
764,omega,0.00119635,7.6355e-05,2
764,k,0.00396029,0.000299095,2
765,Ux,0.0020337,0.000150154,2
765,Uy,0.00749905,0.000575418,2
765,p,0.0300173,0.000162827,5
765,omega,0.00119517,7.6271e-05,2
765,k,0.00395622,0.000298806,2
766,Ux,0.00203503,0.000150264,2
766,Uy,0.00749434,0.000575032,2
766,p,0.0299342,0.000162115,5
766,omega,0.00119388,7.61912e-05,2
766,k,0.00395319,0.00029857,2
767,Ux,0.00203635,0.000150378,2
767,Uy,0.00748919,0.000574622,2
767,p,0.0298522,0.000163719,5
767,omega,0.00119274,7.61038e-05,2
767,k,0.00394848,0.000298311,2
768,Ux,0.00203769,0.000150497,2
768,Uy,0.00748399,0.000574273,2
768,p,0.0297897,0.000165148,5
768,omega,0.00119161,7.60133e-05,2
768,k,0.00394443,0.000298048,2
769,Ux,0.00203898,0.000150611,2
769,Uy,0.00747889,0.000573903,2
769,p,0.0297092,0.000166873,5
769,omega,0.00119042,7.59357e-05,2
769,k,0.00394102,0.000297779,2
770,Ux,0.00204016,0.00015072,2
770,Uy,0.00747396,0.000573506,2
770,p,0.029665,0.000169721,5
770,omega,0.00118901,7.58561e-05,2
770,k,0.00393741,0.000297558,2
771,Ux,0.00204149,0.000150827,2
771,Uy,0.00746927,0.000573142,2
771,p,0.0296154,0.000171488,5
771,omega,0.0011881,7.57687e-05,2
771,k,0.00393386,0.000297347,2
772,Ux,0.00204276,0.000150938,2
772,Uy,0.00746405,0.000572779,2
772,p,0.0295366,0.000174293,5
772,omega,0.00118713,7.56839e-05,2
772,k,0.00393007,0.000297128,2
773,Ux,0.00204402,0.000151049,2
773,Uy,0.00745884,0.0005724,2
773,p,0.0294954,0.000176051,5
773,omega,0.00118555,7.56031e-05,2
773,k,0.00392708,0.000296854,2
774,Ux,0.00204524,0.000151158,2
774,Uy,0.00745447,0.000572028,2
774,p,0.0294353,0.000175135,5
774,omega,0.00118457,7.55202e-05,2
774,k,0.00392392,0.00029669,2
775,Ux,0.00204651,0.000151263,2
775,Uy,0.0074497,0.000571668,2
775,p,0.0293151,0.000174004,5
775,omega,0.00118363,7.54381e-05,2
775,k,0.00392104,0.000296543,2
776,Ux,0.00204777,0.000151374,2
776,Uy,0.00744429,0.000571307,2
776,p,0.0293148,0.000173315,5
776,omega,0.00118216,7.53528e-05,2
776,k,0.00391742,0.000296323,2
777,Ux,0.00204901,0.000151483,2
777,Uy,0.00743961,0.000570956,2
777,p,0.0292516,0.000172402,5
777,omega,0.00118137,7.5271e-05,2
777,k,0.00391494,0.000296097,2
778,Ux,0.00205023,0.000151591,2
778,Uy,0.00743528,0.000570582,2
778,p,0.0291624,0.000171221,5
778,omega,0.00118053,7.51868e-05,2
778,k,0.00391301,0.000296013,2
779,Ux,0.00205144,0.000151697,2
779,Uy,0.00743016,0.00057023,2
779,p,0.029224,0.000168722,5
779,omega,0.00117913,7.51007e-05,2
779,k,0.00391008,0.000295894,2
780,Ux,0.00205277,0.000151811,2
780,Uy,0.00742526,0.000569883,2
780,p,0.0292079,0.000164371,5
780,omega,0.0011781,7.50178e-05,2
780,k,0.00390684,0.000295675,2
781,Ux,0.002054,0.000151925,2
781,Uy,0.00742057,0.000569526,2
781,p,0.0291471,0.000159551,5
781,omega,0.00117717,7.49378e-05,2
781,k,0.00390568,0.00029552,2
782,Ux,0.00205525,0.000152032,2
782,Uy,0.00741607,0.000569152,2
782,p,0.0292527,0.000155525,5
782,omega,0.00117585,7.48512e-05,2
782,k,0.00390377,0.000295477,2
783,Ux,0.00205655,0.000152141,2
783,Uy,0.00741126,0.000568828,2
783,p,0.0292089,0.00015198,5
783,omega,0.00117474,7.47614e-05,2
783,k,0.00390087,0.000295342,2
784,Ux,0.00205791,0.000152254,2
784,Uy,0.00740625,0.000568479,2
784,p,0.0291415,0.000150633,5
784,omega,0.00117368,7.46746e-05,2
784,k,0.00389874,0.000295145,2
785,Ux,0.0020592,0.000152366,2
785,Uy,0.00740156,0.000568107,2
785,p,0.0292295,0.000149399,5
785,omega,0.00117244,7.45916e-05,2
785,k,0.0038979,0.000295066,2
786,Ux,0.00206041,0.000152471,2
786,Uy,0.00739735,0.000567773,2
786,p,0.02914,0.000147732,5
786,omega,0.00117119,7.45109e-05,2
786,k,0.00389592,0.000295015,2
787,Ux,0.00206173,0.000152577,2
787,Uy,0.00739228,0.00056744,2
787,p,0.0290427,0.000148177,5
787,omega,0.00117022,7.44264e-05,2
787,k,0.0038931,0.000294855,2
788,Ux,0.00206305,0.000152687,2
788,Uy,0.0073872,0.000567072,2
788,p,0.0290929,0.000149173,5
788,omega,0.00116923,7.43454e-05,2
788,k,0.00389198,0.000294694,2
789,Ux,0.00206432,0.000152793,2
789,Uy,0.00738322,0.000566729,2
789,p,0.0289912,0.000148824,5
789,omega,0.00116804,7.4267e-05,2
789,k,0.00389104,0.000294669,2
790,Ux,0.00206552,0.000152892,2
790,Uy,0.00737856,0.000566411,2
790,p,0.0288914,0.000148191,5
790,omega,0.00116695,7.4184e-05,2
790,k,0.00388881,0.000294572,2
791,Ux,0.0020667,0.000152991,2
791,Uy,0.00737339,0.000566048,2
791,p,0.0289194,0.000147227,5
791,omega,0.00116602,7.4105e-05,2
791,k,0.00388652,0.000294446,2
792,Ux,0.00206794,0.000153095,2
792,Uy,0.00736894,0.000565713,2
792,p,0.0288089,0.000143052,5
792,omega,0.00116492,7.40297e-05,2
792,k,0.00388584,0.000294308,2
793,Ux,0.00206906,0.000153192,2
793,Uy,0.00736482,0.000565371,2
793,p,0.0287205,0.000136302,5
793,omega,0.00116384,7.39502e-05,2
793,k,0.00388441,0.000294259,2
794,Ux,0.00207016,0.000153286,2
794,Uy,0.00735969,0.000565025,2
794,p,0.0287611,0.000130358,5
794,omega,0.00116304,7.38714e-05,2
794,k,0.00388232,0.000294169,2
795,Ux,0.0020713,0.000153381,2
795,Uy,0.00735508,0.000564695,2
795,p,0.0287157,0.000127159,5
795,omega,0.00116219,7.37961e-05,2
795,k,0.00388025,0.000294041,2
796,Ux,0.00207244,0.000153477,2
796,Uy,0.00735073,0.000564347,2
796,p,0.0286745,0.000125322,5
796,omega,0.00116098,7.37186e-05,2
796,k,0.00387954,0.000293909,2
797,Ux,0.00207351,0.00015357,2
797,Uy,0.0073461,0.00056398,2
797,p,0.02875,0.000124329,5
797,omega,0.00116001,7.36428e-05,2
797,k,0.00387832,0.000293857,2
798,Ux,0.00207464,0.000153663,2
798,Uy,0.00734162,0.000563679,2
798,p,0.0287272,0.000124756,5
798,omega,0.00115906,7.35633e-05,2
798,k,0.0038762,0.000293781,2
799,Ux,0.00207576,0.000153756,2
799,Uy,0.00733692,0.000563335,2
799,p,0.0287048,0.000126387,5
799,omega,0.00115784,7.34828e-05,2
799,k,0.0038743,0.000293631,2
800,Ux,0.00207676,0.000153843,2
800,Uy,0.00733237,0.000562962,2
800,p,0.0287741,0.000128284,5
800,omega,0.00115665,7.34021e-05,2
800,k,0.00387358,0.000293511,2
801,Ux,0.00207777,0.000153933,2
801,Uy,0.0073283,0.000562662,2
801,p,0.0287532,0.000129518,5
801,omega,0.00115565,7.33205e-05,2
801,k,0.00387247,0.000293487,2
802,Ux,0.00207882,0.00015402,2
802,Uy,0.00732355,0.000562325,2
802,p,0.0287093,0.000130312,5
802,omega,0.00115428,7.32433e-05,2
802,k,0.00387007,0.000293378,2
803,Ux,0.00207982,0.000154105,2
803,Uy,0.00731848,0.000561949,2
803,p,0.0287484,0.000130446,5
803,omega,0.00115312,7.31675e-05,2
803,k,0.00386834,0.0002932,2
804,Ux,0.00208078,0.000154185,2
804,Uy,0.00731484,0.000561634,2
804,p,0.0287093,0.000128245,5
804,omega,0.00115234,7.30936e-05,2
804,k,0.00386801,0.000293137,2
805,Ux,0.00208175,0.000154268,2
805,Uy,0.00731028,0.000561313,2
805,p,0.0286609,0.000125393,5
805,omega,0.00115114,7.30183e-05,2
805,k,0.00386628,0.000293082,2
806,Ux,0.00208277,0.000154354,2
806,Uy,0.00730518,0.000560939,2
806,p,0.028694,0.000124458,5
806,omega,0.00114999,7.29469e-05,2
806,k,0.00386369,0.000292946,2
807,Ux,0.00208375,0.000154434,2
807,Uy,0.00730119,0.000560617,2
807,p,0.0286409,0.000124605,5
807,omega,0.00114919,7.28751e-05,2
807,k,0.00386289,0.000292808,2
808,Ux,0.00208466,0.000154511,2
808,Uy,0.00729693,0.000560284,2
808,p,0.0285756,0.000124743,5
808,omega,0.00114832,7.28102e-05,2
808,k,0.00386225,0.000292753,2
809,Ux,0.00208556,0.000154589,2
809,Uy,0.00729198,0.000559936,2
809,p,0.0285537,0.000124911,5
809,omega,0.0011473,7.2737e-05,2
809,k,0.00386003,0.000292664,2
810,Ux,0.00208649,0.00015467,2
810,Uy,0.00728774,0.000559611,2
810,p,0.0284684,0.000124882,5
810,omega,0.00114661,7.26683e-05,2
810,k,0.00385791,0.00029253,2
811,Ux,0.0020874,0.000154747,2
811,Uy,0.00728358,0.000559267,2
811,p,0.0284197,0.000124938,5
811,omega,0.00114586,7.26026e-05,2
811,k,0.00385714,0.000292401,2
812,Ux,0.00208824,0.000154816,2
812,Uy,0.00727894,0.000558923,2
812,p,0.0284466,0.000124778,5
812,omega,0.00114477,7.25342e-05,2
812,k,0.00385601,0.000292333,2
813,Ux,0.00208913,0.000154892,2
813,Uy,0.00727479,0.000558618,2
813,p,0.0284003,0.000124754,5
813,omega,0.00114387,7.24618e-05,2
813,k,0.00385394,0.000292233,2
814,Ux,0.00209001,0.000154967,2
814,Uy,0.00726998,0.000558271,2
814,p,0.0283414,0.000125156,5
814,omega,0.00114308,7.23934e-05,2
814,k,0.00385178,0.000292114,2
815,Ux,0.00209083,0.000155037,2
815,Uy,0.00726569,0.000557907,2
815,p,0.0283644,0.000125006,5
815,omega,0.00114199,7.23219e-05,2
815,k,0.00385115,0.000291971,2
816,Ux,0.00209166,0.000155107,2
816,Uy,0.00726178,0.000557622,2
816,p,0.0282791,0.000123856,5
816,omega,0.00114096,7.22475e-05,2
816,k,0.00384974,0.000291908,2
817,Ux,0.00209248,0.000155176,2
817,Uy,0.00725701,0.000557289,2
817,p,0.028241,0.000122735,5
817,omega,0.00114013,7.21782e-05,2
817,k,0.00384787,0.000291816,2
818,Ux,0.00209329,0.000155248,2
818,Uy,0.00725219,0.000556924,2
818,p,0.0282772,0.000123471,5
818,omega,0.00113914,7.2112e-05,2
818,k,0.00384582,0.000291684,2
819,Ux,0.0020941,0.000155314,2
819,Uy,0.00724862,0.00055661,2
819,p,0.0282199,0.000124775,5
819,omega,0.00113835,7.2046e-05,2
819,k,0.00384504,0.000291539,2
820,Ux,0.00209495,0.000155384,2
820,Uy,0.0072443,0.000556309,2
820,p,0.0281915,0.000126525,5
820,omega,0.00113754,7.19815e-05,2
820,k,0.00384371,0.000291498,2
821,Ux,0.00209579,0.000155451,2
821,Uy,0.00723946,0.000555956,2
821,p,0.028237,0.000128744,5
821,omega,0.0011368,7.19194e-05,2
821,k,0.00384173,0.000291388,2
822,Ux,0.00209655,0.000155517,2
822,Uy,0.00723567,0.000555621,2
822,p,0.0281894,0.000130517,5
822,omega,0.00113596,7.18573e-05,2
822,k,0.00383983,0.000291242,2
823,Ux,0.00209734,0.000155583,2
823,Uy,0.00723166,0.000555323,2
823,p,0.0281411,0.000131481,5
823,omega,0.00113534,7.17936e-05,2
823,k,0.00383923,0.000291137,2
824,Ux,0.00209814,0.000155648,2
824,Uy,0.00722705,0.000554991,2
824,p,0.0281212,0.000132525,5
824,omega,0.00113514,7.17318e-05,2
824,k,0.00383758,0.000291072,2
825,Ux,0.00209894,0.000155715,2
825,Uy,0.00722289,0.000554661,2
825,p,0.0281038,0.000133511,5
825,omega,0.00113464,7.16771e-05,2
825,k,0.00383532,0.000290951,2
826,Ux,0.00209973,0.000155778,2
826,Uy,0.00721901,0.00055434,2
826,p,0.0280773,0.000133756,5
826,omega,0.00113405,7.16225e-05,2
826,k,0.00383405,0.000290816,2
827,Ux,0.00210046,0.000155841,2
827,Uy,0.00721474,0.000554026,2
827,p,0.0280962,0.000132899,5
827,omega,0.00113369,7.15635e-05,2
827,k,0.00383307,0.000290714,2
828,Ux,0.00210125,0.000155906,2
828,Uy,0.00721069,0.000553715,2
828,p,0.0281035,0.00013101,5
828,omega,0.00113303,7.14991e-05,2
828,k,0.00383138,0.000290639,2
829,Ux,0.00210202,0.000155969,2
829,Uy,0.00720649,0.000553389,2
829,p,0.0280976,0.000128225,5
829,omega,0.00113228,7.14393e-05,2
829,k,0.00382934,0.000290528,2
830,Ux,0.00210276,0.000156028,2
830,Uy,0.00720254,0.000553054,2
830,p,0.0280853,0.000126283,5
830,omega,0.00113158,7.13771e-05,2
830,k,0.00382836,0.0002904,2
831,Ux,0.00210351,0.00015609,2
831,Uy,0.00719855,0.00055277,2
831,p,0.0280855,0.000124823,5
831,omega,0.00113085,7.13147e-05,2
831,k,0.00382729,0.000290302,2
832,Ux,0.00210426,0.000156154,2
832,Uy,0.00719438,0.000552462,2
832,p,0.0280469,0.00012359,5
832,omega,0.0011302,7.12537e-05,2
832,k,0.00382572,0.000290226,2
833,Ux,0.00210506,0.000156217,2
833,Uy,0.00719028,0.000552109,2
833,p,0.0280001,0.000122009,5
833,omega,0.00112968,7.11968e-05,2
833,k,0.00382372,0.000290119,2
834,Ux,0.00210581,0.000156276,2
834,Uy,0.00718643,0.000551817,2
834,p,0.0279709,0.00012001,5
834,omega,0.0011292,7.11463e-05,2
834,k,0.00382274,0.00028999,2
835,Ux,0.00210658,0.000156335,2
835,Uy,0.00718257,0.000551537,2
835,p,0.0279756,0.000118633,5
835,omega,0.00112862,7.10925e-05,2
835,k,0.00382172,0.000289901,2
836,Ux,0.00210733,0.000156399,2
836,Uy,0.00717827,0.0005512,2
836,p,0.0279373,0.000118251,5
836,omega,0.00112816,7.10395e-05,2
836,k,0.00382013,0.00028983,2
837,Ux,0.00210812,0.00015646,2
837,Uy,0.00717443,0.000550875,2
837,p,0.0279585,0.000118816,5
837,omega,0.00112797,7.09839e-05,2
837,k,0.00381808,0.000289715,2
838,Ux,0.00210889,0.000156519,2
838,Uy,0.00717076,0.000550605,2
838,p,0.0280226,0.000119815,5
838,omega,0.00112783,7.09313e-05,2
838,k,0.00381727,0.00028959,2
839,Ux,0.00210962,0.000156575,2
839,Uy,0.0071665,0.000550296,2
839,p,0.0280295,0.000120801,5
839,omega,0.00112768,7.0885e-05,2
839,k,0.00381629,0.000289515,2
840,Ux,0.00211036,0.000156633,2
840,Uy,0.00716274,0.000549981,2
840,p,0.0280969,0.000121146,5
840,omega,0.00112749,7.08408e-05,2
840,k,0.00381456,0.000289439,2
841,Ux,0.00211117,0.000156696,2
841,Uy,0.00715925,0.000549697,2
841,p,0.0282052,0.00012106,5
841,omega,0.00112724,7.07904e-05,2
841,k,0.00381285,0.000289324,2
842,Ux,0.00211192,0.000156752,2
842,Uy,0.00715516,0.000549399,2
842,p,0.0282226,0.000120482,5
842,omega,0.00112681,7.0738e-05,2
842,k,0.00381226,0.00028922,2
843,Ux,0.00211268,0.000156808,2
843,Uy,0.00715142,0.000549092,2
843,p,0.0282391,0.00012054,5
843,omega,0.00112629,7.06852e-05,2
843,k,0.00381124,0.000289154,2
844,Ux,0.00211347,0.000156866,2
844,Uy,0.00714801,0.000548803,2
844,p,0.0282793,0.000121261,5
844,omega,0.00112591,7.06391e-05,2
844,k,0.00380969,0.000289086,2
845,Ux,0.00211426,0.000156928,2
845,Uy,0.00714385,0.000548504,2
845,p,0.028256,0.000121838,5
845,omega,0.00112578,7.05902e-05,2
845,k,0.00380828,0.000288978,2
846,Ux,0.00211505,0.000156987,2
846,Uy,0.00714021,0.000548205,2
846,p,0.0282196,0.000122706,5
846,omega,0.00112551,7.0546e-05,2
846,k,0.00380772,0.000288879,2
847,Ux,0.00211585,0.000157046,2
847,Uy,0.00713668,0.000547928,2
847,p,0.0282359,0.000124498,5
847,omega,0.00112523,7.05079e-05,2
847,k,0.00380672,0.000288824,2
848,Ux,0.00211666,0.000157108,2
848,Uy,0.00713294,0.000547619,2
848,p,0.0282031,0.000126578,5
848,omega,0.00112509,7.04733e-05,2
848,k,0.00380526,0.000288768,2
849,Ux,0.00211748,0.00015717,2
849,Uy,0.00712928,0.000547325,2
849,p,0.0281507,0.000129041,5
849,omega,0.00112524,7.04368e-05,2
849,k,0.00380401,0.000288665,2
850,Ux,0.00211824,0.000157229,2
850,Uy,0.0071257,0.000547056,2
850,p,0.0281133,0.000130589,5
850,omega,0.00112539,7.04012e-05,2
850,k,0.00380348,0.000288568,2
851,Ux,0.0021191,0.000157288,2
851,Uy,0.00712195,0.000546759,2
851,p,0.0281024,0.000131011,5
851,omega,0.00112568,7.03652e-05,2
851,k,0.00380264,0.000288528,2
852,Ux,0.00211991,0.00015735,2
852,Uy,0.00711845,0.000546461,2
852,p,0.0281414,0.000130663,5
852,omega,0.0011261,7.03382e-05,2
852,k,0.00380138,0.000288478,2
853,Ux,0.00212065,0.000157407,2
853,Uy,0.0071147,0.000546192,2
853,p,0.0282459,0.000128498,5
853,omega,0.00112611,7.03077e-05,2
853,k,0.00380029,0.000288382,2
854,Ux,0.00212146,0.000157469,2
854,Uy,0.00711078,0.000545899,2
854,p,0.0283622,0.000125724,5
854,omega,0.00112599,7.02693e-05,2
854,k,0.00379999,0.000288306,2
855,Ux,0.00212232,0.00015753,2
855,Uy,0.00710738,0.000545588,2
855,p,0.0284717,0.000124218,5
855,omega,0.00112601,7.02374e-05,2
855,k,0.00379935,0.000288278,2
856,Ux,0.00212309,0.000157589,2
856,Uy,0.00710386,0.000545325,2
856,p,0.0285383,0.000122576,5
856,omega,0.00112577,7.02042e-05,2
856,k,0.00379818,0.000288228,2
857,Ux,0.00212391,0.000157645,2
857,Uy,0.00709964,0.000545035,2
857,p,0.0285833,0.000121381,5
857,omega,0.00112588,7.0174e-05,2
857,k,0.00379754,0.000288158,2
858,Ux,0.00212467,0.000157701,2
858,Uy,0.00709617,0.000544723,2
858,p,0.0286174,0.00012004,5
858,omega,0.00112609,7.01446e-05,2
858,k,0.00379742,0.000288092,2
859,Ux,0.00212545,0.000157763,2
859,Uy,0.00709291,0.000544468,2
859,p,0.0286357,0.000118747,5
859,omega,0.00112615,7.01226e-05,2
859,k,0.00379674,0.000288071,2
860,Ux,0.00212628,0.000157821,2
860,Uy,0.00708913,0.000544176,2
860,p,0.0286453,0.000118014,5
860,omega,0.00112613,7.01025e-05,2
860,k,0.00379582,0.000288042,2
861,Ux,0.00212705,0.000157875,2
861,Uy,0.00708522,0.000543865,2
861,p,0.0286888,0.000116887,5
861,omega,0.00112673,7.00865e-05,2
861,k,0.00379529,0.000287967,2
862,Ux,0.00212787,0.000157935,2
862,Uy,0.00708235,0.000543612,2
862,p,0.0286277,0.000115257,5
862,omega,0.00112735,7.00692e-05,2
862,k,0.00379529,0.000287918,2
863,Ux,0.00212867,0.000157996,2
863,Uy,0.00707863,0.000543324,2
863,p,0.028635,0.00011325,5
863,omega,0.00112774,7.00475e-05,2
863,k,0.00379478,0.000287906,2
864,Ux,0.0021295,0.000158056,2
864,Uy,0.00707456,0.000543002,2
864,p,0.0287305,0.000111692,5
864,omega,0.00112849,7.00316e-05,2
864,k,0.00379385,0.000287873,2
865,Ux,0.00213034,0.000158117,2
865,Uy,0.00707129,0.000542735,2
865,p,0.028746,0.00011053,5
865,omega,0.00112885,7.0011e-05,2
865,k,0.00379354,0.00028781,2
866,Ux,0.00213114,0.000158175,2
866,Uy,0.00706792,0.000542458,2
866,p,0.028768,0.000109335,5
866,omega,0.00112874,6.9988e-05,2
866,k,0.00379352,0.000287771,2
867,Ux,0.00213195,0.000158236,2
867,Uy,0.00706378,0.000542141,2
867,p,0.0288002,0.00011025,5
867,omega,0.00112895,6.99692e-05,2
867,k,0.00379317,0.000287768,2
868,Ux,0.00213278,0.000158296,2
868,Uy,0.00706015,0.000541861,2
868,p,0.0287906,0.000111964,5
868,omega,0.00112945,6.99492e-05,2
868,k,0.00379242,0.000287737,2
869,Ux,0.0021336,0.000158351,2
869,Uy,0.00705677,0.00054158,2
869,p,0.0288511,0.000113276,5
869,omega,0.0011297,6.99322e-05,2
869,k,0.00379219,0.000287672,2
870,Ux,0.00213443,0.000158412,2
870,Uy,0.00705299,0.000541287,2
870,p,0.028877,0.000115304,5
870,omega,0.00112993,6.99219e-05,2
870,k,0.0037923,0.000287652,2
871,Ux,0.00213524,0.000158469,2
871,Uy,0.00704922,0.000541007,2
871,p,0.0288984,0.000116828,5
871,omega,0.00113056,6.99162e-05,2
871,k,0.00379173,0.000287643,2
872,Ux,0.00213604,0.000158526,2
872,Uy,0.00704573,0.000540708,2
872,p,0.0289387,0.00011769,5
872,omega,0.00113132,6.9909e-05,2
872,k,0.00379093,0.000287612,2
873,Ux,0.00213684,0.000158585,2
873,Uy,0.00704205,0.000540435,2
873,p,0.0289407,0.000118634,5
873,omega,0.00113196,6.99077e-05,2
873,k,0.00379094,0.000287557,2
874,Ux,0.0021376,0.000158643,2
874,Uy,0.00703853,0.000540153,2
874,p,0.0289902,0.000118414,5
874,omega,0.00113307,6.98968e-05,2
874,k,0.00379085,0.000287518,2
875,Ux,0.00213845,0.000158699,2
875,Uy,0.00703475,0.000539861,2
875,p,0.0290936,0.000117722,5
875,omega,0.00113398,6.98867e-05,2
875,k,0.00379033,0.000287521,2
876,Ux,0.00213928,0.000158757,2
876,Uy,0.00703113,0.000539576,2
876,p,0.0291954,0.000117099,5
876,omega,0.00113407,6.9876e-05,2
876,k,0.0037896,0.000287487,2
877,Ux,0.00214007,0.000158815,2
877,Uy,0.00702798,0.000539306,2
877,p,0.0292149,0.000115574,5
877,omega,0.00113447,6.98689e-05,2
877,k,0.00378974,0.000287428,2
878,Ux,0.00214088,0.000158873,2
878,Uy,0.00702425,0.000539017,2
878,p,0.0292462,0.00011391,5
878,omega,0.00113522,6.98633e-05,2
878,k,0.00378975,0.000287414,2
879,Ux,0.00214166,0.000158927,2
879,Uy,0.00702044,0.000538728,2
879,p,0.0292718,0.000112418,5
879,omega,0.00113554,6.98555e-05,2
879,k,0.0037892,0.00028741,2
880,Ux,0.00214252,0.000158986,2
880,Uy,0.00701746,0.000538464,2
880,p,0.0291686,0.000111304,5
880,omega,0.00113606,6.98439e-05,2
880,k,0.00378861,0.00028737,2
881,Ux,0.00214336,0.000159048,2
881,Uy,0.00701379,0.000538182,2
881,p,0.0291956,0.000110488,5
881,omega,0.00113681,6.98459e-05,2
881,k,0.00378879,0.000287318,2
882,Ux,0.00214411,0.000159099,2
882,Uy,0.00700994,0.000537899,2
882,p,0.0292223,0.000109454,5
882,omega,0.00113762,6.98543e-05,2
882,k,0.00378862,0.000287304,2
883,Ux,0.00214492,0.000159153,2
883,Uy,0.00700685,0.000537638,2
883,p,0.0290994,0.000107967,5
883,omega,0.00113863,6.98623e-05,2
883,k,0.00378816,0.000287306,2
884,Ux,0.00214574,0.000159215,2
884,Uy,0.00700352,0.000537366,2
884,p,0.0292155,0.000105356,5
884,omega,0.00114007,6.98684e-05,2
884,k,0.00378761,0.000287252,2
885,Ux,0.00214652,0.00015927,2
885,Uy,0.00699975,0.000537087,2
885,p,0.0293409,0.000102548,5
885,omega,0.001141,6.98661e-05,2
885,k,0.00378774,0.000287194,2
886,Ux,0.00214729,0.000159322,2
886,Uy,0.00699664,0.000536835,2
886,p,0.0293272,0.000100369,5
886,omega,0.00114145,6.98606e-05,2
886,k,0.00378775,0.0002872,2
887,Ux,0.00214808,0.000159377,2
887,Uy,0.00699307,0.000536579,2
887,p,0.0294132,9.86149e-05,5
887,omega,0.00114219,6.98664e-05,2
887,k,0.00378718,0.000287195,2
888,Ux,0.00214884,0.000159433,2
888,Uy,0.00698968,0.000536306,2
888,p,0.0294629,9.82165e-05,5
888,omega,0.00114291,6.98727e-05,2
888,k,0.00378702,0.000287148,2
889,Ux,0.00214962,0.000159484,2
889,Uy,0.0069867,0.000536058,2
889,p,0.0294012,9.76243e-05,5
889,omega,0.00114341,6.9878e-05,2
889,k,0.00378744,0.000287108,2
890,Ux,0.00215039,0.000159533,2
890,Uy,0.00698346,0.000535826,2
890,p,0.0293676,9.59279e-05,5
890,omega,0.00114441,6.98838e-05,2
890,k,0.0037873,0.000287111,2
891,Ux,0.00215118,0.00015959,2
891,Uy,0.00698018,0.000535558,2
891,p,0.0293478,9.4351e-05,5
891,omega,0.00114513,6.98966e-05,2
891,k,0.00378695,0.000287113,2
892,Ux,0.00215193,0.000159644,2
892,Uy,0.00697732,0.000535293,2
892,p,0.0292732,9.39959e-05,5
892,omega,0.00114618,6.99177e-05,2
892,k,0.00378694,0.000287063,2
893,Ux,0.00215271,0.000159696,2
893,Uy,0.00697428,0.000535088,2
893,p,0.0291691,9.4899e-05,5
893,omega,0.00114785,6.99432e-05,2
893,k,0.00378714,0.000287034,2
894,Ux,0.00215352,0.000159752,2
894,Uy,0.00697113,0.000534845,2
894,p,0.0292197,9.68347e-05,5
894,omega,0.00114931,6.99621e-05,2
894,k,0.00378717,0.000287047,2
895,Ux,0.00215431,0.000159809,2
895,Uy,0.00696825,0.000534569,2
895,p,0.0292565,9.85832e-05,5
895,omega,0.00115019,6.99655e-05,2
895,k,0.00378704,0.000287027,2
896,Ux,0.00215504,0.00015986,2
896,Uy,0.00696558,0.000534357,2
896,p,0.0292976,0.000100051,5
896,omega,0.00115108,6.99792e-05,2
896,k,0.00378696,0.000286989,2
897,Ux,0.00215584,0.00015991,2
897,Uy,0.00696268,0.000534162,2
897,p,0.0293921,0.000101116,5
897,omega,0.00115208,6.9999e-05,2
897,k,0.00378743,0.000286982,2
898,Ux,0.00215666,0.000159967,2
898,Uy,0.00695973,0.000533925,2
898,p,0.0294106,0.000102302,5
898,omega,0.00115287,7.00215e-05,2
898,k,0.00378766,0.000286998,2
899,Ux,0.00215741,0.000160018,2
899,Uy,0.00695739,0.000533713,2
899,p,0.0293784,0.000103678,5
899,omega,0.00115379,7.00494e-05,2
899,k,0.0037877,0.000286991,2
900,Ux,0.00215816,0.000160068,2
900,Uy,0.00695503,0.000533533,2
900,p,0.0293802,0.000104534,5
900,omega,0.00115494,7.00713e-05,2
900,k,0.00378795,0.000286967,2
901,Ux,0.00215893,0.000160115,2
901,Uy,0.00695226,0.000533332,2
901,p,0.0293653,0.00010482,5
901,omega,0.00115613,7.01025e-05,2
901,k,0.00378833,0.000286963,2
902,Ux,0.00215968,0.000160166,2
902,Uy,0.00694973,0.000533125,2
902,p,0.0292755,0.000104489,5
902,omega,0.0011577,7.01457e-05,2
902,k,0.00378865,0.000286986,2
903,Ux,0.00216039,0.000160219,2
903,Uy,0.00694793,0.000532942,2
903,p,0.029272,0.00010452,5
903,omega,0.00115968,7.01902e-05,2
903,k,0.00378894,0.000286981,2
904,Ux,0.00216111,0.000160267,2
904,Uy,0.00694568,0.000532771,2
904,p,0.0293507,0.000104825,5
904,omega,0.00116117,7.02186e-05,2
904,k,0.00378912,0.00028697,2
905,Ux,0.00216191,0.000160316,2
905,Uy,0.00694322,0.000532587,2
905,p,0.0293234,0.000104431,5
905,omega,0.00116226,7.02462e-05,2
905,k,0.00378961,0.00028697,2
906,Ux,0.00216268,0.000160367,2
906,Uy,0.00694149,0.000532416,2
906,p,0.0293646,0.000103724,5
906,omega,0.00116353,7.02824e-05,2
906,k,0.00379025,0.000286997,2
907,Ux,0.00216341,0.000160415,2
907,Uy,0.00693973,0.000532248,2
907,p,0.0294048,0.00010342,5
907,omega,0.00116498,7.03274e-05,2
907,k,0.00379048,0.000287014,2
908,Ux,0.00216421,0.000160463,2
908,Uy,0.0069377,0.000532099,2
908,p,0.0293179,0.000103383,5
908,omega,0.00116622,7.03802e-05,2
908,k,0.00379108,0.000287016,2
909,Ux,0.00216499,0.000160512,2
909,Uy,0.00693589,0.00053196,2
909,p,0.0293679,0.000103462,5
909,omega,0.00116783,7.04311e-05,2
909,k,0.00379173,0.00028703,2
910,Ux,0.00216569,0.000160562,2
910,Uy,0.00693429,0.000531804,2
910,p,0.0294121,0.000102814,5
910,omega,0.00116954,7.04878e-05,2
910,k,0.00379234,0.000287053,2
911,Ux,0.00216641,0.000160609,2
911,Uy,0.00693268,0.000531645,2
911,p,0.0293198,0.000101722,5
911,omega,0.00117146,7.05511e-05,2
911,k,0.00379272,0.000287072,2
912,Ux,0.00216714,0.00016065,2
912,Uy,0.00693125,0.000531543,2
912,p,0.0294171,0.000100551,5
912,omega,0.00117386,7.06181e-05,2
912,k,0.00379329,0.000287085,2
913,Ux,0.00216784,0.000160697,2
913,Uy,0.00692953,0.000531422,2
913,p,0.0295052,9.94262e-05,5
913,omega,0.00117561,7.06802e-05,2
913,k,0.00379407,0.000287093,2
914,Ux,0.00216851,0.000160741,2
914,Uy,0.00692809,0.000531259,2
914,p,0.0295228,9.94929e-05,5
914,omega,0.00117709,7.07375e-05,2
914,k,0.0037948,0.000287123,2
915,Ux,0.00216916,0.00016078,2
915,Uy,0.00692696,0.00053114,2
915,p,0.0296123,9.92652e-05,5
915,omega,0.00117869,7.07911e-05,2
915,k,0.00379511,0.000287144,2
916,Ux,0.00216988,0.000160825,2
916,Uy,0.0069256,0.000531075,2
916,p,0.0296455,9.93927e-05,5
916,omega,0.00118029,7.08709e-05,2
916,k,0.00379602,0.000287159,2
917,Ux,0.00217062,0.00016087,2
917,Uy,0.00692412,0.000530937,2
917,p,0.0296172,0.000100901,5
917,omega,0.00118163,7.09468e-05,2
917,k,0.00379691,0.000287178,2
918,Ux,0.00217124,0.00016091,2
918,Uy,0.00692341,0.000530809,2
918,p,0.0296196,0.000102449,5
918,omega,0.00118358,7.10189e-05,2
918,k,0.00379764,0.000287216,2
919,Ux,0.00217191,0.000160948,2
919,Uy,0.00692273,0.000530759,2
919,p,0.0295859,0.000104472,5
919,omega,0.00118568,7.10986e-05,2
919,k,0.00379793,0.000287226,2
920,Ux,0.00217258,0.000160988,2
920,Uy,0.00692149,0.000530678,2
920,p,0.0295647,0.000107072,5
920,omega,0.00118794,7.11792e-05,2
920,k,0.00379873,0.000287232,2
921,Ux,0.00217317,0.000161027,2
921,Uy,0.00692048,0.000530579,2
921,p,0.0296075,0.000108461,5
921,omega,0.00119052,7.12651e-05,2
921,k,0.00379973,0.00028726,2
922,Ux,0.00217377,0.000161064,2
922,Uy,0.00692047,0.000530497,2
922,p,0.0297511,0.000109549,5
922,omega,0.0011924,7.13436e-05,2
922,k,0.00380009,0.000287299,2
923,Ux,0.00217436,0.000161098,2
923,Uy,0.0069197,0.000530451,2
923,p,0.0298097,0.000110076,5
923,omega,0.00119426,7.14224e-05,2
923,k,0.00380068,0.000287296,2
924,Ux,0.00217496,0.000161134,2
924,Uy,0.0069186,0.000530392,2
924,p,0.0298309,0.000110852,5
924,omega,0.00119623,7.14993e-05,2
924,k,0.00380167,0.000287308,2
925,Ux,0.00217557,0.00016117,2
925,Uy,0.00691847,0.000530322,2
925,p,0.0298801,0.000112715,5
925,omega,0.00119791,7.15893e-05,2
925,k,0.00380243,0.000287352,2
926,Ux,0.00217609,0.000161199,2
926,Uy,0.00691826,0.000530266,2
926,p,0.0298023,0.000113386,5
926,omega,0.00119985,7.16873e-05,2
926,k,0.00380314,0.000287378,2
927,Ux,0.00217663,0.000161229,2
927,Uy,0.00691777,0.000530256,2
927,p,0.0297413,0.000112883,5
927,omega,0.0012021,7.17801e-05,2
927,k,0.00380371,0.000287383,2
928,Ux,0.00217716,0.000161258,2
928,Uy,0.00691763,0.000530222,2
928,p,0.0297963,0.000111583,5
928,omega,0.00120457,7.18789e-05,2
928,k,0.00380465,0.000287391,2
929,Ux,0.0021776,0.000161286,2
929,Uy,0.00691777,0.000530196,2
929,p,0.0297484,0.000110165,5
929,omega,0.00120718,7.19704e-05,2
929,k,0.00380536,0.000287426,2
930,Ux,0.00217809,0.000161313,2
930,Uy,0.00691795,0.000530155,2
930,p,0.0298906,0.000110518,5
930,omega,0.00120929,7.20625e-05,2
930,k,0.00380591,0.000287456,2
931,Ux,0.00217859,0.000161337,2
931,Uy,0.00691816,0.000530154,2
931,p,0.029992,0.000110675,5
931,omega,0.00121152,7.216e-05,2
931,k,0.00380667,0.000287455,2
932,Ux,0.00217906,0.000161367,2
932,Uy,0.00691808,0.000530165,2
932,p,0.0299776,0.000109923,5
932,omega,0.00121349,7.22475e-05,2
932,k,0.00380726,0.000287468,2
933,Ux,0.00217955,0.000161392,2
933,Uy,0.00691853,0.000530136,2
933,p,0.0301008,0.000109165,5
933,omega,0.00121531,7.23458e-05,2
933,k,0.00380835,0.000287508,2
934,Ux,0.00217991,0.000161409,2
934,Uy,0.00691924,0.000530123,2
934,p,0.0300943,0.000107457,5
934,omega,0.00121716,7.24515e-05,2
934,k,0.00380904,0.000287534,2
935,Ux,0.00218031,0.000161428,2
935,Uy,0.00691963,0.000530193,2
935,p,0.0300846,0.000103312,5
935,omega,0.00121965,7.2559e-05,2
935,k,0.00380969,0.000287541,2
936,Ux,0.00218077,0.000161451,2
936,Uy,0.00691981,0.000530197,2
936,p,0.0300866,9.68525e-05,5
936,omega,0.00122206,7.26654e-05,2
936,k,0.00381072,0.000287559,2
937,Ux,0.00218113,0.000161473,2
937,Uy,0.00692065,0.000530182,2
937,p,0.0300475,9.22972e-05,5
937,omega,0.00122464,7.27611e-05,2
937,k,0.00381132,0.00028759,2
938,Ux,0.00218153,0.000161492,2
938,Uy,0.00692161,0.000530239,2
938,p,0.0301473,9.07542e-05,5
938,omega,0.00122676,7.2864e-05,2
938,k,0.00381206,0.000287612,2
939,Ux,0.00218189,0.000161507,2
939,Uy,0.00692224,0.000530302,2
939,p,0.0301946,9.07332e-05,5
939,omega,0.0012291,7.29728e-05,2
939,k,0.00381281,0.000287627,2
940,Ux,0.00218221,0.000161522,2
940,Uy,0.00692297,0.000530336,2
940,p,0.0302413,9.10302e-05,5
940,omega,0.00123133,7.3071e-05,2
940,k,0.00381387,0.000287651,2
941,Ux,0.00218252,0.000161532,2
941,Uy,0.00692514,0.000530399,2
941,p,0.0302356,9.13684e-05,5
941,omega,0.00123319,7.31799e-05,2
941,k,0.00381466,0.000287685,2
942,Ux,0.00218273,0.000161536,2
942,Uy,0.00692662,0.000530501,2
942,p,0.0301597,9.0746e-05,5
942,omega,0.00123511,7.32893e-05,2
942,k,0.00381568,0.000287716,2
943,Ux,0.00218305,0.000161547,2
943,Uy,0.00692772,0.000530585,2
943,p,0.0302266,9.18137e-05,5
943,omega,0.001238,7.34099e-05,2
943,k,0.00381643,0.00028774,2
944,Ux,0.00218335,0.000161561,2
944,Uy,0.00692934,0.000530657,2
944,p,0.0302422,9.51929e-05,5
944,omega,0.0012406,7.35316e-05,2
944,k,0.00381744,0.000287758,2
945,Ux,0.00218357,0.000161573,2
945,Uy,0.00693139,0.000530747,2
945,p,0.0303253,0.000100161,5
945,omega,0.00124303,7.36231e-05,2
945,k,0.00381837,0.000287798,2
946,Ux,0.00218389,0.000161581,2
946,Uy,0.00693279,0.00053086,2
946,p,0.0305199,0.000106534,5
946,omega,0.00124546,7.374e-05,2
946,k,0.00381895,0.000287827,2
947,Ux,0.00218415,0.000161583,2
947,Uy,0.00693437,0.000530974,2
947,p,0.0304981,0.000111723,5
947,omega,0.00124769,7.38543e-05,2
947,k,0.00382006,0.000287842,2
948,Ux,0.00218434,0.000161592,2
948,Uy,0.00693623,0.000531096,2
948,p,0.0305911,0.000115789,5
948,omega,0.00124963,7.39568e-05,2
948,k,0.00382132,0.000287877,2
949,Ux,0.00218457,0.000161595,2
949,Uy,0.00693845,0.000531198,2
949,p,0.0305715,0.00011865,5
949,omega,0.0012516,7.40758e-05,2
949,k,0.00382217,0.000287914,2
950,Ux,0.00218471,0.000161595,2
950,Uy,0.00694083,0.000531353,2
950,p,0.0304284,0.000118192,5
950,omega,0.00125335,7.41858e-05,2
950,k,0.0038231,0.000287947,2
951,Ux,0.00218491,0.000161599,2
951,Uy,0.00694287,0.000531513,2
951,p,0.0304151,0.000117524,5
951,omega,0.00125616,7.43098e-05,2
951,k,0.00382442,0.000287977,2
952,Ux,0.00218516,0.000161603,2
952,Uy,0.00694516,0.000531625,2
952,p,0.0303184,0.000115152,5
952,omega,0.00125886,7.44281e-05,2
952,k,0.00382537,0.000288012,2
953,Ux,0.00218529,0.000161605,2
953,Uy,0.00694809,0.000531763,2
953,p,0.030364,0.000110477,5
953,omega,0.00126101,7.45247e-05,2
953,k,0.00382614,0.000288042,2
954,Ux,0.00218547,0.000161606,2
954,Uy,0.00695066,0.00053198,2
954,p,0.0305479,0.000105389,5
954,omega,0.00126369,7.46468e-05,2
954,k,0.00382709,0.000288074,2
955,Ux,0.00218562,0.000161603,2
955,Uy,0.00695279,0.000532135,2
955,p,0.030558,0.000101085,5
955,omega,0.00126559,7.47612e-05,2
955,k,0.00382809,0.000288097,2
956,Ux,0.00218578,0.000161601,2
956,Uy,0.00695582,0.000532294,2
956,p,0.0306483,9.94423e-05,5
956,omega,0.00126745,7.48663e-05,2
956,k,0.00382942,0.000288146,2
957,Ux,0.00218597,0.000161599,2
957,Uy,0.00695928,0.000532498,2
957,p,0.0306658,9.98087e-05,5
957,omega,0.00126934,7.4988e-05,2
957,k,0.00383027,0.000288185,2
958,Ux,0.00218607,0.0001616,2
958,Uy,0.00696181,0.00053272,2
958,p,0.0306405,0.000100072,5
958,omega,0.00127136,7.50996e-05,2
958,k,0.00383144,0.000288216,2
959,Ux,0.00218629,0.0001616,2
959,Uy,0.00696445,0.000532897,2
959,p,0.0306661,0.000100712,5
959,omega,0.00127387,7.52318e-05,2
959,k,0.00383279,0.000288257,2
960,Ux,0.00218644,0.000161597,2
960,Uy,0.00696838,0.000533099,2
960,p,0.0305982,0.000101452,5
960,omega,0.00127641,7.53463e-05,2
960,k,0.00383372,0.000288303,2
961,Ux,0.00218651,0.000161598,2
961,Uy,0.0069718,0.000533332,2
961,p,0.0306689,0.000103268,5
961,omega,0.00127846,7.54544e-05,2
961,k,0.00383466,0.000288328,2
962,Ux,0.00218673,0.000161596,2
962,Uy,0.00697498,0.00053358,2
962,p,0.0306623,0.000107534,5
962,omega,0.00128096,7.55788e-05,2
962,k,0.00383584,0.000288369,2
963,Ux,0.00218683,0.000161594,2
963,Uy,0.00697869,0.000533817,2
963,p,0.030661,0.000109371,5
963,omega,0.00128272,7.56916e-05,2
963,k,0.00383695,0.000288418,2
964,Ux,0.00218701,0.000161592,2
964,Uy,0.00698291,0.000534064,2
964,p,0.030737,0.000110723,5
964,omega,0.00128462,7.5819e-05,2
964,k,0.00383841,0.000288469,2
965,Ux,0.00218724,0.000161593,2
965,Uy,0.00698654,0.000534315,2
965,p,0.0307399,0.000112986,5
965,omega,0.00128641,7.59396e-05,2
965,k,0.00383955,0.00028851,2
966,Ux,0.0021874,0.000161597,2
966,Uy,0.00699034,0.000534586,2
966,p,0.0308134,0.000116127,5
966,omega,0.00128875,7.60649e-05,2
966,k,0.0038408,0.000288555,2
967,Ux,0.00218773,0.0001616,2
967,Uy,0.00699391,0.000534857,2
967,p,0.030867,0.00012015,5
967,omega,0.00129161,7.61932e-05,2
967,k,0.00384214,0.000288606,2
968,Ux,0.00218793,0.000161599,2
968,Uy,0.00699803,0.000535086,2
968,p,0.0308804,0.000121893,5
968,omega,0.00129386,7.63065e-05,2
968,k,0.00384327,0.00028866,2
969,Ux,0.00218808,0.000161603,2
969,Uy,0.00700228,0.000535388,2
969,p,0.0309941,0.000123662,5
969,omega,0.00129623,7.64313e-05,2
969,k,0.00384435,0.000288697,2
970,Ux,0.00218838,0.000161603,2
970,Uy,0.00700637,0.000535708,2
970,p,0.0309673,0.000125984,5
970,omega,0.00129833,7.65591e-05,2
970,k,0.00384579,0.000288762,2
971,Ux,0.00218857,0.000161609,2
971,Uy,0.00701037,0.000535981,2
971,p,0.0309296,0.000127402,5
971,omega,0.00130013,7.66873e-05,2
971,k,0.00384731,0.000288821,2
972,Ux,0.00218888,0.000161618,2
972,Uy,0.00701557,0.000536276,2
972,p,0.030844,0.000130725,5
972,omega,0.00130199,7.68112e-05,2
972,k,0.00384874,0.000288878,2
973,Ux,0.00218921,0.000161622,2
973,Uy,0.00702029,0.000536634,2
973,p,0.030758,0.000131091,5
973,omega,0.00130427,7.6935e-05,2
973,k,0.00385012,0.000288942,2
974,Ux,0.00218944,0.000161631,2
974,Uy,0.00702434,0.000536947,2
974,p,0.0309004,0.000128728,5
974,omega,0.00130711,7.70776e-05,2
974,k,0.00385155,0.000289001,2
975,Ux,0.00218974,0.00016164,2
975,Uy,0.00702933,0.000537249,2
975,p,0.0309481,0.000125194,5
975,omega,0.00130942,7.7204e-05,2
975,k,0.00385309,0.000289066,2
976,Ux,0.00218999,0.000161647,2
976,Uy,0.00703448,0.000537584,2
976,p,0.0310849,0.000122005,5
976,omega,0.00131185,7.73283e-05,2
976,k,0.00385423,0.000289127,2
977,Ux,0.00219036,0.000161658,2
977,Uy,0.00703879,0.000537949,2
977,p,0.0312589,0.000121481,5
977,omega,0.00131387,7.74588e-05,2
977,k,0.00385582,0.000289191,2
978,Ux,0.00219073,0.00016167,2
978,Uy,0.00704331,0.000538276,2
978,p,0.0312274,0.000121058,5
978,omega,0.00131561,7.75939e-05,2
978,k,0.00385766,0.000289268,2
979,Ux,0.00219106,0.000161685,2
979,Uy,0.00704888,0.000538628,2
979,p,0.0312513,0.000121579,5
979,omega,0.00131744,7.77308e-05,2
979,k,0.00385937,0.000289335,2
980,Ux,0.00219144,0.000161703,2
980,Uy,0.00705412,0.000538978,2
980,p,0.0311423,0.000122827,5
980,omega,0.00131972,7.78592e-05,2
980,k,0.00386081,0.000289415,2
981,Ux,0.00219168,0.000161712,2
981,Uy,0.00705913,0.000539362,2
981,p,0.031024,0.0001229,5
981,omega,0.00132256,7.80056e-05,2
981,k,0.00386238,0.000289486,2
982,Ux,0.00219197,0.000161719,2
982,Uy,0.00706463,0.000539769,2
982,p,0.0310773,0.000125048,5
982,omega,0.00132502,7.81423e-05,2
982,k,0.00386384,0.000289556,2
983,Ux,0.00219229,0.000161731,2
983,Uy,0.00707028,0.000540146,2
983,p,0.0310982,0.000128346,5
983,omega,0.00132759,7.82755e-05,2
983,k,0.00386562,0.000289646,2
984,Ux,0.00219254,0.000161741,2
984,Uy,0.00707581,0.000540529,2
984,p,0.0312834,0.000128809,5
984,omega,0.00132999,7.84165e-05,2
984,k,0.00386728,0.000289724,2
985,Ux,0.00219295,0.000161759,2
985,Uy,0.00708146,0.000540969,2
985,p,0.031396,0.000129427,5
985,omega,0.00133167,7.85608e-05,2
985,k,0.00386931,0.000289807,2
986,Ux,0.00219328,0.000161778,2
986,Uy,0.00708695,0.000541378,2
986,p,0.0313838,0.000131279,5
986,omega,0.00133394,7.87106e-05,2
986,k,0.00387119,0.000289901,2
987,Ux,0.00219368,0.000161796,2
987,Uy,0.00709267,0.000541743,2
987,p,0.0314706,0.000135056,5
987,omega,0.00133633,7.88562e-05,2
987,k,0.00387289,0.000289982,2
988,Ux,0.00219414,0.000161819,2
988,Uy,0.00709898,0.000542175,2
988,p,0.0314019,0.00013788,5
988,omega,0.00133914,7.9011e-05,2
988,k,0.00387478,0.000290079,2
989,Ux,0.0021944,0.000161838,2
989,Uy,0.00710463,0.000542633,2
989,p,0.0314419,0.000136738,5
989,omega,0.00134189,7.91605e-05,2
989,k,0.00387641,0.000290152,2
990,Ux,0.00219484,0.000161859,2
990,Uy,0.00711003,0.000543039,2
990,p,0.031505,0.000134749,5
990,omega,0.00134439,7.93074e-05,2
990,k,0.00387827,0.000290254,2
991,Ux,0.00219518,0.000161878,2
991,Uy,0.00711699,0.00054346,2
991,p,0.031499,0.000131344,5
991,omega,0.0013468,7.94591e-05,2
991,k,0.00388031,0.000290356,2
992,Ux,0.00219553,0.000161897,2
992,Uy,0.00712304,0.000543959,2
992,p,0.0316227,0.000129246,5
992,omega,0.00134856,7.9607e-05,2
992,k,0.0038827,0.00029046,2
993,Ux,0.00219599,0.000161923,2
993,Uy,0.00712884,0.000544416,2
993,p,0.0315909,0.00012918,5
993,omega,0.00135073,7.97643e-05,2
993,k,0.00388468,0.000290565,2
994,Ux,0.00219632,0.00016195,2
994,Uy,0.00713532,0.000544836,2
994,p,0.031625,0.000127632,5
994,omega,0.00135335,7.99153e-05,2
994,k,0.00388673,0.000290665,2
995,Ux,0.0021968,0.000161974,2
995,Uy,0.00714204,0.000545308,2
995,p,0.0316813,0.000126652,5
995,omega,0.00135616,8.00729e-05,2
995,k,0.00388864,0.000290784,2
996,Ux,0.00219719,0.000161997,2
996,Uy,0.00714815,0.000545799,2
996,p,0.0316979,0.000125826,5
996,omega,0.00135891,8.02296e-05,2
996,k,0.00389108,0.000290897,2
997,Ux,0.00219754,0.000162022,2
997,Uy,0.00715444,0.000546257,2
997,p,0.0318299,0.000128843,5
997,omega,0.00136139,8.03819e-05,2
997,k,0.00389332,0.000291011,2
998,Ux,0.00219805,0.000162051,2
998,Uy,0.00716132,0.000546747,2
998,p,0.031839,0.000135252,5
998,omega,0.00136344,8.0537e-05,2
998,k,0.00389568,0.000291133,2
999,Ux,0.00219841,0.00016208,2
999,Uy,0.00716791,0.000547219,2
999,p,0.031856,0.000140114,5
999,omega,0.00136538,8.06903e-05,2
999,k,0.00389778,0.000291241,2
1000,Ux,0.00219887,0.000162109,2
1000,Uy,0.00717467,0.000547739,2
1000,p,0.0318679,0.000142824,5
1000,omega,0.00136741,8.08529e-05,2
1000,k,0.00390049,0.000291368,2
