time,field,initial_residual,final_residual,linear_iterations
1,Ux,1,0.0448736,6
1,Uy,1,0.0543454,5
1,p,1,0.00630402,6
1,omega,0.0889499,0.00562548,1
1,k,1,0.019621,2
2,Ux,0.232355,0.00240584,2
2,Uy,0.267616,0.0186478,1
2,p,0.132759,0.001072,6
2,omega,0.141121,0.00860119,1
2,k,0.515441,0.00909927,2
3,Ux,0.380384,0.0107756,2
3,Uy,0.307159,0.00946937,2
3,p,0.0709088,0.000318649,7
3,omega,0.146409,0.00859336,1
3,k,0.425591,0.00531342,2
4,Ux,0.339895,0.00766499,2
4,Uy,0.247469,0.00675084,2
4,p,0.0793062,0.000593238,6
4,omega,0.127934,0.00889745,1
4,k,0.294604,0.00405353,2
5,Ux,0.219901,0.00618183,2
5,Uy,0.186757,0.00518311,2
5,p,0.123603,0.00101632,6
5,omega,0.107791,0.00911127,1
5,k,0.250226,0.00408008,2
6,Ux,0.140763,0.00430657,2
6,Uy,0.139302,0.00430121,2
6,p,0.326765,0.0013527,8
6,omega,0.106431,0.00758569,1
6,k,0.227801,0.0200907,1
7,Ux,0.126478,0.00267136,2
7,Uy,0.129352,0.00363293,2
7,p,0.226168,0.00184572,6
7,omega,0.0877105,0.00458083,1
7,k,0.215969,0.0177469,1
8,Ux,0.145892,0.00275703,2
8,Uy,0.141189,0.00247546,2
8,p,0.183408,0.000906781,5
8,omega,0.088225,0.00667446,1
8,k,0.209138,0.0178718,1
9,Ux,0.170767,0.00335909,2
9,Uy,0.13998,0.00292037,2
9,p,0.183626,0.00142472,5
9,omega,0.0849412,0.0041419,1
9,k,0.171746,0.0145138,1
10,Ux,0.202137,0.00333351,2
10,Uy,0.181192,0.00274868,2
10,p,0.203033,0.00181505,6
10,omega,0.0622916,0.00390303,1
10,k,0.125528,0.0104923,1
11,Ux,0.187791,0.00282223,2
11,Uy,0.175113,0.00310643,2
11,p,0.281775,0.00132202,7
11,omega,0.0515438,0.00377071,1
11,k,0.100319,0.00870054,1
12,Ux,0.131663,0.0127084,1
12,Uy,0.168754,0.00337339,2
12,p,0.272176,0.00232953,6
12,omega,0.0430103,0.00339114,1
12,k,0.093658,0.00801601,1
13,Ux,0.121577,0.00201276,2
13,Uy,0.143613,0.00267952,2
13,p,0.206694,0.00059733,6
13,omega,0.0374809,0.00310101,1
13,k,0.0871878,0.00830793,1
14,Ux,0.106939,0.00233697,2
14,Uy,0.121546,0.0027875,2
14,p,0.185326,0.00100356,5
14,omega,0.031244,0.002862,1
14,k,0.0804699,0.00793813,1
15,Ux,0.0934151,0.00223723,2
15,Uy,0.115047,0.00291784,2
15,p,0.185056,0.00141656,5
15,omega,0.0303414,0.00295891,1
15,k,0.0711836,0.00703981,1
16,Ux,0.0795831,0.00210005,2
16,Uy,0.108395,0.00285179,2
16,p,0.216351,0.000937142,7
16,omega,0.029938,0.000459751,2
16,k,0.0665472,0.00646408,1
17,Ux,0.0684079,0.00178693,2
17,Uy,0.0951967,0.00257222,2
17,p,0.32193,0.00200019,6
17,omega,0.0299158,0.000481588,2
17,k,0.0664718,0.00654528,1
18,Ux,0.0620925,0.00168024,2
18,Uy,0.080623,0.00239666,2
18,p,0.250379,0.00210426,5
18,omega,0.0296135,0.000488035,2
18,k,0.0647516,0.000941363,2
19,Ux,0.0630425,0.00176291,2
19,Uy,0.0716146,0.0021714,2
19,p,0.205898,0.0011576,5
19,omega,0.0280465,0.000470652,2
19,k,0.0601173,0.000925659,2
20,Ux,0.0583689,0.00163361,2
20,Uy,0.068427,0.00214807,2
20,p,0.198509,0.000859645,5
20,omega,0.027098,0.000460788,2
20,k,0.057616,0.000963646,2
21,Ux,0.0553873,0.0014788,2
21,Uy,0.0700419,0.00220598,2
21,p,0.217176,0.0013018,5
21,omega,0.0255586,0.000456458,2
21,k,0.0581579,0.00106033,2
22,Ux,0.0528608,0.00138293,2
22,Uy,0.071396,0.00232879,2
22,p,0.284102,0.00189682,5
22,omega,0.0238232,0.000459551,2
22,k,0.0577545,0.0010618,2
23,Ux,0.0497038,0.00127039,2
23,Uy,0.0712835,0.00247061,2
23,p,0.350618,0.0023996,5
23,omega,0.0231169,0.000474322,2
23,k,0.0558556,0.00106354,2
24,Ux,0.0490044,0.00127854,2
24,Uy,0.0732117,0.00251141,2
24,p,0.294915,0.00178281,5
24,omega,0.0233617,0.000504463,2
24,k,0.0544905,0.00105239,2
25,Ux,0.0509688,0.00139285,2
25,Uy,0.0743891,0.00267247,2
25,p,0.250116,0.0012274,5
25,omega,0.024046,0.00053502,2
25,k,0.0528253,0.00105569,2
26,Ux,0.0497386,0.00144453,2
26,Uy,0.0758631,0.00284165,2
26,p,0.225341,0.00201645,4
26,omega,0.0242314,0.000570658,2
26,k,0.0502579,0.00109381,2
27,Ux,0.0475616,0.00143264,2
27,Uy,0.076476,0.00299649,2
27,p,0.218883,0.00125179,5
27,omega,0.0242775,0.000586358,2
27,k,0.0480646,0.0011003,2
28,Ux,0.0441921,0.00136647,2
28,Uy,0.0773454,0.00304571,2
28,p,0.244211,0.0016244,5
28,omega,0.0240176,0.000599962,2
28,k,0.0482675,0.00111815,2
29,Ux,0.0398488,0.00129207,2
29,Uy,0.076913,0.00305605,2
29,p,0.288082,0.0019655,5
29,omega,0.0238617,0.000608672,2
29,k,0.0480752,0.00115507,2
30,Ux,0.0373582,0.0012425,2
30,Uy,0.0763908,0.00303556,2
30,p,0.320528,0.00251076,5
30,omega,0.0237353,0.000615753,2
30,k,0.0480041,0.00119746,2
31,Ux,0.03642,0.00122617,2
31,Uy,0.0764347,0.00302461,2
31,p,0.34013,0.00302532,4
31,omega,0.023056,0.000631053,2
31,k,0.0470583,0.00127627,2
32,Ux,0.035212,0.00119925,2
32,Uy,0.0769715,0.00308566,2
32,p,0.334985,0.00243778,4
32,omega,0.0221718,0.000639465,2
32,k,0.0452397,0.00134524,2
33,Ux,0.0334303,0.00116108,2
33,Uy,0.0780129,0.00312711,2
33,p,0.324943,0.00227763,4
33,omega,0.0214628,0.000648898,2
33,k,0.0435715,0.00141116,2
34,Ux,0.0315467,0.00111729,2
34,Uy,0.0777219,0.00317107,2
34,p,0.321058,0.00139796,5
34,omega,0.0207546,0.00065727,2
34,k,0.0423256,0.00149094,2
35,Ux,0.0292609,0.00106713,2
35,Uy,0.0772754,0.00315281,2
35,p,0.30663,0.00157957,5
35,omega,0.0200691,0.000660537,2
35,k,0.0414545,0.0015494,2
36,Ux,0.0271089,0.00102033,2
36,Uy,0.0749382,0.00313342,2
36,p,0.290392,0.00143598,5
36,omega,0.0196837,0.000661257,2
36,k,0.040827,0.00160106,2
37,Ux,0.0250874,0.000977445,2
37,Uy,0.0730264,0.0030935,2
37,p,0.276352,0.00268188,4
37,omega,0.0191503,0.000659761,2
37,k,0.0405809,0.00163784,2
38,Ux,0.0234188,0.00093998,2
38,Uy,0.070084,0.00304317,2
38,p,0.265754,0.00192163,4
38,omega,0.0187815,0.00065727,2
38,k,0.0402549,0.00166612,2
39,Ux,0.0222593,0.000920607,2
39,Uy,0.0677823,0.00297982,2
39,p,0.258708,0.00141877,4
39,omega,0.0184516,0.000653875,2
39,k,0.0398813,0.00168782,2
40,Ux,0.0213237,0.000904099,2
40,Uy,0.0652221,0.00291071,2
40,p,0.25757,0.00119589,4
40,omega,0.0183876,0.000645018,2
40,k,0.0394667,0.00169782,2
41,Ux,0.020426,0.000890585,2
41,Uy,0.0630114,0.00285947,2
41,p,0.290621,0.00145987,4
41,omega,0.01784,0.000630958,2
41,k,0.0389209,0.00170289,2
42,Ux,0.0199231,0.000884285,2
42,Uy,0.0620221,0.00279145,2
42,p,0.286012,0.0018018,4
42,omega,0.0176453,0.00061812,2
42,k,0.0386264,0.00170575,2
43,Ux,0.0191071,0.000872832,2
43,Uy,0.0594497,0.00276965,2
43,p,0.268686,0.00203681,4
43,omega,0.016949,0.000603528,2
43,k,0.0376547,0.00169835,2
44,Ux,0.018467,0.00086203,2
44,Uy,0.0564301,0.00270844,2
44,p,0.256558,0.00232286,4
44,omega,0.016411,0.0005908,2
44,k,0.0368508,0.00169158,2
45,Ux,0.0180429,0.000861598,2
45,Uy,0.0546256,0.00266801,2
45,p,0.248023,0.00229242,4
45,omega,0.016009,0.000577444,2
45,k,0.0360994,0.0016798,2
46,Ux,0.0177701,0.000864435,2
46,Uy,0.0524593,0.00263875,2
46,p,0.24312,0.00178522,4
46,omega,0.0155692,0.000563675,2
46,k,0.0353875,0.0016651,2
47,Ux,0.0175784,0.000863368,2
47,Uy,0.0509775,0.00260069,2
47,p,0.235908,0.00151715,4
47,omega,0.0150904,0.000548543,2
47,k,0.0346687,0.0016466,2
48,Ux,0.0174165,0.000861141,2
48,Uy,0.0494103,0.00256511,2
48,p,0.231586,0.00158265,4
48,omega,0.014714,0.000534948,2
48,k,0.0339358,0.00162674,2
49,Ux,0.0172989,0.000858613,2
49,Uy,0.0479567,0.00252861,2
49,p,0.226079,0.00173549,4
49,omega,0.0143881,0.000521375,2
49,k,0.0332272,0.00160759,2
50,Ux,0.0172294,0.000857009,2
50,Uy,0.0467227,0.0024969,2
50,p,0.217926,0.00167088,4
50,omega,0.0141202,0.000509471,2
50,k,0.0325556,0.00158819,2
51,Ux,0.017157,0.000855584,2
51,Uy,0.0455422,0.00247773,2
51,p,0.209718,0.001458,4
51,omega,0.0138249,0.000498962,2
51,k,0.0319459,0.00157062,2
52,Ux,0.017116,0.00085405,2
52,Uy,0.044753,0.00246148,2
52,p,0.203495,0.00123742,4
52,omega,0.0135177,0.000488724,2
52,k,0.0313633,0.00155353,2
53,Ux,0.017063,0.000853719,2
53,Uy,0.0441914,0.00244808,2
53,p,0.197828,0.00107141,4
53,omega,0.0132859,0.000479698,2
53,k,0.0308219,0.00153604,2
54,Ux,0.0170296,0.000853323,2
54,Uy,0.0437419,0.00244274,2
54,p,0.193748,0.000956342,4
54,omega,0.0131372,0.000470743,2
54,k,0.0302923,0.00151921,2
55,Ux,0.017019,0.000852806,2
55,Uy,0.0434117,0.00243302,2
55,p,0.190141,0.00101712,4
55,omega,0.013002,0.000462996,2
55,k,0.0297749,0.00150265,2
56,Ux,0.017033,0.000853397,2
56,Uy,0.0431523,0.00242517,2
56,p,0.188039,0.00111343,4
56,omega,0.0127945,0.000455492,2
56,k,0.0292888,0.00148596,2
57,Ux,0.0170692,0.000854221,2
57,Uy,0.0428993,0.00241878,2
57,p,0.186562,0.0011268,4
57,omega,0.0125341,0.000447312,2
57,k,0.0288319,0.00146963,2
58,Ux,0.0171031,0.000855069,2
58,Uy,0.0427104,0.0024115,2
58,p,0.185353,0.00114504,4
58,omega,0.0123214,0.000440096,2
58,k,0.0284237,0.00145502,2
59,Ux,0.0171396,0.000856022,2
59,Uy,0.0425999,0.00240524,2
59,p,0.183279,0.00110332,4
59,omega,0.0122163,0.00043311,2
59,k,0.0280181,0.00144075,2
60,Ux,0.0171886,0.000857856,2
60,Uy,0.0425009,0.0024034,2
60,p,0.179877,0.00107772,4
60,omega,0.0121455,0.000426715,2
60,k,0.0276327,0.001427,2
61,Ux,0.0172471,0.000859353,2
61,Uy,0.0424896,0.00240013,2
61,p,0.176642,0.00107612,4
61,omega,0.0120237,0.000421153,2
61,k,0.0272517,0.00141407,2
62,Ux,0.0173123,0.000860983,2
62,Uy,0.0425197,0.00239888,2
62,p,0.174391,0.00104777,4
62,omega,0.0118438,0.000415373,2
62,k,0.026916,0.00140137,2
63,Ux,0.0173766,0.000862899,2
63,Uy,0.0425685,0.00240181,2
63,p,0.172955,0.00106299,4
63,omega,0.0116385,0.000409877,2
63,k,0.0265966,0.00138828,2
64,Ux,0.0174525,0.000864586,2
64,Uy,0.0426709,0.00240084,2
64,p,0.170486,0.00105075,4
64,omega,0.0115925,0.00040484,2
64,k,0.0263087,0.00137631,2
65,Ux,0.0175437,0.000866876,2
65,Uy,0.0428074,0.00240623,2
65,p,0.16734,0.00104421,4
65,omega,0.0115853,0.000400495,2
65,k,0.0260074,0.00136449,2
66,Ux,0.0176428,0.000869713,2
66,Uy,0.0429689,0.00240913,2
66,p,0.163969,0.00103852,4
66,omega,0.0115107,0.000396394,2
66,k,0.0257249,0.00135213,2
67,Ux,0.0177425,0.000872497,2
67,Uy,0.0431175,0.00241305,2
67,p,0.161672,0.000983594,4
67,omega,0.0113945,0.00039252,2
67,k,0.0254788,0.00134043,2
68,Ux,0.0178395,0.000875314,2
68,Uy,0.0433114,0.00241761,2
68,p,0.160199,0.000999933,4
68,omega,0.0112339,0.000388803,2
68,k,0.0252609,0.00132968,2
69,Ux,0.0179446,0.000878257,2
69,Uy,0.0434945,0.00242352,2
69,p,0.1581,0.000998848,4
69,omega,0.0111886,0.000384961,2
69,k,0.0250602,0.00131869,2
70,Ux,0.0180516,0.000881175,2
70,Uy,0.0436517,0.00242964,2
70,p,0.155236,0.000966406,4
70,omega,0.011227,0.000381948,2
70,k,0.0248746,0.00130825,2
71,Ux,0.0181584,0.000884264,2
71,Uy,0.043887,0.00243474,2
71,p,0.152295,0.000918161,4
71,omega,0.0112024,0.000379036,2
71,k,0.0246699,0.00129753,2
72,Ux,0.0182638,0.000887226,2
72,Uy,0.0440886,0.00244286,2
72,p,0.150549,0.000837088,4
72,omega,0.0111167,0.000376324,2
72,k,0.0244855,0.00128687,2
73,Ux,0.0183647,0.000890234,2
73,Uy,0.0442637,0.00244897,2
73,p,0.149415,0.000800094,4
73,omega,0.011002,0.000373581,2
73,k,0.0243219,0.00127672,2
74,Ux,0.0184749,0.000893201,2
74,Uy,0.044481,0.002456,2
74,p,0.148204,0.000763616,4
74,omega,0.0109964,0.000370678,2
74,k,0.0241352,0.00126573,2
75,Ux,0.0185818,0.000896451,2
75,Uy,0.044662,0.00246329,2
75,p,0.146371,0.000735939,4
75,omega,0.011043,0.00036839,2
75,k,0.0239622,0.00125518,2
76,Ux,0.0186893,0.00089999,2
76,Uy,0.0448692,0.00247131,2
76,p,0.144184,0.000723171,4
76,omega,0.0110286,0.000366165,2
76,k,0.0237693,0.00124428,2
77,Ux,0.0187939,0.000903445,2
77,Uy,0.0450631,0.00247875,2
77,p,0.143769,0.000692453,4
77,omega,0.010937,0.000363786,2
77,k,0.0235696,0.00123301,2
78,Ux,0.0188881,0.000906711,2
78,Uy,0.0452355,0.00248668,2
78,p,0.143648,0.000691465,4
78,omega,0.0108261,0.000361295,2
78,k,0.0233746,0.00122187,2
79,Ux,0.0189813,0.00090991,2
79,Uy,0.045427,0.0024936,2
79,p,0.142617,0.000698517,4
79,omega,0.0108343,0.000358923,2
79,k,0.0231784,0.00121058,2
80,Ux,0.0190712,0.000912934,2
80,Uy,0.0455914,0.00250219,2
80,p,0.141166,0.000698945,4
80,omega,0.0108471,0.000356843,2
80,k,0.0229641,0.00119901,2
81,Ux,0.019152,0.000915879,2
81,Uy,0.0457618,0.00250986,2
81,p,0.139861,0.000714356,4
81,omega,0.0108014,0.000354732,2
81,k,0.0227432,0.00118719,2
82,Ux,0.0192252,0.000918894,2
82,Uy,0.0459245,0.00251608,2
82,p,0.139753,0.000722666,4
82,omega,0.0106942,0.000352637,2
82,k,0.022525,0.00117601,2
83,Ux,0.0192875,0.000921377,2
83,Uy,0.0460706,0.00252505,2
83,p,0.139033,0.00074936,4
83,omega,0.0106134,0.00035067,2
83,k,0.0223006,0.00116381,2
84,Ux,0.0193531,0.00092379,2
84,Uy,0.046218,0.00253186,2
84,p,0.137763,0.000740579,4
84,omega,0.0106177,0.000349001,2
84,k,0.0220823,0.00115229,2
85,Ux,0.0194044,0.000925942,2
85,Uy,0.046343,0.00253901,2
85,p,0.135743,0.000715275,4
85,omega,0.0105904,0.000347445,2
85,k,0.0218565,0.0011407,2
86,Ux,0.0194419,0.000927935,2
86,Uy,0.046471,0.00254738,2
86,p,0.134949,0.000719258,4
86,omega,0.0105161,0.000345905,2
86,k,0.021609,0.0011286,2
87,Ux,0.019475,0.000929721,2
87,Uy,0.0465912,0.00255337,2
87,p,0.134402,0.000730167,4
87,omega,0.0103964,0.000344632,2
87,k,0.0213823,0.00111685,2
88,Ux,0.019497,0.000931332,2
88,Uy,0.046692,0.00256111,2
88,p,0.133306,0.000762797,4
88,omega,0.0103626,0.000343051,2
88,k,0.0211444,0.00110499,2
89,Ux,0.019518,0.0009328,2
89,Uy,0.0467924,0.00256833,2
89,p,0.131735,0.000814437,4
89,omega,0.0103362,0.000341604,2
89,k,0.0208998,0.00109291,2
90,Ux,0.0195295,0.000934258,2
90,Uy,0.0468785,0.00257497,2
90,p,0.130339,0.000835218,4
90,omega,0.0102672,0.000340342,2
90,k,0.020658,0.00108117,2
91,Ux,0.0195356,0.00093595,2
91,Uy,0.0469466,0.00258201,2
91,p,0.129786,0.000837889,4
91,omega,0.0101571,0.000339175,2
91,k,0.0204019,0.00106943,2
92,Ux,0.0195431,0.000938071,2
92,Uy,0.0470397,0.00258987,2
92,p,0.128936,0.000846395,4
92,omega,0.0100661,0.000337959,2
92,k,0.0201564,0.00105782,2
93,Ux,0.0195529,0.000940222,2
93,Uy,0.0471089,0.0025964,2
93,p,0.127761,0.000860317,4
93,omega,0.0100318,0.000336745,2
93,k,0.0199255,0.00104659,2
94,Ux,0.0195536,0.000942431,2
94,Uy,0.0471619,0.00260363,2
94,p,0.126403,0.000879127,4
94,omega,0.00995828,0.00033564,2
94,k,0.019679,0.00103551,2
95,Ux,0.0195467,0.000944471,2
95,Uy,0.0472416,0.00261186,2
95,p,0.126136,0.000870222,4
95,omega,0.00987247,0.000334763,2
95,k,0.0194448,0.001025,2
96,Ux,0.0195305,0.000946736,2
96,Uy,0.0472752,0.00261768,2
96,p,0.125239,0.000857267,4
96,omega,0.00976252,0.000333558,2
96,k,0.0192214,0.00101508,2
97,Ux,0.0195138,0.000948693,2
97,Uy,0.0472989,0.00262473,2
97,p,0.123915,0.000867989,4
97,omega,0.00971352,0.000332397,2
97,k,0.0190176,0.00100573,2
98,Ux,0.0194876,0.000950096,2
98,Uy,0.0473511,0.00263251,2
98,p,0.122099,0.000872894,4
98,omega,0.00965611,0.00033148,2
98,k,0.0188181,0.000997146,2
99,Ux,0.0194566,0.000951419,2
99,Uy,0.0473615,0.00263793,2
99,p,0.120844,0.000890261,4
99,omega,0.00957198,0.000330657,2
99,k,0.0186296,0.000989141,2
100,Ux,0.0194233,0.000953213,2
100,Uy,0.0473583,0.00264344,2
100,p,0.119586,0.000868806,4
100,omega,0.00946178,0.000329673,2
100,k,0.0184627,0.000981373,2
101,Ux,0.019387,0.000954753,2
101,Uy,0.0473778,0.00265153,2
101,p,0.118083,0.000827616,4
101,omega,0.00941887,0.000328772,2
101,k,0.018317,0.000974444,2
102,Ux,0.0193464,0.000955907,2
102,Uy,0.0473769,0.00265647,2
102,p,0.116354,0.000781722,4
102,omega,0.00936582,0.000327697,2
102,k,0.0181759,0.000968129,2
103,Ux,0.0192992,0.000957121,2
103,Uy,0.0473571,0.00266127,2
103,p,0.115243,0.00074854,4
103,omega,0.00929264,0.000326918,2
103,k,0.0180408,0.000962493,2
104,Ux,0.0192561,0.000958481,2
104,Uy,0.0473665,0.00266767,2
104,p,0.114262,0.000731712,4
104,omega,0.00920139,0.000325927,2
104,k,0.0179259,0.000957316,2
105,Ux,0.0192089,0.000959315,2
105,Uy,0.0473263,0.00267323,2
105,p,0.112873,0.000708194,4
105,omega,0.00915766,0.000324723,2
105,k,0.0178297,0.000952755,2
106,Ux,0.0191518,0.000960006,2
106,Uy,0.0473124,0.00267767,2
106,p,0.112024,0.000659405,4
106,omega,0.0090982,0.000323824,2
106,k,0.017727,0.000949213,2
107,Ux,0.0190966,0.00096053,2
107,Uy,0.0473089,0.00268368,2
107,p,0.111396,0.000605351,4
107,omega,0.0090306,0.0003228,2
107,k,0.017638,0.000946187,2
108,Ux,0.019049,0.00096114,2
108,Uy,0.0472664,0.00268891,2
108,p,0.110752,0.000550118,4
108,omega,0.00894624,0.000321391,2
108,k,0.0175724,0.000943609,2
109,Ux,0.0189866,0.000961409,2
109,Uy,0.0472368,0.00269458,2
109,p,0.109866,0.000520146,4
109,omega,0.00888808,0.00032019,2
109,k,0.0174998,0.000941384,2
110,Ux,0.018936,0.000961768,2
110,Uy,0.0472282,0.00270032,2
110,p,0.109484,0.000529873,4
110,omega,0.0088351,0.000319031,2
110,k,0.0174444,0.000939517,2
111,Ux,0.0188902,0.000962103,2
111,Uy,0.047194,0.00270507,2
111,p,0.109563,0.000541387,4
111,omega,0.00875575,0.000317458,2
111,k,0.0173931,0.000938162,2
112,Ux,0.0188346,0.000962648,2
112,Uy,0.0471687,0.0027104,2
112,p,0.109179,0.000582888,4
112,omega,0.00866899,0.00031625,2
112,k,0.0173527,0.000937157,2
113,Ux,0.018776,0.000962779,2
113,Uy,0.0471397,0.00271668,2
113,p,0.108451,0.00064668,4
113,omega,0.00862979,0.000315111,2
113,k,0.0173204,0.000936221,2
114,Ux,0.0187443,0.000963746,2
114,Uy,0.0471095,0.00272104,2
114,p,0.108397,0.000692316,4
114,omega,0.00857115,0.000313443,2
114,k,0.0172929,0.000935161,2
115,Ux,0.0187005,0.000964736,2
115,Uy,0.0470899,0.00272523,2
115,p,0.108307,0.000753989,4
115,omega,0.00848081,0.000311812,2
115,k,0.0172614,0.000934911,2
116,Ux,0.0186508,0.000965862,2
116,Uy,0.0470576,0.00273049,2
116,p,0.107299,0.000778576,4
116,omega,0.00842609,0.000310491,2
116,k,0.0172509,0.000934759,2
117,Ux,0.0186099,0.000966799,2
117,Uy,0.0470194,0.00273527,2
117,p,0.106776,0.000733097,4
117,omega,0.00836829,0.000308779,2
117,k,0.0172446,0.000934317,2
118,Ux,0.0185656,0.000967997,2
118,Uy,0.0469752,0.00273944,2
118,p,0.106507,0.000683128,4
118,omega,0.00829289,0.000307056,2
118,k,0.017234,0.000934303,2
119,Ux,0.0185091,0.000968263,2
119,Uy,0.0469622,0.00274348,2
119,p,0.105587,0.000650921,4
119,omega,0.00822768,0.000305489,2
119,k,0.0172343,0.000934509,2
120,Ux,0.0184575,0.000968605,2
120,Uy,0.0469373,0.00274798,2
120,p,0.104775,0.000608583,4
120,omega,0.00817372,0.000303851,2
120,k,0.017247,0.00093424,2
121,Ux,0.0184121,0.000968707,2
121,Uy,0.0469045,0.00275179,2
121,p,0.104441,0.000613086,4
121,omega,0.00811477,0.000302288,2
121,k,0.0172547,0.000934527,2
122,Ux,0.0183394,0.000968297,2
122,Uy,0.0468852,0.00275617,2
122,p,0.103601,0.000628073,4
122,omega,0.00806545,0.000300495,2
122,k,0.0172596,0.000934892,2
123,Ux,0.0182671,0.000967081,2
123,Uy,0.0468604,0.00275999,2
123,p,0.103269,0.000609488,4
123,omega,0.00800596,0.000298618,2
123,k,0.0172757,0.000934787,2
124,Ux,0.01821,0.000966019,2
124,Uy,0.0468453,0.00276313,2
124,p,0.103548,0.000610494,4
124,omega,0.00794986,0.000296959,2
124,k,0.0172949,0.000935428,2
125,Ux,0.0181256,0.000964192,2
125,Uy,0.0468574,0.00276782,2
125,p,0.10334,0.000659661,4
125,omega,0.00789336,0.000294811,2
125,k,0.0173199,0.000936337,2
126,Ux,0.0180346,0.000961965,2
126,Uy,0.0468663,0.00277305,2
126,p,0.103223,0.000692171,4
126,omega,0.0078355,0.0002926,2
126,k,0.0173561,0.000937119,2
127,Ux,0.0179748,0.000959575,2
127,Uy,0.0468766,0.00277636,2
127,p,0.103483,0.000798038,4
127,omega,0.0077729,0.000290992,2
127,k,0.0173885,0.000938668,2
128,Ux,0.0178855,0.000957027,2
128,Uy,0.0468999,0.00278028,2
128,p,0.103277,0.000903031,4
128,omega,0.00771434,0.000288606,2
128,k,0.0174347,0.000940434,2
129,Ux,0.0177864,0.000953366,2
129,Uy,0.046928,0.00278469,2
129,p,0.103528,0.000897341,4
129,omega,0.00766001,0.000286055,2
129,k,0.017483,0.000942282,2
130,Ux,0.0176991,0.000949595,2
130,Uy,0.0469514,0.00278825,2
130,p,0.104066,0.000848154,4
130,omega,0.00760226,0.000284166,2
130,k,0.0175242,0.000944904,2
131,Ux,0.0176038,0.000945961,2
131,Uy,0.0469885,0.00279282,2
131,p,0.104434,0.000836264,4
131,omega,0.00754781,0.000281579,2
131,k,0.0175702,0.000947051,2
132,Ux,0.0174928,0.000941177,2
132,Uy,0.0470215,0.00279688,2
132,p,0.1048,0.000780251,4
132,omega,0.00748623,0.000278843,2
132,k,0.0176215,0.000948969,2
133,Ux,0.0173937,0.0009366,2
133,Uy,0.0470522,0.00279901,2
133,p,0.105394,0.000743398,4
133,omega,0.00741688,0.000276728,2
133,k,0.0176699,0.000951797,2
134,Ux,0.0172853,0.000931827,2
134,Uy,0.0470873,0.00280261,2
134,p,0.105573,0.00067978,4
134,omega,0.00735268,0.000273992,2
134,k,0.0177151,0.000954085,2
135,Ux,0.0171644,0.000926278,2
135,Uy,0.0471168,0.00280649,2
135,p,0.105616,0.000594237,4
135,omega,0.00728668,0.000271206,2
135,k,0.0177646,0.000956212,2
136,Ux,0.017044,0.000920665,2
136,Uy,0.0471458,0.00280897,2
136,p,0.105947,0.000561928,4
136,omega,0.00721978,0.000269107,2
136,k,0.017802,0.000958869,2
137,Ux,0.0169186,0.000914739,2
137,Uy,0.0471658,0.00281198,2
137,p,0.105892,0.000568264,4
137,omega,0.00716191,0.000266458,2
137,k,0.0178377,0.000960963,2
138,Ux,0.0167897,0.000908333,2
138,Uy,0.0471923,0.00281403,2
138,p,0.106026,0.000548741,4
138,omega,0.00709534,0.00026367,2
138,k,0.0178772,0.000962954,2
139,Ux,0.0166572,0.000902074,2
139,Uy,0.0472287,0.00281574,2
139,p,0.106697,0.000565461,4
139,omega,0.00701177,0.000261063,2
139,k,0.0179133,0.000965154,2
140,Ux,0.0165195,0.000895497,2
140,Uy,0.0472462,0.0028182,2
140,p,0.106934,0.000579977,4
140,omega,0.00694962,0.000258398,2
140,k,0.0179411,0.000966826,2
141,Ux,0.0163836,0.000888388,2
141,Uy,0.0472568,0.00281909,2
141,p,0.106968,0.000550588,4
141,omega,0.00689061,0.000255558,2
141,k,0.0179641,0.000968434,2
142,Ux,0.0162401,0.000881757,2
142,Uy,0.0472482,0.00281904,2
142,p,0.107182,0.000523202,4
142,omega,0.0068014,0.000252667,2
142,k,0.0179822,0.000970211,2
143,Ux,0.0160945,0.000874743,2
143,Uy,0.0472158,0.00281904,2
143,p,0.107113,0.000531197,4
143,omega,0.00672128,0.00025022,2
143,k,0.0179924,0.000971141,2
144,Ux,0.0159499,0.000867207,2
144,Uy,0.0471993,0.00281807,2
144,p,0.106769,0.000550948,4
144,omega,0.00666012,0.000247532,2
144,k,0.0180003,0.000972103,2
145,Ux,0.0158049,0.000860095,2
145,Uy,0.0471784,0.0028162,2
145,p,0.106391,0.000601015,4
145,omega,0.0065741,0.000244647,2
145,k,0.0180026,0.000973202,2
146,Ux,0.0156612,0.000852943,2
146,Uy,0.0471262,0.00281428,2
146,p,0.105643,0.000617325,4
146,omega,0.00647789,0.000241933,2
146,k,0.0180047,0.000973693,2
147,Ux,0.0155124,0.000845459,2
147,Uy,0.0470733,0.00281163,2
147,p,0.10474,0.000608277,4
147,omega,0.00641604,0.000239438,2
147,k,0.0179916,0.000973902,2
148,Ux,0.0153648,0.000838145,2
148,Uy,0.0470167,0.00280784,2
148,p,0.104143,0.000609989,4
148,omega,0.00633423,0.000236635,2
148,k,0.0179737,0.000974259,2
149,Ux,0.015218,0.000830998,2
149,Uy,0.0469244,0.00280407,2
149,p,0.10357,0.000616044,4
149,omega,0.00623219,0.000233652,2
149,k,0.0179555,0.000974179,2
150,Ux,0.0150665,0.000824046,2
150,Uy,0.0468272,0.00280019,2
150,p,0.102859,0.000625191,4
150,omega,0.00616101,0.000231016,2
150,k,0.0179276,0.000973633,2
151,Ux,0.0149192,0.000816862,2
151,Uy,0.0467409,0.00279461,2
151,p,0.101826,0.000646355,4
151,omega,0.0060904,0.000228209,2
151,k,0.0178947,0.000973149,2
152,Ux,0.0147767,0.000809961,2
152,Uy,0.0466074,0.00278769,2
152,p,0.100791,0.000638442,4
152,omega,0.00599376,0.000225072,2
152,k,0.0178676,0.000972457,2
153,Ux,0.0146334,0.000803254,2
153,Uy,0.0464595,0.0027817,2
153,p,0.0995325,0.000601723,4
153,omega,0.00588757,0.000222057,2
153,k,0.0178301,0.000971172,2
154,Ux,0.0144901,0.00079624,2
154,Uy,0.0463307,0.00277477,2
154,p,0.0984189,0.000575888,4
154,omega,0.00582327,0.000219298,2
154,k,0.0177855,0.000969999,2
155,Ux,0.0143437,0.000789648,2
155,Uy,0.0461851,0.00276689,2
155,p,0.0971974,0.000558828,4
155,omega,0.00573727,0.000216041,2
155,k,0.0177451,0.000968451,2
156,Ux,0.0142063,0.00078297,2
156,Uy,0.0460071,0.00275928,2
156,p,0.0959765,0.000565445,4
156,omega,0.00563094,0.000212717,2
156,k,0.0176973,0.000966384,2
157,Ux,0.0140697,0.000776323,2
157,Uy,0.0458465,0.00275159,2
157,p,0.0947867,0.000589504,4
157,omega,0.00554743,0.000209494,2
157,k,0.0176407,0.000964418,2
158,Ux,0.0139311,0.000769713,2
158,Uy,0.0456775,0.00274322,2
158,p,0.0939758,0.000615615,4
158,omega,0.0054697,0.000206247,2
158,k,0.0175866,0.000962209,2
159,Ux,0.0137968,0.000763211,2
159,Uy,0.0454823,0.00273379,2
159,p,0.0929508,0.000607305,4
159,omega,0.00537987,0.000202788,2
159,k,0.017534,0.000959622,2
160,Ux,0.0136708,0.000756728,2
160,Uy,0.0453247,0.00272573,2
160,p,0.0917298,0.000581817,4
160,omega,0.00527567,0.000199347,2
160,k,0.0174805,0.000957015,2
161,Ux,0.0135511,0.000750624,2
161,Uy,0.0451825,0.00271823,2
161,p,0.090485,0.000548221,4
161,omega,0.00520517,0.000196129,2
161,k,0.0174264,0.000954395,2
162,Ux,0.0134347,0.000744971,2
162,Uy,0.0450176,0.00270908,2
162,p,0.0894962,0.00054166,4
162,omega,0.00512391,0.000192789,2
162,k,0.0173796,0.000951596,2
163,Ux,0.0133251,0.00073953,2
163,Uy,0.044854,0.00270145,2
163,p,0.088307,0.000548089,4
163,omega,0.00503661,0.000189514,2
163,k,0.017336,0.000948877,2
164,Ux,0.0132255,0.000734226,2
164,Uy,0.0447317,0.00269521,2
164,p,0.0868512,0.000541749,4
164,omega,0.00496614,0.000186369,2
164,k,0.0173023,0.000946388,2
165,Ux,0.0131265,0.000729028,2
165,Uy,0.044604,0.00268878,2
165,p,0.0858786,0.000530285,4
165,omega,0.00491201,0.000183533,2
165,k,0.0172774,0.000943798,2
166,Ux,0.0130295,0.00072418,2
166,Uy,0.0444597,0.00268156,2
166,p,0.08512,0.000527607,4
166,omega,0.00484808,0.000180659,2
166,k,0.0172549,0.000941201,2
167,Ux,0.0129379,0.000719363,2
167,Uy,0.0443556,0.0026757,2
167,p,0.0843025,0.000528233,4
167,omega,0.00477895,0.000178064,2
167,k,0.0172345,0.000938792,2
168,Ux,0.012845,0.000714188,2
168,Uy,0.0442665,0.00267074,2
168,p,0.0837387,0.000540192,4
168,omega,0.00473456,0.000175661,2
168,k,0.0172167,0.000936468,2
169,Ux,0.0127525,0.000709314,2
169,Uy,0.0441619,0.0026643,2
169,p,0.083634,0.000556546,4
169,omega,0.0046865,0.000173455,2
169,k,0.0171992,0.000934047,2
170,Ux,0.0126587,0.000704679,2
170,Uy,0.0440445,0.00265863,2
170,p,0.0833914,0.00056669,4
170,omega,0.00463107,0.000171283,2
170,k,0.0171741,0.000931836,2
171,Ux,0.0125691,0.000699777,2
171,Uy,0.0439619,0.00265405,2
171,p,0.083071,0.000569264,4
171,omega,0.00457342,0.000169248,2
171,k,0.0171536,0.000929496,2
172,Ux,0.0124782,0.000694581,2
172,Uy,0.0438802,0.00264981,2
172,p,0.0830955,0.000571106,4
172,omega,0.00453404,0.000167164,2
172,k,0.0171279,0.000926903,2
173,Ux,0.01239,0.000689763,2
173,Uy,0.0437857,0.00264407,2
173,p,0.0833446,0.000584181,4
173,omega,0.00449127,0.000165108,2
173,k,0.0170979,0.000924341,2
174,Ux,0.0123014,0.000685184,2
174,Uy,0.0436866,0.00263946,2
174,p,0.0832152,0.000604132,4
174,omega,0.00444438,0.000163083,2
174,k,0.0170643,0.000922021,2
175,Ux,0.0122131,0.000680338,2
175,Uy,0.0436128,0.00263548,2
175,p,0.0827589,0.000606471,4
175,omega,0.00439318,0.000161074,2
175,k,0.0170245,0.000919353,2
176,Ux,0.0121249,0.000675307,2
176,Uy,0.0435269,0.00263048,2
176,p,0.0826181,0.000585465,4
176,omega,0.00435053,0.000159019,2
176,k,0.0169782,0.000916181,2
177,Ux,0.0120354,0.000670686,2
177,Uy,0.0434212,0.00262453,2
177,p,0.0823954,0.000547303,4
177,omega,0.00430343,0.000156998,2
177,k,0.016926,0.000912946,2
178,Ux,0.0119439,0.000665974,2
178,Uy,0.0433315,0.00262009,2
178,p,0.0818391,0.000522262,4
178,omega,0.00424896,0.000154945,2
178,k,0.0168674,0.000909856,2
179,Ux,0.0118547,0.000660939,2
179,Uy,0.0432569,0.00261643,2
179,p,0.0810131,0.000515739,4
179,omega,0.0041979,0.00015285,2
179,k,0.0168014,0.000906337,2
180,Ux,0.0117695,0.000655736,2
180,Uy,0.043175,0.00261185,2
180,p,0.0806499,0.000519881,4
180,omega,0.00414559,0.000150817,2
180,k,0.0167314,0.000902521,2
181,Ux,0.0116784,0.000650956,2
181,Uy,0.0430789,0.00260683,2
181,p,0.0802243,0.000521099,4
181,omega,0.00409181,0.00014882,2
181,k,0.0166518,0.000898461,2
182,Ux,0.0115852,0.00064609,2
182,Uy,0.0429875,0.00260279,2
182,p,0.0794,0.000528519,4
182,omega,0.00403991,0.000146845,2
182,k,0.0165694,0.000894363,2
183,Ux,0.0114954,0.00064113,2
183,Uy,0.0429139,0.00259934,2
183,p,0.0784314,0.000549093,4
183,omega,0.00399194,0.000144963,2
183,k,0.0164754,0.000890039,2
184,Ux,0.0114107,0.000636358,2
184,Uy,0.0428336,0.00259503,2
184,p,0.0776302,0.000573807,4
184,omega,0.00393838,0.000143112,2
184,k,0.0163785,0.000885678,2
185,Ux,0.011321,0.000631982,2
185,Uy,0.0427257,0.00259016,2
185,p,0.0768635,0.000596593,4
185,omega,0.00388695,0.000141318,2
185,k,0.0162773,0.00088145,2
186,Ux,0.0112339,0.000627423,2
186,Uy,0.0426179,0.00258555,2
186,p,0.0754876,0.000604746,4
186,omega,0.00383962,0.000139617,2
186,k,0.016175,0.000877211,2
187,Ux,0.0111504,0.000622827,2
187,Uy,0.0425113,0.00258137,2
187,p,0.0742553,0.000588557,4
187,omega,0.00379565,0.000137905,2
187,k,0.0160651,0.000872864,2
188,Ux,0.0110647,0.000618578,2
188,Uy,0.0424091,0.00257606,2
188,p,0.0731896,0.000568071,4
188,omega,0.00374949,0.000136243,2
188,k,0.015954,0.000868513,2
189,Ux,0.0109788,0.000614292,2
189,Uy,0.0422747,0.00257006,2
189,p,0.0717655,0.00056494,4
189,omega,0.00370198,0.00013444,2
189,k,0.0158447,0.000864219,2
190,Ux,0.0108924,0.000609986,2
190,Uy,0.0421193,0.00256333,2
190,p,0.0700047,0.000569864,4
190,omega,0.00365264,0.000132661,2
190,k,0.0157354,0.000859585,2
191,Ux,0.0108161,0.000605848,2
191,Uy,0.0419568,0.00255589,2
191,p,0.0683656,0.000571322,4
191,omega,0.00360445,0.000130863,2
191,k,0.0156231,0.000854672,2
192,Ux,0.0107372,0.000602114,2
192,Uy,0.0417922,0.00254723,2
192,p,0.0670802,0.000570409,4
192,omega,0.00355207,0.000129096,2
192,k,0.0155082,0.000849792,2
193,Ux,0.010658,0.000598266,2
193,Uy,0.0415919,0.00253748,2
193,p,0.0657783,0.000574059,4
193,omega,0.00349517,0.000127221,2
193,k,0.0153911,0.000844886,2
194,Ux,0.0105803,0.000594455,2
194,Uy,0.04135,0.00252625,2
194,p,0.064228,0.000579701,4
194,omega,0.00343677,0.000125306,2
194,k,0.0152758,0.000839881,2
195,Ux,0.0105108,0.000590886,2
195,Uy,0.0411216,0.00251461,2
195,p,0.0626817,0.000575508,4
195,omega,0.00338355,0.000123363,2
195,k,0.0151599,0.000834749,2
196,Ux,0.0104431,0.000587452,2
196,Uy,0.0409031,0.00250295,2
196,p,0.0613121,0.000557477,4
196,omega,0.0033309,0.000121449,2
196,k,0.0150461,0.000829683,2
197,Ux,0.0103735,0.000583927,2
197,Uy,0.040671,0.0024912,2
197,p,0.0599204,0.000523757,4
197,omega,0.00327816,0.000119495,2
197,k,0.0149398,0.000824557,2
198,Ux,0.010308,0.000580461,2
198,Uy,0.0404303,0.00248024,2
198,p,0.0585369,0.00047845,4
198,omega,0.00322503,0.000117575,2
198,k,0.0148333,0.000819158,2
199,Ux,0.0102501,0.000577184,2
199,Uy,0.0402344,0.00247035,2
199,p,0.0573179,0.000448668,4
199,omega,0.00317693,0.000115673,2
199,k,0.0147298,0.000813778,2
200,Ux,0.010192,0.000573928,2
200,Uy,0.0400844,0.00246152,2
200,p,0.0563488,0.000431715,4
200,omega,0.00313289,0.000113916,2
200,k,0.0146301,0.000808787,2
201,Ux,0.0101337,0.000570719,2
201,Uy,0.0399527,0.00245459,2
201,p,0.0557023,0.000420482,4
201,omega,0.00309291,0.000112312,2
201,k,0.0145373,0.000803784,2
202,Ux,0.0100759,0.000567513,2
202,Uy,0.0398236,0.0024481,2
202,p,0.0552431,0.000410225,4
202,omega,0.0030569,0.000110894,2
202,k,0.0144505,0.000798917,2
203,Ux,0.0100262,0.000564451,2
203,Uy,0.0397213,0.00244215,2
203,p,0.054913,0.000409312,4
203,omega,0.00302719,0.000109651,2
203,k,0.0143659,0.00079427,2
204,Ux,0.00997125,0.000561363,2
204,Uy,0.0396529,0.00243787,2
204,p,0.0547978,0.000426259,4
204,omega,0.00300279,0.000108608,2
204,k,0.0142838,0.000789693,2
205,Ux,0.00991713,0.000558347,2
205,Uy,0.0395882,0.00243386,2
205,p,0.0547632,0.00044311,4
205,omega,0.00298151,0.000107742,2
205,k,0.0142043,0.000785128,2
206,Ux,0.009865,0.000555234,2
206,Uy,0.0395091,0.00242944,2
206,p,0.0546007,0.000457965,4
206,omega,0.00296251,0.000106948,2
206,k,0.0141206,0.000780588,2
207,Ux,0.00981343,0.000552202,2
207,Uy,0.0394267,0.00242578,2
207,p,0.0546591,0.000464667,4
207,omega,0.0029425,0.000106206,2
207,k,0.0140343,0.000775875,2
208,Ux,0.00976119,0.000549182,2
208,Uy,0.0393785,0.00242294,2
208,p,0.0551065,0.000464002,4
208,omega,0.00292431,0.000105493,2
208,k,0.0139433,0.000771182,2
209,Ux,0.00970509,0.000546006,2
209,Uy,0.0393368,0.00242107,2
209,p,0.0556899,0.000462342,4
209,omega,0.0029061,0.00010479,2
209,k,0.0138507,0.000766378,2
210,Ux,0.00964885,0.000542654,2
210,Uy,0.0392815,0.00241869,2
210,p,0.0563129,0.000465438,4
210,omega,0.00288699,0.000104119,2
210,k,0.013754,0.000761433,2
211,Ux,0.00959141,0.00053939,2
211,Uy,0.0392238,0.00241694,2
211,p,0.0569953,0.0004717,4
211,omega,0.00286805,0.000103431,2
211,k,0.0136521,0.00075638,2
212,Ux,0.00953369,0.000535982,2
212,Uy,0.0391905,0.00241546,2
212,p,0.0574904,0.000477503,4
212,omega,0.00284842,0.000102723,2
212,k,0.0135506,0.000751408,2
213,Ux,0.00947372,0.000532514,2
213,Uy,0.0391641,0.00241503,2
213,p,0.0578467,0.000483443,4
213,omega,0.00282842,0.000101984,2
213,k,0.0134466,0.000746436,2
214,Ux,0.00941165,0.000529022,2
214,Uy,0.0391204,0.00241366,2
214,p,0.0581157,0.000491405,4
214,omega,0.00280707,0.000101214,2
214,k,0.013344,0.000741604,2
215,Ux,0.00934961,0.000525556,2
215,Uy,0.0390604,0.00241222,2
215,p,0.0581781,0.000496767,4
215,omega,0.00278414,0.000100401,2
215,k,0.0132417,0.000736837,2
216,Ux,0.00928561,0.000522084,2
216,Uy,0.0390135,0.00241035,2
216,p,0.0581218,0.000492291,4
216,omega,0.00275892,9.95625e-05,2
216,k,0.0131376,0.000732443,2
217,Ux,0.0092204,0.000518636,2
217,Uy,0.0389634,0.00240885,2
217,p,0.0577601,0.000476813,4
217,omega,0.00273366,9.86792e-05,2
217,k,0.013035,0.000728255,2
218,Ux,0.00915341,0.00051517,2
218,Uy,0.0388965,0.00240616,2
218,p,0.0570984,0.000451637,4
218,omega,0.0027062,9.77885e-05,2
218,k,0.0129339,0.000724153,2
219,Ux,0.00908415,0.000511634,2
219,Uy,0.0388021,0.00240246,2
219,p,0.0562842,0.000421917,4
219,omega,0.00267922,9.68506e-05,2
219,k,0.0128326,0.000720056,2
220,Ux,0.00901609,0.000508173,2
220,Uy,0.0386941,0.00239831,2
220,p,0.0553185,0.000396562,4
220,omega,0.00264829,9.58762e-05,2
220,k,0.0127344,0.000716059,2
221,Ux,0.00894617,0.000504681,2
221,Uy,0.0385934,0.00239383,2
221,p,0.0542336,0.000379552,4
221,omega,0.0026166,9.48672e-05,2
221,k,0.0126378,0.000712083,2
222,Ux,0.00887558,0.000501155,2
222,Uy,0.0384771,0.00238826,2
222,p,0.0530313,0.000371048,4
222,omega,0.00258515,9.38312e-05,2
222,k,0.0125438,0.000708001,2
223,Ux,0.00880403,0.000497712,2
223,Uy,0.0383229,0.00238137,2
223,p,0.0518481,0.000367016,4
223,omega,0.00255356,9.2794e-05,2
223,k,0.0124472,0.000703974,2
224,Ux,0.00873212,0.00049424,2
224,Uy,0.0381601,0.00237442,2
224,p,0.0507168,0.000362543,4
224,omega,0.0025229,9.17417e-05,2
224,k,0.0123507,0.000699876,2
225,Ux,0.00866099,0.00049075,2
225,Uy,0.0380102,0.00236752,2
225,p,0.0496971,0.000360444,4
225,omega,0.00249217,9.07344e-05,2
225,k,0.0122563,0.000695915,2
226,Ux,0.00859,0.000487271,2
226,Uy,0.0378703,0.00236118,2
226,p,0.0487905,0.000362569,4
226,omega,0.0024628,8.97416e-05,2
226,k,0.0121646,0.000691816,2
227,Ux,0.00851823,0.000483793,2
227,Uy,0.0377337,0.00235491,2
227,p,0.0481579,0.000365176,4
227,omega,0.0024349,8.87923e-05,2
227,k,0.0120749,0.000687863,2
228,Ux,0.0084477,0.000480324,2
228,Uy,0.0375889,0.00234949,2
228,p,0.0478367,0.000372618,4
228,omega,0.00240906,8.78861e-05,2
228,k,0.0119857,0.000683751,2
229,Ux,0.00837807,0.00047679,2
229,Uy,0.0374725,0.00234429,2
229,p,0.0476593,0.000382112,4
229,omega,0.00238552,8.70785e-05,2
229,k,0.0118978,0.000679859,2
230,Ux,0.00830803,0.000473224,2
230,Uy,0.0373654,0.00233916,2
230,p,0.0477315,0.000391552,4
230,omega,0.00236408,8.63678e-05,2
230,k,0.0118125,0.000675931,2
231,Ux,0.00823962,0.000469697,2
231,Uy,0.0372565,0.00233363,2
231,p,0.0478898,0.000400616,4
231,omega,0.00234455,8.57152e-05,2
231,k,0.0117268,0.000672024,2
232,Ux,0.00817125,0.000466097,2
232,Uy,0.037131,0.00232866,2
232,p,0.0479579,0.000403995,4
232,omega,0.00232528,8.51073e-05,2
232,k,0.0116419,0.00066811,2
233,Ux,0.00810337,0.000462536,2
233,Uy,0.0370155,0.00232286,2
233,p,0.04797,0.000410141,4
233,omega,0.00230725,8.45225e-05,2
233,k,0.0115568,0.000664263,2
234,Ux,0.00803523,0.000458954,2
234,Uy,0.0369099,0.00231714,2
234,p,0.0478457,0.000408615,4
234,omega,0.00228991,8.39521e-05,2
234,k,0.0114733,0.000660419,2
235,Ux,0.00796707,0.000455367,2
235,Uy,0.0367911,0.0023108,2
235,p,0.0477209,0.000404695,4
235,omega,0.00227246,8.33669e-05,2
235,k,0.0113912,0.000656511,2
236,Ux,0.00790026,0.000451832,2
236,Uy,0.0366598,0.00230456,2
236,p,0.0474641,0.000400466,4
236,omega,0.00225435,8.27869e-05,2
236,k,0.0113085,0.000652588,2
237,Ux,0.00783391,0.000448311,2
237,Uy,0.0365279,0.00229761,2
237,p,0.0470718,0.000395802,4
237,omega,0.00223569,8.22054e-05,2
237,k,0.0112251,0.0006487,2
238,Ux,0.00776766,0.000444892,2
238,Uy,0.0364131,0.00229103,2
238,p,0.046523,0.000392144,4
238,omega,0.00221652,8.15982e-05,2
238,k,0.0111404,0.000644738,2
239,Ux,0.00770145,0.000441473,2
239,Uy,0.036292,0.00228386,2
239,p,0.0459426,0.000391313,4
239,omega,0.0021976,8.09806e-05,2
239,k,0.0110575,0.0006408,2
240,Ux,0.00763553,0.000438067,2
240,Uy,0.0361549,0.00227747,2
240,p,0.0453564,0.000390577,4
240,omega,0.00217794,8.0347e-05,2
240,k,0.0109727,0.000636811,2
241,Ux,0.00756955,0.000434638,2
241,Uy,0.0360221,0.00227044,2
241,p,0.0447794,0.000384473,4
241,omega,0.00215825,7.96989e-05,2
241,k,0.0108883,0.000632981,2
242,Ux,0.00750334,0.000431203,2
242,Uy,0.0359143,0.00226393,2
242,p,0.0441239,0.000374173,4
242,omega,0.0021379,7.9048e-05,2
242,k,0.0108061,0.000629165,2
243,Ux,0.00743651,0.000427682,2
243,Uy,0.0358103,0.00225729,2
243,p,0.043491,0.000363578,4
243,omega,0.00211802,7.84076e-05,2
243,k,0.0107247,0.00062536,2
244,Ux,0.00737009,0.000424196,2
244,Uy,0.0356869,0.00225132,2
244,p,0.0430076,0.000352261,4
244,omega,0.0020985,7.77649e-05,2
244,k,0.0106438,0.0006217,2
245,Ux,0.00730422,0.000420656,2
245,Uy,0.035564,0.00224538,2
245,p,0.0426293,0.000349099,4
245,omega,0.00207936,7.71482e-05,2
245,k,0.0105633,0.000618038,2
246,Ux,0.00723775,0.00041712,2
246,Uy,0.0354664,0.00223938,2
246,p,0.0422442,0.000346566,4
246,omega,0.00206047,7.65431e-05,2
246,k,0.0104842,0.000614521,2
247,Ux,0.00717142,0.000413509,2
247,Uy,0.035369,0.00223317,2
247,p,0.0419386,0.000344895,4
247,omega,0.00204192,7.59353e-05,2
247,k,0.0104078,0.00061105,2
248,Ux,0.00710517,0.000409894,2
248,Uy,0.0352495,0.00222726,2
248,p,0.0415901,0.000346206,4
248,omega,0.00202392,7.53444e-05,2
248,k,0.0103327,0.000607585,2
249,Ux,0.00703927,0.000406302,2
249,Uy,0.0351304,0.00222122,2
249,p,0.041338,0.000349931,4
249,omega,0.00200632,7.47527e-05,2
249,k,0.0102591,0.000604203,2
250,Ux,0.00697342,0.000402662,2
250,Uy,0.0350256,0.00221478,2
250,p,0.0410279,0.000353915,4
250,omega,0.00198832,7.41791e-05,2
250,k,0.0101864,0.000600845,2
251,Ux,0.00690686,0.000399031,2
251,Uy,0.034915,0.00220755,2
251,p,0.0406733,0.000357306,4
251,omega,0.00197015,7.36056e-05,2
251,k,0.0101156,0.000597497,2
252,Ux,0.00684143,0.000395371,2
252,Uy,0.0347819,0.00220072,2
252,p,0.0402088,0.000358293,4
252,omega,0.00195271,7.30423e-05,2
252,k,0.0100457,0.000594086,2
253,Ux,0.00677581,0.000391763,2
253,Uy,0.0346432,0.00219274,2
253,p,0.0397517,0.000357031,4
253,omega,0.00193525,7.24759e-05,2
253,k,0.00997598,0.000590753,2
254,Ux,0.00671036,0.000388178,2
254,Uy,0.0345068,0.00218392,2
254,p,0.0393238,0.000357056,4
254,omega,0.00191733,7.18911e-05,2
254,k,0.00990644,0.000587376,2
255,Ux,0.00664456,0.000384596,2
255,Uy,0.0343589,0.0021737,2
255,p,0.0388444,0.000357742,4
255,omega,0.00189917,7.13042e-05,2
255,k,0.00983813,0.000583981,2
256,Ux,0.00657893,0.000381007,2
256,Uy,0.0341849,0.00216383,2
256,p,0.0383512,0.000348066,4
256,omega,0.00188062,7.07159e-05,2
256,k,0.00977073,0.000580542,2
257,Ux,0.00651331,0.000377449,2
257,Uy,0.0340029,0.00215293,2
257,p,0.0378508,0.000345505,4
257,omega,0.00186194,7.01174e-05,2
257,k,0.00970233,0.00057711,2
258,Ux,0.00644839,0.00037391,2
258,Uy,0.0338289,0.00214133,2
258,p,0.0374657,0.000345622,4
258,omega,0.00184346,6.95188e-05,2
258,k,0.00963532,0.000573626,2
259,Ux,0.00638389,0.000370425,2
259,Uy,0.0336371,0.00212867,2
259,p,0.0371223,0.000351893,4
259,omega,0.00182511,6.89143e-05,2
259,k,0.00956762,0.000570122,2
260,Ux,0.0063198,0.000366976,2
260,Uy,0.0334237,0.00211657,2
260,p,0.0368028,0.000362622,4
260,omega,0.00180676,6.83162e-05,2
260,k,0.00950097,0.00056654,2
261,Ux,0.00625628,0.000363561,2
261,Uy,0.0332067,0.00210367,2
261,p,0.0365171,0.000131077,5
261,omega,0.00178845,6.7731e-05,2
261,k,0.00943311,0.000562955,2
262,Ux,0.00619297,0.00036019,2
262,Uy,0.0329968,0.00208981,2
262,p,0.0362348,0.000131321,5
262,omega,0.00177031,6.71581e-05,2
262,k,0.00936451,0.00055934,2
263,Ux,0.00613165,0.000356868,2
263,Uy,0.0327794,0.00207546,2
263,p,0.0360801,0.000128369,5
263,omega,0.00175302,6.65889e-05,2
263,k,0.00929538,0.000555651,2
264,Ux,0.00607142,0.000353674,2
264,Uy,0.0325384,0.00206143,2
264,p,0.0359639,0.000127357,5
264,omega,0.00173619,6.6033e-05,2
264,k,0.00922587,0.000552003,2
265,Ux,0.0060128,0.000350598,2
265,Uy,0.0322914,0.00204691,2
265,p,0.0358079,0.000126485,5
265,omega,0.00171956,6.54872e-05,2
265,k,0.00915697,0.000548287,2
266,Ux,0.00595545,0.000347591,2
266,Uy,0.0320612,0.00203192,2
266,p,0.0355915,0.00012419,5
266,omega,0.00170377,6.49592e-05,2
266,k,0.00908811,0.000544636,2
267,Ux,0.00590006,0.000344715,2
267,Uy,0.0318256,0.00201636,2
267,p,0.0355209,0.000119187,5
267,omega,0.00168903,6.44543e-05,2
267,k,0.00901972,0.000540951,2
268,Ux,0.0058464,0.000341905,2
268,Uy,0.0315698,0.00200149,2
268,p,0.0355118,0.000344803,4
268,omega,0.00167442,6.39543e-05,2
268,k,0.00895213,0.000537323,2
269,Ux,0.0057946,0.000339215,2
269,Uy,0.0313055,0.00198635,2
269,p,0.0354881,0.000334953,4
269,omega,0.00166084,6.3485e-05,2
269,k,0.00888483,0.000533752,2
270,Ux,0.00574486,0.000336631,2
270,Uy,0.0310674,0.0019712,2
270,p,0.0354448,0.000330389,4
270,omega,0.00164783,6.30451e-05,2
270,k,0.00881921,0.000530191,2
271,Ux,0.00569669,0.000334115,2
271,Uy,0.0308266,0.0019556,2
271,p,0.0355568,0.000329341,4
271,omega,0.00163532,6.26409e-05,2
271,k,0.00875393,0.000526743,2
272,Ux,0.00565001,0.000331698,2
272,Uy,0.0305725,0.00194088,2
272,p,0.035698,0.000327633,4
272,omega,0.00162321,6.22545e-05,2
272,k,0.00869054,0.000523286,2
273,Ux,0.00560535,0.000329364,2
273,Uy,0.0303141,0.00192628,2
273,p,0.0358126,0.000322029,4
273,omega,0.00161181,6.19019e-05,2
273,k,0.00862688,0.000519953,2
274,Ux,0.00556306,0.000327158,2
274,Uy,0.0300858,0.00191208,2
274,p,0.0358439,0.000312918,4
274,omega,0.00160111,6.15552e-05,2
274,k,0.00856582,0.000516585,2
275,Ux,0.00552249,0.000325015,2
275,Uy,0.0298613,0.00189741,2
275,p,0.035966,0.000303086,4
275,omega,0.00159097,6.12335e-05,2
275,k,0.00850603,0.000513379,2
276,Ux,0.0054832,0.000322943,2
276,Uy,0.0296267,0.00188363,2
276,p,0.0361015,0.000293796,4
276,omega,0.00158126,6.09303e-05,2
276,k,0.00844747,0.000510202,2
277,Ux,0.00544624,0.000320911,2
277,Uy,0.0293914,0.00187007,2
277,p,0.0362252,0.000290015,4
277,omega,0.00157173,6.06535e-05,2
277,k,0.00839013,0.000507149,2
278,Ux,0.00541114,0.000318933,2
278,Uy,0.0291855,0.00185721,2
278,p,0.0362913,0.000287502,4
278,omega,0.00156263,6.03886e-05,2
278,k,0.00833466,0.000504059,2
279,Ux,0.00537719,0.00031701,2
279,Uy,0.0289827,0.00184369,2
279,p,0.036407,0.000282317,4
279,omega,0.00155386,6.01422e-05,2
279,k,0.00828001,0.000501115,2
280,Ux,0.00534425,0.000315126,2
280,Uy,0.0287748,0.00183082,2
280,p,0.0365482,0.000274245,4
280,omega,0.00154521,5.99011e-05,2
280,k,0.00822669,0.000498169,2
281,Ux,0.00531225,0.000313269,2
281,Uy,0.028561,0.00181828,2
281,p,0.036643,0.000270448,4
281,omega,0.00153684,5.9678e-05,2
281,k,0.00817399,0.000495335,2
282,Ux,0.0052815,0.000311432,2
282,Uy,0.0283735,0.00180602,2
282,p,0.0366816,0.000273926,4
282,omega,0.00152849,5.94606e-05,2
282,k,0.00812281,0.000492409,2
283,Ux,0.00525163,0.000309607,2
283,Uy,0.0281859,0.00179281,2
283,p,0.0367467,0.000280436,4
283,omega,0.00152075,5.92526e-05,2
283,k,0.00807143,0.000489584,2
284,Ux,0.00522227,0.000307814,2
284,Uy,0.0279848,0.00177933,2
284,p,0.0367744,0.000282459,4
284,omega,0.00151289,5.90266e-05,2
284,k,0.0080208,0.000486662,2
285,Ux,0.00519382,0.000306083,2
285,Uy,0.0277737,0.0017662,2
285,p,0.0367554,0.00027932,4
285,omega,0.00150493,5.8806e-05,2
285,k,0.00796962,0.000483774,2
286,Ux,0.00516592,0.000304329,2
286,Uy,0.0275746,0.00175215,2
286,p,0.0366724,0.000270658,4
286,omega,0.00149662,5.85919e-05,2
286,k,0.00791808,0.00048076,2
287,Ux,0.00513812,0.000302579,2
287,Uy,0.0273651,0.00173655,2
287,p,0.0366084,0.000265621,4
287,omega,0.00148813,5.8371e-05,2
287,k,0.007866,0.000477764,2
288,Ux,0.00511036,0.00030083,2
288,Uy,0.0271417,0.00172027,2
288,p,0.0365246,0.000266102,4
288,omega,0.00148003,5.8166e-05,2
288,k,0.00781492,0.000474659,2
289,Ux,0.00508338,0.000299088,2
289,Uy,0.0269091,0.0017047,2
289,p,0.0363541,0.000270585,4
289,omega,0.00147171,5.79497e-05,2
289,k,0.00776145,0.000471556,2
290,Ux,0.00505579,0.000297372,2
290,Uy,0.0266844,0.00168874,2
290,p,0.0360844,0.000271515,4
290,omega,0.00146294,5.77455e-05,2
290,k,0.00770848,0.000468388,2
291,Ux,0.00502759,0.000295568,2
291,Uy,0.0264579,0.00167219,2
291,p,0.0358058,0.00026715,4
291,omega,0.00145368,5.75268e-05,2
291,k,0.00765421,0.000465215,2
292,Ux,0.00499888,0.00029374,2
292,Uy,0.0262266,0.00165542,2
292,p,0.0355093,0.000259968,4
292,omega,0.0014449,5.73151e-05,2
292,k,0.00760141,0.000462042,2
293,Ux,0.00496988,0.000291896,2
293,Uy,0.0259939,0.00163991,2
293,p,0.0351747,0.000255362,4
293,omega,0.00143641,5.71041e-05,2
293,k,0.00754754,0.000458858,2
294,Ux,0.00493999,0.000290086,2
294,Uy,0.0257641,0.00162434,2
294,p,0.0348012,0.000258325,4
294,omega,0.00142804,5.68942e-05,2
294,k,0.00749442,0.00045572,2
295,Ux,0.00491011,0.000288207,2
295,Uy,0.0255409,0.00160869,2
295,p,0.0344782,0.000264799,4
295,omega,0.00141936,5.6684e-05,2
295,k,0.00744242,0.00045259,2
296,Ux,0.00487944,0.000286336,2
296,Uy,0.0253185,0.0015931,2
296,p,0.0341651,0.000267266,4
296,omega,0.00141091,5.64781e-05,2
296,k,0.007391,0.000449543,2
297,Ux,0.00484843,0.000284454,2
297,Uy,0.0250951,0.00157802,2
297,p,0.0338497,0.000267957,4
297,omega,0.00140308,5.62704e-05,2
297,k,0.00734058,0.000446493,2
298,Ux,0.0048172,0.000282582,2
298,Uy,0.0248689,0.00156322,2
298,p,0.0335254,0.000268683,4
298,omega,0.0013957,5.6061e-05,2
298,k,0.00729094,0.000443535,2
299,Ux,0.00478555,0.000280702,2
299,Uy,0.0246558,0.00154887,2
299,p,0.0332856,0.000275376,4
299,omega,0.00138838,5.58617e-05,2
299,k,0.0072429,0.000440639,2
300,Ux,0.00475407,0.000278796,2
300,Uy,0.0244495,0.0015345,2
300,p,0.0330314,0.000285259,4
300,omega,0.00138118,5.56604e-05,2
300,k,0.00719528,0.000437786,2
301,Ux,0.00472229,0.000276898,2
301,Uy,0.0242434,0.00152017,2
301,p,0.0327829,0.000291207,4
301,omega,0.00137426,5.54577e-05,2
301,k,0.00715005,0.000435015,2
302,Ux,0.00469092,0.000275013,2
302,Uy,0.0240376,0.00150646,2
302,p,0.0325507,0.000296934,4
302,omega,0.00136776,5.52611e-05,2
302,k,0.00710503,0.000432244,2
303,Ux,0.00465935,0.000273112,2
303,Uy,0.0238421,0.00149346,2
303,p,0.03238,0.000302026,4
303,omega,0.00136175,5.50628e-05,2
303,k,0.00706142,0.000429581,2
304,Ux,0.00462735,0.000271198,2
304,Uy,0.0236599,0.00148058,2
304,p,0.0321777,0.000306453,4
304,omega,0.00135539,5.48581e-05,2
304,k,0.00701926,0.000426966,2
305,Ux,0.00459616,0.000269227,2
305,Uy,0.0234764,0.00146754,2
305,p,0.0319863,0.000312309,4
305,omega,0.00134942,5.4663e-05,2
305,k,0.00697759,0.000424421,2
306,Ux,0.00456487,0.000267285,2
306,Uy,0.0232932,0.00145475,2
306,p,0.0317886,0.000316418,4
306,omega,0.00134311,5.44562e-05,2
306,k,0.0069371,0.000421919,2
307,Ux,0.00453351,0.000265332,2
307,Uy,0.0231154,0.00144285,2
307,p,0.0316319,0.000115552,5
307,omega,0.00133708,5.42386e-05,2
307,k,0.00689784,0.000419468,2
308,Ux,0.00450163,0.00026336,2
308,Uy,0.0229486,0.001431,2
308,p,0.0314701,0.000113575,5
308,omega,0.00133114,5.40244e-05,2
308,k,0.00685946,0.00041711,2
309,Ux,0.0044699,0.000261371,2
309,Uy,0.0227849,0.00141898,2
309,p,0.0313104,0.000109935,5
309,omega,0.00132558,5.38102e-05,2
309,k,0.00682262,0.00041475,2
310,Ux,0.00443896,0.000259315,2
310,Uy,0.022623,0.00140724,2
310,p,0.0311275,0.000105385,5
310,omega,0.0013197,5.35883e-05,2
310,k,0.00678643,0.000412482,2
311,Ux,0.00440811,0.000257314,2
311,Uy,0.0224632,0.00139605,2
311,p,0.0309884,0.000304911,4
311,omega,0.00131371,5.33614e-05,2
311,k,0.00675152,0.000410271,2
312,Ux,0.00437688,0.000255295,2
312,Uy,0.0223086,0.00138524,2
312,p,0.0308416,0.00029861,4
312,omega,0.00130789,5.31235e-05,2
312,k,0.00671723,0.000408111,2
313,Ux,0.00434533,0.000253225,2
313,Uy,0.0221639,0.00137455,2
313,p,0.0307117,0.000301117,4
313,omega,0.00130198,5.28805e-05,2
313,k,0.00668419,0.000406009,2
314,Ux,0.00431431,0.000251111,2
314,Uy,0.0220241,0.0013638,2
314,p,0.0305587,0.000304423,4
314,omega,0.0012957,5.2632e-05,2
314,k,0.00665174,0.000403903,2
315,Ux,0.00428288,0.000249029,2
315,Uy,0.0218794,0.00135293,2
315,p,0.030466,0.000299849,4
315,omega,0.00128917,5.23731e-05,2
315,k,0.00661993,0.00040186,2
316,Ux,0.00425102,0.00024693,2
316,Uy,0.021734,0.00134257,2
316,p,0.0303488,0.000287249,4
316,omega,0.00128288,5.21045e-05,2
316,k,0.00658844,0.000399867,2
317,Ux,0.0042194,0.000244806,2
317,Uy,0.021598,0.00133266,2
317,p,0.0302379,0.000269492,4
317,omega,0.00127673,5.18269e-05,2
317,k,0.00655803,0.00039789,2
318,Ux,0.00418717,0.00024263,2
318,Uy,0.0214694,0.00132266,2
318,p,0.0301134,0.000259413,4
318,omega,0.00127015,5.15437e-05,2
318,k,0.00652769,0.000395965,2
319,Ux,0.0041552,0.000240416,2
319,Uy,0.0213398,0.00131228,2
319,p,0.030015,0.000252719,4
319,omega,0.00126358,5.1246e-05,2
319,k,0.00649772,0.00039405,2
320,Ux,0.00412366,0.000238218,2
320,Uy,0.0212114,0.00130189,2
320,p,0.0299058,0.000242754,4
320,omega,0.0012572,5.09453e-05,2
320,k,0.00646878,0.000392158,2
321,Ux,0.00409132,0.000235979,2
321,Uy,0.0210818,0.00129245,2
321,p,0.0297873,0.000229134,4
321,omega,0.00125062,5.06369e-05,2
321,k,0.00644005,0.000390362,2
322,Ux,0.00405843,0.000233704,2
322,Uy,0.0209608,0.00128297,2
322,p,0.0296775,0.000211278,4
322,omega,0.0012442,5.03103e-05,2
322,k,0.00641219,0.000388585,2
323,Ux,0.00402581,0.000231377,2
323,Uy,0.0208426,0.00127344,2
323,p,0.0295692,0.000200427,4
323,omega,0.00123726,4.99758e-05,2
323,k,0.00638472,0.000386821,2
324,Ux,0.00399313,0.000229038,2
324,Uy,0.0207283,0.0012638,2
324,p,0.0294575,0.00019825,4
324,omega,0.0012305,4.96354e-05,2
324,k,0.00635774,0.000385147,2
325,Ux,0.00395993,0.000226699,2
325,Uy,0.0206135,0.00125419,2
325,p,0.0293464,0.000201351,4
325,omega,0.00122401,4.92834e-05,2
325,k,0.00633167,0.000383478,2
326,Ux,0.00392604,0.000224309,2
326,Uy,0.0204961,0.00124526,2
326,p,0.029223,0.000201702,4
326,omega,0.00121707,4.8918e-05,2
326,k,0.00630556,0.000381862,2
327,Ux,0.00389161,0.000221884,2
327,Uy,0.02039,0.00123666,2
327,p,0.0291271,0.000197941,4
327,omega,0.00121021,4.8546e-05,2
327,k,0.0062814,0.000380347,2
328,Ux,0.00385719,0.000219434,2
328,Uy,0.0202863,0.0012278,2
328,p,0.0290249,0.000202946,4
328,omega,0.00120282,4.81586e-05,2
328,k,0.00625708,0.000378808,2
329,Ux,0.0038226,0.000216972,2
329,Uy,0.0201823,0.00121864,2
329,p,0.028891,0.000209466,4
329,omega,0.00119558,4.77627e-05,2
329,k,0.00623284,0.000377358,2
330,Ux,0.00378759,0.000214498,2
330,Uy,0.0200813,0.00120986,2
330,p,0.0287632,0.000212312,4
330,omega,0.00118831,4.73649e-05,2
330,k,0.00621045,0.000375964,2
331,Ux,0.00375193,0.000212012,2
331,Uy,0.0199769,0.00120179,2
331,p,0.0286283,0.000211011,4
331,omega,0.00118039,4.69505e-05,2
331,k,0.00618866,0.000374548,2
332,Ux,0.00371642,0.000209496,2
332,Uy,0.0198798,0.00119366,2
332,p,0.0284833,0.00020081,4
332,omega,0.00117195,4.65269e-05,2
332,k,0.00616717,0.000373226,2
333,Ux,0.00368105,0.00020695,2
333,Uy,0.0197922,0.0011857,2
333,p,0.0283169,0.00018939,4
333,omega,0.00116376,4.61001e-05,2
333,k,0.00614667,0.000371912,2
334,Ux,0.00364546,0.000204424,2
334,Uy,0.0197065,0.0011777,2
334,p,0.0281081,0.000190746,4
334,omega,0.00115551,4.56644e-05,2
334,k,0.00612624,0.000370577,2
335,Ux,0.00360939,0.00020189,2
335,Uy,0.0196154,0.00116972,2
335,p,0.0279043,0.000197253,4
335,omega,0.00114677,4.52244e-05,2
335,k,0.00610621,0.000369269,2
336,Ux,0.00357303,0.000199353,2
336,Uy,0.0195221,0.00116247,2
336,p,0.0276893,0.000204534,4
336,omega,0.00113778,4.47829e-05,2
336,k,0.00608708,0.00036798,2
337,Ux,0.00353695,0.000196789,2
337,Uy,0.0194494,0.00115569,2
337,p,0.0274937,0.000205322,4
337,omega,0.00112885,4.43296e-05,2
337,k,0.0060672,0.000366678,2
338,Ux,0.00350077,0.000194215,2
338,Uy,0.0193779,0.00114863,2
338,p,0.0272614,0.000205503,4
338,omega,0.00111973,4.38754e-05,2
338,k,0.00604656,0.000365351,2
339,Ux,0.00346428,0.000191661,2
339,Uy,0.0193034,0.00114141,2
339,p,0.0270115,0.000212919,4
339,omega,0.00111056,4.34203e-05,2
339,k,0.00602642,0.000363997,2
340,Ux,0.00342759,0.000189113,2
340,Uy,0.01923,0.00113432,2
340,p,0.0267232,0.000224525,4
340,omega,0.00110112,4.29545e-05,2
340,k,0.00600559,0.000362599,2
341,Ux,0.00339094,0.000186538,2
341,Uy,0.0191525,0.00112782,2
341,p,0.0264274,0.000236934,4
341,omega,0.00109126,4.24869e-05,2
341,k,0.00598359,0.000361102,2
342,Ux,0.00335416,0.000183949,2
342,Uy,0.0190851,0.00112128,2
342,p,0.0261376,0.000239237,4
342,omega,0.00108164,4.20156e-05,2
342,k,0.00596171,0.000359494,2
343,Ux,0.00331724,0.00018137,2
343,Uy,0.0190288,0.00111492,2
343,p,0.0258409,0.000233484,4
343,omega,0.00107162,4.15393e-05,2
343,k,0.00593863,0.000357759,2
344,Ux,0.00328041,0.000178793,2
344,Uy,0.0189651,0.00110803,2
344,p,0.0255259,0.000235022,4
344,omega,0.00106132,4.10575e-05,2
344,k,0.00591322,0.000355875,2
345,Ux,0.00324318,0.000176193,2
345,Uy,0.0188922,0.00110053,2
345,p,0.0251856,0.000244656,4
345,omega,0.00105087,4.05757e-05,2
345,k,0.00588595,0.000353864,2
346,Ux,0.00320562,0.000173578,2
346,Uy,0.01882,0.00109362,2
346,p,0.0248353,0.000196817,5
346,omega,0.00104049,4.00902e-05,2
346,k,0.0058564,0.000351677,2
347,Ux,0.00316674,0.000170905,2
347,Uy,0.0187506,0.0010866,2
347,p,0.024438,0.000239359,4
347,omega,0.00102992,3.96029e-05,2
347,k,0.00582501,0.000349298,2
348,Ux,0.00312924,0.000168256,2
348,Uy,0.0186814,0.00107873,2
348,p,0.0241319,0.000238322,4
348,omega,0.00101934,3.91102e-05,2
348,k,0.00579131,0.000346759,2
349,Ux,0.00309123,0.000165575,2
349,Uy,0.0186042,0.00107036,2
349,p,0.0237894,0.000182063,5
349,omega,0.0010089,3.86178e-05,2
349,k,0.00575509,0.000344009,2
350,Ux,0.00305127,0.000162806,2
350,Uy,0.0185206,0.00106117,2
350,p,0.0233673,0.00022684,4
350,omega,0.000998463,3.81235e-05,2
350,k,0.00571614,0.000340994,2
351,Ux,0.00301217,0.00016,2
351,Uy,0.0184224,0.00105108,2
351,p,0.0229929,0.000229267,4
351,omega,0.000987909,3.7626e-05,2
351,k,0.00567397,0.000337738,2
352,Ux,0.00297218,0.000157086,2
352,Uy,0.0183093,0.0010402,2
352,p,0.0225861,0.000162515,5
352,omega,0.000977551,3.7124e-05,2
352,k,0.00562873,0.000334151,2
353,Ux,0.00293018,0.000154054,2
353,Uy,0.0181992,0.001029,2
353,p,0.0221336,0.000218867,4
353,omega,0.000967145,3.66203e-05,2
353,k,0.00557972,0.000330179,2
354,Ux,0.00288798,0.00015096,2
354,Uy,0.0180719,0.0010162,2
354,p,0.0217035,0.000214535,4
354,omega,0.000956661,3.61132e-05,2
354,k,0.00552605,0.000325677,2
355,Ux,0.00284386,0.000147719,2
355,Uy,0.0179247,0.00100159,2
355,p,0.021231,0.000142886,5
355,omega,0.000946482,3.56011e-05,2
355,k,0.00546702,0.000320564,2
356,Ux,0.00279723,0.000144316,2
356,Uy,0.0177612,0.00098581,2
356,p,0.0206755,0.000131862,5
356,omega,0.000936456,3.50884e-05,2
356,k,0.00540213,0.000314664,2
357,Ux,0.0027495,0.00014076,2
357,Uy,0.0175755,0.000968799,2
357,p,0.0200565,9.03664e-05,5
357,omega,0.000926361,3.45775e-05,2
357,k,0.00532831,0.000307787,2
358,Ux,0.00270031,0.000137065,2
358,Uy,0.0173622,0.000950629,2
358,p,0.0193859,7.74842e-05,5
358,omega,0.000916435,3.40739e-05,2
358,k,0.00524334,0.000299882,2
359,Ux,0.00264935,0.000133267,2
359,Uy,0.0171361,0.000929344,2
359,p,0.0185881,0.000114804,5
359,omega,0.00090659,3.3587e-05,2
359,k,0.00514612,0.00029097,2
360,Ux,0.00259609,0.000129449,2
360,Uy,0.0168972,0.000903605,2
360,p,0.0176503,0.000122982,5
360,omega,0.000896913,3.31257e-05,2
360,k,0.00503397,0.000281259,2
361,Ux,0.00254058,0.000125736,2
361,Uy,0.0166081,0.000873642,2
361,p,0.0167029,0.000115632,5
361,omega,0.000887504,3.26967e-05,2
361,k,0.00490626,0.000271118,2
362,Ux,0.00248385,0.000122264,2
362,Uy,0.0162749,0.000840842,2
362,p,0.0157489,9.41303e-05,5
362,omega,0.000878141,3.23042e-05,2
362,k,0.00476408,0.000261097,2
363,Ux,0.00242657,0.000119116,2
363,Uy,0.0158676,0.000807534,2
363,p,0.014747,0.000117697,5
363,omega,0.000868949,3.19454e-05,2
363,k,0.00461316,0.000251618,2
364,Ux,0.00237023,0.000116301,2
364,Uy,0.0154012,0.00077748,2
364,p,0.0138451,0.00013392,5
364,omega,0.00086029,3.16188e-05,2
364,k,0.00445957,0.00024296,2
365,Ux,0.00231703,0.000113761,2
365,Uy,0.0149086,0.000753636,2
365,p,0.0129826,0.000116853,5
365,omega,0.000851955,3.13193e-05,2
365,k,0.00431066,0.000235368,2
366,Ux,0.00226811,0.000111438,2
366,Uy,0.0144252,0.000737028,2
366,p,0.012245,0.000105705,5
366,omega,0.000843873,3.10394e-05,2
366,k,0.00417153,0.00022882,2
367,Ux,0.00222322,0.00010931,2
367,Uy,0.0139884,0.000727277,2
367,p,0.011534,9.3767e-05,5
367,omega,0.000835947,3.07733e-05,2
367,k,0.00404628,0.000223227,2
368,Ux,0.00218177,0.000107391,2
368,Uy,0.0136356,0.000717758,2
368,p,0.0108561,8.41678e-05,5
368,omega,0.000828492,3.05161e-05,2
368,k,0.00393596,0.000218479,2
369,Ux,0.0021432,0.00010571,2
369,Uy,0.0133468,0.000705342,2
369,p,0.010274,7.64528e-05,5
369,omega,0.000821637,3.02694e-05,2
369,k,0.00384085,0.000214508,2
370,Ux,0.0021085,0.000104281,2
370,Uy,0.0130893,0.00069143,2
370,p,0.00978982,6.38743e-05,5
370,omega,0.000815131,3.00347e-05,2
370,k,0.00375916,0.000211326,2
371,Ux,0.00207771,0.000103117,2
371,Uy,0.0128471,0.000678392,2
371,p,0.00940241,6.00587e-05,5
371,omega,0.000808856,2.98136e-05,2
371,k,0.00369044,0.000208851,2
372,Ux,0.00205096,0.000102187,2
372,Uy,0.0125963,0.000667912,2
372,p,0.00906806,6.26721e-05,5
372,omega,0.000802808,2.96043e-05,2
372,k,0.00363359,0.000206937,2
373,Ux,0.00202841,0.000101443,2
373,Uy,0.0123589,0.000660313,2
373,p,0.00877546,6.62755e-05,5
373,omega,0.000797139,2.94033e-05,2
373,k,0.00358779,0.000205417,2
374,Ux,0.00200984,0.000100819,2
374,Uy,0.0121559,0.000655071,2
374,p,0.00853333,6.87667e-05,5
374,omega,0.000791929,2.92083e-05,2
374,k,0.00355114,0.000204162,2
375,Ux,0.0019947,0.000100264,2
375,Uy,0.0119959,0.000651309,2
375,p,0.00832146,6.9451e-05,5
375,omega,0.000786903,2.90172e-05,2
375,k,0.00352245,0.000203047,2
376,Ux,0.00198236,9.9743e-05,2
376,Uy,0.0118797,0.000648384,2
376,p,0.0081311,6.82878e-05,5
376,omega,0.000782047,2.88282e-05,2
376,k,0.00349922,0.000201997,2
377,Ux,0.00197154,9.92361e-05,2
377,Uy,0.0117972,0.000645861,2
377,p,0.00794752,6.60044e-05,5
377,omega,0.000777338,2.86413e-05,2
377,k,0.00347964,0.000200967,2
378,Ux,0.00196149,9.87406e-05,2
378,Uy,0.0117367,0.000643534,2
378,p,0.00776659,6.33956e-05,5
378,omega,0.000772725,2.84549e-05,2
378,k,0.00346208,0.000199944,2
379,Ux,0.00195196,9.82456e-05,2
379,Uy,0.0116841,0.000641288,2
379,p,0.00759179,6.11004e-05,5
379,omega,0.00076833,2.82689e-05,2
379,k,0.00344617,0.000198947,2
380,Ux,0.00194266,9.77505e-05,2
380,Uy,0.011638,0.000639133,2
380,p,0.00742636,5.93169e-05,5
380,omega,0.000763965,2.80853e-05,2
380,k,0.00343081,0.000197932,2
381,Ux,0.00193345,9.72556e-05,2
381,Uy,0.0115985,0.000637071,2
381,p,0.00726996,5.77564e-05,5
381,omega,0.000759564,2.7901e-05,2
381,k,0.00341581,0.000196907,2
382,Ux,0.00192441,9.6763e-05,2
382,Uy,0.0115612,0.000635072,2
382,p,0.00712241,5.59533e-05,5
382,omega,0.000755172,2.77179e-05,2
382,k,0.00340036,0.000195868,2
383,Ux,0.00191538,9.62668e-05,2
383,Uy,0.011526,0.000633142,2
383,p,0.0069829,5.37156e-05,5
383,omega,0.000750788,2.75343e-05,2
383,k,0.00338483,0.000194833,2
384,Ux,0.00190646,9.57731e-05,2
384,Uy,0.0114938,0.000631226,2
384,p,0.00684961,5.16504e-05,5
384,omega,0.000746532,2.73507e-05,2
384,k,0.00336934,0.000193812,2
385,Ux,0.00189758,9.52831e-05,2
385,Uy,0.0114619,0.000629369,2
385,p,0.00672231,4.89846e-05,5
385,omega,0.000742346,2.71688e-05,2
385,k,0.0033537,0.000192789,2
386,Ux,0.00188875,9.4795e-05,2
386,Uy,0.0114308,0.000627542,2
386,p,0.00660439,4.66342e-05,5
386,omega,0.000738111,2.6987e-05,2
386,k,0.0033379,0.00019176,2
387,Ux,0.00187994,9.43075e-05,2
387,Uy,0.0113996,0.000625663,2
387,p,0.00649211,4.48247e-05,5
387,omega,0.000733814,2.68055e-05,2
387,k,0.00332199,0.000190727,2
388,Ux,0.00187115,9.38236e-05,2
388,Uy,0.0113688,0.000623765,2
388,p,0.00638225,4.37814e-05,5
388,omega,0.00072947,2.66256e-05,2
388,k,0.00330616,0.000189698,2
389,Ux,0.00186228,9.33376e-05,2
389,Uy,0.0113384,0.000621815,2
389,p,0.00628011,4.34494e-05,5
389,omega,0.000725131,2.64452e-05,2
389,k,0.00329035,0.000188678,2
390,Ux,0.00185339,9.28524e-05,2
390,Uy,0.0113068,0.000619897,2
390,p,0.00618325,4.36408e-05,5
390,omega,0.000720886,2.62656e-05,2
390,k,0.00327472,0.000187655,2
391,Ux,0.00184448,9.23672e-05,2
391,Uy,0.0112737,0.000617961,2
391,p,0.00609011,4.506e-05,5
391,omega,0.000716629,2.60867e-05,2
391,k,0.00325879,0.000186629,2
392,Ux,0.0018355,9.18801e-05,2
392,Uy,0.0112397,0.000616033,2
392,p,0.00600072,4.48276e-05,5
392,omega,0.000712338,2.59081e-05,2
392,k,0.00324281,0.000185603,2
393,Ux,0.00182648,9.13907e-05,2
393,Uy,0.0112054,0.000614038,2
393,p,0.00591933,4.40485e-05,5
393,omega,0.000708003,2.57292e-05,2
393,k,0.00322686,0.000184572,2
394,Ux,0.00181742,9.09024e-05,2
394,Uy,0.0111714,0.000612049,2
394,p,0.00584248,4.32097e-05,5
394,omega,0.000703648,2.55507e-05,2
394,k,0.00321095,0.000183557,2
395,Ux,0.00180828,9.0411e-05,2
395,Uy,0.0111369,0.000610086,2
395,p,0.00576635,4.25792e-05,5
395,omega,0.000699279,2.53727e-05,2
395,k,0.00319509,0.000182538,2
396,Ux,0.00179909,8.9918e-05,2
396,Uy,0.0111013,0.000608113,2
396,p,0.0056931,4.20836e-05,5
396,omega,0.000694896,2.5194e-05,2
396,k,0.00317903,0.000181511,2
397,Ux,0.00178984,8.94251e-05,2
397,Uy,0.0110647,0.000606092,2
397,p,0.00562306,4.20684e-05,5
397,omega,0.000690556,2.50154e-05,2
397,k,0.00316296,0.000180486,2
398,Ux,0.0017805,8.89305e-05,2
398,Uy,0.0110276,0.000604079,2
398,p,0.00555622,4.18628e-05,5
398,omega,0.000686141,2.48373e-05,2
398,k,0.00314676,0.000179453,2
399,Ux,0.00177111,8.8433e-05,2
399,Uy,0.01099,0.000602004,2
399,p,0.00549006,4.19012e-05,5
399,omega,0.000681674,2.4659e-05,2
399,k,0.00313071,0.000178436,2
400,Ux,0.00176166,8.79331e-05,2
400,Uy,0.0109524,0.000599916,2
400,p,0.00542781,4.1649e-05,5
400,omega,0.000677198,2.44806e-05,2
400,k,0.00311466,0.000177418,2
401,Ux,0.00175215,8.74311e-05,2
401,Uy,0.0109136,0.000597845,2
401,p,0.00536924,4.0788e-05,5
401,omega,0.000672697,2.43028e-05,2
401,k,0.00309846,0.000176394,2
402,Ux,0.00174256,8.69273e-05,2
402,Uy,0.0108738,0.000595742,2
402,p,0.005311,3.96569e-05,5
402,omega,0.000668174,2.41243e-05,2
402,k,0.00308223,0.000175373,2
403,Ux,0.00173288,8.64185e-05,2
403,Uy,0.010833,0.000593593,2
403,p,0.00525419,3.84696e-05,5
403,omega,0.000663636,2.39456e-05,2
403,k,0.00306584,0.000174342,2
404,Ux,0.00172311,8.59052e-05,2
404,Uy,0.0107916,0.000591394,2
404,p,0.00520454,3.74018e-05,5
404,omega,0.000659138,2.37665e-05,2
404,k,0.00304944,0.000173314,2
405,Ux,0.00171324,8.53878e-05,2
405,Uy,0.0107496,0.000589181,2
405,p,0.00515641,3.67592e-05,5
405,omega,0.000654611,2.35869e-05,2
405,k,0.0030331,0.000172294,2
406,Ux,0.00170328,8.48671e-05,2
406,Uy,0.0107072,0.000586953,2
406,p,0.00510799,3.64868e-05,5
406,omega,0.000650036,2.34077e-05,2
406,k,0.00301677,0.000171274,2
407,Ux,0.0016932,8.43426e-05,2
407,Uy,0.0106644,0.000584716,2
407,p,0.00506006,3.68371e-05,5
407,omega,0.000645436,2.32282e-05,2
407,k,0.00300035,0.000170256,2
408,Ux,0.00168299,8.38168e-05,2
408,Uy,0.0106203,0.000582443,2
408,p,0.00501671,3.77267e-05,5
408,omega,0.000640815,2.3048e-05,2
408,k,0.00298385,0.000169233,2
409,Ux,0.00167267,8.32883e-05,2
409,Uy,0.010575,0.00058015,2
409,p,0.00497252,3.84942e-05,5
409,omega,0.000636159,2.28678e-05,2
409,k,0.00296716,0.000168204,2
410,Ux,0.00166226,8.27563e-05,2
410,Uy,0.0105292,0.000577787,2
410,p,0.00492876,3.88062e-05,5
410,omega,0.000631487,2.26871e-05,2
410,k,0.00295051,0.000167174,2
411,Ux,0.0016517,8.22211e-05,2
411,Uy,0.0104826,0.000575375,2
411,p,0.00488652,3.84092e-05,5
411,omega,0.000626805,2.25056e-05,2
411,k,0.00293387,0.000166145,2
412,Ux,0.001641,8.16829e-05,2
412,Uy,0.010435,0.000572922,2
412,p,0.00484651,3.75957e-05,5
412,omega,0.000622144,2.23236e-05,2
412,k,0.00291717,0.00016512,2
413,Ux,0.00163019,8.11394e-05,2
413,Uy,0.0103869,0.000570475,2
413,p,0.00480751,3.6469e-05,5
413,omega,0.000617437,2.21412e-05,2
413,k,0.0029005,0.0001641,2
414,Ux,0.00161927,8.059e-05,2
414,Uy,0.010338,0.000567989,2
414,p,0.00476852,3.47363e-05,5
414,omega,0.000612709,2.19585e-05,2
414,k,0.00288374,0.000163074,2
415,Ux,0.00160827,8.00363e-05,2
415,Uy,0.0102876,0.000565477,2
415,p,0.0047298,3.22023e-05,5
415,omega,0.000607941,2.17758e-05,2
415,k,0.00286682,0.000162048,2
416,Ux,0.00159714,7.94761e-05,2
416,Uy,0.0102366,0.00056291,2
416,p,0.00469322,3.01618e-05,5
416,omega,0.000603141,2.15926e-05,2
416,k,0.00284983,0.000161019,2
417,Ux,0.00158584,7.891e-05,2
417,Uy,0.0101848,0.000560301,2
417,p,0.00465885,2.85215e-05,5
417,omega,0.000598315,2.14084e-05,2
417,k,0.00283278,0.000159988,2
418,Ux,0.00157441,7.83365e-05,2
418,Uy,0.0101319,0.000557629,2
418,p,0.00462352,2.75767e-05,5
418,omega,0.000593476,2.12237e-05,2
418,k,0.00281582,0.000158959,2
419,Ux,0.00156285,7.77587e-05,2
419,Uy,0.010078,0.000554927,2
419,p,0.00458708,2.71256e-05,5
419,omega,0.000588602,2.10382e-05,2
419,k,0.00279882,0.000157933,2
420,Ux,0.00155113,7.71763e-05,2
420,Uy,0.0100232,0.00055219,2
420,p,0.00455186,2.69015e-05,5
420,omega,0.000583706,2.0852e-05,2
420,k,0.00278173,0.000156905,2
421,Ux,0.00153928,7.65888e-05,2
421,Uy,0.00996761,0.000549431,2
421,p,0.00451817,2.69756e-05,5
421,omega,0.000578808,2.06655e-05,2
421,k,0.00276444,0.000155872,2
422,Ux,0.00152729,7.59953e-05,2
422,Uy,0.009911,0.000546622,2
422,p,0.00448244,2.71286e-05,5
422,omega,0.000573879,2.04785e-05,2
422,k,0.00274716,0.000154837,2
423,Ux,0.00151514,7.53964e-05,2
423,Uy,0.00985371,0.000543761,2
423,p,0.00444596,2.8246e-05,5
423,omega,0.000568915,2.02914e-05,2
423,k,0.00272964,0.000153791,2
424,Ux,0.00150284,7.47922e-05,2
424,Uy,0.00979545,0.000540852,2
424,p,0.00441217,2.90387e-05,5
424,omega,0.000563931,2.01036e-05,2
424,k,0.00271216,0.000152742,2
425,Ux,0.00149036,7.41827e-05,2
425,Uy,0.00973615,0.000537893,2
425,p,0.00438075,3.08524e-05,5
425,omega,0.000558911,1.99155e-05,2
425,k,0.00269464,0.0001517,2
426,Ux,0.00147771,7.35661e-05,2
426,Uy,0.00967579,0.000534873,2
426,p,0.00434929,3.26531e-05,5
426,omega,0.000553869,1.97263e-05,2
426,k,0.002677,0.000150655,2
427,Ux,0.00146488,7.29419e-05,2
427,Uy,0.00961499,0.000531845,2
427,p,0.00431788,3.36949e-05,5
427,omega,0.000548787,1.95366e-05,2
427,k,0.00265924,0.000149607,2
428,Ux,0.00145191,7.23108e-05,2
428,Uy,0.00955361,0.000528819,2
428,p,0.00428605,3.30681e-05,5
428,omega,0.000543677,1.93466e-05,2
428,k,0.00264131,0.000148552,2
429,Ux,0.00143878,7.16727e-05,2
429,Uy,0.00949234,0.000525767,2
429,p,0.00425669,3.09226e-05,5
429,omega,0.000538547,1.9156e-05,2
429,k,0.00262328,0.000147489,2
430,Ux,0.00142555,7.10293e-05,2
430,Uy,0.00943071,0.000522712,2
430,p,0.00422832,2.87549e-05,5
430,omega,0.000533423,1.89648e-05,2
430,k,0.00260508,0.000146416,2
431,Ux,0.00141225,7.03809e-05,2
431,Uy,0.00936897,0.000519657,2
431,p,0.00420011,2.57442e-05,5
431,omega,0.000528276,1.87735e-05,2
431,k,0.00258679,0.000145335,2
432,Ux,0.00139883,6.97264e-05,2
432,Uy,0.0093077,0.000516622,2
432,p,0.00417115,2.28321e-05,5
432,omega,0.000523094,1.85817e-05,2
432,k,0.00256841,0.000144249,2
433,Ux,0.00138528,6.90658e-05,2
433,Uy,0.00924649,0.000513593,2
433,p,0.00414159,4.13043e-05,4
433,omega,0.000517891,1.83899e-05,2
433,k,0.00254989,0.000143165,2
434,Ux,0.00137163,6.84082e-05,2
434,Uy,0.00918627,0.000510598,2
434,p,0.00411154,4.02016e-05,4
434,omega,0.00051267,1.81981e-05,2
434,k,0.00253128,0.000142074,2
435,Ux,0.00135779,6.77409e-05,2
435,Uy,0.00912592,0.00050763,2
435,p,0.00408363,4.02204e-05,4
435,omega,0.000507438,1.80058e-05,2
435,k,0.00251245,0.000140975,2
436,Ux,0.00134376,6.70626e-05,2
436,Uy,0.00906597,0.000504697,2
436,p,0.00405602,2.20718e-05,5
436,omega,0.000502202,1.78132e-05,2
436,k,0.00249348,0.000139868,2
437,Ux,0.00132949,6.63668e-05,2
437,Uy,0.00900631,0.000501777,2
437,p,0.00403079,3.96481e-05,4
437,omega,0.000496954,1.76205e-05,2
437,k,0.0024744,0.000138753,2
438,Ux,0.00131524,6.56777e-05,2
438,Uy,0.00894812,0.000498933,2
438,p,0.00400307,3.99029e-05,4
438,omega,0.000491695,1.74276e-05,2
438,k,0.00245519,0.000137627,2
439,Ux,0.00130088,6.49851e-05,2
439,Uy,0.00889121,0.000496163,2
439,p,0.00397639,3.9695e-05,4
439,omega,0.000486442,1.72348e-05,2
439,k,0.00243584,0.00013649,2
440,Ux,0.00128644,6.42883e-05,2
440,Uy,0.00883527,0.000493437,2
440,p,0.00395079,2.25473e-05,5
440,omega,0.000481194,1.70422e-05,2
440,k,0.00241628,0.000135348,2
441,Ux,0.00127178,6.35807e-05,2
441,Uy,0.00878006,0.000490741,2
441,p,0.00392591,3.89441e-05,4
441,omega,0.000475949,1.68499e-05,2
441,k,0.00239664,0.000134197,2
442,Ux,0.0012572,6.28789e-05,2
442,Uy,0.00872695,0.000488177,2
442,p,0.00389686,2.16716e-05,5
442,omega,0.000470721,1.6658e-05,2
442,k,0.00237677,0.00013304,2
443,Ux,0.00124243,6.21678e-05,2
443,Uy,0.00867466,0.000485652,2
443,p,0.00386978,3.8361e-05,4
443,omega,0.000465475,1.64664e-05,2
443,k,0.00235671,0.000131873,2
444,Ux,0.00122769,6.14617e-05,2
444,Uy,0.00862466,0.000483247,2
444,p,0.00384096,3.82858e-05,4
444,omega,0.000460227,1.62754e-05,2
444,k,0.00233649,0.000130699,2
445,Ux,0.0012129,6.07522e-05,2
445,Uy,0.00857591,0.000480923,2
445,p,0.00381152,2.10707e-05,5
445,omega,0.000454999,1.60846e-05,2
445,k,0.00231611,0.000129514,2
446,Ux,0.00119799,6.00347e-05,2
446,Uy,0.00852836,0.000478669,2
446,p,0.0037841,3.76293e-05,4
446,omega,0.000449782,1.58942e-05,2
446,k,0.00229563,0.000128317,2
447,Ux,0.00118322,5.93228e-05,2
447,Uy,0.00848345,0.000476533,2
447,p,0.00375456,3.73771e-05,4
447,omega,0.000444554,1.57045e-05,2
447,k,0.00227494,0.000127112,2
448,Ux,0.00116844,5.86089e-05,2
448,Uy,0.00844044,0.000474456,2
448,p,0.00372554,3.70784e-05,4
448,omega,0.000439336,1.55155e-05,2
448,k,0.00225412,0.000125898,2
449,Ux,0.00115363,5.7894e-05,2
449,Uy,0.00839892,0.000472457,2
449,p,0.00369814,3.6577e-05,4
449,omega,0.000434136,1.53268e-05,2
449,k,0.00223309,0.000124676,2
450,Ux,0.00113883,5.71805e-05,2
450,Uy,0.008359,0.00047052,2
450,p,0.00367156,3.54757e-05,4
450,omega,0.000428958,1.51391e-05,2
450,k,0.00221188,0.000123445,2
451,Ux,0.00112406,5.64684e-05,2
451,Uy,0.00832099,0.000468549,2
451,p,0.00364461,3.46348e-05,4
451,omega,0.000423778,1.49523e-05,2
451,k,0.00219052,0.000122204,2
452,Ux,0.00110932,5.57598e-05,2
452,Uy,0.00828411,0.000466468,2
452,p,0.00361634,3.40485e-05,4
452,omega,0.000418615,1.47664e-05,2
452,k,0.00216896,0.000120955,2
453,Ux,0.00109467,5.50548e-05,2
453,Uy,0.00824721,0.000464238,2
453,p,0.00358678,3.37477e-05,4
453,omega,0.000413463,1.45814e-05,2
453,k,0.00214727,0.000119693,2
454,Ux,0.00108011,5.43538e-05,2
454,Uy,0.00821003,0.000461866,2
454,p,0.00355748,3.37406e-05,4
454,omega,0.000408337,1.43972e-05,2
454,k,0.00212545,0.000118428,2
455,Ux,0.00106565,5.36576e-05,2
455,Uy,0.0081709,0.000459337,2
455,p,0.00352756,3.35525e-05,4
455,omega,0.000403231,1.4214e-05,2
455,k,0.00210347,0.000117155,2
456,Ux,0.00105132,5.29668e-05,2
456,Uy,0.00812951,0.000456638,2
456,p,0.00349798,3.29449e-05,4
456,omega,0.000398153,1.40319e-05,2
456,k,0.00208132,0.000115875,2
457,Ux,0.00103714,5.22826e-05,2
457,Uy,0.0080853,0.000453767,2
457,p,0.00346733,3.18224e-05,4
457,omega,0.00039309,1.38506e-05,2
457,k,0.00205898,0.000114584,2
458,Ux,0.00102317,5.16073e-05,2
458,Uy,0.00803783,0.000450745,2
458,p,0.00343636,3.02909e-05,4
458,omega,0.000388053,1.36704e-05,2
458,k,0.00203649,0.000113284,2
459,Ux,0.00100942,5.09424e-05,2
459,Uy,0.00798721,0.000447555,2
459,p,0.00340544,2.87853e-05,4
459,omega,0.000383035,1.34912e-05,2
459,k,0.00201384,0.000111975,2
460,Ux,0.000995891,5.02873e-05,2
460,Uy,0.00793327,0.000444188,2
460,p,0.00337518,2.77182e-05,4
460,omega,0.000378051,1.33134e-05,2
460,k,0.00199101,0.00011066,2
461,Ux,0.000982583,4.9643e-05,2
461,Uy,0.00787604,0.000440629,2
461,p,0.0033457,2.72699e-05,4
461,omega,0.000373093,1.31368e-05,2
461,k,0.00196805,0.000109333,2
462,Ux,0.000969523,4.901e-05,2
462,Uy,0.00781551,0.000436889,2
462,p,0.00331769,2.71132e-05,4
462,omega,0.00036817,1.29614e-05,2
462,k,0.00194499,0.000108003,2
463,Ux,0.000956738,4.83891e-05,2
463,Uy,0.00775153,0.000432963,2
463,p,0.00329307,2.72094e-05,4
463,omega,0.000363264,1.2787e-05,2
463,k,0.00192181,0.000106671,2
464,Ux,0.000944215,4.77804e-05,2
464,Uy,0.00768438,0.00042886,2
464,p,0.00326963,2.74325e-05,4
464,omega,0.00035838,1.26137e-05,2
464,k,0.00189851,0.00010533,2
465,Ux,0.000931957,4.71841e-05,2
465,Uy,0.00761382,0.00042457,2
465,p,0.00324643,2.77579e-05,4
465,omega,0.00035352,1.24414e-05,2
465,k,0.00187508,0.000103986,2
466,Ux,0.00091999,4.6601e-05,2
466,Uy,0.00753993,0.000420103,2
466,p,0.00322461,2.81707e-05,4
466,omega,0.000348691,1.227e-05,2
466,k,0.0018515,0.000102635,2
467,Ux,0.00090832,4.60316e-05,2
467,Uy,0.00746262,0.000415462,2
467,p,0.00320447,2.85974e-05,4
467,omega,0.000343897,1.20997e-05,2
467,k,0.00182778,0.000101277,2
468,Ux,0.000896967,4.54754e-05,2
468,Uy,0.00738242,0.000410653,2
468,p,0.00318385,2.89466e-05,4
468,omega,0.000339126,1.19302e-05,2
468,k,0.0018039,9.99144e-05,2
469,Ux,0.000885897,4.49334e-05,2
469,Uy,0.00729927,0.000405689,2
469,p,0.00316234,2.91564e-05,4
469,omega,0.000334362,1.1762e-05,2
469,k,0.00177989,9.85451e-05,2
470,Ux,0.000875157,4.44052e-05,2
470,Uy,0.00721319,0.000400563,2
470,p,0.00314022,2.93339e-05,4
470,omega,0.000329611,1.15949e-05,2
470,k,0.00175578,9.71721e-05,2
471,Ux,0.000864731,4.38915e-05,2
471,Uy,0.00712439,0.000395283,2
471,p,0.00311766,2.95026e-05,4
471,omega,0.00032488,1.1429e-05,2
471,k,0.0017316,9.57981e-05,2
472,Ux,0.00085464,4.33912e-05,2
472,Uy,0.00703275,0.000389852,2
472,p,0.00309602,2.96649e-05,4
472,omega,0.000320155,1.12642e-05,2
472,k,0.00170741,9.44208e-05,2
473,Ux,0.000844821,4.29034e-05,2
473,Uy,0.00693876,0.000384305,2
473,p,0.00307447,2.97493e-05,4
473,omega,0.000315477,1.11008e-05,2
473,k,0.00168311,9.30423e-05,2
474,Ux,0.000835289,4.24266e-05,2
474,Uy,0.00684258,0.000378643,2
474,p,0.00305315,2.99374e-05,4
474,omega,0.000310837,1.09389e-05,2
474,k,0.00165873,9.16617e-05,2
475,Ux,0.000825999,4.19602e-05,2
475,Uy,0.00674452,0.000372888,2
475,p,0.00303176,3.0251e-05,4
475,omega,0.000306232,1.07785e-05,2
475,k,0.00163429,9.02793e-05,2
476,Ux,0.000816953,4.15039e-05,2
476,Uy,0.00664486,0.000367074,2
476,p,0.00301034,1.3695e-05,5
476,omega,0.000301711,1.06197e-05,2
476,k,0.00160979,8.89001e-05,2
477,Ux,0.000808095,4.10549e-05,2
477,Uy,0.00654342,0.000361176,2
477,p,0.00298875,1.37627e-05,5
477,omega,0.000297224,1.04627e-05,2
477,k,0.00158528,8.75207e-05,2
478,Ux,0.000799468,4.06144e-05,2
478,Uy,0.00644165,0.000355265,2
478,p,0.00296752,1.42631e-05,5
478,omega,0.000292756,1.03075e-05,2
478,k,0.00156078,8.61436e-05,2
479,Ux,0.000791064,4.01805e-05,2
479,Uy,0.00633995,0.000349367,2
479,p,0.00294769,1.52075e-05,5
479,omega,0.000288304,1.01539e-05,2
479,k,0.00153635,8.4774e-05,2
480,Ux,0.00078283,3.97534e-05,2
480,Uy,0.00623844,0.000343498,2
480,p,0.00292961,1.68659e-05,5
480,omega,0.000283881,1.00023e-05,2
480,k,0.00151205,8.34142e-05,2
481,Ux,0.000774767,3.93314e-05,2
481,Uy,0.00613749,0.000337681,2
481,p,0.00291127,1.92596e-05,5
481,omega,0.000279486,9.85238e-06,2
481,k,0.00148787,8.20623e-05,2
482,Ux,0.00076683,3.89128e-05,2
482,Uy,0.00603719,0.000331922,2
482,p,0.0028932,2.2223e-05,5
482,omega,0.000275131,9.70445e-06,2
482,k,0.00146382,8.072e-05,2
483,Ux,0.000759028,3.84967e-05,2
483,Uy,0.00593801,0.000326248,2
483,p,0.00287457,2.50174e-05,5
483,omega,0.000270826,9.55888e-06,2
483,k,0.00143996,7.93911e-05,2
484,Ux,0.000751338,3.80794e-05,2
484,Uy,0.00584016,0.000320689,2
484,p,0.00285543,2.60786e-05,5
484,omega,0.000266576,9.41547e-06,2
484,k,0.00141629,7.80776e-05,2
485,Ux,0.00074371,3.76576e-05,2
485,Uy,0.00574429,0.000315262,2
485,p,0.0028366,2.57755e-05,5
485,omega,0.000262392,9.27448e-06,2
485,k,0.0013929,7.67797e-05,2
486,Ux,0.000736089,3.72315e-05,2
486,Uy,0.00565049,0.000309974,2
486,p,0.00281749,2.56261e-05,5
486,omega,0.000258282,9.13589e-06,2
486,k,0.00136983,7.54992e-05,2
487,Ux,0.000728406,3.68013e-05,2
487,Uy,0.00555895,0.000304842,2
487,p,0.00279658,2.7027e-05,5
487,omega,0.000254256,8.99993e-06,2
487,k,0.00134708,7.42385e-05,2
488,Ux,0.000720623,3.63681e-05,2
488,Uy,0.00546988,0.000299863,2
488,p,0.00277373,1.37323e-05,6
488,omega,0.000250316,8.86655e-06,2
488,k,0.00132473,7.30015e-05,2
489,Ux,0.000712766,3.59325e-05,2
489,Uy,0.00538385,0.000295068,2
489,p,0.00274877,1.22763e-05,6
489,omega,0.000246478,8.7359e-06,2
489,k,0.00130287,7.17885e-05,2
490,Ux,0.000704733,3.54935e-05,2
490,Uy,0.00530034,0.000290432,2
490,p,0.00272275,1.13524e-05,6
490,omega,0.000242745,8.60775e-06,2
490,k,0.00128151,7.06035e-05,2
491,Ux,0.000696559,3.50507e-05,2
491,Uy,0.00521952,0.000285966,2
491,p,0.00269642,1.05786e-05,6
491,omega,0.00023912,8.48226e-06,2
491,k,0.00126064,6.94462e-05,2
492,Ux,0.000688235,3.46045e-05,2
492,Uy,0.0051416,0.000281676,2
492,p,0.00267027,9.86097e-06,6
492,omega,0.000235606,8.35922e-06,2
492,k,0.00124028,6.83184e-05,2
493,Ux,0.000679771,3.4155e-05,2
493,Uy,0.00506648,0.000277557,2
493,p,0.00264361,2.56419e-05,5
493,omega,0.000232198,8.23848e-06,2
493,k,0.00122048,6.72213e-05,2
494,Ux,0.000671195,3.37026e-05,2
494,Uy,0.0049938,0.000273585,2
494,p,0.00261857,2.36236e-05,5
494,omega,0.000228893,8.1189e-06,2
494,k,0.0012013,6.61541e-05,2
495,Ux,0.000662496,3.32481e-05,2
495,Uy,0.00492398,0.000269787,2
495,p,0.00259125,2.17048e-05,5
495,omega,0.000225686,7.99977e-06,2
495,k,0.0011827,6.51182e-05,2
496,Ux,0.000653707,3.27915e-05,2
496,Uy,0.00485692,0.000266155,2
496,p,0.00256248,2.01136e-05,5
496,omega,0.000222634,7.88001e-06,2
496,k,0.00116466,6.41146e-05,2
497,Ux,0.000644826,3.23327e-05,2
497,Uy,0.00479269,0.000262678,2
497,p,0.00253265,1.8774e-05,5
497,omega,0.000219679,7.75859e-06,2
497,k,0.00114721,6.31462e-05,2
498,Ux,0.000635864,3.18717e-05,2
498,Uy,0.00473108,0.000259351,2
498,p,0.00250234,1.78487e-05,5
498,omega,0.000216779,7.63564e-06,2
498,k,0.00113038,6.22107e-05,2
499,Ux,0.0006268,3.14079e-05,2
499,Uy,0.00467188,0.000256159,2
499,p,0.00247101,1.70786e-05,5
499,omega,0.000213898,7.51126e-06,2
499,k,0.00111418,6.13082e-05,2
500,Ux,0.000617638,3.09416e-05,2
500,Uy,0.00461503,0.000253099,2
500,p,0.00243985,1.64026e-05,5
500,omega,0.000211016,7.38575e-06,2
500,k,0.00109857,6.04413e-05,2
501,Ux,0.00060841,3.04722e-05,2
501,Uy,0.00456029,0.000250147,2
501,p,0.00240865,1.60119e-05,5
501,omega,0.000208121,7.25899e-06,2
501,k,0.00108356,5.96089e-05,2
502,Ux,0.000599094,2.99999e-05,2
502,Uy,0.00450746,0.000247304,2
502,p,0.00237696,1.55318e-05,5
502,omega,0.000205212,7.13129e-06,2
502,k,0.00106911,5.88102e-05,2
503,Ux,0.00058972,2.9525e-05,2
503,Uy,0.00445636,0.00024456,2
503,p,0.0023446,1.52665e-05,5
503,omega,0.000202285,7.00251e-06,2
503,k,0.0010552,5.8045e-05,2
504,Ux,0.000580288,2.90469e-05,2
504,Uy,0.00440694,0.000241904,2
504,p,0.00231189,1.50317e-05,5
504,omega,0.000199338,6.87283e-06,2
504,k,0.00104184,5.73099e-05,2
505,Ux,0.000570801,2.85656e-05,2
505,Uy,0.00435893,0.000239336,2
505,p,0.00227959,1.47831e-05,5
505,omega,0.000196364,6.74217e-06,2
505,k,0.00102896,5.66043e-05,2
506,Ux,0.000561267,2.80812e-05,2
506,Uy,0.00431229,0.000236852,2
506,p,0.00224747,1.45224e-05,5
506,omega,0.00019337,6.61074e-06,2
506,k,0.00101652,5.59264e-05,2
507,Ux,0.000551679,2.75932e-05,2
507,Uy,0.00426688,0.000234439,2
507,p,0.00221628,1.42223e-05,5
507,omega,0.000190334,6.47855e-06,2
507,k,0.00100451,5.52726e-05,2
508,Ux,0.000542036,2.71015e-05,2
508,Uy,0.00422261,0.000232102,2
508,p,0.00218455,1.3894e-05,5
508,omega,0.000187247,6.34539e-06,2
508,k,0.00099288,5.46394e-05,2
509,Ux,0.000532354,2.66057e-05,2
509,Uy,0.00417947,0.000229838,2
509,p,0.00215228,1.35898e-05,5
509,omega,0.000184119,6.21144e-06,2
509,k,0.000981575,5.40244e-05,2
510,Ux,0.000522632,2.6106e-05,2
510,Uy,0.0041374,0.00022764,2
510,p,0.00211889,1.34856e-05,5
510,omega,0.000180944,6.07651e-06,2
510,k,0.000970546,5.3422e-05,2
511,Ux,0.000512863,2.56017e-05,2
511,Uy,0.00409626,0.000225494,2
511,p,0.00208423,1.35749e-05,5
511,omega,0.000177725,5.9407e-06,2
511,k,0.000959748,5.28286e-05,2
512,Ux,0.000503043,2.50919e-05,2
512,Uy,0.00405596,0.000223395,2
512,p,0.00204812,1.37765e-05,5
512,omega,0.000174462,5.80396e-06,2
512,k,0.000949078,5.22389e-05,2
513,Ux,0.000493174,2.45763e-05,2
513,Uy,0.00401644,0.000221338,2
513,p,0.0020104,1.41177e-05,5
513,omega,0.000171155,5.66647e-06,2
513,k,0.000938449,5.16441e-05,2
514,Ux,0.000483262,2.40544e-05,2
514,Uy,0.0039776,0.00021932,2
514,p,0.00197152,1.45838e-05,5
514,omega,0.000167799,5.52816e-06,2
514,k,0.000927802,5.10342e-05,2
515,Ux,0.000473286,2.35255e-05,2
515,Uy,0.00393945,0.000217329,2
515,p,0.00193096,1.51204e-05,5
515,omega,0.000164402,5.38903e-06,2
515,k,0.000916983,5.03967e-05,2
516,Ux,0.000463238,2.29889e-05,2
516,Uy,0.00390185,0.00021535,2
516,p,0.00189122,1.54056e-05,5
516,omega,0.00016096,5.24913e-06,2
516,k,0.000905842,4.97034e-05,2
517,Ux,0.000453149,2.24438e-05,2
517,Uy,0.00386475,0.000213354,2
517,p,0.00185168,1.56609e-05,5
517,omega,0.000157447,5.10879e-06,2
517,k,0.000894228,4.89373e-05,2
518,Ux,0.000442987,2.18896e-05,2
518,Uy,0.00382836,0.000211277,2
518,p,0.00181098,1.70591e-05,5
518,omega,0.000153921,4.96814e-06,2
518,k,0.00088177,4.80961e-05,2
519,Ux,0.000432765,2.13265e-05,2
519,Uy,0.00379287,0.00020905,2
519,p,0.00176765,7.49259e-06,6
519,omega,0.000150325,4.82745e-06,2
519,k,0.000868088,4.71747e-05,2
520,Ux,0.00042241,2.07558e-05,2
520,Uy,0.00375654,0.000206455,2
520,p,0.00172077,1.60637e-05,5
520,omega,0.000146643,4.6867e-06,2
520,k,0.000853145,4.61714e-05,2
521,Ux,0.000411982,2.01773e-05,2
521,Uy,0.00371923,0.000203382,2
521,p,0.00167132,1.34706e-05,5
521,omega,0.000142909,4.54627e-06,2
521,k,0.000836889,4.50843e-05,2
522,Ux,0.000401451,1.9592e-05,2
522,Uy,0.00367744,0.000199764,2
522,p,0.0016188,9.85336e-06,5
522,omega,0.000139163,4.40635e-06,2
522,k,0.00081928,4.3911e-05,2
523,Ux,0.000390813,1.90029e-05,2
523,Uy,0.00363015,0.000195579,2
523,p,0.00156316,9.61431e-06,5
523,omega,0.000135404,4.26724e-06,2
523,k,0.000800328,4.26524e-05,2
524,Ux,0.000380137,1.84135e-05,2
524,Uy,0.00357555,0.00019082,2
524,p,0.0015063,9.86238e-06,5
524,omega,0.000131642,4.12959e-06,2
524,k,0.000779994,4.13112e-05,2
525,Ux,0.000369434,1.78275e-05,2
525,Uy,0.00351199,0.000185472,2
525,p,0.00144913,9.79498e-06,5
525,omega,0.000127888,3.99384e-06,2
525,k,0.000758289,3.98919e-05,2
526,Ux,0.000358742,1.72494e-05,2
526,Uy,0.00343889,0.000179536,2
526,p,0.00139861,9.39439e-06,5
526,omega,0.000124133,3.86068e-06,2
526,k,0.000735236,3.8398e-05,2
527,Ux,0.000348149,1.6681e-05,2
527,Uy,0.00335587,0.000173022,2
527,p,0.00135364,8.68649e-06,5
527,omega,0.000120384,3.7307e-06,2
527,k,0.000710871,3.68367e-05,2
528,Ux,0.000337664,1.61249e-05,2
528,Uy,0.00326269,0.000165973,2
528,p,0.00131194,7.81218e-06,5
528,omega,0.000116666,3.60427e-06,2
528,k,0.000685273,3.52179e-05,2
529,Ux,0.000327386,1.5583e-05,2
529,Uy,0.00315952,0.000158448,2
529,p,0.00127281,7.09425e-06,5
529,omega,0.000112994,3.48218e-06,2
529,k,0.000658578,3.35544e-05,2
530,Ux,0.000317306,1.50578e-05,2
530,Uy,0.00304672,0.000150532,2
530,p,0.00123513,6.84706e-06,5
530,omega,0.000109388,3.36479e-06,2
530,k,0.000630925,3.1862e-05,2
531,Ux,0.000307478,1.45513e-05,2
531,Uy,0.00292515,0.000142342,2
531,p,0.00119973,7.2617e-06,5
531,omega,0.000105855,3.25256e-06,2
531,k,0.000602514,3.0157e-05,2
532,Ux,0.000297936,1.40662e-05,2
532,Uy,0.00279602,0.000134012,2
532,p,0.00117035,9.11559e-06,5
532,omega,0.000102423,3.14559e-06,2
532,k,0.000573584,2.84605e-05,2
533,Ux,0.000288714,1.36028e-05,2
533,Uy,0.00266086,0.000125693,2
533,p,0.00114527,6.1046e-06,6
533,omega,9.91173e-05,3.04369e-06,2
533,k,0.00054442,2.6793e-05,2
534,Ux,0.000279794,1.31618e-05,2
534,Uy,0.00252159,0.000117544,2
534,p,0.00112017,4.30734e-06,6
534,omega,9.59284e-05,2.94679e-06,2
534,k,0.000515325,2.51703e-05,2
535,Ux,0.000271276,1.27407e-05,2
535,Uy,0.00238048,0.000109716,2
535,p,0.00110243,1.07633e-05,5
535,omega,9.28656e-05,2.85446e-06,2
535,k,0.000486623,2.36063e-05,2
536,Ux,0.000263118,1.23369e-05,2
536,Uy,0.00224002,0.000102343,2
536,p,0.00108214,5.93781e-06,6
536,omega,8.99265e-05,2.76587e-06,2
536,k,0.000458647,2.21157e-05,2
537,Ux,0.000255299,1.19432e-05,2
537,Uy,0.0021029,9.55337e-05,2
537,p,0.00106112,7.87408e-06,6
537,omega,8.71294e-05,2.68047e-06,2
537,k,0.000431678,2.07123e-05,2
538,Ux,0.000247775,1.1556e-05,2
538,Uy,0.0019713,8.93745e-05,2
538,p,0.00103759,8.85668e-06,6
538,omega,8.44653e-05,2.59807e-06,2
538,k,0.00040597,1.94054e-05,2
539,Ux,0.000240511,1.11698e-05,2
539,Uy,0.00184717,8.39447e-05,2
539,p,0.00100772,8.40063e-06,6
539,omega,8.18848e-05,2.51853e-06,2
539,k,0.00038173,1.82037e-05,2
540,Ux,0.00023321,1.07831e-05,2
540,Uy,0.00173265,7.92941e-05,2
540,p,0.000972225,8.08163e-06,6
540,omega,7.93861e-05,2.44158e-06,2
540,k,0.000359124,1.71133e-05,2
541,Ux,0.000226032,1.03945e-05,2
541,Uy,0.0016292,7.54137e-05,2
541,p,0.000931475,8.47018e-06,6
541,omega,7.69764e-05,2.36713e-06,2
541,k,0.000338276,1.61345e-05,2
542,Ux,0.000218741,1.0003e-05,2
542,Uy,0.00153739,7.22814e-05,2
542,p,0.000887159,8.68971e-06,6
542,omega,7.46491e-05,2.29452e-06,2
542,k,0.000319236,1.52636e-05,2
543,Ux,0.000211289,9.61e-06,2
543,Uy,0.00145781,6.98286e-05,2
543,p,0.000838846,6.01491e-06,6
543,omega,7.24164e-05,2.2229e-06,2
543,k,0.000302058,1.44984e-05,2
544,Ux,0.000203673,9.2182e-06,2
544,Uy,0.00139035,6.79412e-05,2
544,p,0.000787604,4.97938e-06,6
544,omega,7.02767e-05,2.1511e-06,2
544,k,0.000286714,1.38362e-05,2
545,Ux,0.00019598,8.83047e-06,2
545,Uy,0.00133426,6.64784e-05,2
545,p,0.000734661,4.33795e-06,6
545,omega,6.82143e-05,2.07894e-06,2
545,k,0.000273099,1.32716e-05,2
546,Ux,0.000188278,8.45142e-06,2
546,Uy,0.00128926,6.49681e-05,2
546,p,0.000681719,5.37433e-06,6
546,omega,6.62189e-05,2.00706e-06,2
546,k,0.000261128,1.27976e-05,2
547,Ux,0.000180647,8.08558e-06,2
547,Uy,0.00124887,6.31175e-05,2
547,p,0.000630501,4.76752e-06,6
547,omega,6.42337e-05,1.93613e-06,2
547,k,0.000250746,1.2407e-05,2
548,Ux,0.000173147,7.73715e-06,2
548,Uy,0.00120956,6.09745e-05,2
548,p,0.000581306,5.40378e-06,6
548,omega,6.2224e-05,1.8664e-06,2
548,k,0.000241836,1.20895e-05,2
549,Ux,0.000165872,7.40986e-06,2
549,Uy,0.00117613,5.85994e-05,2
549,p,0.00053612,5.19124e-06,6
549,omega,6.02057e-05,1.79838e-06,2
549,k,0.000234283,1.18346e-05,2
550,Ux,0.000158871,7.10328e-06,2
550,Uy,0.00114114,5.60254e-05,2
550,p,0.000497159,1.7193e-06,7
550,omega,5.81953e-05,1.73249e-06,2
550,k,0.000227945,1.16309e-05,2
551,Ux,0.000152212,6.81898e-06,2
551,Uy,0.00110458,5.3321e-05,2
551,p,0.000468824,2.29909e-06,7
551,omega,5.62027e-05,1.66886e-06,2
551,k,0.000222668,1.14686e-05,2
552,Ux,0.00014593,6.55581e-06,2
552,Uy,0.00106481,5.05616e-05,2
552,p,0.000443905,4.4187e-06,6
552,omega,5.42435e-05,1.60779e-06,2
552,k,0.000218278,1.13004e-05,2
553,Ux,0.000140027,6.31186e-06,2
553,Uy,0.00102322,4.78107e-05,2
553,p,0.000421597,3.48647e-06,6
553,omega,5.23297e-05,1.54929e-06,2
553,k,0.000214718,1.10991e-05,2
554,Ux,0.000134516,6.08585e-06,2
554,Uy,0.000980231,4.51298e-05,2
554,p,0.000402036,2.7836e-06,6
554,omega,5.04725e-05,1.49351e-06,2
554,k,0.00021135,1.08705e-05,2
555,Ux,0.000129363,5.87122e-06,2
555,Uy,0.000935981,4.25491e-05,2
555,p,0.000385264,2.6271e-06,6
555,omega,4.86806e-05,1.44053e-06,2
555,k,0.00020736,1.06212e-05,2
556,Ux,0.000124553,5.66161e-06,2
556,Uy,0.000891444,4.00961e-05,2
556,p,0.000370393,1.97843e-06,6
556,omega,4.69518e-05,1.39012e-06,2
556,k,0.000202866,1.03569e-05,2
557,Ux,0.000119948,5.45809e-06,2
557,Uy,0.00084756,3.7794e-05,2
557,p,0.000356177,2.31928e-06,6
557,omega,4.5292e-05,1.3423e-06,2
557,k,0.000197989,1.00821e-05,2
558,Ux,0.000115591,5.25969e-06,2
558,Uy,0.000805,3.56525e-05,2
558,p,0.000342539,1.91452e-06,6
558,omega,4.37e-05,1.29678e-06,2
558,k,0.000192837,9.80043e-06,2
559,Ux,0.000111368,5.06774e-06,2
559,Uy,0.000764196,3.36735e-05,2
559,p,0.000329089,1.69576e-06,6
559,omega,4.21763e-05,1.25353e-06,2
559,k,0.000187501,9.51508e-06,2
560,Ux,0.000107281,4.88267e-06,2
560,Uy,0.000725488,3.18553e-05,2
560,p,0.000315921,1.62555e-06,6
560,omega,4.07203e-05,1.21229e-06,2
560,k,0.000182048,9.22881e-06,2
561,Ux,0.000103324,4.7049e-06,2
561,Uy,0.000689067,3.01917e-05,2
561,p,0.000303014,2.83742e-06,5
561,omega,3.93247e-05,1.17291e-06,2
561,k,0.00017654,8.94374e-06,2
562,Ux,9.94979e-05,4.53412e-06,2
562,Uy,0.000655003,2.86738e-05,2
562,p,0.000290599,2.67929e-06,5
562,omega,3.79838e-05,1.13527e-06,2
562,k,0.000171031,8.66147e-06,2
563,Ux,9.58133e-05,4.36983e-06,2
563,Uy,0.000623304,2.72914e-05,2
563,p,0.000279422,2.58504e-06,5
563,omega,3.66979e-05,1.09913e-06,2
563,k,0.00016556,8.3834e-06,2
564,Ux,9.22615e-05,4.21199e-06,2
564,Uy,0.000593897,2.60316e-05,2
564,p,0.000269106,2.53986e-06,5
564,omega,3.5461e-05,1.06436e-06,2
564,k,0.000160157,8.11048e-06,2
565,Ux,8.88504e-05,4.0608e-06,2
565,Uy,0.00056669,2.48827e-05,2
565,p,0.000259341,2.53352e-06,5
565,omega,3.42734e-05,1.03084e-06,2
565,k,0.000154849,7.84345e-06,2
566,Ux,8.55771e-05,3.91623e-06,2
566,Uy,0.000541539,2.38342e-05,2
566,p,0.000250797,1.53975e-06,6
566,omega,3.31298e-05,9.98445e-07,2
566,k,0.000149651,7.58257e-06,2
567,Ux,8.24322e-05,3.77832e-06,2
567,Uy,0.000518294,2.28734e-05,2
567,p,0.000243016,1.54339e-06,6
567,omega,3.20294e-05,9.6706e-07,2
567,k,0.000144575,7.32816e-06,2
568,Ux,7.94214e-05,3.64619e-06,2
568,Uy,0.000496836,2.19919e-05,2
568,p,0.00023529,1.56795e-06,6
568,omega,3.09677e-05,9.3664e-07,2
568,k,0.000139631,7.08048e-06,2
569,Ux,7.65398e-05,3.51968e-06,2
569,Uy,0.000477008,2.11801e-05,2
569,p,0.000227671,1.72012e-06,6
569,omega,2.99419e-05,9.07134e-07,2
569,k,0.000134824,6.83967e-06,2
570,Ux,7.37858e-05,3.39873e-06,2
570,Uy,0.000458644,2.0429e-05,2
570,p,0.000220219,2.06682e-06,6
570,omega,2.89504e-05,8.78501e-07,2
570,k,0.000130152,6.60575e-06,2
571,Ux,7.11548e-05,3.28326e-06,2
571,Uy,0.000441576,1.97292e-05,2
571,p,0.000212784,1.49688e-06,6
571,omega,2.79914e-05,8.50714e-07,2
571,k,0.000125615,6.37855e-06,2
572,Ux,6.86442e-05,3.17311e-06,2
572,Uy,0.000425582,1.907e-05,2
572,p,0.000205391,1.2302e-06,6
572,omega,2.7064e-05,8.23778e-07,2
572,k,0.000121214,6.15794e-06,2
573,Ux,6.62446e-05,3.06788e-06,2
573,Uy,0.000410564,1.84477e-05,2
573,p,0.00019833,1.15029e-06,6
573,omega,2.61659e-05,7.97651e-07,2
573,k,0.000116948,5.94397e-06,2
574,Ux,6.39524e-05,2.96735e-06,2
574,Uy,0.000396446,1.78595e-05,2
574,p,0.000191484,1.06548e-06,6
574,omega,2.52974e-05,7.72331e-07,2
574,k,0.000112816,5.73649e-06,2
575,Ux,6.17659e-05,2.87141e-06,2
575,Uy,0.000383104,1.73001e-05,2
575,p,0.000184965,9.75559e-07,6
575,omega,2.44576e-05,7.47794e-07,2
575,k,0.000108813,5.53535e-06,2
576,Ux,5.96808e-05,2.77988e-06,2
576,Uy,0.000370434,1.67656e-05,2
576,p,0.000178801,8.77859e-07,6
576,omega,2.36455e-05,7.24032e-07,2
576,k,0.000104936,5.34047e-06,2
577,Ux,5.76934e-05,2.69255e-06,2
577,Uy,0.000358353,1.62524e-05,2
577,p,0.000172868,7.74627e-07,6
577,omega,2.28616e-05,7.01024e-07,2
577,k,0.000101185,5.1517e-06,2
578,Ux,5.57981e-05,2.60901e-06,2
578,Uy,0.000346806,1.57579e-05,2
578,p,0.000167351,6.75999e-07,6
578,omega,2.21055e-05,6.78763e-07,2
578,k,9.75554e-05,4.969e-06,2
579,Ux,5.39907e-05,2.52909e-06,2
579,Uy,0.00033573,1.52804e-05,2
579,p,0.000162056,5.89443e-07,6
579,omega,2.13754e-05,6.57255e-07,2
579,k,9.4046e-05,4.79239e-06,2
580,Ux,5.22658e-05,2.45267e-06,2
580,Uy,0.000325073,1.48188e-05,2
580,p,0.000157086,1.56554e-06,5
580,omega,2.06723e-05,6.36484e-07,2
580,k,9.06537e-05,4.62167e-06,2
581,Ux,5.06192e-05,2.37959e-06,2
581,Uy,0.000314788,1.43719e-05,2
581,p,0.000152376,1.46839e-06,5
581,omega,1.99952e-05,6.16414e-07,2
581,k,8.73775e-05,4.45682e-06,2
582,Ux,4.90492e-05,2.30972e-06,2
582,Uy,0.000304864,1.39399e-05,2
582,p,0.000147925,1.38837e-06,5
582,omega,1.93438e-05,5.97052e-07,2
582,k,8.42157e-05,4.29782e-06,2
583,Ux,4.75538e-05,2.24304e-06,2
583,Uy,0.000295275,1.35226e-05,2
583,p,0.000143764,1.32033e-06,5
583,omega,1.87179e-05,5.78387e-07,2
583,k,8.11669e-05,4.14461e-06,2
584,Ux,4.61283e-05,2.17941e-06,2
584,Uy,0.000286005,1.31198e-05,2
584,p,0.000139878,1.2625e-06,5
584,omega,1.81154e-05,5.60408e-07,2
584,k,7.82304e-05,3.9972e-06,2
585,Ux,4.47712e-05,2.1186e-06,2
585,Uy,0.000277045,1.27318e-05,2
585,p,0.000136294,1.21507e-06,5
585,omega,1.75359e-05,5.43119e-07,2
585,k,7.54049e-05,3.85556e-06,2
586,Ux,4.34785e-05,2.06042e-06,2
586,Uy,0.000268389,1.23587e-05,2
586,p,0.000133077,1.17904e-06,5
586,omega,1.69789e-05,5.26485e-07,2
586,k,7.26893e-05,3.71961e-06,2
587,Ux,4.22482e-05,2.00477e-06,2
587,Uy,0.000260045,1.20004e-05,2
587,p,0.000130076,1.15747e-06,5
587,omega,1.64442e-05,5.105e-07,2
587,k,7.00825e-05,3.58938e-06,2
588,Ux,4.10763e-05,1.95155e-06,2
588,Uy,0.000252001,1.16573e-05,2
588,p,0.000127219,1.15473e-06,5
588,omega,1.59306e-05,4.95169e-07,2
588,k,6.75845e-05,3.46482e-06,2
589,Ux,3.99614e-05,1.90064e-06,2
589,Uy,0.000244254,1.13295e-05,2
589,p,0.000124449,1.17936e-06,5
589,omega,1.54378e-05,4.80488e-07,2
589,k,6.51954e-05,3.34597e-06,2
590,Ux,3.89e-05,1.85192e-06,2
590,Uy,0.000236805,1.10174e-05,2
590,p,0.000121734,6.94816e-07,6
590,omega,1.49658e-05,4.66437e-07,2
590,k,6.29152e-05,3.23286e-06,2
591,Ux,3.78899e-05,1.80531e-06,2
591,Uy,0.000229677,1.07219e-05,2
591,p,0.000119049,7.10107e-07,6
591,omega,1.45149e-05,4.53003e-07,2
591,k,6.07433e-05,3.12546e-06,2
592,Ux,3.69298e-05,1.76058e-06,2
592,Uy,0.000222841,1.04419e-05,2
592,p,0.00011634,7.01926e-07,6
592,omega,1.40849e-05,4.40191e-07,2
592,k,5.86792e-05,3.02374e-06,2
593,Ux,3.60164e-05,1.71767e-06,2
593,Uy,0.000216301,1.01776e-05,2
593,p,0.000113605,6.63059e-07,6
593,omega,1.36754e-05,4.27977e-07,2
593,k,5.67221e-05,2.9277e-06,2
594,Ux,3.51475e-05,1.67643e-06,2
594,Uy,0.000210063,9.92897e-06,2
594,p,0.000110814,6.56946e-07,6
594,omega,1.32862e-05,4.16352e-07,2
594,k,5.4872e-05,2.83726e-06,2
595,Ux,3.43219e-05,1.63673e-06,2
595,Uy,0.000204131,9.69605e-06,2
595,p,0.000107969,7.24574e-07,6
595,omega,1.29163e-05,4.05292e-07,2
595,k,5.31265e-05,2.75239e-06,2
596,Ux,3.35369e-05,1.59827e-06,2
596,Uy,0.000198506,9.47827e-06,2
596,p,0.000105111,9.23742e-07,6
596,omega,1.25649e-05,3.94791e-07,2
596,k,5.14856e-05,2.67306e-06,2
597,Ux,3.27877e-05,1.56079e-06,2
597,Uy,0.000193183,9.27492e-06,2
597,p,0.000102317,4.58528e-07,7
597,omega,1.22318e-05,3.84846e-07,2
597,k,4.9948e-05,2.59917e-06,2
598,Ux,3.20658e-05,1.52415e-06,2
598,Uy,0.000188141,9.0853e-06,2
598,p,9.95085e-05,4.47463e-07,7
598,omega,1.19163e-05,3.75419e-07,2
598,k,4.8512e-05,2.53069e-06,2
599,Ux,3.13662e-05,1.48836e-06,2
599,Uy,0.000183393,8.90934e-06,2
599,p,9.67178e-05,4.36278e-07,7
599,omega,1.16181e-05,3.66487e-07,2
599,k,4.71773e-05,2.46747e-06,2
600,Ux,3.06824e-05,1.4534e-06,2
600,Uy,0.000178933,8.74614e-06,2
600,p,9.39216e-05,8.26931e-07,6
600,omega,1.13365e-05,3.58002e-07,2
600,k,4.5942e-05,2.40938e-06,2
601,Ux,3.00056e-05,1.41927e-06,2
601,Uy,0.000174755,8.59486e-06,2
601,p,9.11522e-05,6.59663e-07,6
601,omega,1.10716e-05,3.49935e-07,2
601,k,4.48014e-05,2.35631e-06,2
602,Ux,2.93364e-05,1.38585e-06,2
602,Uy,0.000170837,8.45419e-06,2
602,p,8.83462e-05,5.43444e-07,6
602,omega,1.08215e-05,3.42232e-07,2
602,k,4.37547e-05,2.30812e-06,2
603,Ux,2.86749e-05,1.35323e-06,2
603,Uy,0.000167163,8.32251e-06,2
603,p,8.55561e-05,4.60255e-07,6
603,omega,1.05847e-05,3.34823e-07,2
603,k,4.27997e-05,2.26454e-06,2
604,Ux,2.80232e-05,1.32144e-06,2
604,Uy,0.000163713,8.19824e-06,2
604,p,8.28494e-05,4.15937e-07,6
604,omega,1.03609e-05,3.2762e-07,2
604,k,4.1932e-05,2.22538e-06,2
605,Ux,2.738e-05,1.2904e-06,2
605,Uy,0.00016047,8.07993e-06,2
605,p,8.01579e-05,3.83963e-07,6
605,omega,1.01482e-05,3.20495e-07,2
605,k,4.11478e-05,2.19035e-06,2
606,Ux,2.67456e-05,1.26013e-06,2
606,Uy,0.000157422,7.96646e-06,2
606,p,7.75351e-05,3.34726e-07,6
606,omega,9.94403e-06,3.13405e-07,2
606,k,4.04426e-05,2.15915e-06,2
607,Ux,2.61218e-05,1.23056e-06,2
607,Uy,0.000154554,7.85688e-06,2
607,p,7.49447e-05,3.15907e-07,6
607,omega,9.74528e-06,3.06359e-07,2
607,k,3.98096e-05,2.13144e-06,2
608,Ux,2.55078e-05,1.20173e-06,2
608,Uy,0.000151853,7.75033e-06,2
608,p,7.24138e-05,3.46576e-07,6
608,omega,9.54845e-06,2.9937e-07,2
608,k,3.9243e-05,2.10678e-06,2
609,Ux,2.49059e-05,1.17359e-06,2
609,Uy,0.000149303,7.64551e-06,2
609,p,6.99149e-05,3.95643e-07,6
609,omega,9.35119e-06,2.92454e-07,2
609,k,3.87358e-05,2.08475e-06,2
610,Ux,2.43155e-05,1.1462e-06,2
610,Uy,0.000146898,7.54135e-06,2
610,p,6.74796e-05,2.92826e-07,7
610,omega,9.15371e-06,2.85623e-07,2
610,k,3.82795e-05,2.06472e-06,2
611,Ux,2.37372e-05,1.11957e-06,2
611,Uy,0.000144596,7.43615e-06,2
611,p,6.51138e-05,4.91314e-07,6
611,omega,8.9567e-06,2.7888e-07,2
611,k,3.7867e-05,2.04602e-06,2
612,Ux,2.31685e-05,1.09361e-06,2
612,Uy,0.000142382,7.32867e-06,2
612,p,6.2815e-05,4.78137e-07,6
612,omega,8.76103e-06,2.72238e-07,2
612,k,3.74885e-05,2.02777e-06,2
613,Ux,2.26129e-05,1.06829e-06,2
613,Uy,0.000140235,7.2175e-06,2
613,p,6.06126e-05,4.6247e-07,6
613,omega,8.56631e-06,2.65706e-07,2
613,k,3.71325e-05,2.00788e-06,2
614,Ux,2.20698e-05,1.04359e-06,2
614,Uy,0.000138144,7.10224e-06,2
614,p,5.84599e-05,4.30511e-07,6
614,omega,8.37294e-06,2.59285e-07,2
614,k,3.67845e-05,1.98498e-06,2
615,Ux,2.15396e-05,1.01948e-06,2
615,Uy,0.0001361,6.98176e-06,2
615,p,5.63832e-05,4.1599e-07,6
615,omega,8.18143e-06,2.52989e-07,2
615,k,3.6422e-05,1.95932e-06,2
616,Ux,2.10234e-05,9.95957e-07,2
616,Uy,0.00013408,6.85273e-06,2
616,p,5.43535e-05,4.1804e-07,6
616,omega,7.99157e-06,2.46816e-07,2
616,k,3.60071e-05,1.93113e-06,2
617,Ux,2.05204e-05,9.72965e-07,2
617,Uy,0.000132102,6.71544e-06,2
617,p,5.2387e-05,4.30302e-07,6
617,omega,7.80399e-06,2.40766e-07,2
617,k,3.55408e-05,1.90056e-06,2
618,Ux,2.00299e-05,9.50235e-07,2
618,Uy,0.000130011,6.57079e-06,2
618,p,5.04998e-05,4.39947e-07,6
618,omega,7.61893e-06,2.34851e-07,2
618,k,3.50269e-05,1.86782e-06,2
619,Ux,1.95514e-05,9.27497e-07,2
619,Uy,0.000127834,6.41975e-06,2
619,p,4.86816e-05,4.37266e-07,6
619,omega,7.43611e-06,2.29063e-07,2
619,k,3.44695e-05,1.83308e-06,2
620,Ux,1.90806e-05,9.04785e-07,2
620,Uy,0.000125559,6.26313e-06,2
620,p,4.69376e-05,4.36736e-07,5
620,omega,7.25614e-06,2.23415e-07,2
620,k,3.3872e-05,1.79654e-06,2
621,Ux,1.86197e-05,8.82297e-07,2
621,Uy,0.000123137,6.10172e-06,2
621,p,4.52562e-05,3.26012e-07,6
621,omega,7.07898e-06,2.17896e-07,2
621,k,3.32379e-05,1.75841e-06,2
622,Ux,1.81592e-05,8.59879e-07,2
622,Uy,0.000120576,5.93634e-06,2
622,p,4.36832e-05,2.25599e-07,6
622,omega,6.90456e-06,2.12505e-07,2
622,k,3.25708e-05,1.71889e-06,2
623,Ux,1.77032e-05,8.37757e-07,2
623,Uy,0.000117898,5.76796e-06,2
623,p,4.21698e-05,1.58666e-07,6
623,omega,6.73315e-06,2.07238e-07,2
623,k,3.18748e-05,1.67819e-06,2
624,Ux,1.72529e-05,8.15918e-07,2
624,Uy,0.000115116,5.59733e-06,2
624,p,4.07248e-05,3.58832e-07,5
624,omega,6.56483e-06,2.02098e-07,2
624,k,3.11538e-05,1.63652e-06,2
625,Ux,1.68086e-05,7.94443e-07,2
625,Uy,0.000112248,5.42516e-06,2
625,p,3.93517e-05,2.92941e-07,5
625,omega,6.4004e-06,1.97076e-07,2
625,k,3.04117e-05,1.59405e-06,2
626,Ux,1.63716e-05,7.73325e-07,2
626,Uy,0.000109309,5.25233e-06,2
626,p,3.80671e-05,2.68119e-07,5
626,omega,6.23963e-06,1.92173e-07,2
626,k,2.96522e-05,1.551e-06,2
627,Ux,1.59417e-05,7.52601e-07,2
627,Uy,0.000106317,5.07974e-06,2
627,p,3.68983e-05,2.59704e-07,5
627,omega,6.0818e-06,1.87381e-07,2
627,k,2.88788e-05,1.50755e-06,2
628,Ux,1.55197e-05,7.3237e-07,2
628,Uy,0.000103288,4.90821e-06,2
628,p,3.59331e-05,2.58882e-07,5
628,omega,5.92608e-06,1.82696e-07,2
628,k,2.80952e-05,1.46388e-06,2
629,Ux,1.51071e-05,7.12675e-07,2
629,Uy,0.000100234,4.73845e-06,2
629,p,3.52408e-05,2.6166e-07,5
629,omega,5.77277e-06,1.78115e-07,2
629,k,2.73047e-05,1.42017e-06,2
630,Ux,1.47033e-05,6.93525e-07,2
630,Uy,9.71691e-05,4.57095e-06,2
630,p,3.4828e-05,2.64743e-07,5
630,omega,5.62206e-06,1.73631e-07,2
630,k,2.65108e-05,1.37657e-06,2
631,Ux,1.43099e-05,6.74953e-07,2
631,Uy,9.41052e-05,4.40614e-06,2
631,p,3.44826e-05,2.6739e-07,5
631,omega,5.474e-06,1.69235e-07,2
631,k,2.57164e-05,1.33326e-06,2
632,Ux,1.39269e-05,6.56954e-07,2
632,Uy,9.10533e-05,4.24458e-06,2
632,p,3.41418e-05,2.69902e-07,5
632,omega,5.32866e-06,1.64927e-07,2
632,k,2.49243e-05,1.29036e-06,2
633,Ux,1.35541e-05,6.39542e-07,2
633,Uy,8.80258e-05,4.08676e-06,2
633,p,3.37971e-05,2.72326e-07,5
633,omega,5.18618e-06,1.60704e-07,2
633,k,2.41375e-05,1.24804e-06,2
634,Ux,1.31931e-05,6.22675e-07,2
634,Uy,8.50339e-05,3.93319e-06,2
634,p,3.3434e-05,2.76013e-07,5
634,omega,5.04666e-06,1.5656e-07,2
634,k,2.33586e-05,1.2064e-06,2
635,Ux,1.28426e-05,6.06397e-07,2
635,Uy,8.20893e-05,3.78428e-06,2
635,p,3.30644e-05,2.81487e-07,5
635,omega,4.91018e-06,1.525e-07,2
635,k,2.25902e-05,1.16556e-06,2
636,Ux,1.25049e-05,5.9069e-07,2
636,Uy,7.92008e-05,3.64045e-06,2
636,p,3.26482e-05,2.87736e-07,5
636,omega,4.77679e-06,1.48522e-07,2
636,k,2.18347e-05,1.12565e-06,2
637,Ux,1.2178e-05,5.75547e-07,2
637,Uy,7.63765e-05,3.502e-06,2
637,p,3.22086e-05,2.94109e-07,5
637,omega,4.64668e-06,1.44629e-07,2
637,k,2.10942e-05,1.08676e-06,2
638,Ux,1.18632e-05,5.60959e-07,2
638,Uy,7.36247e-05,3.3692e-06,2
638,p,3.17198e-05,3.0024e-07,5
638,omega,4.51979e-06,1.40824e-07,2
638,k,2.03708e-05,1.04899e-06,2
639,Ux,1.15595e-05,5.46897e-07,2
639,Uy,7.0953e-05,3.24237e-06,2
639,p,3.1195e-05,3.0686e-07,5
639,omega,4.39639e-06,1.37109e-07,2
639,k,1.96664e-05,1.01241e-06,2
640,Ux,1.12672e-05,5.33354e-07,2
640,Uy,6.83678e-05,3.12165e-06,2
640,p,3.06304e-05,1.16165e-07,6
640,omega,4.27644e-06,1.33488e-07,2
640,k,1.89826e-05,9.77112e-07,2
641,Ux,1.09859e-05,5.20322e-07,2
641,Uy,6.58792e-05,3.00734e-06,2
641,p,3.00448e-05,1.35076e-07,6
641,omega,4.15971e-06,1.29967e-07,2
641,k,1.8321e-05,9.43157e-07,2
642,Ux,1.07154e-05,5.07767e-07,2
642,Uy,6.34874e-05,2.89931e-06,2
642,p,2.94383e-05,1.5503e-07,6
642,omega,4.04612e-06,1.26547e-07,2
642,k,1.7683e-05,9.10594e-07,2
643,Ux,1.04558e-05,4.95657e-07,2
643,Uy,6.11957e-05,2.79761e-06,2
643,p,2.88053e-05,1.70509e-07,6
643,omega,3.93596e-06,1.23233e-07,2
643,k,1.70694e-05,8.79462e-07,2
644,Ux,1.02061e-05,4.83992e-07,2
644,Uy,5.90053e-05,2.70215e-06,2
644,p,2.81494e-05,1.83015e-07,6
644,omega,3.82927e-06,1.20029e-07,2
644,k,1.64812e-05,8.49799e-07,2
645,Ux,9.96686e-06,4.72725e-07,2
645,Uy,5.69182e-05,2.61282e-06,2
645,p,2.74756e-05,1.91516e-07,6
645,omega,3.72611e-06,1.16933e-07,2
645,k,1.59193e-05,8.21624e-07,2
646,Ux,9.73716e-06,4.61855e-07,2
646,Uy,5.49351e-05,2.52954e-06,2
646,p,2.67909e-05,1.9735e-07,6
646,omega,3.62672e-06,1.1395e-07,2
646,k,1.53847e-05,7.94977e-07,2
647,Ux,9.51719e-06,4.51334e-07,2
647,Uy,5.30575e-05,2.4522e-06,2
647,p,2.60992e-05,1.94491e-07,6
647,omega,3.53117e-06,1.11082e-07,2
647,k,1.48776e-05,7.69861e-07,2
648,Ux,9.30599e-06,4.4115e-07,2
648,Uy,5.12848e-05,2.38068e-06,2
648,p,2.54085e-05,1.86341e-07,6
648,omega,3.43948e-06,1.08327e-07,2
648,k,1.43985e-05,7.46281e-07,2
649,Ux,9.10383e-06,4.31187e-07,2
649,Uy,4.96168e-05,2.31484e-06,2
649,p,2.47369e-05,1.8755e-07,6
649,omega,3.35172e-06,1.05687e-07,2
649,k,1.39476e-05,7.24239e-07,2
650,Ux,8.90944e-06,4.21427e-07,2
650,Uy,4.805e-05,2.25437e-06,2
650,p,2.40622e-05,2.04066e-07,6
650,omega,3.26764e-06,1.03158e-07,2
650,k,1.35249e-05,7.03719e-07,2
651,Ux,8.72159e-06,4.11847e-07,2
651,Uy,4.65824e-05,2.19893e-06,2
651,p,2.33836e-05,2.01962e-07,7
651,omega,3.18729e-06,1.00737e-07,2
651,k,1.31301e-05,6.84725e-07,2
652,Ux,8.53698e-06,4.02424e-07,2
652,Uy,4.5209e-05,2.148e-06,2
652,p,2.27072e-05,1.55148e-07,7
652,omega,3.1106e-06,9.84237e-08,2
652,k,1.27631e-05,6.67267e-07,2
653,Ux,8.35666e-06,3.93192e-07,2
653,Uy,4.3929e-05,2.10139e-06,2
653,p,2.20728e-05,1.61277e-07,7
653,omega,3.03752e-06,9.62071e-08,2
653,k,1.24236e-05,6.51271e-07,2
654,Ux,8.17685e-06,3.84126e-07,2
654,Uy,4.27384e-05,2.05874e-06,2
654,p,2.1448e-05,2.02685e-07,6
654,omega,2.96788e-06,9.40773e-08,2
654,k,1.21111e-05,6.367e-07,2
655,Ux,7.99814e-06,3.75235e-07,2
655,Uy,4.16338e-05,2.01964e-06,2
655,p,2.08196e-05,1.68639e-07,6
655,omega,2.90186e-06,9.20211e-08,2
655,k,1.18246e-05,6.23505e-07,2
656,Ux,7.82022e-06,3.66477e-07,2
656,Uy,4.06082e-05,1.98369e-06,2
656,p,2.01891e-05,1.41166e-07,6
656,omega,2.83879e-06,9.00203e-08,2
656,k,1.15636e-05,6.11632e-07,2
657,Ux,7.64358e-06,3.57891e-07,2
657,Uy,3.96546e-05,1.95031e-06,2
657,p,1.9561e-05,1.23873e-07,6
657,omega,2.77845e-06,8.80403e-08,2
657,k,1.13271e-05,6.01008e-07,2
658,Ux,7.46849e-06,3.49472e-07,2
658,Uy,3.8765e-05,1.91901e-06,2
658,p,1.89332e-05,1.14242e-07,6
658,omega,2.7205e-06,8.60613e-08,2
658,k,1.11141e-05,5.91562e-07,2
659,Ux,7.29485e-06,3.41236e-07,2
659,Uy,3.79335e-05,1.88944e-06,2
659,p,1.83119e-05,1.05037e-07,6
659,omega,2.66458e-06,8.4084e-08,2
659,k,1.09231e-05,5.83196e-07,2
660,Ux,7.12347e-06,3.33164e-07,2
660,Uy,3.71551e-05,1.86123e-06,2
660,p,1.77103e-05,9.01718e-08,6
660,omega,2.6098e-06,8.21136e-08,2
660,k,1.0753e-05,5.75823e-07,2
661,Ux,6.9541e-06,3.25278e-07,2
661,Uy,3.64265e-05,1.83405e-06,2
661,p,1.71102e-05,6.96869e-08,6
661,omega,2.55499e-06,8.01543e-08,2
661,k,1.06018e-05,5.69325e-07,2
662,Ux,6.78743e-06,3.17561e-07,2
662,Uy,3.57419e-05,1.80761e-06,2
662,p,1.65263e-05,6.29973e-08,6
662,omega,2.50014e-06,7.82083e-08,2
662,k,1.04673e-05,5.63559e-07,2
663,Ux,6.62313e-06,3.10008e-07,2
663,Uy,3.50961e-05,1.78167e-06,2
663,p,1.5952e-05,8.8475e-08,6
663,omega,2.44527e-06,7.62786e-08,2
663,k,1.03477e-05,5.58376e-07,2
664,Ux,6.46173e-06,3.02604e-07,2
664,Uy,3.44852e-05,1.75598e-06,2
664,p,1.53958e-05,1.10843e-07,6
664,omega,2.39037e-06,7.43706e-08,2
664,k,1.02404e-05,5.5358e-07,2
665,Ux,6.30268e-06,2.95365e-07,2
665,Uy,3.39081e-05,1.73051e-06,2
665,p,1.48446e-05,1.43575e-07,6
665,omega,2.33539e-06,7.24862e-08,2
665,k,1.01427e-05,5.48937e-07,2
666,Ux,6.14634e-06,2.88272e-07,2
666,Uy,3.33529e-05,1.70465e-06,2
666,p,1.43275e-05,1.17558e-07,6
666,omega,2.28055e-06,7.06253e-08,2
666,k,1.00511e-05,5.43924e-07,2
667,Ux,5.99254e-06,2.81332e-07,2
667,Uy,3.28151e-05,1.67827e-06,2
667,p,1.38258e-05,1.23165e-07,6
667,omega,2.22596e-06,6.87922e-08,2
667,k,9.96232e-06,5.38094e-07,2
668,Ux,5.84153e-06,2.74518e-07,2
668,Uy,3.22936e-05,1.65133e-06,2
668,p,1.33518e-05,1.17399e-07,6
668,omega,2.17166e-06,6.69893e-08,2
668,k,9.87019e-06,5.315e-07,2
669,Ux,5.69343e-06,2.67817e-07,2
669,Uy,3.17879e-05,1.62378e-06,2
669,p,1.28882e-05,1.14379e-07,6
669,omega,2.1178e-06,6.52162e-08,2
669,k,9.76445e-06,5.24198e-07,2
670,Ux,5.5481e-06,2.61214e-07,2
670,Uy,3.12953e-05,1.59546e-06,2
670,p,1.24423e-05,1.1659e-07,6
670,omega,2.06448e-06,6.3476e-08,2
670,k,9.64522e-06,5.16247e-07,2
671,Ux,5.40537e-06,2.54669e-07,2
671,Uy,3.08135e-05,1.5657e-06,2
671,p,1.20073e-05,4.9233e-08,7
671,omega,2.01172e-06,6.17708e-08,2
671,k,9.51317e-06,5.07706e-07,2
672,Ux,5.26521e-06,2.48122e-07,2
672,Uy,3.03447e-05,1.53448e-06,2
672,p,1.15808e-05,5.27435e-08,7
672,omega,1.95953e-06,6.00975e-08,2
672,k,9.36916e-06,4.98619e-07,2
673,Ux,5.12689e-06,2.41556e-07,2
673,Uy,2.98621e-05,1.50185e-06,2
673,p,1.11705e-05,5.86177e-08,7
673,omega,1.90803e-06,5.84596e-08,2
673,k,9.21427e-06,4.89039e-07,2
674,Ux,4.99012e-06,2.34998e-07,2
674,Uy,2.93582e-05,1.468e-06,2
674,p,1.07719e-05,8.20517e-08,6
674,omega,1.85719e-06,5.68577e-08,2
674,k,9.04937e-06,4.79017e-07,2
675,Ux,4.85415e-06,2.28475e-07,2
675,Uy,2.88402e-05,1.43306e-06,2
675,p,1.03953e-05,5.83476e-08,6
675,omega,1.80715e-06,5.52893e-08,2
675,k,8.87549e-06,4.68601e-07,2
676,Ux,4.71885e-06,2.21978e-07,2
676,Uy,2.82928e-05,1.39727e-06,2
676,p,1.00304e-05,4.56443e-08,6
676,omega,1.75797e-06,5.37567e-08,2
676,k,8.69338e-06,4.57836e-07,2
677,Ux,4.58456e-06,2.15524e-07,2
677,Uy,2.77187e-05,1.36077e-06,2
677,p,9.68676e-06,3.81357e-08,6
677,omega,1.70959e-06,5.22576e-08,2
677,k,8.50399e-06,4.46771e-07,2
678,Ux,4.45153e-06,2.09129e-07,2
678,Uy,2.71213e-05,1.3237e-06,2
678,p,9.35561e-06,3.38513e-08,6
678,omega,1.66206e-06,5.07929e-08,2
678,k,8.30823e-06,4.35454e-07,2
679,Ux,4.32014e-06,2.02807e-07,2
679,Uy,2.6504e-05,1.28625e-06,2
679,p,9.04103e-06,8.88877e-08,5
679,omega,1.61543e-06,4.93615e-08,2
679,k,8.1069e-06,4.23927e-07,2
680,Ux,4.19052e-06,1.96583e-07,2
680,Uy,2.58696e-05,1.24854e-06,2
680,p,8.73451e-06,8.24064e-08,5
680,omega,1.56976e-06,4.79631e-08,2
680,k,7.90089e-06,4.12233e-07,2
681,Ux,4.06283e-06,1.90462e-07,2
681,Uy,2.52211e-05,1.21073e-06,2
681,p,8.44654e-06,8.64198e-08,5
681,omega,1.52498e-06,4.65952e-08,2
681,k,7.69103e-06,4.00413e-07,2
682,Ux,3.93709e-06,1.84457e-07,2
682,Uy,2.45617e-05,1.17295e-06,2
682,p,8.17757e-06,8.7675e-08,5
682,omega,1.48104e-06,4.52572e-08,2
682,k,7.47814e-06,3.88507e-07,2
683,Ux,3.81346e-06,1.78578e-07,2
683,Uy,2.38941e-05,1.13534e-06,2
683,p,7.95081e-06,8.61925e-08,5
683,omega,1.43801e-06,4.39477e-08,2
683,k,7.26297e-06,3.76551e-07,2
684,Ux,3.69225e-06,1.72834e-07,2
684,Uy,2.32213e-05,1.09801e-06,2
684,p,7.77244e-06,8.59798e-08,5
684,omega,1.39587e-06,4.26662e-08,2
684,k,7.04629e-06,3.64583e-07,2
685,Ux,3.57349e-06,1.67227e-07,2
685,Uy,2.25453e-05,1.06105e-06,2
685,p,7.65817e-06,8.62317e-08,5
685,omega,1.3547e-06,4.14099e-08,2
685,k,6.82881e-06,3.52643e-07,2
686,Ux,3.45738e-06,1.61763e-07,2
686,Uy,2.18686e-05,1.02456e-06,2
686,p,7.56915e-06,8.55322e-08,5
686,omega,1.31418e-06,4.01792e-08,2
686,k,6.61113e-06,3.40756e-07,2
687,Ux,3.34422e-06,1.56446e-07,2
687,Uy,2.11931e-05,9.88635e-07,2
687,p,7.48654e-06,8.34461e-08,5
687,omega,1.27432e-06,3.89733e-08,2
687,k,6.39388e-06,3.28952e-07,2
688,Ux,3.23388e-06,1.51281e-07,2
688,Uy,2.05211e-05,9.53346e-07,2
688,p,7.40917e-06,7.99834e-08,5
688,omega,1.2352e-06,3.77908e-08,2
688,k,6.17765e-06,3.17258e-07,2
689,Ux,3.12648e-06,1.46272e-07,2
689,Uy,1.98544e-05,9.18782e-07,2
689,p,7.33146e-06,7.54082e-08,5
689,omega,1.19677e-06,3.66324e-08,2
689,k,5.96296e-06,3.05702e-07,2
690,Ux,3.02216e-06,1.41419e-07,2
690,Uy,1.91948e-05,8.8502e-07,2
690,p,7.24868e-06,7.05935e-08,5
690,omega,1.15905e-06,3.54954e-08,2
690,k,5.75037e-06,2.94309e-07,2
691,Ux,2.92083e-06,1.36722e-07,2
691,Uy,1.85441e-05,8.52117e-07,2
691,p,7.16695e-06,6.66473e-08,5
691,omega,1.12206e-06,3.43821e-08,2
691,k,5.54032e-06,2.83102e-07,2
692,Ux,2.82268e-06,1.32183e-07,2
692,Uy,1.79037e-05,8.20129e-07,2
692,p,7.07847e-06,6.41105e-08,5
692,omega,1.08581e-06,3.32918e-08,2
692,k,5.3333e-06,2.72104e-07,2
693,Ux,2.72774e-06,1.27796e-07,2
693,Uy,1.72751e-05,7.89103e-07,2
693,p,6.98819e-06,6.25572e-08,5
693,omega,1.05036e-06,3.22251e-08,2
693,k,5.12971e-06,2.61335e-07,2
694,Ux,2.63587e-06,1.23565e-07,2
694,Uy,1.66595e-05,7.59086e-07,2
694,p,6.88814e-06,6.15003e-08,5
694,omega,1.01569e-06,3.11813e-08,2
694,k,4.93001e-06,2.50813e-07,2
695,Ux,2.54718e-06,1.19489e-07,2
695,Uy,1.60582e-05,7.30129e-07,2
695,p,6.78276e-06,6.04608e-08,5
695,omega,9.8187e-07,3.0162e-08,2
695,k,4.73452e-06,2.40558e-07,2
696,Ux,2.46152e-06,1.15559e-07,2
696,Uy,1.54724e-05,7.02271e-07,2
696,p,6.67125e-06,5.94205e-08,5
696,omega,9.48915e-07,2.9168e-08,2
696,k,4.5436e-06,2.3058e-07,2
697,Ux,2.37883e-06,1.11779e-07,2
697,Uy,1.49032e-05,6.75543e-07,2
697,p,6.55539e-06,5.85137e-08,5
697,omega,9.16853e-07,2.8199e-08,2
697,k,4.35753e-06,2.20895e-07,2
698,Ux,2.29925e-06,1.08138e-07,2
698,Uy,1.43514e-05,6.49972e-07,2
698,p,6.43631e-06,5.76456e-08,5
698,omega,8.857e-07,2.72567e-08,2
698,k,4.1766e-06,2.11514e-07,2
699,Ux,2.22258e-06,1.04638e-07,2
699,Uy,1.38179e-05,6.25578e-07,2
699,p,6.31245e-06,5.66592e-08,5
699,omega,8.55476e-07,2.63414e-08,2
699,k,4.00119e-06,2.02448e-07,2
700,Ux,2.14906e-06,1.01278e-07,2
700,Uy,1.33036e-05,6.02384e-07,2
700,p,6.1851e-06,5.55223e-08,5
700,omega,8.26208e-07,2.54526e-08,2
700,k,3.83152e-06,1.93706e-07,2
701,Ux,2.07852e-06,9.80521e-08,2
701,Uy,1.28089e-05,5.80391e-07,2
701,p,6.05477e-06,5.4304e-08,5
701,omega,7.97806e-07,2.45922e-08,2
701,k,3.66775e-06,1.85297e-07,2
702,Ux,2.01079e-06,9.49558e-08,2
702,Uy,1.23346e-05,5.59602e-07,2
702,p,5.92227e-06,5.31022e-08,5
702,omega,7.70263e-07,2.37606e-08,2
702,k,3.51003e-06,1.77227e-07,2
703,Ux,1.94591e-06,9.19811e-08,2
703,Uy,1.18806e-05,5.40016e-07,2
703,p,5.79098e-06,5.20596e-08,5
703,omega,7.43633e-07,2.29574e-08,2
703,k,3.35838e-06,1.69501e-07,2
704,Ux,1.88368e-06,8.91245e-08,2
704,Uy,1.14472e-05,5.21611e-07,2
704,p,5.66113e-06,5.12736e-08,5
704,omega,7.17953e-07,2.21828e-08,2
704,k,3.21292e-06,1.62118e-07,2
705,Ux,1.82416e-06,8.63851e-08,2
705,Uy,1.10341e-05,5.04359e-07,2
705,p,5.53554e-06,5.08489e-08,5
705,omega,6.93219e-07,2.14374e-08,2
705,k,3.07371e-06,1.55081e-07,2
706,Ux,1.76724e-06,8.37574e-08,2
706,Uy,1.06418e-05,4.88238e-07,2
706,p,5.40929e-06,5.0985e-08,5
706,omega,6.69432e-07,2.07217e-08,2
706,k,2.94077e-06,1.48391e-07,2
707,Ux,1.71283e-06,8.12385e-08,2
707,Uy,1.02698e-05,4.73221e-07,2
707,p,5.28155e-06,5.21732e-08,5
707,omega,6.46595e-07,2.00354e-08,2
707,k,2.81412e-06,1.42047e-07,2
708,Ux,1.66097e-06,7.88224e-08,2
708,Uy,9.91786e-06,4.59259e-07,2
708,p,5.15986e-06,5.56058e-08,5
708,omega,6.24752e-07,1.93781e-08,2
708,k,2.69379e-06,1.36049e-07,2
709,Ux,1.61143e-06,7.65047e-08,2
709,Uy,9.5857e-06,4.46308e-07,2
709,p,5.03719e-06,6.3137e-08,5
709,omega,6.03894e-07,1.87501e-08,2
709,k,2.57979e-06,1.30393e-07,2
710,Ux,1.56428e-06,7.42867e-08,2
710,Uy,9.27267e-06,4.34329e-07,2
710,p,4.91093e-06,7.04166e-08,5
710,omega,5.84e-07,1.81513e-08,2
710,k,2.47204e-06,1.25071e-07,2
711,Ux,1.51944e-06,7.21569e-08,2
711,Uy,8.97827e-06,4.23259e-07,2
711,p,4.78326e-06,8.04741e-08,5
711,omega,5.6503e-07,1.75811e-08,2
711,k,2.37048e-06,1.20082e-07,2
712,Ux,1.4768e-06,7.01145e-08,2
712,Uy,8.70199e-06,4.13032e-07,2
712,p,4.65661e-06,8.27715e-08,5
712,omega,5.46958e-07,1.70389e-08,2
712,k,2.275e-06,1.15414e-07,2
713,Ux,1.43627e-06,6.81523e-08,2
713,Uy,8.44304e-06,4.0359e-07,2
713,p,4.52725e-06,7.83124e-08,5
713,omega,5.29791e-07,1.65241e-08,2
713,k,2.18551e-06,1.11061e-07,2
714,Ux,1.39764e-06,6.62497e-08,2
714,Uy,8.20056e-06,3.94863e-07,2
714,p,4.39691e-06,6.67518e-08,5
714,omega,5.13492e-07,1.60365e-08,2
714,k,2.10185e-06,1.07016e-07,2
715,Ux,1.36066e-06,6.44002e-08,2
715,Uy,7.97382e-06,3.86777e-07,2
715,p,4.26733e-06,6.70763e-08,5
715,omega,4.98082e-07,1.55754e-08,2
715,k,2.02388e-06,1.03273e-07,2
716,Ux,1.32507e-06,6.25995e-08,2
716,Uy,7.76217e-06,3.79292e-07,2
716,p,4.13739e-06,7.49935e-08,5
716,omega,4.83567e-07,1.51392e-08,2
716,k,1.95143e-06,9.98251e-08,2
717,Ux,1.29062e-06,6.08457e-08,2
717,Uy,7.5647e-06,3.72349e-07,2
717,p,4.00627e-06,7.58677e-08,5
717,omega,4.69862e-07,1.47275e-08,2
717,k,1.88438e-06,9.6665e-08,2
718,Ux,1.25714e-06,5.91447e-08,2
718,Uy,7.38026e-06,3.65865e-07,2
718,p,3.87566e-06,9.83709e-08,4
718,omega,4.56874e-07,1.43387e-08,2
718,k,1.82254e-06,9.37833e-08,2
719,Ux,1.22426e-06,5.74962e-08,2
719,Uy,7.20691e-06,3.59633e-07,2
719,p,3.74737e-06,9.27709e-08,4
719,omega,4.44741e-07,1.39714e-08,2
719,k,1.76583e-06,9.11703e-08,2
720,Ux,1.192e-06,5.58946e-08,2
720,Uy,7.04405e-06,3.53704e-07,2
720,p,3.61955e-06,8.79151e-08,4
720,omega,4.33364e-07,1.36226e-08,2
720,k,1.71412e-06,8.88161e-08,2
721,Ux,1.16039e-06,5.43456e-08,2
721,Uy,6.89096e-06,3.48021e-07,2
721,p,3.49546e-06,8.36935e-08,4
721,omega,4.22668e-07,1.32892e-08,2
721,k,1.66718e-06,8.671e-08,2
722,Ux,1.12941e-06,5.28464e-08,2
722,Uy,6.74693e-06,3.42533e-07,2
722,p,3.37458e-06,7.96152e-08,4
722,omega,4.12581e-07,1.29683e-08,2
722,k,1.62485e-06,8.48383e-08,2
723,Ux,1.09905e-06,5.13979e-08,2
723,Uy,6.61109e-06,3.37177e-07,2
723,p,3.25737e-06,7.58876e-08,4
723,omega,4.03048e-07,1.26555e-08,2
723,k,1.58695e-06,8.31888e-08,2
724,Ux,1.0694e-06,4.99999e-08,2
724,Uy,6.48267e-06,3.31909e-07,2
724,p,3.14286e-06,7.24756e-08,4
724,omega,3.93978e-07,1.23458e-08,2
724,k,1.55328e-06,8.17481e-08,2
725,Ux,1.04049e-06,4.86506e-08,2
725,Uy,6.36055e-06,3.26685e-07,2
725,p,3.03294e-06,7.00223e-08,4
725,omega,3.85235e-07,1.20396e-08,2
725,k,1.52347e-06,8.05034e-08,2
726,Ux,1.0123e-06,4.73518e-08,2
726,Uy,6.24359e-06,3.21441e-07,2
726,p,2.92702e-06,7.89676e-08,4
726,omega,3.76681e-07,1.17377e-08,2
726,k,1.49719e-06,7.94363e-08,2
727,Ux,9.8487e-07,4.60924e-08,2
727,Uy,6.12957e-06,3.16054e-07,2
727,p,2.8265e-06,9.64698e-08,4
727,omega,3.68178e-07,1.14407e-08,2
727,k,1.47423e-06,7.85217e-08,2
728,Ux,9.58161e-07,4.48631e-08,2
728,Uy,6.01778e-06,3.10491e-07,2
728,p,2.73185e-06,8.4084e-08,4
728,omega,3.59742e-07,1.11485e-08,2
728,k,1.45426e-06,7.77275e-08,2
729,Ux,9.32303e-07,4.36739e-08,2
729,Uy,5.91137e-06,3.0495e-07,2
729,p,2.63749e-06,7.41949e-08,4
729,omega,3.51367e-07,1.08616e-08,2
729,k,1.4368e-06,7.70176e-08,2
730,Ux,9.07198e-07,4.25296e-08,2
730,Uy,5.80957e-06,2.99388e-07,2
730,p,2.54405e-06,6.63646e-08,4
730,omega,3.43027e-07,1.05808e-08,2
730,k,1.42131e-06,7.63554e-08,2
731,Ux,8.82888e-07,4.14292e-08,2
731,Uy,5.71112e-06,2.93734e-07,2
731,p,2.45124e-06,6.03299e-08,4
731,omega,3.3476e-07,1.03057e-08,2
731,k,1.40724e-06,7.56697e-08,2
732,Ux,8.59336e-07,4.03721e-08,2
732,Uy,5.61506e-06,2.87873e-07,2
732,p,2.36011e-06,5.59594e-08,4
732,omega,3.266e-07,1.00368e-08,2
732,k,1.39396e-06,7.48576e-08,2
733,Ux,8.36578e-07,3.93543e-08,2
733,Uy,5.52086e-06,2.81718e-07,2
733,p,2.273e-06,9.66358e-08,3
733,omega,3.18552e-07,9.77465e-09,2
733,k,1.38058e-06,7.39208e-08,2
734,Ux,8.14787e-07,3.83951e-08,2
734,Uy,5.42801e-06,2.7534e-07,2
734,p,2.18277e-06,4.77773e-08,4
734,omega,3.10567e-07,9.51844e-09,2
734,k,1.36529e-06,7.28724e-08,2
735,Ux,7.9341e-07,3.74377e-08,2
735,Uy,5.32803e-06,2.68657e-07,2
735,p,2.10422e-06,4.07248e-08,4
735,omega,3.02758e-07,9.2691e-09,2
735,k,1.34777e-06,7.17226e-08,2
736,Ux,7.72719e-07,3.65003e-08,2
736,Uy,5.22682e-06,2.61785e-07,2
736,p,2.0289e-06,9.8935e-08,3
736,omega,2.95106e-07,9.02678e-09,2
736,k,1.3282e-06,7.04804e-08,2
737,Ux,7.52868e-07,3.55721e-08,2
737,Uy,5.12214e-06,2.54821e-07,2
737,p,1.95397e-06,8.3115e-08,3
737,omega,2.87577e-07,8.79073e-09,2
737,k,1.30678e-06,6.91566e-08,2
738,Ux,7.3351e-07,3.46498e-08,2
738,Uy,5.01083e-06,2.47654e-07,2
738,p,1.88451e-06,7.38275e-08,3
738,omega,2.80205e-07,8.56141e-09,2
738,k,1.2837e-06,6.77598e-08,2
739,Ux,7.14693e-07,3.3743e-08,2
739,Uy,4.89423e-06,2.40351e-07,2
739,p,1.81894e-06,6.80246e-08,3
739,omega,2.72963e-07,8.33814e-09,2
739,k,1.25914e-06,6.63007e-08,2
740,Ux,6.96186e-07,3.28526e-08,2
740,Uy,4.77353e-06,2.32972e-07,2
740,p,1.75597e-06,6.41734e-08,3
740,omega,2.65865e-07,8.12111e-09,2
740,k,1.23329e-06,6.4788e-08,2
741,Ux,6.7796e-07,3.19772e-08,2
741,Uy,4.64979e-06,2.25573e-07,2
741,p,1.69542e-06,6.16802e-08,3
741,omega,2.58921e-07,7.91009e-09,2
741,k,1.20632e-06,6.32305e-08,2
742,Ux,6.6e-07,3.11163e-08,2
742,Uy,4.52391e-06,2.18195e-07,2
742,p,1.63836e-06,6.01918e-08,3
742,omega,2.52127e-07,7.705e-09,2
742,k,1.1784e-06,6.16368e-08,2
743,Ux,6.4231e-07,3.02704e-08,2
743,Uy,4.39667e-06,2.10872e-07,2
743,p,1.58479e-06,5.93593e-08,3
743,omega,2.45513e-07,7.50554e-09,2
743,k,1.1497e-06,6.00151e-08,2
744,Ux,6.24947e-07,2.94411e-08,2
744,Uy,4.26864e-06,2.0363e-07,2
744,p,1.53649e-06,5.89834e-08,3
744,omega,2.3903e-07,7.31168e-09,2
744,k,1.12037e-06,5.83742e-08,2
745,Ux,6.07905e-07,2.863e-08,2
745,Uy,4.14026e-06,1.96491e-07,2
745,p,1.49472e-06,5.90044e-08,3
745,omega,2.32672e-07,7.12297e-09,2
745,k,1.09057e-06,5.67207e-08,2
746,Ux,5.91241e-07,2.78399e-08,2
746,Uy,4.01196e-06,1.89468e-07,2
746,p,1.4632e-06,5.90016e-08,3
746,omega,2.26436e-07,6.93933e-09,2
746,k,1.06045e-06,5.50624e-08,2
747,Ux,5.74985e-07,2.70729e-08,2
747,Uy,3.8841e-06,1.82571e-07,2
747,p,1.44228e-06,5.89747e-08,3
747,omega,2.2033e-07,6.76048e-09,2
747,k,1.03012e-06,5.34054e-08,2
748,Ux,5.59132e-07,2.63307e-08,2
748,Uy,3.75694e-06,1.75811e-07,2
748,p,1.42442e-06,5.89099e-08,3
748,omega,2.1435e-07,6.5859e-09,2
748,k,9.99731e-07,5.1756e-08,2
749,Ux,5.4376e-07,2.5613e-08,2
749,Uy,3.6309e-06,1.69203e-07,2
749,p,1.40665e-06,5.88657e-08,3
749,omega,2.08503e-07,6.41539e-09,2
749,k,9.69396e-07,5.01204e-08,2
750,Ux,5.28844e-07,2.49195e-08,2
750,Uy,3.50637e-06,1.62763e-07,2
750,p,1.38836e-06,5.88572e-08,3
750,omega,2.02788e-07,6.2489e-09,2
750,k,9.39238e-07,4.85043e-08,2
751,Ux,5.14406e-07,2.42509e-08,2
751,Uy,3.38377e-06,1.5651e-07,2
751,p,1.3701e-06,5.88792e-08,3
751,omega,1.97207e-07,6.08605e-09,2
751,k,9.09361e-07,4.69132e-08,2
752,Ux,5.00485e-07,2.36053e-08,2
752,Uy,3.2635e-06,1.50459e-07,2
752,p,1.35108e-06,5.89625e-08,3
752,omega,1.91759e-07,5.92673e-09,2
752,k,8.79833e-07,4.53501e-08,2
753,Ux,4.87015e-07,2.29835e-08,2
753,Uy,3.14591e-06,1.44622e-07,2
753,p,1.33093e-06,5.91147e-08,3
753,omega,1.86449e-07,5.77102e-09,2
753,k,8.50764e-07,4.382e-08,2
754,Ux,4.74039e-07,2.23838e-08,2
754,Uy,3.03131e-06,1.39014e-07,2
754,p,1.30983e-06,5.93107e-08,3
754,omega,1.8128e-07,5.61878e-09,2
754,k,8.22227e-07,4.23262e-08,2
755,Ux,4.61496e-07,2.18069e-08,2
755,Uy,2.91989e-06,1.33645e-07,2
755,p,1.28712e-06,5.95106e-08,3
755,omega,1.7625e-07,5.47014e-09,2
755,k,7.94303e-07,4.08727e-08,2
756,Ux,4.49443e-07,2.12513e-08,2
756,Uy,2.81192e-06,1.28519e-07,2
756,p,1.26327e-06,5.96644e-08,3
756,omega,1.71359e-07,5.32506e-09,2
756,k,7.67071e-07,3.94627e-08,2
757,Ux,4.37824e-07,2.07168e-08,2
757,Uy,2.7076e-06,1.23638e-07,2
757,p,1.23839e-06,5.9754e-08,3
757,omega,1.66615e-07,5.18385e-09,2
757,k,7.40586e-07,3.80989e-08,2
758,Ux,4.26677e-07,2.02025e-08,2
758,Uy,2.60709e-06,1.19002e-07,2
758,p,1.21236e-06,5.97876e-08,3
758,omega,1.62013e-07,5.04645e-09,2
758,k,7.14914e-07,3.67843e-08,2
759,Ux,4.15956e-07,1.97085e-08,2
759,Uy,2.51049e-06,1.14613e-07,2
759,p,1.18603e-06,5.97657e-08,3
759,omega,1.57543e-07,4.91305e-09,2
759,k,6.90106e-07,3.55208e-08,2
760,Ux,4.05677e-07,1.92333e-08,2
760,Uy,2.41791e-06,1.10471e-07,2
760,p,1.15855e-06,5.97254e-08,3
760,omega,1.53203e-07,4.78366e-09,2
760,k,6.6621e-07,3.43103e-08,2
761,Ux,3.95819e-07,1.87761e-08,2
761,Uy,2.32944e-06,1.06576e-07,2
761,p,1.13074e-06,5.97008e-08,3
761,omega,1.49e-07,4.65844e-09,2
761,k,6.43284e-07,3.31547e-08,2
762,Ux,3.86375e-07,1.83355e-08,2
762,Uy,2.24511e-06,1.02926e-07,2
762,p,1.10213e-06,5.97418e-08,3
762,omega,1.44938e-07,4.53759e-09,2
762,k,6.21366e-07,3.20547e-08,2
763,Ux,3.77329e-07,1.79109e-08,2
763,Uy,2.16498e-06,9.95224e-08,2
763,p,1.07303e-06,5.98921e-08,3
763,omega,1.41018e-07,4.42108e-09,2
763,k,6.00476e-07,3.10119e-08,2
764,Ux,3.68668e-07,1.75006e-08,2
764,Uy,2.08898e-06,9.63578e-08,2
764,p,1.04339e-06,6.02781e-08,3
764,omega,1.3725e-07,4.30889e-09,2
764,k,5.80628e-07,3.00267e-08,2
765,Ux,3.60372e-07,1.71037e-08,2
765,Uy,2.01714e-06,9.3423e-08,2
765,p,1.01318e-06,6.10122e-08,3
765,omega,1.33635e-07,4.20117e-09,2
765,k,5.61826e-07,2.90998e-08,2
766,Ux,3.52433e-07,1.67175e-08,2
766,Uy,1.94943e-06,9.07099e-08,2
766,p,9.8332e-07,6.20233e-08,3
766,omega,1.30174e-07,4.09789e-09,2
766,k,5.44086e-07,2.82325e-08,2
767,Ux,3.44816e-07,1.63383e-08,2
767,Uy,1.88581e-06,8.82091e-08,2
767,p,9.54319e-07,6.29105e-08,3
767,omega,1.26871e-07,3.99905e-09,2
767,k,5.27408e-07,2.74235e-08,2
768,Ux,3.37491e-07,1.59659e-08,2
768,Uy,1.82623e-06,8.59118e-08,2
768,p,9.25883e-07,6.29386e-08,3
768,omega,1.2371e-07,3.90447e-09,2
768,k,5.11796e-07,2.66719e-08,2
769,Ux,3.30356e-07,1.55998e-08,2
769,Uy,1.77055e-06,8.38055e-08,2
769,p,8.97494e-07,6.15162e-08,3
769,omega,1.20689e-07,3.81397e-09,2
769,k,4.97253e-07,2.59771e-08,2
770,Ux,3.2339e-07,1.52411e-08,2
770,Uy,1.71857e-06,8.18761e-08,2
770,p,8.69701e-07,5.90799e-08,3
770,omega,1.1781e-07,3.72735e-09,2
770,k,4.83746e-07,2.5338e-08,2
771,Ux,3.1653e-07,1.48897e-08,2
771,Uy,1.67012e-06,8.01087e-08,2
771,p,8.43273e-07,5.6645e-08,3
771,omega,1.15071e-07,3.64429e-09,2
771,k,4.71258e-07,2.47531e-08,2
772,Ux,3.09674e-07,1.45459e-08,2
772,Uy,1.62497e-06,7.84891e-08,2
772,p,8.17658e-07,5.48033e-08,3
772,omega,1.1247e-07,3.56426e-09,2
772,k,4.59779e-07,2.42212e-08,2
773,Ux,3.02853e-07,1.42082e-08,2
773,Uy,1.58298e-06,7.70013e-08,2
773,p,7.92274e-07,5.34901e-08,3
773,omega,1.09989e-07,3.48674e-09,2
773,k,4.49275e-07,2.37403e-08,2
774,Ux,2.96055e-07,1.3877e-08,2
774,Uy,1.54394e-06,7.56298e-08,2
774,p,7.67186e-07,5.22974e-08,3
774,omega,1.07618e-07,3.41084e-09,2
774,k,4.39729e-07,2.3308e-08,2
775,Ux,2.89316e-07,1.35516e-08,2
775,Uy,1.50765e-06,7.43598e-08,2
775,p,7.4236e-07,5.10041e-08,3
775,omega,1.05344e-07,3.33509e-09,2
775,k,4.31096e-07,2.29221e-08,2
776,Ux,2.82624e-07,1.32325e-08,2
776,Uy,1.47393e-06,7.31752e-08,2
776,p,7.17799e-07,4.96957e-08,3
776,omega,1.03154e-07,3.25929e-09,2
776,k,4.23331e-07,2.25788e-08,2
777,Ux,2.76e-07,1.29198e-08,2
777,Uy,1.44257e-06,7.20617e-08,2
777,p,6.93667e-07,4.90531e-08,3
777,omega,1.01033e-07,3.18359e-09,2
777,k,4.16388e-07,2.22756e-08,2
778,Ux,2.69457e-07,1.26137e-08,2
778,Uy,1.41339e-06,7.10014e-08,2
778,p,6.69699e-07,4.91368e-08,3
778,omega,9.89263e-08,3.10821e-09,2
778,k,4.1019e-07,2.20078e-08,2
779,Ux,2.62996e-07,1.23146e-08,2
779,Uy,1.38608e-06,6.99803e-08,2
779,p,6.46181e-07,5.04176e-08,3
779,omega,9.68144e-08,3.03329e-09,2
779,k,4.04673e-07,2.1771e-08,2
780,Ux,2.56632e-07,1.20226e-08,2
780,Uy,1.36041e-06,6.89859e-08,2
780,p,6.23307e-07,5.17077e-08,3
780,omega,9.46969e-08,2.95882e-09,2
780,k,3.99755e-07,2.15591e-08,2
781,Ux,2.50358e-07,1.17382e-08,2
781,Uy,1.33599e-06,6.79906e-08,2
781,p,6.01359e-07,4.40242e-08,3
781,omega,9.25757e-08,2.88504e-09,2
781,k,3.95355e-07,2.13654e-08,2
782,Ux,2.44191e-07,1.14582e-08,2
782,Uy,1.31187e-06,6.69344e-08,2
782,p,5.80698e-07,3.61565e-08,3
782,omega,9.04547e-08,2.81217e-09,2
782,k,3.91367e-07,2.11823e-08,2
783,Ux,2.38125e-07,1.11797e-08,2
783,Uy,1.28851e-06,6.58548e-08,2
783,p,5.60613e-07,8.96913e-08,2
783,omega,8.83177e-08,2.74012e-09,2
783,k,3.87666e-07,2.09973e-08,2
784,Ux,2.32117e-07,1.09048e-08,2
784,Uy,1.26587e-06,6.47304e-08,2
784,p,5.42254e-07,8.94367e-08,2
784,omega,8.62225e-08,2.66909e-09,2
784,k,3.84171e-07,2.07861e-08,2
785,Ux,2.26199e-07,1.06342e-08,2
785,Uy,1.24473e-06,6.36523e-08,2
785,p,5.25003e-07,8.9684e-08,2
785,omega,8.41392e-08,2.59923e-09,2
785,k,3.80717e-07,2.05445e-08,2
786,Ux,2.20378e-07,1.03676e-08,2
786,Uy,1.22472e-06,6.25938e-08,2
786,p,5.08136e-07,8.84192e-08,2
786,omega,8.20659e-08,2.53051e-09,2
786,k,3.76911e-07,2.02752e-08,2
787,Ux,2.14675e-07,1.01059e-08,2
787,Uy,1.20554e-06,6.15311e-08,2
787,p,4.91061e-07,8.52802e-08,2
787,omega,8.00071e-08,2.46299e-09,2
787,k,3.72549e-07,1.99796e-08,2
788,Ux,2.09102e-07,9.84939e-09,2
788,Uy,1.18703e-06,6.04343e-08,2
788,p,4.74069e-07,8.05643e-08,2
788,omega,7.79645e-08,2.39678e-09,2
788,k,3.67666e-07,1.96596e-08,2
789,Ux,2.03656e-07,9.59739e-09,2
789,Uy,1.16901e-06,5.92771e-08,2
789,p,4.56961e-07,7.47256e-08,2
789,omega,7.59396e-08,2.33185e-09,2
789,k,3.62296e-07,1.93173e-08,2
790,Ux,1.98323e-07,9.34833e-09,2
790,Uy,1.15133e-06,5.80582e-08,2
790,p,4.40546e-07,6.77433e-08,2
790,omega,7.39374e-08,2.2682e-09,2
790,k,3.56479e-07,1.89546e-08,2
791,Ux,1.93064e-07,9.10158e-09,2
791,Uy,1.13255e-06,5.67811e-08,2
791,p,4.24751e-07,5.9793e-08,2
791,omega,7.19588e-08,2.20591e-09,2
791,k,3.50258e-07,1.85735e-08,2
792,Ux,1.87866e-07,8.85654e-09,2
792,Uy,1.11331e-06,5.54516e-08,2
792,p,4.09567e-07,5.26102e-08,2
792,omega,7.00055e-08,2.14489e-09,2
792,k,3.43667e-07,1.8176e-08,2
793,Ux,1.82699e-07,8.61201e-09,2
793,Uy,1.09292e-06,5.40781e-08,2
793,p,3.95145e-07,4.79673e-08,2
793,omega,6.80851e-08,2.08525e-09,2
793,k,3.36738e-07,1.77641e-08,2
794,Ux,1.77576e-07,8.367e-09,2
794,Uy,1.07129e-06,5.26674e-08,2
794,p,3.81387e-07,4.49009e-08,2
794,omega,6.6201e-08,2.02698e-09,2
794,k,3.29512e-07,1.73397e-08,2
795,Ux,1.72498e-07,8.12072e-09,2
795,Uy,1.04851e-06,5.12233e-08,2
795,p,3.67986e-07,4.1931e-08,2
795,omega,6.43543e-08,1.97009e-09,2
795,k,3.22023e-07,1.69048e-08,2
796,Ux,1.67476e-07,7.87405e-09,2
796,Uy,1.0247e-06,4.97529e-08,2
796,p,3.5472e-07,3.92167e-08,2
796,omega,6.25487e-08,1.91457e-09,2
796,k,3.14305e-07,1.64611e-08,2
797,Ux,1.62496e-07,7.62938e-09,2
797,Uy,1.00004e-06,4.82645e-08,2
797,p,3.41967e-07,3.66596e-08,2
797,omega,6.07814e-08,1.86034e-09,2
797,k,3.06391e-07,1.60101e-08,2
798,Ux,1.57577e-07,7.38925e-09,2
798,Uy,9.74691e-07,4.67686e-08,2
798,p,3.29904e-07,3.41148e-08,2
798,omega,5.90509e-08,9.82408e-09,1
798,k,2.98363e-07,1.55544e-08,2
799,Ux,1.52669e-07,7.15236e-09,2
799,Uy,9.48977e-07,4.5281e-08,2
799,p,3.18568e-07,3.18066e-08,2
799,omega,5.80056e-08,9.65101e-09,1
799,k,2.90247e-07,1.50955e-08,2
800,Ux,1.47841e-07,6.92245e-09,2
800,Uy,9.22815e-07,4.37949e-08,2
800,p,3.08061e-07,2.99621e-08,2
800,omega,5.69334e-08,9.47432e-09,1
800,k,2.81996e-07,1.46331e-08,2
801,Ux,1.43113e-07,6.69931e-09,2
801,Uy,8.96275e-07,4.23124e-08,2
801,p,2.99151e-07,2.87307e-08,2
801,omega,5.5837e-08,9.29374e-09,1
801,k,2.73644e-07,1.41685e-08,2
802,Ux,1.38487e-07,6.48209e-09,2
802,Uy,8.6945e-07,4.0837e-08,2
802,p,2.93278e-07,2.8097e-08,2
802,omega,5.47245e-08,9.11001e-09,1
802,k,2.65222e-07,1.37033e-08,2
803,Ux,1.33964e-07,6.27021e-09,2
803,Uy,8.42465e-07,3.93747e-08,2
803,p,2.89927e-07,2.76352e-08,2
803,omega,5.35919e-08,8.9236e-09,1
803,k,2.56764e-07,1.32389e-08,2
804,Ux,1.29555e-07,6.06329e-09,2
804,Uy,8.15467e-07,3.79321e-08,2
804,p,2.87167e-07,2.7307e-08,2
804,omega,5.24411e-08,8.7352e-09,1
804,k,2.48297e-07,1.27768e-08,2
805,Ux,1.25255e-07,5.86106e-09,2
805,Uy,7.88616e-07,3.65174e-08,2
805,p,2.8456e-07,2.70961e-08,2
805,omega,5.12777e-08,8.54498e-09,1
805,k,2.39852e-07,1.23183e-08,2
806,Ux,1.21064e-07,5.66393e-09,2
806,Uy,7.62053e-07,3.51374e-08,2
806,p,2.81854e-07,2.69216e-08,2
806,omega,5.01049e-08,8.35377e-09,1
806,k,2.31452e-07,1.18648e-08,2
807,Ux,1.1699e-07,5.47263e-09,2
807,Uy,7.35893e-07,3.37971e-08,2
807,p,2.78954e-07,2.67539e-08,2
807,omega,4.89251e-08,8.16141e-09,1
807,k,2.2312e-07,1.14172e-08,2
808,Ux,1.1303e-07,5.28763e-09,2
808,Uy,7.10197e-07,3.24986e-08,2
808,p,2.75913e-07,2.66343e-08,2
808,omega,4.77399e-08,7.96842e-09,1
808,k,2.14884e-07,1.09766e-08,2
809,Ux,1.09194e-07,5.10953e-09,2
809,Uy,6.85007e-07,3.12422e-08,2
809,p,2.726e-07,2.66547e-08,2
809,omega,4.65519e-08,7.77499e-09,1
809,k,2.06762e-07,1.05444e-08,2
810,Ux,1.05484e-07,4.93838e-09,2
810,Uy,6.60343e-07,3.0028e-08,2
810,p,2.6917e-07,2.6892e-08,2
810,omega,4.53641e-08,7.58169e-09,1
810,k,1.98771e-07,1.01214e-08,2
811,Ux,1.01896e-07,4.77393e-09,2
811,Uy,6.36233e-07,2.88558e-08,2
811,p,2.65588e-07,2.73696e-08,2
811,omega,4.41784e-08,7.38858e-09,1
811,k,1.90928e-07,9.70796e-09,2
812,Ux,9.84368e-08,4.61577e-09,2
812,Uy,6.12705e-07,2.77261e-08,2
812,p,2.61897e-07,2.80248e-08,2
812,omega,4.29993e-08,7.19632e-09,1
812,k,1.83249e-07,9.30492e-09,2
813,Ux,9.51006e-08,4.46344e-09,2
813,Uy,5.89802e-07,2.66395e-08,2
813,p,2.5793e-07,2.87737e-08,2
813,omega,4.18287e-08,7.00512e-09,1
813,k,1.75749e-07,8.91291e-09,2
814,Ux,9.18842e-08,4.31669e-09,2
814,Uy,5.67568e-07,2.55974e-08,2
814,p,2.53785e-07,2.953e-08,2
814,omega,4.06702e-08,6.81553e-09,1
814,k,1.68442e-07,8.53248e-09,2
815,Ux,8.87925e-08,4.17513e-09,2
815,Uy,5.46037e-07,2.46015e-08,2
815,p,2.49571e-07,3.02194e-08,2
815,omega,3.95259e-08,6.62781e-09,1
815,k,1.61339e-07,8.16418e-09,2
816,Ux,8.58169e-08,4.0388e-09,2
816,Uy,5.25255e-07,2.36532e-08,2
816,p,2.45197e-07,3.08285e-08,2
816,omega,3.83989e-08,6.44241e-09,1
816,k,1.54452e-07,7.80839e-09,2
817,Ux,8.29622e-08,3.90779e-09,2
817,Uy,5.05252e-07,2.27535e-08,2
817,p,2.40606e-07,3.13574e-08,2
817,omega,3.7292e-08,6.25972e-09,1
817,k,1.47789e-07,7.46548e-09,2
818,Ux,8.02194e-08,3.78186e-09,2
818,Uy,4.86059e-07,2.19028e-08,2
818,p,2.35872e-07,3.18162e-08,2
818,omega,3.62023e-08,6.08002e-09,1
818,k,1.41359e-07,7.13594e-09,2
819,Ux,7.7584e-08,3.66108e-09,2
819,Uy,4.67674e-07,2.11009e-08,2
819,p,2.30971e-07,3.22276e-08,2
819,omega,3.51304e-08,5.90351e-09,1
819,k,1.35167e-07,6.81993e-09,2
820,Ux,7.50576e-08,3.54517e-09,2
820,Uy,4.50111e-07,2.03467e-08,2
820,p,2.25993e-07,3.26169e-08,2
820,omega,3.40795e-08,5.73059e-09,1
820,k,1.29218e-07,6.51763e-09,2
821,Ux,7.26334e-08,3.43413e-09,2
821,Uy,4.33364e-07,1.96391e-08,2
821,p,2.20975e-07,9.65085e-08,1
821,omega,3.30522e-08,5.56033e-09,1
821,k,1.23526e-07,6.22923e-09,2
822,Ux,7.03751e-08,3.33215e-09,2
822,Uy,4.15446e-07,1.89083e-08,2
822,p,2.21484e-07,9.85169e-08,1
822,omega,3.20435e-08,5.3958e-09,1
822,k,1.18071e-07,5.95416e-09,2
823,Ux,6.81792e-08,3.23012e-09,2
823,Uy,3.99549e-07,1.82621e-08,2
823,p,2.20422e-07,9.55505e-08,1
823,omega,3.10595e-08,5.23549e-09,1
823,k,1.12873e-07,5.69312e-09,2
824,Ux,6.60506e-08,3.13061e-09,2
824,Uy,3.85294e-07,1.76899e-08,2
824,p,2.16915e-07,9.08636e-08,1
824,omega,3.01056e-08,5.07978e-09,1
824,k,1.07932e-07,5.44608e-09,2
825,Ux,6.40114e-08,3.03514e-09,2
825,Uy,3.72218e-07,1.71754e-08,2
825,p,2.11934e-07,8.54359e-08,1
825,omega,2.91828e-08,4.9288e-09,1
825,k,1.0325e-07,5.2129e-09,2
826,Ux,6.20667e-08,2.94451e-09,2
826,Uy,3.60003e-07,1.67058e-08,2
826,p,2.06056e-07,8.02314e-08,1
826,omega,2.82905e-08,4.78269e-09,1
826,k,9.88233e-08,4.99347e-09,2
827,Ux,6.02275e-08,2.85875e-09,2
827,Uy,3.48449e-07,1.62712e-08,2
827,p,2.00104e-07,7.59103e-08,1
827,omega,2.74291e-08,4.6413e-09,1
827,k,9.46446e-08,4.78759e-09,2
828,Ux,5.84865e-08,2.77718e-09,2
828,Uy,3.37471e-07,1.58649e-08,2
828,p,1.94589e-07,7.28658e-08,1
828,omega,2.65999e-08,4.50495e-09,1
828,k,9.07113e-08,4.59484e-09,2
829,Ux,5.68357e-08,2.69906e-09,2
829,Uy,3.27051e-07,1.54833e-08,2
829,p,1.89532e-07,7.07411e-08,1
829,omega,2.58028e-08,4.3738e-09,1
829,k,8.70194e-08,4.41481e-09,2
830,Ux,5.52684e-08,2.62364e-09,2
830,Uy,3.17199e-07,1.51246e-08,2
830,p,1.84847e-07,6.94977e-08,1
830,omega,2.50367e-08,4.24809e-09,1
830,k,8.35645e-08,4.24709e-09,2
831,Ux,5.37722e-08,2.54966e-09,2
831,Uy,3.07933e-07,1.47883e-08,2
831,p,1.80199e-07,6.85139e-08,1
831,omega,2.43032e-08,4.12792e-09,1
831,k,8.03415e-08,4.09139e-09,2
832,Ux,5.2338e-08,2.47667e-09,2
832,Uy,2.99255e-07,1.44741e-08,2
832,p,1.75339e-07,6.73153e-08,1
832,omega,2.36034e-08,4.01316e-09,1
832,k,7.73444e-08,3.94747e-09,2
833,Ux,5.09594e-08,2.40458e-09,2
833,Uy,2.9116e-07,1.41816e-08,2
833,p,1.70147e-07,6.53023e-08,1
833,omega,2.29374e-08,3.90377e-09,1
833,k,7.45648e-08,3.81501e-09,2
834,Ux,4.96325e-08,2.33385e-09,2
834,Uy,2.83633e-07,1.39109e-08,2
834,p,1.64647e-07,6.16636e-08,1
834,omega,2.23041e-08,3.79966e-09,1
834,k,7.19961e-08,3.69363e-09,2
835,Ux,4.83516e-08,2.26581e-09,2
835,Uy,2.76644e-07,1.36615e-08,2
835,p,1.59297e-07,5.64758e-08,1
835,omega,2.1701e-08,3.70061e-09,1
835,k,6.96301e-08,3.58295e-09,2
836,Ux,4.70932e-08,9.89479e-09,1
836,Uy,2.70113e-07,1.34303e-08,2
836,p,1.42629e-07,5.60947e-08,1
836,omega,2.1015e-08,3.59246e-09,1
836,k,6.73859e-08,3.48035e-09,2
837,Ux,4.60844e-08,9.68674e-09,1
837,Uy,2.58215e-07,1.29174e-08,2
837,p,1.43061e-07,6.06752e-08,1
837,omega,2.03809e-08,3.49118e-09,1
837,k,6.53364e-08,3.38746e-09,2
838,Ux,4.50947e-08,9.4888e-09,1
838,Uy,2.45386e-07,1.23448e-08,2
838,p,1.43548e-07,6.63182e-08,1
838,omega,1.97857e-08,3.3953e-09,1
838,k,6.34614e-08,3.30347e-09,2
839,Ux,4.40976e-08,9.28977e-09,1
839,Uy,2.32367e-07,1.1745e-08,2
839,p,1.40433e-07,6.69807e-08,1
839,omega,1.92274e-08,3.30471e-09,1
839,k,6.17587e-08,3.22807e-09,2
840,Ux,4.30855e-08,9.0866e-09,1
840,Uy,2.2044e-07,1.11844e-08,2
840,p,1.37031e-07,6.26318e-08,1
840,omega,1.87054e-08,3.21918e-09,1
840,k,6.02224e-08,3.16098e-09,2
841,Ux,4.20539e-08,8.87706e-09,1
841,Uy,2.10858e-07,1.07309e-08,2
841,p,1.36102e-07,5.70204e-08,1
841,omega,1.82198e-08,3.13829e-09,1
841,k,5.88486e-08,3.10181e-09,2
842,Ux,4.1003e-08,8.65904e-09,1
842,Uy,2.04434e-07,1.04315e-08,2
842,p,1.35292e-07,5.5981e-08,1
842,omega,1.7772e-08,3.06201e-09,1
842,k,5.76325e-08,3.05027e-09,2
843,Ux,3.99332e-08,8.42659e-09,1
843,Uy,2.01441e-07,1.03035e-08,2
843,p,1.31489e-07,5.79892e-08,1
843,omega,1.73581e-08,2.98981e-09,1
843,k,5.65651e-08,3.00583e-09,2
844,Ux,3.88809e-08,8.18222e-09,1
844,Uy,2.01476e-07,1.03308e-08,2
844,p,1.24247e-07,5.26351e-08,1
844,omega,1.69641e-08,2.92016e-09,1
844,k,5.56247e-08,2.96722e-09,2
845,Ux,3.78699e-08,7.95106e-09,1
845,Uy,2.025e-07,1.04096e-08,2
845,p,1.15505e-07,4.3841e-08,1
845,omega,1.65841e-08,2.85252e-09,1
845,k,5.47982e-08,2.93327e-09,2
846,Ux,3.68832e-08,7.73819e-09,1
846,Uy,2.0277e-07,1.04451e-08,2
846,p,1.07341e-07,3.44908e-08,1
846,omega,1.62121e-08,2.78614e-09,1
846,k,5.4067e-08,2.90273e-09,2
847,Ux,3.59274e-08,7.54255e-09,1
847,Uy,2.01444e-07,1.03889e-08,2
847,p,1.01517e-07,2.90122e-08,1
847,omega,1.58438e-08,2.71985e-09,1
847,k,5.34127e-08,2.87401e-09,2
848,Ux,3.50155e-08,7.36375e-09,1
848,Uy,1.98503e-07,1.02385e-08,2
848,p,9.84524e-08,9.84524e-08,0
848,omega,1.54825e-08,2.65422e-09,1
848,k,5.28422e-08,2.84478e-09,2
849,Ux,3.41963e-08,7.21529e-09,1
849,Uy,1.95343e-07,1.00818e-08,2
849,p,1.21243e-07,3.88612e-08,1
849,omega,1.51058e-08,2.58717e-09,1
849,k,5.2246e-08,2.81009e-09,2
850,Ux,3.33551e-08,7.05762e-09,1
850,Uy,1.91076e-07,9.8385e-09,2
850,p,1.2093e-07,4.72703e-08,1
850,omega,1.4728e-08,2.52147e-09,1
850,k,5.16711e-08,2.77149e-09,2
851,Ux,3.25628e-08,6.89596e-09,1
851,Uy,1.86228e-07,9.54608e-09,2
851,p,1.14163e-07,5.07927e-08,1
851,omega,1.43681e-08,2.45762e-09,1
851,k,5.10344e-08,2.72912e-09,2
852,Ux,3.17989e-08,6.72203e-09,1
852,Uy,1.81543e-07,9.24845e-09,2
852,p,1.02983e-07,4.38973e-08,1
852,omega,1.40171e-08,2.39524e-09,1
852,k,5.03282e-08,2.68343e-09,2
853,Ux,3.10331e-08,6.54417e-09,1
853,Uy,1.77743e-07,8.9976e-09,2
853,p,9.16201e-08,9.16201e-08,0
853,omega,1.3671e-08,2.33314e-09,1
853,k,4.95813e-08,2.63486e-09,2
854,Ux,3.03306e-08,6.42119e-09,1
854,Uy,1.74798e-07,8.8108e-09,2
854,p,1.05265e-07,4.30792e-08,1
854,omega,1.33257e-08,2.27272e-09,1
854,k,4.87032e-08,2.58296e-09,2
855,Ux,2.95226e-08,6.23136e-09,1
855,Uy,1.72331e-07,8.63095e-09,2
855,p,9.63768e-08,9.63768e-08,0
855,omega,1.29894e-08,2.21278e-09,1
855,k,4.78375e-08,2.52899e-09,2
856,Ux,2.88626e-08,6.11569e-09,1
856,Uy,1.69118e-07,8.43388e-09,2
856,p,1.13077e-07,4.66793e-08,1
856,omega,1.26479e-08,2.15447e-09,1
856,k,4.68592e-08,2.4728e-09,2
857,Ux,2.80485e-08,5.92507e-09,1
857,Uy,1.66951e-07,8.2728e-09,2
857,p,1.02378e-07,3.85672e-08,1
857,omega,1.23187e-08,2.09763e-09,1
857,k,4.5878e-08,2.41508e-09,2
858,Ux,2.72923e-08,5.75425e-09,1
858,Uy,1.64341e-07,8.09348e-09,2
858,p,8.99289e-08,8.99289e-08,0
858,omega,1.20243e-08,2.04311e-09,1
858,k,4.48823e-08,2.35599e-09,2
859,Ux,2.66673e-08,5.64102e-09,1
859,Uy,1.60672e-07,7.88668e-09,2
859,p,1.02151e-07,3.67812e-08,1
859,omega,1.16841e-08,1.98707e-09,1
859,k,4.37848e-08,9.90946e-09,1
860,Ux,2.59492e-08,5.48787e-09,1
860,Uy,1.57019e-07,7.65828e-09,2
860,p,9.14975e-08,9.14975e-08,0
860,omega,1.13767e-08,1.93201e-09,1
860,k,4.2985e-08,9.7138e-09,1
861,Ux,2.53528e-08,5.37866e-09,1
861,Uy,1.53082e-07,7.44632e-09,2
861,p,1.05416e-07,3.96016e-08,1
861,omega,1.10225e-08,1.87536e-09,1
861,k,4.20871e-08,9.50859e-09,1
862,Ux,2.46804e-08,5.23159e-09,1
862,Uy,1.48896e-07,7.19123e-09,2
862,p,9.41205e-08,9.41205e-08,0
862,omega,1.07372e-08,1.82339e-09,1
862,k,4.12559e-08,9.3071e-09,1
863,Ux,2.41029e-08,5.12485e-09,1
863,Uy,1.44799e-07,6.97951e-09,2
863,p,1.08343e-07,4.39478e-08,1
863,omega,1.04033e-08,1.77035e-09,1
863,k,4.03232e-08,9.09559e-09,1
864,Ux,2.34504e-08,4.97283e-09,1
864,Uy,1.40702e-07,6.72819e-09,2
864,p,9.46366e-08,9.46366e-08,0
864,omega,1.01329e-08,1.72123e-09,1
864,k,3.94672e-08,8.89005e-09,1
865,Ux,2.2889e-08,4.86855e-09,1
865,Uy,1.36515e-07,6.51892e-09,2
865,p,1.0738e-07,4.62222e-08,1
865,omega,9.82409e-09,9.82409e-09,0
865,k,3.86184e-08,8.69452e-09,1
866,Ux,2.21931e-08,4.69859e-09,1
866,Uy,1.33024e-07,6.30195e-09,2
866,p,9.16535e-08,9.16535e-08,0
866,omega,1.03721e-08,1.73857e-09,1
866,k,3.78113e-08,8.49998e-09,1
867,Ux,2.16537e-08,4.59837e-09,1
867,Uy,1.28797e-07,6.09616e-09,2
867,p,1.02311e-07,4.43398e-08,1
867,omega,9.99654e-09,9.99654e-09,0
867,k,3.69355e-08,8.3009e-09,1
868,Ux,2.09617e-08,4.42841e-09,1
868,Uy,1.25655e-07,5.90295e-09,2
868,p,8.67654e-08,8.67654e-08,0
868,omega,1.05255e-08,1.74861e-09,1
868,k,3.60933e-08,8.10097e-09,1
869,Ux,2.04467e-08,4.33324e-09,1
869,Uy,1.21432e-07,5.70242e-09,2
869,p,9.60065e-08,9.60065e-08,0
869,omega,1.01032e-08,1.68961e-09,1
869,k,3.51178e-08,7.88081e-09,1
870,Ux,1.9936e-08,4.24045e-09,1
870,Uy,1.17226e-07,5.50581e-09,2
870,p,1.10904e-07,5.04221e-08,1
870,omega,9.70438e-09,9.70438e-09,0
870,k,3.42362e-08,7.68082e-09,1
871,Ux,1.92434e-08,4.06708e-09,1
871,Uy,1.14429e-07,5.32542e-09,2
871,p,9.50378e-08,9.50378e-08,0
871,omega,1.02019e-08,1.69367e-09,1
871,k,3.33928e-08,7.48133e-09,1
872,Ux,1.87755e-08,3.98077e-09,1
872,Uy,1.1031e-07,5.13719e-09,2
872,p,1.05826e-07,4.56135e-08,1
872,omega,9.75813e-09,9.75813e-09,0
872,k,3.25077e-08,7.28241e-09,1
873,Ux,1.81363e-08,3.82811e-09,1
873,Uy,1.07483e-07,4.96248e-09,2
873,p,8.86824e-08,8.86824e-08,0
873,omega,1.02381e-08,1.69158e-09,1
873,k,3.1663e-08,7.08464e-09,1
874,Ux,1.76962e-08,3.74749e-09,1
874,Uy,1.03471e-07,4.78334e-09,2
874,p,9.63927e-08,9.63927e-08,0
874,omega,9.76965e-09,9.76965e-09,0
874,k,3.08198e-08,6.89126e-09,1
875,Ux,1.72148e-08,3.65821e-09,1
875,Uy,9.9657e-08,4.61642e-09,2
875,p,1.09311e-07,4.52884e-08,1
875,omega,1.01962e-08,1.6815e-09,1
875,k,2.99127e-08,6.6908e-09,1
876,Ux,1.66804e-08,3.53598e-09,1
876,Uy,9.6653e-08,4.4365e-09,2
876,p,9.24978e-08,9.24978e-08,0
876,omega,9.71056e-09,9.71056e-09,0
876,k,2.91242e-08,6.50558e-09,1
877,Ux,1.62507e-08,3.45393e-09,1
877,Uy,9.30005e-08,4.28046e-09,2
877,p,1.01206e-07,3.92652e-08,1
877,omega,1.01133e-08,1.66661e-09,1
877,k,2.82367e-08,6.31074e-09,1
